"replicate","nonmucinous_low","nonmucinous_high","mucinous_low","mucinous_high","GCA_low","GCA_high","SRCC_low","SRCC_high"
1,-0.0369888085212536,-0.0732025169674148,0.0304072985813969,-0.0393916221951841,-0.0240501577909221,0.0187905374775822,NA,0.00251826154143298
2,-0.0530235599575479,-0.0826472851461892,-0.0154605865769837,0.0115364310261405,-0.00324144353196613,0.0482766384975441,NA,0.0614676953103057
3,0.00263552569254694,-0.118795113232167,-0.0378605580394488,-0.0699372225434275,-0.0215302872543586,0.0484431343758853,NA,0.0980619105377668
4,-0.0578387110289796,-0.104265515662129,-0.0253651048041837,0.00954199412923434,-0.00895331809348431,0.0786825849735102,NA,0.156126727792608
5,-0.0548753197165603,-0.0569295648899715,-0.0237236361206919,-0.0994947518075689,-0.0081976819096368,0.0651946894596255,NA,-0.0025800044532357
6,-0.00581882375936602,-0.0903241820191367,0.0193899076634909,0.00815452314012044,0.00332011843702308,0.0355268033456716,NA,0.164684056773104
7,0.0214488988948367,-0.145628205682643,-0.0754824435153899,-0.0106294924427717,-0.0111054084199467,0.0700680440698034,NA,0.172121094129264
8,-0.0438734929606854,-0.0820769791783275,-0.0186034446470916,-0.0110529463618182,-0.0381441375660248,0.0651159922843055,NA,0.0316734333469604
9,-0.0170674680509226,-0.0512647338284096,-0.0693836155373965,0.000729376136252208,-0.0237722666241383,0.0446598202831036,NA,-0.0274268777924773
10,0.0135935763437613,-0.114524404189424,-0.0205894889214606,-0.0477503424367407,0.0106133652327985,0.0632551440305991,NA,-0.0396383125061354
11,0.0186346391764149,-0.173841951901212,-0.0158755666676582,-0.0169647510594853,-0.0152792296124624,0.0233910459918056,NA,0.0629004624946602
12,-0.00684114574552902,-0.115705682279606,0.00705637385045833,-0.0692571259331823,-0.00534112720877934,0.00537982628820238,NA,0.0958116137288454
13,-0.0270537777124891,-0.103600132536471,-0.0204905068781585,0.0142471495911237,-0.00302390204429564,0.0669694534678295,NA,-0.0194788565988341
14,-0.0128264678868583,-0.0708501373135398,0.0145722620361568,-0.0624709416037016,-0.00277312656223918,0.0142301026998368,NA,0.0254580241681519
15,-0.0626992511861116,-0.0684160163661868,-0.0182871754648056,-0.0326635858974935,-0.00107292874692131,-0.00471320044499376,NA,-0.0136495935437333
16,-0.0965589160835207,-0.0453736469780294,-0.0103505518069823,0.00214078707082105,-0.00252902499698378,0.000543566112061883,NA,-0.0204645649178254
17,-0.0289936259652056,-0.115831318659563,-0.0386565511841908,-0.0689203600655868,-0.0166495278954944,0.0184185513706502,NA,0.0306289826763588
18,-0.0201757275635262,-0.0726918879111747,-0.03701893985446,-0.032253460730027,-0.0237066114259662,0.0368396091090238,NA,0.00263798481174982
19,-0.0561650997521291,-0.108888043252454,-0.0189936372809326,-0.0620986920703293,-0.015102074406806,0.0337856330110618,NA,-0.0245348572437907
20,0.00448262877073977,-0.0722648628048366,0.00557608792725653,-0.0357455493568301,-0.0135433139207306,0.0147304702383974,NA,0.0206595273177712
21,-0.060091851799071,-0.0465214717086657,-0.0423337268185593,0.00630682575619371,-0.0285768353577235,-0.015339376450817,NA,0.0267979881178362
22,-0.0426643334636447,-0.0994010572022333,0.0175425063842698,-0.0585058331431243,0.0147602146677001,-0.0341474197533398,NA,0.0660818886653388
23,-0.0362829201954634,-0.106003211632992,-0.0192343453193664,-0.0611436624337288,-0.00183621917416583,0.0100770550870404,NA,0.0855680802118187
24,0.00739899291993906,-0.0604932029845943,-0.021721655733716,-0.0448247809529335,-0.0216053570458798,-0.00941114726262085,NA,0.0388442424244533
25,-0.0425523045238661,-0.149703799263038,-0.019483978527483,-0.018521664144981,-0.00362245942930429,0.00316927271941669,NA,-0.0323446389386879
26,-0.0261656703305993,-0.0655163836428098,-0.0538884224267572,0.0151985191626713,-0.0266266469062929,0.0875171665224532,NA,0.025090826141027
27,-0.0150540941268309,-0.0783588146044126,-0.0390276064436371,-0.0083907671142156,-0.000521525132324757,-0.00991339488040652,NA,0.0800463213363893
28,-0.0322171910419532,-0.0710605910066108,-0.0168182906722022,-0.0157497545611165,-0.028254881858091,0.0360862265614801,NA,0.144758993179436
29,-0.0380798252308477,-0.0687623686217723,-0.0281096520557617,-0.0250702368370437,-0.0246609598423619,0.0583056967625035,NA,-0.0807058003857181
30,-0.115523107425438,-0.112931730539164,-0.015403487190958,0.00739796165756684,-0.0261692646833647,0.0214624609794739,NA,0.0841576622117377
31,0.00463452031544181,-0.119193554907361,-0.0593905118811685,-0.0669718456593495,-0.0320243620025668,0.0156952749054051,NA,0.208057996625922
32,-0.0277993438363183,-0.0417996800603365,0.00587150394118748,-0.0401358298010669,-0.0245767147778125,0.00851058426860954,NA,0.128933718227005
33,-0.0260846084488095,-0.095200400243131,-0.00397624731572824,0.0237748274697145,-0.000286884331600876,0.0407564706745534,NA,0.0313415808892225
34,-0.0481354917083997,-0.0893938305603537,0.0542724245054275,-0.0820380359729286,-0.0124219146151844,0.0635817550331955,NA,0.120219818468601
35,-0.0477562235819115,-0.0698059282337843,-0.0451277513003453,-0.032945016853302,-0.00924097805305043,0.0503660666415382,NA,0.0426959860366313
36,-0.0175278353658233,-0.0879112563718022,-0.0428669151745801,0.0042176850524536,-0.0225077172228111,0.0571435523934422,NA,0.057421970531456
37,-0.00013778333384501,-0.136583223688009,-0.000979386908037214,-0.074023327325855,-0.000823979990319128,0.0740602601418613,NA,-0.0024054730636659
38,-0.0422193229494641,-0.113184628685425,-0.0372693162064802,0.0179084910804811,0.0146807176810128,-0.014612454259272,NA,0.049739091642732
39,-0.0862544666092685,-0.0983200494273682,-0.0240462770549153,-0.0348483138406153,-0.0317826226820064,0.00597325991914252,NA,-0.0797833494867222
40,-0.0120251133283754,-0.0652149874549451,-0.0237959420716897,-0.078912786848702,-0.0187009497802411,-0.00994712323126612,NA,0.112143605344533
41,-0.0333795898442439,-0.0606973465391893,-0.0267140112787543,-0.00517004822874617,-0.0169994797764209,0.068624004107207,NA,0.025954299669205
42,-0.0882241223600214,-0.087330694947973,-0.0391241542382303,-0.0186840835965543,-0.0151440341671999,0.0330675889807723,NA,0.0426538083173661
43,-0.0614521058620739,-0.118898382335428,-0.0127069994660343,-0.0585660305151851,-0.0373727237872219,-0.0320095965378246,NA,-0.0402815629655488
44,-0.0378829904343511,-0.0429758094016792,-0.010300870524507,-0.0695471257845994,-0.0135595803262436,0.0392501434516508,NA,0.0332954751014896
45,-0.00894907159406175,-0.0573297134845059,-0.0185088447476215,-0.0729949304579346,-0.0162519296489529,-0.0721169349615349,NA,0.00841420319114478
46,0.0111116063035727,-0.0684759044712657,0.0145246616877226,0.0169257640924178,-0.0312690446199271,0.0164772124450464,NA,-0.0222147085847106
47,-0.0481565042349114,-0.0726572326453374,-0.014093831445825,-0.0640529327346398,-0.000427611886277886,0.0241485352025264,NA,0.0341774436687773
48,-0.0335429862356772,-0.059643139899027,-0.0121752258872335,-0.00631994242788564,-0.0145231509230469,0.0195835339210094,NA,-0.0135295578429874
49,-0.0346016756719285,-0.080890818519939,-0.0292254543423396,-0.0561621212870425,0.000467394802212411,0.0432373554347071,NA,0.0545583086128114
50,-0.0332444126568553,-0.129042214433991,-0.0371780830341974,-0.0169096034320301,-0.035514756644227,0.0193854782573489,NA,0.0462932471686255
51,-0.0643531680202266,-0.10333010451115,-0.0386290680716396,-0.0445021852367849,-0.00745839375724005,-0.0247490662972531,NA,0.182596908727416
52,-0.022493106581523,-0.0616894894986409,-0.048544395857717,-0.0648719803928547,-0.0044331423269047,0.0458046016920786,NA,0.0282161394917784
53,-0.0491727116448469,-0.111871305311855,-0.0368232189049588,-0.00524375388951948,-0.00523267661278509,-0.00414525789787848,NA,0.025602622708128
54,-0.057287923312885,-0.0827647470064721,-0.0428928585463881,-0.00677121715424803,0.000485315807824835,0.0604260519332338,NA,-0.0737914617988963
55,-0.000609697390602432,-0.0811788803107053,-0.0247417812465492,-0.058445350593102,0.00140803662130294,0.0137721154516821,NA,0.0412384390180804
56,-0.00399593709477505,-0.0934869600640973,-0.0680715069787361,0.04175854976491,-0.016495608234749,0.0399287130780204,NA,0.0793762336972789
57,0.0321408281708543,-0.0752067023771956,-0.0439949853298391,-0.017611007865708,-0.0124299627256983,-0.0715505776293831,NA,0.0613111696071434
58,-0.0321938840021188,-0.0894314139779485,-0.0183080330256868,-0.0463056335515654,0.00852896265545337,-0.013060061812608,NA,-0.102338896439154
59,-0.026097237874265,-0.111078013030584,-0.00924479182839755,-0.099490122745966,-0.0319331967553377,-0.0181318893006815,NA,-0.0100548799848289
60,-0.0723301067043647,-0.0709075826956441,-0.0105925559256869,-0.0961132249884227,-0.0294029580347583,0.048982366865281,NA,0.114815038827592
61,-0.0208403613683043,-0.10418876235688,-0.0375703655997255,-0.0185305307273634,-0.00970180510880755,0.027703238827614,NA,0.0809635502618287
62,-0.092728542662609,-0.092050127615817,-0.025526403545839,-0.0244347399350291,0.0183388665680891,0.08260093940271,NA,0.109551776918872
63,-0.0329798461554808,-0.105247722644154,-0.0400869692828457,-0.0726507427220929,0.00967352168058774,0.0137733532119263,NA,-0.0520926203364332
64,-0.0767270735465568,-0.0810117227043583,-0.0234929520955071,-0.0388651626435866,0.00157346737415465,0.00852171016226588,NA,-0.0525049022632014
65,-0.0644869677644276,-0.0602468356332556,-0.0235341063905437,-0.0499274910115678,-0.00985482437476257,0.0742070921164462,NA,0.118587625819571
66,-0.0279442577090283,-0.0935879712999748,-0.0360747810820861,-0.0316030304787587,-0.0282835649458974,-0.0128060555848795,NA,0.0809029015021796
67,0.0136703494103855,-0.10762496502155,-0.0362795171706958,-0.0271770424691635,-0.0236058542424919,0.00176519942888151,NA,0.0573170713238816
68,-0.00999879982125461,-0.109781144296499,-0.0649152390805394,-0.0395403273830952,0.000961852790739778,0.0637051027599885,NA,0.00876603946177262
69,0.000769517790772778,-0.0645383175316319,-0.0194433231823365,0.0532998225228595,-0.00445945575825259,0.0418584611067895,NA,-0.0212460893692265
70,-0.00389505314733601,-0.0944126941475649,-0.0325982215528592,0.00217324338348085,0.00729212058579679,-0.0138822875869158,NA,0.0279192829345586
71,-0.0358341446680889,-0.0967273736276769,-0.0301712046571053,-0.0469005688783107,0.0154598199068119,0.0355628159496453,NA,0.174146859149048
72,-0.0488974446381864,-0.105481033915141,-0.0177137096241432,0.00806313546928111,0.00392763124662845,0.00427359719000583,NA,0.0990296172470445
73,-0.0428870750661422,-0.00990811645185213,-0.00337327240299201,-0.0472888104947456,-0.00532227902896713,0.0405969345865982,NA,-0.0170991677308225
74,-0.0648645335185256,-0.10097568536205,-0.0366340809354817,-0.0348640425996488,0.0139098521132892,0.0501133564768595,NA,0.0149775209649858
75,0.0225001650064589,-0.126972744700354,0.025707718334788,-0.0262899329216865,-0.0145374884194775,0.0720389414338153,NA,0.044109478027419
76,-0.0253919585252707,-0.0851189491441808,-0.052175262047731,-0.0956798524670907,0.0078046105294334,0.0040070138354045,NA,0.0506208583242647
77,-0.0517166444326545,-0.0649286442270866,-0.0162311786149328,-0.0641189590900941,-0.0203425126747594,0.036356818804752,NA,0.10071042020769
78,-0.0726906001441625,-0.114559063908034,0.0164775261172827,0.0218134044306756,-0.0240371520302823,0.0284021268476252,NA,-0.0732557104017086
79,-0.034822468036827,-0.0701201790828845,-0.013299238256164,-0.0245639068210939,-0.0125848258063183,0.0395874853706236,NA,0.156724202201946
80,-0.0580513527903122,-0.0912759704404685,0.00646758804455669,-0.0809326618148752,0.0126467379297133,-0.00507464017750472,NA,-0.0817491550864182
81,-0.0885493599494248,-0.059294935467671,-0.03122277664391,-0.0215021728852954,-0.0212382313395842,0.0148413794205287,NA,-0.0813085361579031
82,-0.0581338568945149,-0.17099423637708,-0.047327937507512,-0.0230579506780404,-0.00578091487023385,0.00707826107524454,NA,0.0857074484601246
83,-0.00239796002207847,-0.0760871382929963,-0.0267802219908795,0.0133918105929264,-0.0304629007429876,-0.00446496660307549,NA,0.0212273824309353
84,-0.0225756010126786,-0.116847206600985,-0.00501716739658983,-0.010837805482193,-0.00805655633250386,-0.0143937307980517,NA,0.0758613297517575
85,-0.020308920304367,-0.0220565738573071,0.0210076913266535,-0.0603800530351269,-0.007036038857227,0.0126284770601543,NA,0.0549785370669945
86,-0.0951147989719651,-0.104122026594954,-0.050716901069219,-0.00685645231295254,0.00601703657280109,0.0360774882423033,NA,-0.0132445222440968
87,0.00247612751232221,-0.100085585358479,8.66811200023188e-06,-0.0314108105569649,0.00418194264704295,0.0824924397824245,NA,-0.00164028737758121
88,-0.0024639817965445,-0.0977534207935761,0.012467187648813,-0.0800637216316032,-0.0133236745835211,-0.0040393152258052,NA,0.0422007517390504
89,-0.0953096337698473,-0.146949117611598,-0.0306502445614883,0.0199355693850889,-0.0180762688871467,-0.0112544758285842,NA,0.0632426451786702
90,-0.0313071836338724,-0.09478667529002,0.0272559590627403,-0.129651166475859,-0.0315919549860208,-0.0406115719573729,NA,0.141825749825515
91,-0.0236430771387991,-0.107849579398055,-0.0309003480987089,-0.0248582196879724,-0.0147751166909526,-0.0384074718174124,NA,0.214211286784636
92,-0.118546906226378,-0.13463606955178,-0.0762343568465631,-0.0729971645609301,-0.0112175753128528,0.0529409255442885,NA,0.0869225954183465
93,-0.0438436287315551,-0.0809409851232089,-0.0437501994570727,-0.0459837536786504,-0.0229061697427267,0.0522946072123811,NA,0.121282070192237
94,0.0138029236325667,-0.073913431198679,-0.0407869887980032,-0.0243918378930501,-0.0330741790858523,0.0369993498624913,NA,0.00223226222307193
95,-0.0485477874207483,-0.102091653300117,0.0018210740947371,0.0383357454007419,-0.0112150638396904,0.0185292476064708,NA,0.0694810150111758
96,0.00195155222925172,-0.104950088049066,0.00206252484880994,-0.0922516286745357,-0.0164660153947674,0.0218242457662455,NA,0.0586461171124904
97,-0.00850898894628108,-0.098633971635762,-0.0187460855251047,-0.014499946420315,-0.00466832246919825,-0.013513822127952,NA,0.0581090475045453
98,-0.0106808019875233,-0.0799057667094842,-0.0268768517579798,-0.0228635551445543,0.0227652935522903,0.0363620511397125,NA,0.0745257718396188
99,-0.0528059797252298,-0.0892809961336593,-0.0352124325816174,0.0147994692772384,-0.00521165602111295,-0.0388346460033966,NA,0.131985920328516
100,-0.0270902193709282,-0.0928897641222016,-0.0235558213526806,-0.0805457980929548,-0.00890663860375297,-0.0144517101981456,NA,0.0685371108046667
101,-0.0799973255071745,-0.0529678796729836,-0.0342154859207934,0.0124290175965889,-0.0348056654180783,-0.0132539076166535,NA,0.0495199247768607
102,-0.0665345129628615,-0.0602472596346925,-0.011885855490322,-0.0488519944272892,-0.0231581899134964,0.0174266927627081,NA,0.144445642418235
103,-0.0133668206122053,-0.0532614679510229,-0.028447597727983,-0.051106030863253,-0.0170969383976637,0.0282532964715889,NA,0.166731112425383
104,-0.0434090025754597,-0.0735597280703799,-0.0249957242654577,-0.0331759551700321,-0.0561261392757873,0.0537713597386497,NA,-0.0365102787920915
105,-0.0191832925151308,-0.0610022247597596,-0.025474764347105,-0.0921660501081192,-0.0267593662368091,0.0762719146240821,NA,0.0839408982128066
106,-0.00573200326894094,-0.0789057885801869,-0.0651459394406767,-0.0397104213013351,-0.039846210501784,-0.0383706583832275,NA,-0.0341310822357405
107,-0.0537719380301509,-0.0966454682724363,0.00692838210454386,-0.0293227060202096,-0.0338152283226221,0.0359685424767426,NA,-0.00389895512283484
108,-0.0620402438946255,-0.0840689970707018,-0.0137951606044153,-0.0417701376871344,0.00502928522802195,0.0160700157401017,NA,0.0131131763785801
109,-0.0470334224692484,-0.0846587875873284,-0.0403826969022281,0.000362330227499486,-0.011621844931018,0.0262167141741775,NA,0.0246928845814675
110,-0.0320865367034235,-0.0812317552614586,-0.0257073621831644,-0.0945630984256227,-0.00686762211205499,0.0612873695385241,NA,-0.0738308286145555
111,-0.0978884986917369,-0.118708851935922,-0.0445864885360141,-0.05975054096864,-0.0181819356629355,-0.0141228139179796,NA,0.0312356005879191
112,0.0128816992093563,-0.123065891082056,-0.0390582690236609,-0.0508995604838788,-0.00118128895467962,0.0424105503547222,NA,0.0104024197562432
113,0.0125798816692786,-0.112636984350438,-0.0286088621311385,-0.00856022422737834,-0.00273775172405412,-0.0214502166105141,NA,0.0770459410059967
114,-0.0499968540103931,-0.0388485807431292,-0.0148167307250844,-0.0545514791133755,-0.00307106272681035,0.00885319231004128,NA,-0.099146348256947
115,-0.0528019232370745,-0.106864130749136,-0.0128820097667395,-0.0146482075386323,-0.0090831090507472,0.0730867402016341,NA,0.174673950353796
116,-0.00365294757728454,-0.079572012257513,-0.0372281428310242,-0.00278380645983511,-0.0104292283958037,-0.0443048264507645,NA,0.0752276312313291
117,-0.0264016368541887,-0.0728698710121075,-0.0130841363800453,-0.0947118845501779,0.00943624217021199,0.12437994053862,NA,0.077459008753496
118,-0.0605314306553547,-0.0515410256446586,0.0097195872879173,0.0348377320160748,-0.0114024040506294,0.00673522714093236,NA,0.036979105807356
119,-0.0560204649303431,-0.126445552793676,-0.0241758474764628,-0.0187286715991684,0.00606985136409035,0.0264853423244532,NA,0.0883374500571308
120,-0.0786633505766821,-0.0831087174185945,-0.0555404107235874,-0.0457875456282437,-0.000782919145790317,0.0105195456412054,NA,-0.00800874584306432
121,-0.025114969858008,-0.0525751572325737,-0.0410659919923098,-0.0161372845740963,-0.0313013376958555,-0.00725061419974102,NA,0.00948181441700935
122,-0.0494154005676946,-0.108875369829629,-0.0484755808174055,-0.0502145636855205,-0.023190551933169,0.00506846261498964,NA,0.0541413820532715
123,-0.0391233125919775,-0.140526486252979,-0.0371924234771724,-0.0457942958391359,-0.0185687143374389,0.00891928822107999,NA,0.000681169726805042
124,-0.0403448177203441,-0.0480185550592546,0.0249466595159149,-0.0578554564014937,-0.00130113830055709,0.0605805928997486,NA,0.0701767439994753
125,-0.0323352072290768,-0.0397306942984663,-0.0101636569649492,0.052643840765033,-0.00625705396553781,-0.00396677037366866,NA,-0.0121105149067852
126,-0.0595891810444304,-0.0976124062913327,-0.00672097984850507,-0.0610692570186784,-0.0255201569407612,0.00881295185482245,NA,0.193150142007527
127,-0.0179571697569807,-0.128536564756712,-0.0389264941788368,0.0364042403603997,0.0146295964203032,0.0157393302319796,NA,-0.0690451480552519
128,-0.0103297060141042,-0.0870438035040217,-0.0478971489177062,-0.0328425268273463,-0.0404421022260367,-0.0152884918872595,NA,0.024185214559772
129,-0.0431060721717992,-0.115707884553554,-0.0530990350005456,-0.0820106724517001,-0.0176372438480839,-0.024913615751279,NA,0.0507587486200762
130,-0.0584062455741924,-0.0610212007386071,0.00359188271063068,-0.0237021053984089,-0.00207666322823827,0.0161694778189238,NA,0.0462360886731261
131,0.0114631973417784,-0.0943611997202945,-0.0840438550143327,-0.0771621552822132,-0.0024906864674562,0.0323052771931605,NA,0.0278508050584088
132,-0.00170347429615561,-0.0757501307876495,0.00306826683109757,-0.0606315050344077,-0.00405070468905074,-0.065926761309597,NA,0.0151691067868731
133,-0.0378907469037888,-0.0984606002981058,-0.0547606758321322,-0.04572048998316,-0.00548513678662994,0.0416378133298176,NA,-0.0417290212576789
134,-0.056499679321409,-0.0848660560577664,0.0290353165581278,0.00260242138257089,-0.0031671161730876,0.0782411981594457,NA,0.0446009764940303
135,-0.0512594488138144,-0.0795979814379724,0.0121873493664495,-0.0227132932018509,-0.0192969216196908,-0.0296578230279326,NA,0.0865877581535564
136,-0.0603243867535773,-0.0993391476778596,-0.0507224150801428,-0.0662771118989962,-0.0355074389871486,0.0877218275223535,NA,0.138908430488667
137,-0.030659298328138,-0.124814411743239,0.010884781554813,0.0393198264658433,-0.00104138053189021,-0.0681570996501795,NA,0.0375619087274336
138,-0.0370163992287611,-0.0845724583788717,-0.00114240785754241,-0.0502436052870264,-0.00581084215309983,0.023007318268211,NA,0.163936809434065
139,-0.0287196776945169,-0.0750042137749378,0.0268052746013097,-0.0305856918054884,0.000870748282182601,0.0783814785121364,NA,0.0149502523223922
140,-0.0500161423531605,-0.0554056561200063,-0.0362685874226446,-0.0180817177106437,-0.0226585272170037,0.0464233927790303,NA,0.0476234488435134
141,-0.0881794316002789,-0.126528969488599,0.0394160220596624,-0.0585751982904126,-0.0209608863421748,0.0492289128294392,NA,-0.018359252769669
142,-0.0466188747143723,-0.0764411486387174,-0.092912932144946,0.00513349597408716,-0.00178830940824613,0.0239924231684172,NA,0.0718046343056034
143,-0.0337682205616193,-0.088837234630937,0.010213739532968,0.00262447881923264,0.00822787620710427,0.0180681789640193,NA,0.079126928636994
144,0.0115542115079753,-0.0670463575703846,-0.0857588822212419,-0.0686330790452876,-0.0239046841967055,0.0124861449102874,NA,-0.0416343210841881
145,-0.00489291699534111,-0.0629403558415321,-0.0565436476056438,-0.0176712023484603,-0.0135267824283964,0.0537750819343574,NA,0.0779454269630752
146,-0.0138378928803131,-0.0677029438157745,-0.0073433292494369,-0.115011376170023,-0.0237554666692465,0.00462648333948132,NA,0.108635866239124
147,-0.0223955796345451,-0.0763045827846703,-0.0172342717156549,-0.00345858021565257,-0.011196669367824,0.0764951693254576,NA,0.0796090540075637
148,-0.0468116802490842,-0.104630357631667,-0.0295220620628963,0.0196158827270794,-0.00850188149250976,-0.0314685325688156,NA,-0.0247545020937027
149,-0.0547372470910856,-0.0572456885009806,-0.0179248610358819,-0.00337114849524928,-0.027365672610244,0.0190638190091351,NA,-0.0513247663678279
150,-0.0147077048674072,-0.0676764978891339,-0.0300309096066465,-0.0313220065971603,-0.00229246505782875,0.0690190625601468,NA,0.138623278158326
151,-0.0246082127604111,-0.0799904519639744,-0.0297769370160278,-0.0485904842626899,-0.014399628106605,-0.00464574709096932,NA,0.128620609793749
152,-0.0586734261895703,-0.0772643668934285,-0.0286795257619342,-0.0818367788018712,-0.0254083847509852,0.048985486521553,NA,0.0440513228116246
153,-0.0340908349442574,-0.0539653935867586,-0.0131611537041447,-0.08638126162319,-0.0131940555117362,-0.0427629214191192,NA,-0.0498126069618544
154,-0.0778492438359859,-0.0845802117591072,-0.0291770435317816,-0.04254365389353,-0.0129188879411647,-0.00118047232952753,NA,0.0837594013909108
155,-0.0634006253891577,-0.10874957353468,-0.0135047849386479,-0.00211032035496656,-0.00924897038527039,-0.000714658502652066,NA,0.0433273979645238
156,-0.0195306217099847,-0.0608262436134142,-0.0229806980864529,-0.0671202223059827,-0.0336035782196546,0.0507197510204074,NA,-0.0324480009085124
157,-0.00947806216580478,-0.0790233452619337,-0.0219451421579146,-0.0972968071311441,-0.029552120265785,0.0191046564800929,NA,0.0517702562281109
158,-0.0512330452051085,-0.0766917448475406,-0.0387176286612755,0.0309541961385005,-0.0154828127402102,0.0693401150191929,NA,-0.00128053757110314
159,-0.0470544740069294,-0.0750272156190725,0.000959892648143543,0.0172512708350118,-0.0219055384705494,0.0267295734518425,NA,0.0385515581848415
160,0.0026424846015284,-0.081836993082273,-0.0133823165167316,-0.0799719001496809,-0.0170681316477474,-0.0337901829573708,NA,0.00417568311840505
161,-0.038741175530735,-0.0622769937960087,0.0110551966604824,0.0190034892761879,-0.00852990908771274,-0.0124034181445128,NA,0.0787395295440679
162,-0.0707065055122503,-0.0832756037638066,-0.0155017582299865,-0.0983636186154754,-0.0113559978969827,0.087765287696903,NA,-0.0053314920746787
163,-0.0944566485215049,-0.0809945069361971,-0.0488446026856103,-0.0831857635425002,-0.0213716490574339,-0.00700097867470575,NA,-0.081464855664883
164,-0.0402356363827294,-0.0829816958089407,-0.0654737217374074,-0.047427539269293,0.0031119809792154,0.0772609603521473,NA,0.0524821219099069
165,-0.0217712442765734,-0.065678051257485,-0.0347872123717927,-0.0190803595714794,-0.00832629511739424,-0.056273035281524,NA,0.0635994711694855
166,-0.0271550796351184,-0.083431046656556,-0.0348037738249431,-0.00514211477892065,-0.0212439849565135,0.0451797897342998,NA,-0.0362784916666796
167,-0.0993141362628869,-0.0886513958535398,0.019602124259424,-0.0531461780254913,-0.0230566434388883,-0.00805196857321083,NA,0.0648705602182967
168,-0.00413139986318145,-0.013542143384409,-0.0513588906345348,0.0328466203702331,-0.0275084616061352,-0.00245799518303436,NA,0.0389883390158649
169,-0.0340863136550322,-0.0902533221418488,-0.0324033611406702,-0.0467224842059366,0.0154354168570877,0.00677040039661111,NA,0.0673571213115536
170,-0.0557004131032687,-0.07992738284447,-0.0288896344733611,-0.0604631176201114,-0.0221121303425739,0.0812649137982764,NA,0.0638853473014004
171,-0.00736710362664499,-0.0922241084991123,-0.0680349017844746,-0.0177202085823484,-0.0192389344231652,0.0481800438248108,NA,0.18784533813255
172,0.0112648519208547,-0.07677474809716,0.0343479186882603,-0.0836391140203458,0.000614935037445585,0.0419718423454056,NA,0.154233209241519
173,-0.064173669200103,-0.0337133952312738,0.0223129386640197,-0.0716188878779935,-0.0139464221955349,-0.0431466451795866,NA,-0.112898840554305
174,-0.0510532693184003,-0.0452224195535557,-0.0197426699493878,0.0112448120910246,-0.0311786337639172,-0.044146622211929,NA,0.0246127223005322
175,-0.014077209153167,-0.0772873024921732,-0.064306244276868,0.00921000647140846,-0.00506790167087433,0.0479442298855102,NA,-0.000493007831690817
176,-0.0513922164336491,-0.0601805590175584,-0.0145280253919639,0.00393997367874355,-0.00223878564103662,-0.0375418698217794,NA,0.0452873720449997
177,-0.0305232713160029,-0.134208160743896,-0.0398113610364742,-0.0232283996895267,-0.0363696695110582,0.0101213035318952,NA,-0.023939267414957
178,-0.0935715464393539,-0.0618839263453808,-0.0202123299221024,-0.0602424612982872,0.0259829496611044,-0.00741439811717987,NA,0.0281570489134372
179,-0.018195066525657,-0.103135059707291,-0.0456487897836877,-0.0144001599844944,-0.0421704837119739,0.0362956461775746,NA,0.0690476321761519
180,-0.0511447667615829,-0.07809515491304,0.0203621753513523,-0.0508868734846077,-0.00891064640921883,0.0180951847264113,NA,-0.0185845938238078
181,-0.00471594082414062,-0.0643144273898277,-0.0385238027094099,-0.00545284265796769,-0.00886521921435723,-0.0398861127015004,NA,0.0431392010096189
182,0.0108814275261753,-0.0715979310235664,-0.0221122773965391,-0.0543394161458845,-0.0309802633932362,0.00274908332139423,NA,0.0867012620311645
183,0.000135936327781583,-0.123384601963369,0.0062374039485945,-0.0944166046291744,0.005711204566042,0.0628705988176591,NA,0.0108468708406965
184,0.0308001778716524,-0.0821411308448515,-0.000292824673890343,0.0294252352533338,-0.0186324591453182,-0.00630744790746571,NA,0.164414710017775
185,-0.0623891612399054,-0.0857387751601,-0.00954033580615199,-0.139260764086481,-0.0220208412346605,0.0222094270003863,NA,0.11718704707583
186,-0.0433155547861736,-0.107542615147786,-0.0315228226586447,-0.037333202899007,-0.00550131916607789,-0.0369769874366578,NA,0.0640191138836585
187,-0.0604328765376853,-0.0718155891559876,0.00625464938927468,-0.00517884437925378,-0.0260009711995657,-0.00655663539871223,NA,-0.0864343233487552
188,-0.0868990842270371,-0.0903074754366584,0.0338008700871014,-0.0598309140284094,-0.00444422121484877,0.0222120018530445,NA,0.0436637378325169
189,-0.0488364466093612,-0.0659338199796504,-0.0222068651580552,-0.0144596315763893,-0.0218695356233811,0.0560777371146327,NA,-0.0795866806044412
190,-0.0343241364656314,-0.109109690343031,-0.0231008883335476,-0.0280785035341595,-0.0149407567604432,0.0870568279419111,NA,0.0405107754272815
191,-0.068175224986176,-0.0975107896827977,-0.0313171776155539,-0.0310917528479903,0.00297465639530026,0.0134624145977713,NA,0.0970299274025493
192,-0.043554958064373,-0.0743879938981751,-0.0245211018271438,-0.0304170139439894,-0.0143193311419676,0.049698308178715,NA,-0.0482731140337614
193,-0.0664579350945531,-0.0684666872581367,0.010525393010523,-0.0532942055848002,-0.00983482377857037,0.0829606973628995,NA,0.0212635919150895
194,-0.0358373213695887,-0.0615301672283938,-0.00323971447080811,-0.110612201716462,-0.0199000555402086,0.0273754367879763,NA,0.0596071298725093
195,-0.0504616532634562,-0.0605931645011383,-0.00132035502768703,-0.0313091052275998,-0.0295297515132418,-0.00983934342817064,NA,0.032676871624428
196,-0.0261312938782751,-0.041716923587804,0.00223668079748361,-0.05968538552407,-0.0279698567416824,-0.0131579012148798,NA,0.0211298274707191
197,0.0101943366778542,-0.108808203819221,-0.0184781619714915,-0.0111170167477425,-0.00346129792318777,0.00805325544113697,NA,0.057743742537489
198,-0.0199857900894091,-0.0878068827965699,0.00171741195334039,0.0201094934309778,-0.0129835056519226,-0.0186879685922053,NA,0.0276491012598331
199,0.017181571083738,-0.0591402614866884,-0.0250021531558286,-0.0597995603550861,0.00234992626819277,0.0307482261637595,NA,0.054989713688854
200,0.00511934833853815,-0.102169465722856,-0.0422837574926437,0.00654452642244907,-0.0111426321959598,0.0371038178948035,NA,0.103166175125333
201,0.0406458669325001,-0.0516021032556727,-0.0241923168884522,-0.00313352330402661,-0.0226775389517849,-0.0113401642310571,NA,-0.000282875048078113
202,-0.0619152375345974,-0.0605777902110058,0.0125108665181835,-0.0900617156940238,-0.0328783193697716,0.034300138253929,NA,0.0553451710682521
203,-0.0236006433593079,-0.0563029194941396,-0.0261906491995918,-0.02489709886025,-0.00575808032348039,0.0406397373135217,NA,0.0640294916626415
204,-0.0898657978234247,-0.0744329166004938,-0.0420400067691733,-0.0472515403937159,-0.00546229297795757,0.0569854961281124,NA,0.0659851326559177
205,-0.028115530483074,-0.0837937589400725,-0.0261002699938111,-0.0307630051377602,-0.0265405160810709,0.0206969636227086,NA,-0.0381949111880859
206,-0.0174614068343309,-0.0713518778282405,0.0148449496990246,-0.0544549269765806,-0.010485536886455,0.0638610987326367,NA,0.0459644434201418
207,-0.026785754027193,-0.0336207729234184,-0.0912653533086873,-0.0417966143084299,-0.0120503679928071,0.0759041701742541,NA,0.0214518070916709
208,-0.0420490801397769,-0.07596749765531,0.00732583583035495,0.000620852916402514,-0.016089854619144,-0.00349229881546398,NA,-0.0583008492280097
209,0.0196311684351984,-0.0816614323332966,-0.0449765265506988,-0.0180331759134177,-0.0157395109186616,-0.0357057812264937,NA,-0.00787215951568243
210,-0.053722004736794,-0.0981912206468171,-0.00240704903198671,-0.0358686477217931,0.00210342705302924,0.0102488207612213,NA,-0.0489548578897731
211,-0.039882606893896,-0.107123311153461,-0.0132047351324188,0.0329063494391045,-0.00191393723153908,0.0526361301436534,NA,0.019897861895434
212,-0.0782244447655939,-0.116674019932244,-0.0213529923216082,-0.064049850876488,-0.0230009167796972,-0.0341224255498675,NA,-0.00476642405641536
213,-0.0388519955169196,-0.0518681403872252,-0.0103775922111,-0.0434203972980242,0.00856406953110525,0.00778605975072411,NA,0.192296749987838
214,-0.0102671343325554,-0.069554774708547,-0.0251082670528588,-0.0528755374955666,0.00848528567497324,0.0302842305720278,NA,-0.020945980291576
215,-0.00184079823457867,-0.125551650192786,-0.0230803720170198,-0.0266566544895908,-0.00448536500373601,0.0362178936581641,NA,0.00624338063931063
216,-0.0474153095614721,-0.126280858969486,-0.0127690427024354,-0.000565726112304987,-0.00663518980926409,-0.000113070128639398,NA,-0.131900516902787
217,-0.0137698557244912,-0.0714565124494347,-0.0180256396331469,-0.00619118946708999,-0.0384523284764257,0.0239712695574038,NA,-0.0334668479900341
218,-0.0429133478480923,-0.090412083365267,-0.0125654640159944,-0.0481227877150585,-0.019630097502813,0.08402891891836,NA,0.032027498267528
219,-0.00303800259397195,-0.122821862786829,-0.0694051932958728,-0.0478364609244153,-0.0335401814197873,0.0102937341251508,NA,0.0493531098552435
220,0.0523492695357625,-0.0667316838102373,-0.0166393132652411,-0.0837563110248076,-0.00989053182061889,-0.0643715807182934,NA,0.0235471532215148
221,-0.0234705071478474,-0.113984547220261,-0.016206128111964,-0.105057016585319,0.0163711014367841,0.0745055113764161,NA,-0.0350215207764562
222,-0.0331529384462427,-0.0797750020986798,-0.0135982025605276,0.00502059956302964,-0.0234603600860497,0.0658061385658717,NA,-0.0058210425609439
223,-0.0316200139677022,-0.0418261532321063,0.0229890991976044,0.00269434892442566,-0.0203653493909919,0.0652156472144122,NA,0.0425693966559228
224,-0.0802841914976632,-0.0944553615552626,-0.0985814707139615,-0.127888690717003,-0.0205323797628136,0.0624404334478636,NA,-0.14287354009561
225,-0.0654163280381482,-0.0768963950675686,-0.0260837474742889,-0.0279775755575723,-1.60017635309831e-05,0.0183063676035876,NA,0.125436190718212
226,-0.0830433837683027,-0.0597888955103082,-0.0171951677968224,0.0320118827256095,-0.0100598508653839,0.0630097553776864,NA,0.0206078973923407
227,-0.0545638972584547,-0.112706937104456,-0.0269846330437069,-0.0623070979540217,-0.00772196717564394,0.0157700178916386,NA,0.0329655900445406
228,-0.0121114791368346,-0.117688574211033,-0.018915640191462,0.0143545112026491,-0.00495014106537689,0.015157971182661,NA,-0.0328082333882477
229,-0.0356270085258491,-0.0676349716867362,-0.0283571694134335,-0.000902610635017065,-0.0204249708542083,0.0697654700549537,NA,0.0571311497423614
230,-0.0383448971779728,-0.0984445949418614,-0.0539074956412199,-0.00228196998594865,-0.00856331855359221,0.0397434939232433,NA,-0.0830118580389616
231,-0.0215062581068821,-0.0792760002997419,-0.0357369775477536,0.0318996341037277,0.0105627245164195,-0.0361290502937469,NA,-0.0380715944537659
232,-0.0701641324983952,-0.0500119115056733,-0.0484364823339295,-0.0618096799364839,-0.03144326361606,0.0329798450644653,NA,0.258452920912035
233,-0.00773830321471441,-0.12516431524799,-0.0169404581890313,-0.00937199408103484,-0.0173568084588279,0.0772280650866333,NA,-0.0381005873304586
234,-0.0252199199727557,-0.0905827865105214,-0.0606181938599713,-0.0720323058924986,0.0112208288241027,-0.000796313200069509,NA,0.0318588407965889
235,-0.0398078722412963,-0.0574464187173777,-0.0235692319619735,-0.0715546778675316,0.0135202917479356,-0.0328073736559128,NA,-0.0258026955529493
236,-0.0417718236663152,-0.050236157489649,-0.0408651943608692,-0.0185177488927425,-0.0238098061830525,-0.0359418631824601,NA,-0.0557311948378173
237,-0.0640248393841196,-0.103203965922857,-0.0052691456331164,-0.00904971358780476,-0.0306678051529209,0.00757235430260988,NA,-0.058300961105577
238,-0.00919302172810416,-0.0467267382126717,-0.0483489935792525,-0.0145876138146689,-0.00318009589666807,0.00985112029288995,NA,-0.00387956805112555
239,-0.016308409127429,-0.0787015989624386,-0.00709088119115149,-0.0384256944307276,-0.00173000635412319,-0.00847477364710456,NA,0.0929588273203698
240,0.00139967509328648,-0.10113117316417,-0.0231202560371288,-0.0199684587043013,-0.0214095253937873,0.00175615735448173,NA,0.0157788748058993
241,0.0140123590047977,-0.107841805032005,-0.0332120671700901,0.0030909543109186,-0.0192789791702103,-0.00663708804731583,NA,0.174518434049061
242,-0.0205635228275575,-0.0782925642342005,-0.0274481550710785,-0.0275487972247007,-0.0117743094448084,0.0306717474769582,NA,0.0277457009961373
243,-0.0262840037877296,-0.0953055002109636,-0.0276916338765895,-0.063147964644109,-0.0134876110207207,0.0262064416771232,NA,-0.0374652837359343
244,-0.0383409384071229,-0.06135882635249,-0.00101264189023108,-0.0495787522645299,-0.00436805840968264,0.00630048147882459,NA,0.0294862310672129
245,-0.0354697748471717,-0.022821953950689,0.00657099280489573,-0.0582437882810938,-0.000597801064794234,0.0010509512608748,NA,0.00582282563887676
246,-0.0574618422293738,-0.0699238118739588,-0.0103636082291844,-0.032798057522591,-0.0272115781904356,0.0459876733913712,NA,0.0969247325435136
247,-0.0201364825526552,-0.054477647013345,0.0109047412550449,-0.109067304044932,-0.0142608764203211,-0.0200428204096366,NA,-0.0230862575964313
248,0.00274178277595974,-0.104576299075043,-0.0405188503699613,-0.0513505832277339,0.000469554428388502,0.0405142789367759,NA,0.0510935021315199
249,-0.00853046069966301,-0.0735985243865034,-0.0337756935520955,-0.0122428168893046,-0.00764909210726145,0.0670390036308136,NA,0.0267154354044398
250,-0.0341933165213629,-0.0870996752207071,-0.0118183595489863,-0.060163001361585,-0.0015581885875063,0.0816032467988423,NA,0.0584059838825483
251,-0.0388689447847184,-0.0522182235222289,-0.0411707975611858,-0.0543364326172482,0.00229600805386521,0.00704417587278197,NA,0.0402643398755712
252,-0.0158494326819178,-0.102509481901676,0.0302145274768222,0.046422442964418,-0.0470313216164453,0.0327309196394269,NA,0.0375764431834525
253,0.0184573812459361,-0.0641245176844525,-0.0243055146722745,-0.0549515057464439,0.0144232166125058,0.0394172573362265,NA,-0.0912016481352695
254,-0.0473027390967873,-0.0468000599864701,-0.0502560827510133,-0.0165275545871,-0.0211323973362723,0.00239468008627633,NA,0.00478812092978159
255,-0.078487803506886,-0.101481326670406,0.022012278413162,-0.0904873472045973,-0.0116715206117501,0.00527751243282665,NA,-0.108555805500001
256,-0.0221168971156214,-0.101297318703332,-0.033219500130452,-0.0115455653392002,-0.0321241694535663,0.0464945235666068,NA,0.0711045896079191
257,-0.0438012142229792,-0.117881199413393,-0.0408319577860527,-0.0363459517801502,-0.0146324821519157,0.0943648762770957,NA,0.039580535125277
258,0.00433538008707771,-0.110448323095348,-0.0380866332608703,-0.0514702958197153,0.00498602880182022,0.0327544081542461,NA,-0.0559388454026191
259,-0.0195605160181896,-0.0599428033098279,0.004082801338504,-0.073841055142542,-0.0260235269420465,-0.00958757066266158,NA,0.00139158475714179
260,-0.0147724756741695,-0.0843912319275363,-0.0261018084533063,-0.0228076449156889,-0.00311296278339233,0.0555805681146032,NA,-0.00350760414618323
261,0.0033075363982394,-0.0898598621089785,-0.0191052000098495,-0.0447715849331003,0.000932310948684199,0.0377858598501126,NA,-0.0651185653951772
262,-0.0359853171936636,-0.0213709204111029,-0.013569327417036,-0.0611361322238074,-0.00222806427653617,0.000812165731133879,NA,0.0174097742348425
263,-0.0282107093148362,-0.0665596087007565,-0.000178027017163934,-0.0602905423712165,-0.0269802838246559,-0.0381772998197603,NA,0.134239748180286
264,-0.073939924076392,-0.0718354715753401,-0.0185307023203056,-0.0580786998689419,-0.017063944667895,0.101932124251907,NA,-0.00403817406078072
265,-0.00503703576622447,-0.0714207552987187,-0.0210414454152918,0.0156112669224916,-0.0206743440940322,-0.0513249082516078,NA,-0.0638082385356175
266,0.0249621697880224,-0.102933466470272,-0.00380211518063794,-0.0610500471701103,-0.0205318103538779,0.0621439104132395,NA,0.0225212331578714
267,-0.00125480458809443,-0.134056499856595,-0.0351276055380753,-0.0454845081019656,0.00403816331718594,0.0110554393787788,NA,0.0980114526387467
268,-0.0453759331288797,-0.104699323521369,0.00223804085669387,-0.037766731212517,-0.0294132249572493,-0.0202667353998016,NA,-0.0136805195506867
269,-0.0210573656082467,-0.0350580889375543,-0.0735580127405114,-0.0640036095938719,-0.0430021992137957,0.0456663238968785,NA,0.0543117121523191
270,-0.0486397754065034,-0.0640013259824757,-0.0478744973151962,-0.0498741997595745,0.0184747783164131,0.00380882392599971,NA,0.0137838403837259
271,-0.0560354823493947,-0.0933551417170301,-0.0260142599640173,-0.0932465090337576,0.00667748705802285,0.0334355377886303,NA,0.0367765772195314
272,-0.0230327485182193,-0.0792930108141092,-0.00123755088955831,-0.0847560024069742,-0.00775619418825568,-0.00677975669791672,NA,-0.0192279712637791
273,-0.0565499321575661,-0.0492580276175366,-0.0401931476486681,-0.0529483210215075,-0.0119826917507452,0.0512271475833593,NA,-0.0205785847228112
274,0.00562270496717471,-0.0690722472467526,0.005573738238817,-0.0596952736211827,-0.0106959593195813,0.0403221220328152,NA,0.106663547895039
275,0.022638372175836,-0.102975837518917,0.014203026201019,-0.0420354948676743,0.0154601761954859,-0.0114273599675274,NA,0.0132015657424311
276,-0.034769868664535,-0.0908435624411879,0.0182654106539613,-0.0586857493922547,-0.00350152914210549,0.0169483869026635,NA,0.0596695136718934
277,0.028337214324182,-0.0947246139891977,0.00107065759434409,-0.0270780658466013,0.00606844389744261,0.0014878063274347,NA,0.040084344256099
278,-0.0401666189921564,-0.023836234992422,-0.0582680857527086,0.0138661766946319,-0.00368700170835121,0.0680011165727546,NA,0.102916242726141
279,-0.0339248567869413,-0.0799709758181579,0.00295001148702509,-0.0132770850206792,-0.0114699354516208,0.0343596513829171,NA,0.0389091440698897
280,-0.029259377544593,-0.065567218886057,0.00736438439555344,0.0312765485217851,-0.0119040147230872,-0.00942571622122026,NA,0.0767952450245828
281,-0.0335007067950697,-0.149570392816316,-0.025891887113151,0.041985432600604,-0.00783671770545152,0.00925659941068632,NA,-0.0318498284200694
282,-0.0718194791827534,-0.117831086386549,-0.0722666921551398,-0.0515407831075343,-0.0215830583734555,0.043490655554511,NA,0.0851645225014208
283,-0.0307236387984305,-0.130447564723701,-0.0191288837434593,-0.0650671249437651,-0.046357762199597,-0.0424487189619129,NA,-0.0241339656432215
284,-0.0125309029539061,-0.113952143772092,-0.0286240443731394,-0.0102491873967861,0.0167722438353602,0.0197972095987071,NA,0.0889020828936917
285,-0.0669356384746203,-0.0824382318569265,-0.00445769624076166,-0.0606885504820858,0.00702347706821971,0.0488946883270154,NA,0.0659807987690886
286,0.00218743569962762,-0.110590637110024,-0.01022916418062,-0.0677834709529691,-0.014963151978906,0.00263428239983965,NA,0.082846974087985
287,-0.051122577769034,-0.0997045813470452,-0.0390319234827658,-0.0100571318291266,-0.0105543749590588,-0.0287437815658899,NA,-0.0356087416826953
288,-0.0260131326413593,-0.0809479645101212,-0.0222799176596376,-0.035943501124162,-0.0207908017637753,0.0554894131558107,NA,-0.102709680859231
289,-0.0282299809495559,-0.0461766467229017,-0.0182046444004045,-0.091074584839884,0.00068279226873242,0.0520701893238546,NA,0.0599948881981839
290,-0.0117684368011451,-0.160433720580009,0.0240942719038581,-0.0887511720909794,-0.014286059565791,-0.0413225602184863,NA,0.108388105612886
291,-0.0287445923716879,-0.0648186762400869,-0.0457652027966708,-0.0784041833406657,-0.0175674758265085,0.0597537526398835,NA,0.0637265314354515
292,-0.0995832470868341,-0.0861806371669009,-0.00946524825745114,-0.0146768279507614,-0.0160686937161546,-0.0342428213025343,NA,0.0762765835770662
293,-0.0415295329711343,-0.0254723885506528,-0.0346144137390376,0.0057421802223987,-0.0143096074649487,-0.0140033970106965,NA,-0.0503365923442886
294,0.00510649288476847,-0.101137124581798,0.00878739384167472,-0.0216537428844115,-0.0157207501240427,-0.00278797579019119,NA,-0.0659693786052713
295,-0.0425984663767878,-0.0873491437273707,-0.0508334083164174,-0.0478002392640787,-0.0189024118333911,0.0290673784916253,NA,-0.0326297566668887
296,0.0101061138381115,-0.114498056225819,-0.0261906160319054,-0.0492011276197618,-0.0172083057085963,0.0338371131137748,NA,0.067701449888969
297,-0.101338570120289,-0.068173679370814,0.000728427801494305,0.0494055918819865,-0.0183890049984381,-0.0107664814249569,NA,0.042574617818152
298,-0.0394812272556427,-0.0795260466395962,-0.0129765309290466,-0.0366924902732628,-0.0209901234291126,0.00567902489005873,NA,0.0426058407897262
299,-0.0813968201554344,-0.0908309530352613,-0.0399460923864908,-0.0550778493456157,-0.0154200014734554,0.0622238242068358,NA,0.0149445880577881
300,-0.0809509225290394,-0.0849044831332642,-0.0229389038271211,-0.0367448891249577,-0.0103796011133182,0.0282501084872742,NA,0.0704495540518784
301,-0.0432455297634553,-0.1213169519994,-0.0547357571601954,0.0626640897732947,-0.00931970876207335,0.0326544047770803,NA,0.0544854235332721
302,-0.045592166592537,-0.126749846459847,-0.0644415930422227,-0.0881005919385117,-0.0243812441706101,0.0199146566950353,NA,0.10789989283197
303,-0.0830841440544323,-0.0631889310042764,-0.0146398432416096,-0.0669406390055915,-0.0298990426284017,-0.0205398708879141,NA,0.0554044274957849
304,-0.0323257852156672,-0.0735246734092891,-0.00423167844372246,-0.043813230202264,-0.0137784776673521,-0.00503848254288994,NA,0.0798764415963595
305,-0.0256831286736378,-0.0342935465596792,-0.0137208009945227,-0.0644308959648905,-0.0325755770827302,-0.0155509267109356,NA,-0.0305144474884662
306,-0.0482243568065423,-0.0699034759062879,-0.0205061640864546,-0.029731872434449,-0.0196690709705302,0.0146394722044325,NA,0.0497437360924229
307,-0.00687161226229828,-0.0942949662111192,-0.000771435324565445,-0.0559241930194589,-0.0118641263683973,0.00264557038276245,NA,0.0501237252647234
308,-0.0826098137577173,-0.0936761561738653,0.000433601749609006,-0.0866522395688472,-0.0282799021055131,0.0529757569467831,NA,-0.132667417121852
309,-0.0498845315333534,-0.081934829627107,-0.0266442262944809,-0.0148893774737015,-0.0338914068981913,-0.0428910296160507,NA,0.0472327763933969
310,-0.0395732943782218,-0.0872883849421747,-0.0612541861669473,-0.0314946139043785,0.0109882895804098,-0.0148569397201594,NA,0.0141067374949393
311,-0.0272002390782425,-0.0844164305469574,-0.0184262842126808,-0.0333931206234897,-0.0405009879623617,-0.00716100223481742,NA,0.0974306717814859
312,-0.0454590097223674,-0.102363801500447,-0.000880580389163318,-0.0735338867636414,-0.0258578156981345,-0.00945774066747238,NA,0.036265051046848
313,-0.0107453177490981,-0.121559929652304,-0.0344969851290183,-0.0991295840131403,-0.000257299258385045,-0.0310032131952226,NA,0.0513907658759827
314,0.0286472014424634,-0.0982016493028153,-0.02842808133849,-0.0117401037573602,-0.0299627579650483,0.0187199444961434,NA,0.0227283568335607
315,-0.0238155972758277,-0.0468926708886198,-0.0237999523189227,-0.032570938521241,-0.0122896400151704,-0.0240215176847182,NA,-0.0153302536458442
316,-0.0434192244260138,-0.12651292745844,-0.0207591329023549,-0.0284925053979783,1.32572706333933e-05,0.0582102086796689,NA,0.00300785007586851
317,-0.0231362019815555,-0.0677669389060385,-0.0383375861127597,0.0170157579732823,-0.0165393778210495,0.0204703559058295,NA,-0.00869869070919477
318,-0.0421791208926424,-0.0596655515837202,-0.062160198740486,-0.0364377320731974,-0.0148371463760776,0.042252355735157,NA,-0.0450260174469395
319,-0.073004899453086,-0.101083404897328,0.0122677300241936,-0.0957329279306648,-0.000870428456029783,-0.039720522265324,NA,0.0255945419787075
320,-0.0769894115311008,-0.108107920049478,-0.0171107635042515,-0.0587702794591098,-0.0250888187860799,0.0530061771430551,NA,-0.019399757923562
321,-0.00527743131317135,-0.0774882546791774,-0.0160119748586036,0.00810590317107107,0.00565621684068522,-0.0382325949310375,NA,-0.0846051206163931
322,-0.0381944918453208,-0.12454137908709,0.0324278290185243,-0.0877009327329905,0.00815947121474301,0.0548762751975827,NA,-0.0263843923333057
323,-0.00158122226693083,-0.106179780426089,-0.058671728169244,-0.0962578818160038,-0.00363789756001211,0.0215907096817813,NA,-0.0364190151264402
324,-0.0221907102061905,-0.0988655637433827,-0.0303972976473533,-0.0426051013193913,-0.00706215282538057,-0.0329445412130561,NA,0.0306944764136799
325,0.0212094828721227,-0.12831768058483,-0.0291897696134008,0.016315005734818,0.0162945038727463,0.0379985934049483,NA,0.0315751047332181
326,-0.0734029747363169,-0.102314175037174,-0.0267542633450696,-0.150177402102345,-0.013334902736472,0.0141231258880511,NA,0.119342877806597
327,-0.0287398958763002,-0.0948306954121009,-0.0423006883218437,-0.0340158173823963,-0.0256449543198708,0.00559679140083097,NA,0.0468941249776188
328,-0.040665788955001,-0.0812419477715948,0.0125693330358918,0.0095757327423191,-0.0324681707936834,0.0271293515775625,NA,0.00844235956527928
329,-0.0760185307657144,-0.0755042906566876,-0.0313943784383142,-0.00645945031260312,0.00844794357977015,0.0498267322804473,NA,0.0185488404413032
330,-0.0230241238031678,-0.0431001465730122,0.00515050657274976,-0.0230192964298443,8.07877246780525e-05,-0.00618424239436308,NA,0.00695114710301203
331,-0.0761067210748765,-0.107229029830502,0.0388259059907046,-0.040796206295681,-0.00895448257085155,-0.0677063045009038,NA,-0.0395937701749723
332,-0.0954679435784662,-0.04281569614322,-0.00173258825298246,-0.0212259480860248,-0.0142630193023146,0.027345617963686,NA,-0.128314122610816
333,-0.0641267881590386,-0.029789153199502,0.0143514325872583,-0.0827013172775183,-0.0172070593192898,0.0659128206258998,NA,0.0407293250926679
334,0.0519363405019884,-0.0766657984069156,0.0268717387252798,-0.0619992503895669,-0.0210217464537338,0.0437838089697048,NA,-0.00611260140246062
335,0.046620764075162,-0.0748062891044413,-0.0264750159191629,-0.0372885088540792,-0.0300279003130077,0.00710369904796998,NA,-0.0536228918747998
336,0.016088247061782,-0.11969629870548,-0.0197824076054583,-0.0366709521861324,-0.000984178182808992,-0.0152815017589952,NA,0.103251675939441
337,-0.015439333777352,-0.0662780078679391,-0.0177549134603104,-0.0808753625501142,-0.0103411837937436,0.0309019316725838,NA,0.0975730978911837
338,-0.0263259204291944,-0.0902377909837108,-0.0176639109260917,0.0125930909947632,0.00805438487291954,0.0328091892152093,NA,-0.069701327768213
339,-0.0168976698866936,-0.053527689743067,-0.0262552340862536,-0.0663784834903657,-0.0209555601382917,0.0285888090219815,NA,0.0305085200448782
340,-0.00215046111927195,-0.0909766057475124,0.00624488718865834,0.0354149378056034,-0.0457031883896813,0.0403834365676691,NA,0.0828279572297275
341,-0.0854312575323589,-0.0998554181399021,0.0268855186727921,-0.0926590292564067,-0.013710159331358,0.0367761657658639,NA,0.0543865252918149
342,-0.11809985215344,-0.0756340783741812,0.0188141671738119,-0.0338680067691078,-0.00763924157842077,0.00270411648409113,NA,0.0243095935919475
343,-0.0373258193094064,-0.082732707632209,-0.0367617010658778,-0.00689938417448893,-0.00122827764185051,0.0535260387396706,NA,-0.033260562434684
344,-0.00341313873210794,-0.0718341583453643,-0.0440227452229393,0.0151026496475007,0.0037759007098959,0.0105585349771401,NA,0.0823345304023052
345,-0.0539590240652875,-0.0793710226168307,-0.0543598651968896,-0.0122736139198679,-0.00126962335841919,0.000886481969438635,NA,-0.0684311075267339
346,-0.0277002469115869,-0.109436963227822,0.0186314450494441,-0.124070034609434,-0.014538680239166,-0.0106002598325161,NA,0.0703790248784366
347,-0.0315649134594313,-0.0835223415628628,-0.0261365964308326,-0.0560980207669151,0.004684209149155,0.0541146567698229,NA,-0.0284715978207464
348,-0.0600171606402615,-0.0845688916272088,-0.0553105042138215,-0.0621273011755726,-0.0461240761226534,0.0129099076010083,NA,0.04722165497359
349,-0.0669760927782874,-0.0230711137031664,-0.0530932595498911,-0.0015722788169511,-0.0340137078248132,0.0244695632871192,NA,0.0452448445387513
350,-0.00193164671502544,-0.074039618267562,-0.0547356733966966,-0.041308375942659,-0.0301842643933342,-0.0510692174890632,NA,0.0173671216068866
351,-0.000372746455829825,-0.0814405854877864,-0.00555985762569104,-0.033701147462403,-0.0261820677124105,0.0493489109424597,NA,0.000494641456940614
352,-0.0125685542569831,-0.0485554727679717,-0.00740239134659734,-0.0688745033486724,-0.00555911455002787,0.0415725989441574,NA,-0.00693282021890174
353,-0.0267094840432075,-0.0934457876397097,-0.0423652977359226,-0.063151296651286,-0.0347427620201049,0.0958530900977423,NA,-0.0989088474020387
354,-0.0101649173811924,-0.122718898616701,-0.0409953574017843,-0.0269013858681424,-0.00595654085202202,-0.00323668333026897,NA,0.0274096017759522
355,0.00422435381274169,-0.0860415910760607,0.0113087356818107,-0.107019728138982,-0.0164643231708915,0.033458409790568,NA,-0.0538339714442337
356,-0.00829710567844691,-0.123493149938092,0.0115807245348356,-0.0888103047575863,0.00277000194592351,0.0732702865961475,NA,-0.0708366396774108
357,0.0245259414301756,-0.0494846154471805,-0.0399003505192184,-0.00897203981234679,-0.0360272260817893,0.0458649165301703,NA,0.0743570401464635
358,-0.0905763733572913,-0.0461950785425582,0.00266257296240532,-0.0447044330180118,-0.0189028336734603,0.0442645728254204,NA,-0.033788558027935
359,0.0238511007856347,-0.0675325019265875,-0.0382165472582684,-0.055116229974818,-0.000124162084783032,0.0407433572559563,NA,0.0713707747516677
360,-0.0266787970954567,-0.109604129881645,-0.0260665268293322,-0.0567208373323671,-0.00238517144385083,-0.00915003545754683,NA,0.0427552407666857
361,-0.0521039461088591,-0.0618151891276129,-0.0548321765022419,0.000543068338562325,-0.0294687478438775,0.0422205428546332,NA,0.0558210606619163
362,0.00775613776204559,-0.117093460436554,0.0018564900746547,-0.018611398257816,0.00496821362547494,0.0109014403967904,NA,0.0956827637959856
363,-0.0173008156890272,-0.161437645742596,-0.0184412022677517,-0.0813556026850016,0.00617371606797243,-0.0143419226848853,NA,0.115460454645188
364,0.0601248705915681,-0.0708950019229744,-0.00785481800954918,-0.0303305285718401,-0.040514034519658,0.0162511079883076,NA,-0.00856879632876539
365,-0.0693413714592835,-0.0854973915669959,-0.0201016853121711,-0.00878873381503151,-0.00167417586045483,0.0359405641936378,NA,-0.0479032875599775
366,-0.026509304068144,-0.0835826156954315,-0.0159580873432475,0.0168970110634625,-0.0315406459183307,-0.0269497764904379,NA,0.0751803218039584
367,-0.0328721641512764,-0.125363753905497,-0.035941538516192,-0.0139503190205317,-0.0238818023940786,-0.00281712108898707,NA,0.134828963219401
368,-0.050223665095326,-0.0432569359672673,-0.0194057817977047,-0.0543505767320459,-0.00486291180639647,-0.0317971918930589,NA,-0.0186606875780455
369,-0.0604100820270201,-0.106295175533072,-0.00499969347140844,-0.0387355089418464,-0.033224474921109,0.0686643412169888,NA,0.0853034953608147
370,-0.00430059579967662,-0.138025276759265,-0.000141763162542774,-0.0198802619726153,0.0104427579947582,-0.0219301001556798,NA,-0.042647600499891
371,-0.0190102931521172,-0.107992896543295,-0.0120286025402935,-0.0380709640916879,-0.0223218982445275,0.0556627696376098,NA,-0.0238926899827049
372,-0.0684269418060255,-0.0907167212985948,-0.0188229642048715,-0.097555314392299,-0.00794000403777174,-0.0375908306451662,NA,0.083560011970694
373,-0.0107865096286587,-0.102080655069309,-0.0345986262825151,-0.049074013015653,-0.0111010427218217,0.0253788210942912,NA,0.0152087528985904
374,-0.0198436781191845,-0.0833125109743604,-0.0298551383581537,-0.042378957479466,-0.0232317781669472,0.0264122873017384,NA,0.0149506540073812
375,0.0260469584665251,-0.0705834684252125,-0.0372230343731579,-0.0246036406525773,-0.00980904388408208,0.0191743521621244,NA,0.018730963811812
376,-0.00229562805228165,-0.0974523976111416,-0.0018814266146636,-0.0496631541921242,-0.00265393776544481,0.0123787587615612,NA,0.0228417761748475
377,-0.0590673818836414,-0.0708183628296815,-0.0173082834910287,-0.0460228041734939,-0.00767395457501852,0.057139254275154,NA,0.0479846658766027
378,-0.0803644849555285,-0.0773184041159751,-0.0421456674388781,-0.0582239065094777,-0.0284467076848834,0.0256116926901371,NA,0.0342973950767467
379,-0.10397051287395,-0.0481696377058382,-0.0272119232596167,-0.0785318040132573,-0.00530352263659415,0.0579123040645343,NA,0.0677755334907901
380,-0.0606671684794573,-0.124660154528472,-0.028414264314442,0.0239262315487786,-0.038276494195174,0.0319922759344566,NA,0.0336404461777314
381,-0.00814615026675664,-0.0640302102860311,0.0043484488439466,-0.0221710797068863,-0.0163016172735453,0.00972687885506565,NA,0.0406928905221771
382,-0.0304721453663914,-0.114218448794402,-0.0356655393125557,-0.108803343720428,-0.0142921964731814,0.0761902960402921,NA,0.119887399472237
383,-0.0760506851687303,-0.0765975729624711,-0.0197146201662454,0.0466569026988485,0.0157676903443032,-0.017745970175282,NA,0.0775007050757577
384,0.00944350327068838,-0.126861522318584,-0.017120979989342,-0.0151009083265752,-0.0123584909322521,0.0517640165158402,NA,-0.0575807766904519
385,-0.0293917958902905,-0.0504736553263308,-0.00380136031654522,0.0210893526628393,-0.00756341724637714,-0.0046256605035781,NA,0.0724557423696202
386,-0.0503969175335471,-0.0672288382208672,-0.00436505996433816,-0.103870498086039,0.00142591193875125,0.0355611758094932,NA,0.0564581035782929
387,-0.0181619447895343,-0.0862590726818287,-0.0280476138004714,0.00944366304192351,-0.016363785706449,0.00925637376308255,NA,-0.0125214994882026
388,-0.00844864012510696,-0.155919116518269,-0.0493707102539691,-0.0387691068221232,-0.0315258673853495,0.0232205236268603,NA,-0.0980473465253048
389,-0.0155756459577889,-0.100242732089193,-0.0358775929265634,-0.0897343266662717,-0.00682794383146842,0.06131465282942,NA,-0.104007833156227
390,-0.0378661845738706,-0.104457240383405,0.00381217262485069,-0.0545149642530964,-0.0112042707429464,0.0528647416100895,NA,0.0391333553693942
391,-0.0754306883885489,-0.0737315043311679,-0.0372125036057281,-0.0321575466052419,-0.0199218361187779,-0.0288628548295213,NA,0.111373894364267
392,-0.00156845876211126,-0.0564064743862284,-0.0725568335473763,-0.0590475688085181,-0.000423967744550523,0.0667599916817341,NA,0.201667836371095
393,-0.0204288237328908,-0.107249823924968,-0.0555912242760459,0.0359748686992374,-0.0449751436996676,0.0330046571734549,NA,0.0184790156616659
394,0.00715953494084878,-0.0574857293607114,-0.109301384721063,-0.0184904306247444,-0.018179802964965,0.0337491908124864,NA,-0.00398114482420103
395,-0.00091666690941658,-0.0961115664984448,-0.0271943124909081,-0.112225143828356,0.00882031577569142,0.0131756086580609,NA,0.00924927882314847
396,-0.00582249142201124,-0.0937065489137308,-0.00321261763957566,-0.0201029880454731,-0.00175020811603484,0.0486160686316368,NA,-0.0777109752563251
397,0.0196571472955106,-0.0928396738497044,-0.0598714327381095,-0.0175017470089218,-0.0159865668774971,0.084810759007436,NA,0.0542052760549368
398,-0.0302688513941069,-0.0790249694987117,-0.061100026659853,0.0119091623636687,-0.016748210870841,0.067171132085364,NA,0.130157787294955
399,-0.00279740917170831,-0.0993167140896263,-0.0426470791407551,-0.0317476561083425,-0.0314189674368403,-0.0254853904789957,NA,0.125782074830877
400,-0.0460121069113993,-0.0873335163708816,-0.0060707071759739,-0.05193468409266,0.0130350464823749,0.0226164311534972,NA,0.100632601193868
401,-0.0432449022712037,-0.0863983123697251,-0.0365774318419025,-0.0843014714974842,-0.0116157991371954,0.0096675811784131,NA,0.163548629520435
402,-0.0293760248266448,-0.0893295643952127,0.012954780238263,-0.0353531495263277,0.00903008640608193,0.0270595540209092,NA,0.106132606280176
403,-0.0218822730776278,0.0138308168840121,-0.0421592924685269,-0.00836740926997886,-0.00406478554932409,-0.011759239936179,NA,0.0449528351997342
404,-0.040934872511344,-0.118723757278986,0.0182565903841392,-0.104630498937302,-0.0061548139218999,0.0498722488640168,NA,-0.029090530045534
405,0.0227392301567589,-0.0453598698877302,-0.0214413446579,-0.0544584817140822,-0.00168784924491771,-0.0159656821172757,NA,0.0658097295745937
406,-0.0483508421267142,-0.0667935425074564,-0.0235081752831173,-0.0752285962134752,-0.0109546279511611,-0.0310987291379886,NA,0.0898804899347898
407,-0.0218255092466338,-0.13629133883199,-0.00541802050313206,-0.0337556930252221,-0.00908576106052995,0.0258317616160204,NA,-0.076158002153282
408,-0.0666645949190481,-0.0797842405965913,-0.00447746938307456,-0.0821299023901365,-0.0331102435146746,0.0701596224455513,NA,0.0263011512878887
409,-0.0449619627156799,-0.0571330468496195,-0.023825511200638,-0.0514404719096881,-0.0142547264972275,0.0527204407478761,NA,-0.0463005312101537
410,-0.114169094985433,-0.0707311897926136,-0.0475595787536264,-0.11841242790493,-0.0165676577717447,-0.00107825224527558,NA,-0.00344893717894146
411,-0.0338819775916409,-0.121495282046836,-0.0367867304421415,-0.0113827789559439,-0.0409455393503556,-0.0246835271649602,NA,0.057518976969659
412,-0.0162272501971698,-0.098496540697269,-0.0701809667206322,-0.0657879860682986,-0.0150181441580145,-0.000729779556770782,NA,0.0533038121696623
413,-0.0174837560014475,-0.0746002910804446,-0.00711724605277415,-0.0180587369671144,-0.00794675411626759,-0.0782574785816184,NA,0.0307375201572779
414,-0.0178767268020917,-0.100124710249857,-0.0218780902485871,0.0072034180462292,-0.00865253117477401,0.014488148117901,NA,0.0616021698524804
415,-0.0576221390061171,-0.0510615508520935,-0.0396345294954777,-0.0892464020671332,0.0044740210818385,-0.0178296823218791,NA,0.0533349558224299
416,-0.0327770572904124,-0.0776090329992577,-0.0286099550689844,-0.0851054785885904,-0.0097465678449599,-0.0459489501007936,NA,0.0535986643679471
417,-0.046425509663413,-0.0722580608668152,-0.0328700544361699,-0.0748300269054906,-0.0221973231624867,0.0779277991803624,NA,0.0123215538736384
418,-0.0188136766957028,-0.0556905706935512,-0.00496894634800182,-0.127773750284299,-0.0179028712988668,-0.0508792453273881,NA,0.0616702445105646
419,-0.0497208737433473,-0.0738069662767863,-0.025793398427796,-0.0351550341581054,0.00305436887697341,0.0176502480877161,NA,-0.0255735152786886
420,-0.00509662015515923,-0.0656854092344465,-0.00624192112558196,-0.0879637856098785,-0.025525531216116,-0.0180472721481045,NA,-0.0720649177286417
421,-0.0281792040905516,-0.137987855997449,0.00874278216620199,0.0224413644441886,-0.00678227861282406,-0.0101772027375061,NA,0.0573904355476804
422,-0.0461687044455973,-0.108480028668089,-0.00299915768526446,-0.00247343642227255,-0.0189584994114703,0.00967242851017228,NA,0.0136024005458292
423,0.00787011283247296,-0.116832192066139,-0.048508523422508,-0.0480451303705513,-0.0277325458570372,-0.0281634291784383,NA,0.0978933170098746
424,-0.0464284331677988,-0.0979776693356323,-0.0446958829896868,-0.0352245125969684,-0.00722942169987679,-0.00579658102896774,NA,0.0530976625013752
425,-0.00279125381581222,-0.104277113423326,-0.0375660541118894,-0.0163303434008771,-0.00140653422319881,0.0104831824728987,NA,0.0477018987496768
426,-0.0126367082990157,-0.128069102205921,-0.0293871695289509,-0.0302778105485763,-0.0144480414326483,0.0366851754508527,NA,0.0403073945780386
427,-0.0402016977263551,-0.107318292912851,-0.0641236149902178,-0.0589255066694285,-0.00258538648848957,-0.0631645708645767,NA,0.0543084667352191
428,-0.0532805873296318,-0.0494227133090128,-0.050210188810902,-0.0405241915785,-0.00738987435164186,0.0476681024083104,NA,0.148642359898306
429,0.0272938552622815,-0.0824399268121495,-0.026211613763186,-0.00227107522340833,-0.00615922410069085,-0.0261722923405016,NA,0.0558532508638861
430,-0.0821639096414482,-0.0445654914924621,-0.0288562876772089,-0.0278879968944843,0.00728445317775795,0.0119637287831622,NA,0.123254121573445
431,-0.0346445738105074,-0.0961193137634817,-0.0385337935882535,0.0269966644163604,-0.0400257831521865,-0.0877139414679235,NA,0.101536421739556
432,-0.0453462814353552,-0.125085477048641,-0.0234194127427039,-0.0190953398493953,-0.0189471156419049,0.0138453732694871,NA,0.0487090947981636
433,-0.0146022611882245,-0.0988772195644199,-0.0382948615379918,0.0145868310176946,-0.0147280458873976,0.000825769733133835,NA,-0.00119188609527099
434,-0.0318127499243131,-0.0388692069402411,-0.0246021497078484,-0.0540195648291008,0.00945157079279825,-0.0376997165414416,NA,0.061247671115949
435,-0.0532814740836949,-0.118632671458858,-0.0161679493677979,-0.043230128936935,-0.0255453176671248,0.000857273237631295,NA,-0.00367964784846336
436,-0.0828514713074099,-0.0619787117240503,-0.00523794446334858,-0.0847557745489594,-0.0338228656920686,0.00784788264721487,NA,0.109801222586994
437,-0.0297886312805277,-0.0573201302327109,-0.0485466496748627,-0.0723320371852754,-0.0130530932779242,-0.0131403281327175,NA,0.0316354563135377
438,0.0334874207310047,-0.105858854717861,-0.0593725066572091,-0.0705692637310659,-0.0178136794267384,-0.0168022459260395,NA,-0.0110117007212085
439,-0.0610449997211543,-0.106422201534894,0.0150044400777658,-0.0871518372984199,0.0120512534276687,0.001872852555551,NA,0.144809661303265
440,-0.0563858194683882,-0.0828097967794617,-0.0149638238432894,-0.109563725718971,-0.0455320706565072,0.0365626857427706,NA,0.022923592279304
441,-0.0247315858425616,-0.109860421664777,-0.0633186412486242,0.0164643174412482,-0.0257141904979422,-0.0090102624021362,NA,0.0157607516270857
442,-0.078388203666261,-0.115524614447856,-0.0504750625559475,-0.104971185621774,-0.03937469679325,0.0250545524855202,NA,-0.078669122423149
443,-0.00874112007291111,-0.102521694273786,-0.0132112410013217,-0.021152714278012,0.00335950454072589,0.0082689254104511,NA,0.0176436359712421
444,-0.0321904221837667,-0.0832367274521909,0.00972475264481323,-0.00416707681989237,-0.0301901940024093,-0.0185467577084448,NA,-0.0194704983107767
445,-0.026922541227524,-0.0783288397530451,-0.0239170832778009,-0.057704881960557,-0.00129101328859977,0.00603777028429539,NA,0.115176549373326
446,-0.00830123501182065,-0.0501951208598364,-0.0398574330189318,-0.0140654819038634,-0.00440507788156078,0.0483946488790711,NA,-0.0307199120487142
447,-0.102801663985877,-0.107973583067484,0.00516129009866544,-0.159086409927246,0.00440853138957857,0.0486325471070091,NA,0.0634145813437323
448,-0.0439927328899778,-0.112934404225994,-0.00987046325077061,-0.0309428005798529,-0.0137497500622387,-0.0461828373317916,NA,0.0198142646059917
449,0.0134052195422031,-0.0111983723362047,-0.0320709464951405,0.00564630917635858,-0.030669947120673,0.00984743503855584,NA,0.0679351042575891
450,-0.00734647598734586,-0.0480181575275758,-0.0176740219036277,0.0217130146481033,-0.0197964667638717,0.038156846411787,NA,0.0153803495247986
451,-0.0596959889659404,-0.111932526888281,-0.0446529095501857,-0.0143406495934034,-0.033937777259984,0.022619016919427,NA,0.0651331234803664
452,-0.0446181659531441,-0.067942048041935,-0.0584379670805876,-0.00559174566142329,-0.0159768688326999,0.0403517150348114,NA,-0.0777643467012258
453,-0.0506715218696284,-0.100216852703665,-0.0367298204604315,0.01945253755752,-0.00722108056044363,-0.0125522811136641,NA,0.0980672585293629
454,-0.00915885146763479,-0.0641718573524024,-0.00575661249417608,-0.0613344757607855,-0.0167072502074716,-0.0168317389462896,NA,-0.079540297724764
455,-0.0059877084323969,-0.0729870989039144,0.00286194368255037,-0.063231774616612,-0.00643119520102078,0.0180992066614881,NA,0.0620808164184917
456,-0.0320154549510259,-0.0678100087231057,-0.0145421288162221,-0.0167247460842236,-0.0217513784108644,0.0455943450361397,NA,0.18179681967923
457,-0.0631325266984072,-0.124947728964193,-0.00975647074752896,-0.0805524778147608,0.0157086742732093,0.0193780081592014,NA,0.0689227660136442
458,-0.0201985274106252,-0.0696141989688083,-0.0353025824384878,-0.00281103725016169,-0.0466501186664114,0.00431144163906799,NA,0.00352266575609511
459,-0.00804740008758142,-0.117539645727305,-0.0616125790172495,-0.0452473114757214,-0.00444070713260876,-0.0242779792015511,NA,-0.0463305107775644
460,0.00661858271117208,-0.0671535370295144,-0.0564488160295385,-0.0854247673471634,-0.0233867005685832,-0.00956400212866174,NA,0.176539511869228
461,-0.0203280293872259,-0.0618901809798059,-0.0175413999656234,-0.0419464772032446,-0.0110484358310208,0.0376138801468084,NA,-0.0168447579195623
462,-0.0124714256863264,-0.0459652699434687,-0.0293397578208868,-0.0815542342577004,-0.0166675680970133,0.0417549962550512,NA,0.0926548351537509
463,-0.045363023669508,0.0157430001342549,-0.0114567947773903,0.0532500108768232,-0.00419882725778085,-0.0139629424322043,NA,0.0420377518697713
464,-0.0833888476460567,-0.0543889962628029,-0.0160390076879843,-0.0243056348249039,-0.0319520133479787,0.0281546341249709,NA,0.0886389419347564
465,0.0238119506737487,-0.108697729625653,-0.0221702624137894,-0.0167194558536302,-0.000495304762822363,-0.00379514534308634,NA,0.075539273294052
466,-0.0666911294929957,-0.0813080052401151,-0.0128932629416443,-0.0480593030138798,-0.00437890985116151,0.0192880588349497,NA,-0.00588003516501917
467,-0.0476334415289004,-0.0634829697217939,-0.0122375200975766,0.0322951517553801,-0.0309138344385378,0.0862965765101734,NA,-0.0740661543398382
468,-0.0443177682929912,-0.0886940819504558,-0.0370688573740495,-0.05288767549908,-0.0135578002704978,0.0410959026068502,NA,-0.0234242350300481
469,-0.014781547902834,-0.122621440120028,0.00201247333328487,-0.0419808312610825,-0.0440324688726957,0.0493137198579749,NA,-0.00793009264356104
470,-0.0668103241171749,-0.0580846274294334,-0.0373678592426942,-0.108896176510372,-0.0246318494649665,-0.01191955222776,NA,0.0550926991469426
471,-0.0620708132364059,-0.0725790001913298,-0.0318686116603466,0.00662243899145265,-0.00104544778424723,0.00316507049680934,NA,-0.0250030153843389
472,-0.0292940770675041,-0.0567558854294922,0.0433205996599118,-0.0257642745164255,-0.00133671957673727,-0.00746910042553534,NA,0.0719234563125949
473,-0.0575015079480093,-0.136151886143727,-0.00960535545054662,-0.0101111233457401,-0.0167539678378744,0.015806358152234,NA,0.00668075238219057
474,0.00214838471643189,-0.0717153065131184,-0.0120565400033011,-0.0602789423309606,-0.0129466989372051,0.0267261947239579,NA,-0.0337221563883637
475,-0.0584981627958552,-0.0780881927017882,-0.00889163576669862,-0.0623095125397149,0.0208769073132516,0.0167261901830653,NA,-0.0238243878716797
476,-0.000517844766819042,-0.138982347762521,-0.0728389811250731,0.00418996346274672,-0.00407186790900905,0.083119385042554,NA,0.00235589804299147
477,-0.0719395748470043,-0.112642592679667,0.0048528173459747,0.00169109643520921,-0.0196521925607199,0.0354617255447818,NA,-0.013118543213625
478,-0.0534763909679776,-0.105472350539359,-0.0702551257820135,-0.0418809722380494,0.00641344012368576,-0.00310261235656931,NA,0.0665758180973202
479,0.0181979476135273,-0.122903949239507,-0.0753416121984797,-0.00678914589168769,-0.00581380613430951,0.0210447739110179,NA,-0.102603163378247
480,-0.00781664088856363,-0.0463533829904573,-0.0669394934399756,-0.0171720952268751,-0.0194894148244364,0.0417632926839164,NA,-0.00704523209363284
481,-0.0640498079308583,-0.0372717396121592,-0.040653970747473,-0.0475354619849372,-0.00895398214010368,0.00320222669765763,NA,-0.0627641840632117
482,-0.0447432638487856,-0.0676602961296976,-0.0332633240443253,-0.0552850191775958,-0.0174068811714972,-0.033139014110465,NA,0.0647577680011317
483,-0.0397922897592182,-0.0729117977629489,-0.0150575122779571,-0.0617455840607133,0.00472445506769518,0.0146963710326985,NA,-0.057222944943029
484,-0.0363256942323105,-0.131316270853703,-0.0399162202437873,-0.0362241301185384,0.00211092234186037,0.0156487606233852,NA,0.0887606371480866
485,-0.0376385340340399,-0.0631241934492541,-0.0347406851872301,0.0129668688053861,-0.0121998703565372,0.0504484101433213,NA,0.124401428622011
486,-0.019382566944728,-0.134124853932684,-0.0101150719711776,-0.0886178201250767,0.013090368311654,0.0538969428306187,NA,0.0420704334743507
487,-0.0810149289040563,-0.11979843286839,0.0209338825104772,-0.126632153618243,-0.0287117691520105,0.0202113253004288,NA,0.125054413418782
488,-0.00484719830943564,-0.0883916475563991,-0.00758769515378342,-0.0458324328057723,-0.0289048138187804,0.0280047655756153,NA,-0.0236087314282025
489,-0.0336894906059901,-0.0883043008026987,0.0121906691961024,0.0178274205757031,-0.0289487246006873,-0.0603578297692349,NA,0.0191510755487604
490,-0.0179510020869177,-0.0739757744694187,-0.00687114885457323,-0.0524981917664764,-0.0135346033118968,-0.0310423578625804,NA,-0.00797534835030561
491,-0.0687133819559988,-0.130308762955262,-0.0292407803355297,-0.0146796282236326,-0.0175163930766322,0.0550746617234943,NA,0.121989556495304
492,-0.0461017185024956,-0.0470116566365719,-0.00215378720079011,-0.063191343542441,-0.0156713247551355,-0.00927544702361352,NA,-0.0229571560583766
493,-0.0307938161538164,-0.071905098111159,-0.0767606387865474,-0.0471713105289199,-0.0144848326529836,0.0437949854724183,NA,0.0984724058181287
494,0.0105145386670284,-0.0972372994027982,-0.0044467544680524,-0.0295924834935897,-0.0114431289755844,-0.028866436027792,NA,0.0453272946186908
495,-0.0626521473174039,-0.0864647771058957,-0.01652790068413,-0.00670683888961854,-0.00611340689700674,0.0154472652606981,NA,-0.0301636096785923
496,-0.000270689987999118,-0.120167542137283,-0.0223836543934281,-0.0710008343353197,-0.0192260031852832,-0.0755597095865745,NA,-0.0258613341909577
497,-0.0450886888216268,-0.0485958714725742,0.0124290997202543,-0.0395001826634397,-0.0187063295018631,0.0308384101113518,NA,-0.0279513889433138
498,-0.072284103008822,-0.146593538348094,-0.00798660087804974,-0.0804771433337596,-0.0142094641272372,0.0379015476848405,NA,0.0747171457981892
499,0.00749782245558045,-0.0919586395840479,-0.0413841719176612,-0.0574663905692463,-0.0100877360266146,0.020870093158657,NA,0.000653080181799381
500,-0.0491141013238581,-0.13708471106725,0.00403317923971412,-0.0038246784926021,-0.00908898085481168,-0.00856603389548077,NA,0.0446995191104269
501,-0.0557302431461501,-0.0787645809327959,0.00347246741319943,0.044688078462338,-0.0268352989213448,0.0652733950712461,NA,0.0832642216951103
502,-0.105328790275405,-0.0915177020586735,-0.00408029828682679,0.00686094897666861,-0.0120505326267862,0.00570971442983959,NA,0.052493043652304
503,-0.0571851803303597,-0.102962229581458,-0.0177500558566811,-0.0193311268115608,-0.0157849062152386,-0.0175256016706841,NA,0.0783244732470699
504,-0.0703736246259402,-0.0107206303031868,-0.026054925986075,-0.0807930930711321,-0.0230392902945492,0.0422457345746771,NA,0.127734245244021
505,-0.042687113294521,-0.0477423248221032,-0.0178056159193066,-0.0425871946927214,-0.0199621917636157,0.00125436629229275,NA,-0.131300880015835
506,-0.0102539700309685,-0.0851275247024121,-0.0369795944898378,-0.052856476561861,-0.016951776651708,-0.0238092597251697,NA,-0.00737987341136326
507,0.0362129059855141,-0.096827279927272,-0.0367568877040608,0.00845370952757107,-0.00210829612013781,0.0653436309251138,NA,0.0876088539531453
508,0.0114413081060782,-0.078583869524284,-0.0397381821263876,0.0111961985871443,-0.0141520089827378,0.032504388689602,NA,0.0256003278793356
509,0.0245567217531544,-0.0625509600555696,0.00487140489494194,-0.0574190408946299,-0.0173663645186712,-0.00407151028014927,NA,-0.00289331366660356
510,-0.055086044880942,-0.051757128937198,-0.0309453733879808,-0.0654774444503827,0.0282953421010664,0.0124371792417135,NA,-0.00612699456983756
511,-0.0675187642517306,-0.0580243672270608,-0.0552809209416071,-0.0257910067619232,-0.037670186400043,0.0170444083505399,NA,0.049431762311945
512,-0.0191794328747885,-0.0894758165162326,-0.01303765348741,-0.0166603681599009,0.00880656752766881,-0.0252702789709143,NA,0.0532276370833399
513,-0.0413425092064315,-0.0619445207398707,-0.0323021608600927,-0.0360551101932791,-0.0313693324279796,0.017924626324163,NA,-0.0393728012615291
514,-0.0480620921696435,-0.0864515769342191,-0.00501290495243376,-0.0618507706754881,-0.0246311072560991,0.0162103697359807,NA,0.0774740085179816
515,-0.0306644065860027,-0.0756949163594242,-0.0194213262756007,-0.0864399930884422,-0.0237017360297075,0.0593385331885636,NA,0.0237462623120016
516,-0.106966817558189,-0.0460361308426481,0.0078270177720637,-0.0459686019935855,-0.020500920815831,0.0310067829299184,NA,0.061373368758537
517,-0.00291752765447015,-0.0885653715806801,-0.05608999830821,-0.0676493000861765,-0.0251525289317699,0.00818062317940257,NA,0.102588689847436
518,-0.0311110323517962,-0.0564213333359224,0.00167935191303648,-0.000180851941493199,-0.00936515719103647,0.0252146801847596,NA,0.116626368048465
519,-0.0647065952793526,-0.108932190464627,-0.0227197780247871,0.057916803606982,-0.0287374877464835,-0.0174024161877444,NA,0.108233725438724
520,0.0224505161055533,-0.0948797535468314,0.0147878797057971,-0.0221115768788591,-0.00812747420728505,0.0381284306911568,NA,0.00793114494150499
521,-0.0140485703304237,-0.019328320832079,-0.0496816155725401,-0.00283894526312933,0.0195808012195353,0.0315600864420955,NA,0.0123494799673895
522,-0.0358190890850107,-0.0657503098954442,0.0238310488202392,0.00313381932312395,-0.00783889782565418,-0.0157943974401153,NA,0.0805784450158776
523,-0.0560618972570803,-0.0643198342522534,-0.0181526846699137,-0.0787801667610631,-0.00461091882319481,-0.00857795833100189,NA,-0.00861071378648587
524,0.0300106462980941,-0.131284455330739,-0.0544172512703959,-0.106727466854335,-0.00152163298327316,0.0323695481127594,NA,-0.0687020846545937
525,-0.0099323491303413,-0.0927293187532013,-0.0270548792358495,-0.0942043355517807,-0.00932466421026207,0.0409255442022815,NA,0.123410504672744
526,-0.0623729949563745,-0.121988526770665,-0.0451230274450524,-0.0570089992500318,-0.0322730412677153,0.0730344117871138,NA,0.142686448490267
527,-0.0212108649435006,-0.0693164086929307,-0.0325405061789892,-0.0668400376347006,-0.028660326195752,-0.0189511212084513,NA,0.0877631911940418
528,-0.018453283512065,-0.0249877219326768,-0.0243487429934567,-0.045632480667427,-0.0272777768389361,-0.0363105449661385,NA,-0.00998585048231715
529,0.0134788776372851,-0.0967853654166222,-0.00754694218553115,-0.0298610645194808,0.00129938301499522,0.00624040306504858,NA,0.0426875281169038
530,-0.0414296356527049,-0.1105279874962,0.0200877066433754,-0.0777085786995204,0.00469983301507736,-0.0285622249313079,NA,0.05144573360104
531,-0.0897038421800126,-0.120700889109361,0.0566334787059305,-0.0252855114268596,-0.0191743162135293,0.0402821408529674,NA,0.0210268549576124
532,-0.0363078936142218,-0.0653359048705452,-0.0101645329971482,0.0131402947164287,-0.0243633630427902,0.0370287976738004,NA,0.034225671638925
533,-0.0177281259888849,-0.0551221088377744,-0.0373190724126456,-0.0135705019278055,-0.000203035418633681,0.0116815782896336,NA,0.0378593121832824
534,-0.0659625053656498,-0.158254521025512,0.00887972973738707,-0.0473179733675689,-0.00960957803939317,0.0400847323378451,NA,0.136271278755493
535,0.0108881458361109,-0.112441704472723,-0.0471178937444047,-0.0141789629813805,-0.0109327356088331,-0.0183128186813107,NA,0.00136530583585326
536,-0.0349740739774745,-0.0698116698357265,-0.013723598322952,-0.167779600951433,-0.0146717942654821,-0.0208097845909803,NA,0.070090325581954
537,-0.04206702728585,-0.105368636377462,-0.00276422277178889,0.0197536198567986,-0.0340364593057534,0.0486122599661496,NA,-0.0357383338483071
538,-0.0194126354866641,-0.0803265867300214,9.93106183076742e-05,-0.0062053474287771,-0.0263534882270874,-0.0249132076815292,NA,0.00293238847552152
539,-0.0324793334756807,-0.0906294139475273,-0.0274401858262324,-0.0582626857930859,-0.0213338248592189,0.0291627863516528,NA,0.0314704914969257
540,-0.0265994194567754,-0.125487605334106,-0.0436876184453423,-0.0252740627037884,-0.029124834903398,-0.0435806300862532,NA,-0.0533452221285389
541,-0.0769882610253111,-0.0797159077037253,0.00523513912162096,-0.116838914998904,-0.0358984313194619,0.00423067876967009,NA,0.0411469680491858
542,-0.0267613497724176,-0.0385330232326606,-0.0297671255846426,0.00152863891925847,-0.0263008783563457,0.0293115526548989,NA,0.0675085129547516
543,-0.0404235836199427,-0.0480303485865555,-0.0472582904213396,-0.00230313906401375,-0.0197789791077799,0.0163075730077114,NA,0.0366990727087782
544,-0.0600729658241472,-0.0753257468625614,-0.0121257912666059,-0.0302935870386813,-0.024610548810532,0.0209172201550007,NA,0.0235259444301008
545,-0.0421353664265591,-0.0824086233756421,-0.0146394065661553,0.0278613253984238,-0.00346815955288052,0.0179872329478766,NA,0.0842800313811673
546,-0.0695910262146411,-0.102579367369435,0.00630740304293652,-0.0290150415510387,-0.00407124447766203,-0.00762267841318777,NA,0.0429860002836397
547,-0.027459199487009,-0.0579166815854967,-0.0244234409343903,-0.054481938039855,-0.0158763711682144,0.0280925117144585,NA,-0.00730341759019493
548,-0.0717048423987045,-0.0625186730941761,-0.00419065354248102,-0.0933139994958092,-0.0167426115238124,0.00355441136994622,NA,0.0529979065891643
549,-0.034220645001485,-0.0760254764266919,-0.0555552970760906,-0.0229307702439055,-0.0321968862126827,-0.0511039501043723,NA,0.0506764579899915
550,-0.0207132040208639,-0.108026544171076,-0.0336111378196934,0.0207877457071474,-0.00625249305705459,0.0462088703344975,NA,0.0768772336166898
551,-0.00947252789026409,-0.110302414608664,-0.0531216924805944,-0.0360895247201013,-0.0268072747411194,-0.0317634147623911,NA,0.0403749158494134
552,-0.0468805981161906,-0.0645246153661361,-0.00802148457826275,0.00342640938001071,-0.0112998636783433,0.0228808536209195,NA,0.0545107741701427
553,0.00824104361671107,-0.0895851812454121,-0.0335727813791759,-0.0966531703495374,-0.0342337776038614,0.0264370919080563,NA,-0.108531423838409
554,-0.00530184899945627,-0.0744209415862627,-0.0470620279271014,-0.0762793222464799,-0.036808866233465,0.0304087620001474,NA,0.0408142465866327
555,-0.0455146182454078,-0.101365698194665,-0.0244894882038011,-0.0302299356257614,-0.0153163917597315,0.0717897591624781,NA,0.0990946085199386
556,-0.0315576893369755,-0.0642858204817669,-0.0342010691030376,-0.033911980989294,-0.0033524323651999,0.0259860876502176,NA,0.000106310537232257
557,-0.0420256873124258,-0.0853604825417488,0.00402006365656003,-0.0240242935725367,-0.0469460502656318,0.0336868720433338,NA,0.143258978126124
558,-0.0584379454836215,-0.13234106538103,-0.0407756506435296,-0.0341988821691577,-0.00408549909677196,-0.0142576585924545,NA,0.0196120135256901
559,-0.0161736609778885,-0.126613344514744,-0.0598682951314275,-0.114745395280178,0.002895710118129,-0.00387811699441734,NA,-0.0646383749469524
560,-0.0515742983324023,-0.0930308376953327,-0.0190265689781192,-0.0565129501987302,-0.00515574249140927,-0.0308539594660865,NA,0.0159829531969548
561,-0.0749029759436103,-0.0525506094383805,-0.00314928037453105,-0.0089747548692467,0.00680844514151877,-0.0121484295350985,NA,0.0663309613385038
562,-0.0544262090763101,-0.0948083362619287,-0.0402242001121065,-0.0179534839231996,-0.0109256772908449,0.0271481725039563,NA,0.0329102852593987
563,-0.0759869810435399,-0.0826826430921306,-0.0289667265003148,-0.0785452675040863,-0.005743208307797,-0.0190761051687021,NA,0.110585361954891
564,-0.0936929737358199,-0.0938600358329764,-0.0114261677588996,-0.0234077883351774,-0.00389481866469073,-0.0208731237654212,NA,0.0115733650717146
565,-0.0519474776486349,-0.0930697984064258,0.0191178313929114,0.0554783125947686,-0.0390021391385155,0.0442578460371104,NA,0.116825814720288
566,-0.0641207904796851,-0.0718276531741841,-0.0603775515471684,0.00209860910610804,-0.00741248415864095,0.000486110203940238,NA,-0.00523172836743951
567,-0.0362159203188999,-0.092907177178705,-0.0554855100526412,-0.00745422601313972,-0.00982704679823402,-0.0134239928919932,NA,0.167449234505717
568,-0.0307102799992992,-0.123004277506345,-0.0331621688854544,-0.0148560914904477,-0.0120455970784638,0.0132784704072337,NA,-9.6214240780601e-05
569,-0.0480709775796354,-0.0699977860071891,-0.0656019486483998,-0.0112643211588676,-0.00822044037540574,0.0320132671930252,NA,0.00975874396042059
570,-0.0346288417898989,-0.0768975552779794,0.00743375656167705,-0.07629526917597,-0.0130471791640332,-0.0409419610040642,NA,-0.0609110942893906
571,-0.0212112270224488,-0.0875996101890515,0.00554413502805531,-0.0115882560957823,0.00716173952047162,0.0045277506620959,NA,-0.00719061434760987
572,-0.0561942067893961,-0.0364874913889867,0.00778594335603926,-0.0106831330242237,-0.00485180811263716,0.00538772913661201,NA,0.144957888626494
573,-0.0428227681737215,-0.11027631289614,-0.0715141723667052,-0.0292145254546248,0.0271726459448688,0.0614720205544717,NA,0.0592932013741872
574,-0.0066772002549766,-0.0994901591542904,-0.032965209477821,-0.0288848290489697,-0.00210655037666643,-0.0233011466908968,NA,0.0300500954220393
575,-0.0293116364945455,-0.0880628282201451,-0.025980824994792,0.00469201629430965,0.0068567111969955,-0.050951257067185,NA,0.127583606230564
576,-0.00619314379914435,-0.0454214438189735,-0.0116721844704567,-0.0591594565091755,0.010385049127619,-0.0371142732614823,NA,0.0596324446123566
577,0.0209241521326665,-0.0761977620732929,-0.0171482094475735,-0.00392416709403814,-0.0330017433254417,0.0528365108232067,NA,0.0700534538370181
578,-0.0298484430282349,-0.0886657779862826,-0.0187834708923162,-0.112477370657504,-0.00617726991600576,0.0752740230225665,NA,0.158053053708035
579,0.0534086192488693,-0.103616759402061,-0.0488797285450957,0.00687911494737586,0.0275652461791908,-0.0523128606618497,NA,-0.0624992194729998
580,0.0193616060336404,-0.138469654995373,-0.0405825981061989,0.0275012731292474,-0.0194358723257214,0.0419435774848128,NA,0.079244250781552
581,-0.0076623819309605,-0.103500535378177,-0.0836778274276168,-0.0212804822034915,-0.0147604998445871,-0.0304961490002286,NA,0.0356225370441077
582,-0.0414142787484323,-0.0935195854506766,-0.00303195016432301,-0.104434874979305,-0.0142632559406953,0.0477542722631823,NA,0.0768325718289973
583,-0.0126389801654942,-0.133672859979335,-0.0244898079684058,-0.0611719848152974,-0.00436255962538305,0.0536494078367322,NA,0.0157373967910232
584,-0.0599611878041786,-0.049860832615602,-0.0292326707161066,-0.010795893199343,-0.00664307640279055,0.0136038703460503,NA,-0.0109681154818263
585,-0.0629224980813449,-0.121531192289125,-0.00327836235729816,-0.0429877161662425,-0.00319677854911646,0.00974527611342155,NA,0.0792618138195291
586,0.0132369425799818,-0.0726838679905216,-0.0089366521658604,-0.02713182785792,-0.0115231220141823,-0.0466151505532417,NA,0.0439692252392583
587,-0.00988744179639132,-0.0182295152999021,0.00650866602721911,-0.0587071064287524,0.00882291591747463,-0.0421496853941389,NA,-0.063079274179676
588,-0.0796414343846528,-0.0522328383537152,-0.00239988558458795,-0.0273431699697644,-0.0208230612911933,0.00860582717930963,NA,-0.0691644612081229
589,-0.081824427314719,-0.0837367889337731,-0.00997074937739401,-0.0849897980732304,-0.0205338755266423,0.060184192471288,NA,0.0537089833486357
590,-0.0178141881693935,-0.112187543724916,-0.00729402474358942,-0.0404604776738732,0.00207118796402662,0.0538211845146276,NA,0.109110486772656
591,-0.0715710352645991,-0.0664898106211838,0.0203735058192421,-0.0371482477137658,-0.0108076108244755,0.00676008045760673,NA,-0.0335580890407505
592,-0.045930659310099,-0.101270505610066,-0.0277514501822316,-0.0109600324574314,-0.0264830716196508,-0.029545000653237,NA,-0.00240557329125501
593,-0.0078985349510627,-0.0835996062474245,-0.00640135376206168,-0.0888614968078518,-0.0196452070890278,0.0332606167576966,NA,-0.0693446943527494
594,-0.0652496438082259,-0.0617233403069928,-0.0362627374782597,-0.0446878075164902,0.000636904633072262,0.0188977405715481,NA,0.0729298418281157
595,-0.0323348212573011,-0.0333491546443419,-0.00787621498386247,-0.079873968006087,-0.00566679760306445,-0.0379400504891065,NA,-0.0273500146697288
596,-0.043195408137945,-0.0536500100941203,-0.036693410317705,-0.0373243817258876,0.00653442278234321,0.0449954273789236,NA,0.00465224533363001
597,-0.0900543369448679,-0.0400036732218313,-0.0309299450422408,-0.0319155155334526,0.00321093540538624,0.0560310240685751,NA,0.0308063086442585
598,-0.0797845439546477,-0.107457063462296,-0.0386253355119598,0.00148712738792645,0.00198583590760859,0.0526526984075948,NA,0.0769757453590958
599,-0.0215807378361294,-0.0936345360852979,-0.0315126377838802,-0.0641405095356791,-0.00231639274614785,0.00360877805040125,NA,0.0598133957924138
600,-0.0399501151793728,-0.0475579532863609,-0.0462631863008787,-0.0288763444244068,-0.00991058707012726,0.00936093901228735,NA,0.0138957171327482
601,0.0132816703967,-0.0271620136633706,-0.0540037694962466,-0.0622504426246642,-0.0344560486124105,0.0420845036978456,NA,-0.0788666994782881
602,-0.0233461789418001,-0.0640645985008951,-0.0585983503419839,-0.0839697172317461,-0.0182296551063651,0.0281347622929235,NA,-0.019445778613995
603,0.00545592145178092,-0.0992920641145316,-0.0102457811928991,-0.0759699652329231,-0.0242528592827001,-0.00784037716124991,NA,0.0931163219155404
604,-0.0307633965425769,-0.0953988771618202,-0.0223086570765246,-0.0359922366477184,-0.0247723392247275,0.0293510850240405,NA,0.0193116025853878
605,-0.0584508644718604,-0.0764541918784371,-0.0231170726163046,-0.0434711705345545,-0.0105075568214918,0.0533433727753489,NA,0.120893049799917
606,-0.0170903424370494,-0.0780242533338804,-0.0895337026489239,-0.0229716008260061,-0.0219254936703504,0.0477584055658515,NA,-0.000971411414136258
607,-0.00322805544450003,-0.0940428214525258,-0.0151708823320928,-0.0519909933174821,-0.030629829450732,0.0141461397670235,NA,0.0738824439223758
608,-0.0488482268980049,-0.0806237829399398,-0.0554126111388736,0.00672884254603628,-0.00533739932332051,0.0570619220636483,NA,0.0234768124272424
609,0.0228573579948653,-0.0379233980277581,-0.00439169167872369,-0.039265375535486,-0.0177210731768027,0.0442091914967429,NA,0.0346504866795184
610,-0.0760740882472928,-0.0762948364329479,-0.00164863335719026,-0.042018944141554,-0.00399031054890103,-0.0335724592712356,NA,-0.00741904125339599
611,-0.0318216662068189,-0.053298291382818,-0.0125905554529484,-0.0800110890876446,-0.00770259696933843,0.0434815998361039,NA,0.0630077204120238
612,-0.0536784988603733,-0.0482868877052445,-0.0165859565058256,-0.0131835410222145,-0.00628580057893444,-0.00742527834084603,NA,0.0868295080657373
613,-0.079955617678387,-0.0758128792467028,-0.0524598130732442,-0.0948007219781551,-0.0146754916052046,0.0338441307931664,NA,0.116903234201836
614,-0.0185791446747324,-0.105962297428815,-0.0475805270178321,-0.0327298999762797,-0.0154834209242986,0.0401904196139395,NA,0.0213870171595045
615,0.00394310347693924,-0.084534379614409,-0.0301256243861595,0.025944519199197,-0.0206925529240832,-0.0115437245851953,NA,0.0617929620227469
616,-0.0569624539310823,-0.0768647480106335,-0.0266567908067911,-0.0531752320500553,-0.0252768971733339,0.00662806486382178,NA,0.0679565708292325
617,-0.0597813169856021,-0.0925959138856832,-0.0311326470947149,-0.0329381153825413,-0.0320356354800515,0.0279034398870419,NA,0.0252690587815821
618,-0.0428570327595657,-0.116205178304221,-0.0543963256892853,0.00617185369387932,-0.00597368758808508,0.0874734883163054,NA,-0.00745000558663483
619,-0.0583360788365141,-0.0375257687119208,-0.0706753427673911,-0.0333216951885391,8.80912084705171e-05,-0.0353550668224424,NA,-0.052450545482808
620,-0.00701559748623859,-0.0157187139132899,-0.0170950934289323,-0.0401987555633471,-0.0191868700565836,0.0632757384584899,NA,-0.0391819177679983
621,-0.0167248867020356,-0.147023260078636,-0.0360644443014947,-0.0402720259808625,-0.0312147904586658,0.0939995702594228,NA,0.0388322946219694
622,-0.0501546782770876,-0.0631890592964516,-0.0350083204783655,-0.0783108473695429,-0.0304678632386014,0.0115773598961764,NA,0.111882902471475
623,0.0089705451995552,-0.0767717721841317,-0.0191320599097147,-0.0490261993930509,0.0079231887455426,-0.0358644795171174,NA,0.108953283067163
624,-0.0698583713399544,-0.0922552608513995,-3.85453357040766e-05,-0.0207308314567568,-0.0166109333784699,-0.0400336858084238,NA,0.0117123212233178
625,-0.0138771659795401,-0.102672164534825,-0.022396772211666,-0.0443819796300551,-0.0319937173251164,-0.00209846521693846,NA,0.0266528366372026
626,-0.0365100219811155,-0.125249278299229,0.00133220687125224,-0.0320956874686423,-0.0108492403475901,-0.000710471118635397,NA,0.106635250083454
627,-0.0990146489592341,-0.0686509567659319,-0.0345486347958086,-0.034911434577291,-0.00589178506701452,0.0083972368597966,NA,-0.117775375855935
628,-0.0163629907744182,-0.0622535495809508,-0.0266875234982154,-0.0543453868307318,-0.0289190674421018,0.03733112884085,NA,0.127359144878978
629,-0.0306655876135804,-0.0958571715577834,0.00717516298390997,0.000162085784027294,-0.0151387742042661,-0.0149964803269947,NA,0.0482007977799576
630,-0.035790342500122,-0.0913384213416245,-0.0213986232065915,-0.0639013206369465,0.000495561320513843,0.0565656565995898,NA,0.0819504061994477
631,-0.022724196646958,-0.12945577885918,-0.02813618768117,-0.0317452236001166,-0.0116374906316845,-0.0131662325374473,NA,0.0412739735238471
632,-0.0305238959830509,-0.101020832552965,0.0163608015635273,-0.0992094592229509,-0.0188127523967035,0.095129500488304,NA,-0.0128398984123135
633,-0.0341686891056632,-0.063619258402889,-0.0123597869186977,-0.0182536654768122,-0.0143025181761666,0.0254267049325176,NA,0.110629965536929
634,-0.023990498324148,-0.128044988575556,-0.0376923197500542,-0.0835242527593522,-0.034836160865312,0.0460391039334567,NA,0.0833691074419425
635,0.000355389126839425,-0.0520474239967751,-0.0327113979326043,-0.00918274268772312,0.00414863502578772,0.0263127970072298,NA,-0.00996620093729345
636,-0.0925354458372397,-0.0870177436504787,0.00433673953503919,-0.0976980035887756,-0.00668249559232504,0.0264028065458642,NA,0.0264456083889311
637,-0.0652368470210642,-0.0204035137621493,-0.0112804405744432,-0.092233700600096,-0.0265140617906624,0.0864459508562254,NA,-0.0502422691856923
638,-0.0366508175338632,-0.0937047758444559,-0.00539966712915481,-0.0388694361265165,0.00623132336876609,0.0617154402119808,NA,0.00704521736933972
639,-0.0764572126304181,-0.0996955266049008,-0.0174047592430673,-0.0586590354213237,-0.00178473784211143,-0.0172045970038558,NA,0.0351512476658222
640,-0.0035176917153136,-0.0665761270460929,0.0208597475626765,-0.0539983495906222,-0.0105647175909433,0.0374428549977368,NA,0.0725705003248956
641,-0.0142608696025571,-0.0870141220903438,-0.0254632651797389,-0.0534136229120142,-0.0144268565695369,0.0118712452345002,NA,-0.0112334605077541
642,-0.0230271244431341,-0.0544644623883191,0.0181867488627431,0.0350118570607977,-0.01528089529958,-0.0192429912556835,NA,0.161161456300238
643,-0.0377977591063558,-0.074266982168084,-0.0268803485811708,0.013874626810442,-0.0253448034817631,-0.0134293613048083,NA,-0.0292892193067356
644,-0.0473266958028423,-0.0958647278248683,-0.0468078136380804,-0.0228251134215807,-0.0361734080719116,0.0512387977228625,NA,0.0449020406042889
645,-0.0307271937522004,-0.0624990078411856,-0.0458461756011291,0.0178609958603634,0.000486280495552834,-0.0101593135765221,NA,-0.00413650633266149
646,-0.0116951398012383,-0.0925557075996102,-0.0423725866242257,-0.0202346402981929,-0.00873526789408638,0.00492399528223372,NA,0.0761672684564281
647,0.0327419033928832,-0.104087924282796,-0.0141903433064821,-0.0770512887562134,-0.0113100944831594,0.0176288314043412,NA,0.0473758306297169
648,-0.0468927231325235,-0.104552046721431,-0.0569974569319689,-0.0647348361251557,0.00597826795309137,-0.052712309065014,NA,0.213448011435033
649,-0.0454923929947173,-0.136179439148729,-0.0148346625131723,-0.0355620030112342,0.0105710234533552,0.0672405882996543,NA,0.0425010561596043
650,-0.0771946118750302,-0.0751907313239081,-0.0355222642788105,-0.055008249227447,-0.00989541025161363,-0.0212876912524869,NA,0.160926242829354
651,-0.0129491292230369,-0.0728096022495336,-0.0371497487734738,-0.0209047222438094,0.00914618496804138,0.0390489342465308,NA,0.071135190810238
652,-0.0167652002135117,-0.0981092669511543,0.00505099031136198,-0.0692953072042463,-0.0149582126968293,0.0565362305380641,NA,0.0371560744461641
653,-0.0359572837169317,-0.0789751811839721,-0.0133287873581719,0.0024457874889417,-0.00134202636851905,0.0224371288495099,NA,0.0349357863547534
654,-0.0806443238663987,-0.0755179102780021,0.00281382444046815,-0.041291577922785,-0.0122627228824207,0.046204013996857,NA,0.0236844963015439
655,-0.0875007955197088,-0.042923738865387,-0.038329852910623,-0.0818727662452354,-0.00979745710792927,0.00707729536201088,NA,0.121013174390254
656,-0.0188798369994699,-0.0614614069254214,-0.0220506706434521,-0.125325085042198,-0.00619440180470731,-0.0301409354133012,NA,0.01854541940847
657,-0.0555441335906901,-0.0767147401141897,-0.0376513965168009,-0.0555454735889074,-0.0224131131096405,0.0353314905053855,NA,-0.116107503548659
658,-0.0064739803414762,-0.0528749399720184,0.00438222500063895,-0.0142532095506815,-0.0549478461278726,0.0208918328731799,NA,0.0289155064390519
659,-0.0192340690821171,-0.104059793340487,-0.0113731505712621,0.0335494546766816,-0.00766917907477814,0.0474353619252288,NA,-0.00187334913932202
660,-0.0981266775011677,-0.0976701236890185,-0.0340808883827228,-0.0923366365202846,-0.0103417559051282,-0.000253377862597937,NA,0.191469676376742
661,-0.0317652760439348,-0.0322878367808552,-0.0197550889437607,-0.0334182303712167,-0.0088547014084521,0.00325808316634765,NA,0.0331858177817365
662,-0.0323198019267837,-0.108733537311973,-0.0268328438424331,-0.0769183426097823,-0.0158249040651741,0.00315041066559438,NA,0.0480475636941147
663,-0.0349757768855496,-0.0652989141124179,-0.0249334397355711,-0.130636008965935,0.0155978863510181,-0.0211152566547773,NA,-0.055505594616779
664,-0.0425085443735582,-0.0520279926781582,0.00058956490374909,-0.0268902426189281,0.0164234234890168,-0.0176120503086079,NA,0.003744789670386
665,-0.0313838170108464,-0.0798351085285823,-0.00305372754976888,-0.0472045747049825,-0.0129026285550785,-0.00955321138556942,NA,0.105837582584092
666,-0.00969388168514948,-0.0968148543654391,-0.0175414758414887,0.0379554079281968,-0.00771762119889041,-0.0511293298265422,NA,0.00242432261409348
667,-0.0683150463263476,-0.131092998613315,0.0116033718879782,-0.0807418047995508,-0.0107125362184382,-0.0066013467589574,NA,0.109283675340573
668,-0.06385346032432,-0.0526524542540881,-0.00534429118583298,-0.0480985712932515,-0.0227309259264692,0.0125813518158839,NA,0.0404375735602969
669,0.0019501892853663,-0.0865770404403009,-0.00633866801505324,-0.0233165477377863,0.00135979645586747,0.0548563504370035,NA,-0.046659927615808
670,-0.0282931784995756,-0.083666784443422,-0.000682493802143969,-0.0697620683820955,-0.0130607752959251,0.0389485006721257,NA,0.0880982609721551
671,-0.0339232543401012,-0.105239287438825,0.00589666425286674,-0.0897344776182503,-0.000364000323265674,0.00367368725760836,NA,0.0632254915607068
672,-0.00197151789640077,-0.087654022894062,-0.0200030585583139,-0.0454657580728476,-0.0136686554503636,-0.0225308371781332,NA,0.0242781651568839
673,-0.0181624518966672,-0.104071015344172,-0.0515972910351776,0.0235510225199885,0.0156707232589982,-0.00191201891374126,NA,0.0914370246707192
674,-0.0397699762540544,-0.0676757013857096,-0.0747988109285575,0.0181770569111236,-0.00387979135050253,0.0784589906793584,NA,-0.0269181880621218
675,0.0160561320069014,-0.128841021447431,-0.00374247054389042,-0.0539982669592945,0.0023794625442039,0.11841220749146,NA,0.0696284634900951
676,-0.0115469037210962,-0.0202517204755025,-0.0351798865670525,-0.0461622307839837,-0.00551028492581551,-0.0095253603081985,NA,-0.0465823469455789
677,0.00884306422262732,-0.0737688978827001,-0.00226056461719952,-0.0138739368373425,-0.00192819024572118,0.0227291659984183,NA,-0.0150995675965208
678,-0.00183725160054299,-0.0611448894273416,-0.0617001440126375,-0.0152430208494615,-0.00841504629563334,-0.00539323110605466,NA,0.0321595087789672
679,-0.00330081455539497,-0.0955841900936417,-0.0214440156102629,-0.0800278643789,-0.0368118533885068,0.0132827394526445,NA,-0.0334008356028744
680,-0.0753169949012397,-0.076907194177352,-0.00410188484453215,-0.0753912892995382,-0.0341399357819988,0.0201486927625635,NA,0.0858127179891985
681,-5.61961613839701e-05,-0.147011424176545,-0.0295584488512075,0.0400814584892689,-0.0114747880659848,0.00581013260689911,NA,0.0011127098963496
682,-0.063691429944202,-0.089454959310142,-0.0178214024835688,-0.0466372848667497,-0.0167950592753581,0.0192225285626697,NA,0.125268186886318
683,-0.00857517253217924,-0.119990465779963,0.0107388974962142,-0.0623879558429129,-0.0128745402584658,0.0189892190299298,NA,0.0714639805643898
684,-0.0848154050028232,-0.0875468549954308,-0.0189150737395063,-0.046846549997009,-0.0142745681345064,-0.0385535004362971,NA,-0.0817130289134401
685,-0.0342449742034348,-0.0505338579862081,-0.0127020899434691,-0.0280185773801113,-0.0186966450160421,-0.0161074369645729,NA,-0.041020988084269
686,-0.0976581069667593,-0.101266371539206,0.0233650428900844,0.0214335512277246,-0.00795042124150357,-0.00933580520366908,NA,0.117772937667091
687,-0.00381184803036752,-0.125133609733375,-0.0377882746723465,-0.0331829124959662,-0.0378358946959415,0.0529510380985071,NA,-0.0746121660710093
688,-0.0357169415304521,-0.0810766267081944,-0.00419185072529797,-0.0020850551981931,-0.00866265907126708,-0.0135442992883976,NA,0.0446286993473156
689,-0.020811921679105,-0.119187704097456,-0.0232271118324388,-0.061609910359848,0.00388194365161097,0.039732302854204,NA,0.008066120885099
690,-0.0147180623236096,-0.0229982791603792,-0.0352552864322244,0.0172896202566535,-0.0180556331948418,-0.0222961928595628,NA,0.109086640506804
691,-0.00990797706747792,-0.0587703825317917,0.0123386561856722,-0.102722565676055,-0.0107645812864131,0.067280680183615,NA,0.0562652080432056
692,-0.0801126783025776,-0.0631538490490532,0.0186681476616334,-0.0641482426114597,0.00499374342724072,-0.0233037741042709,NA,0.0045291343540077
693,-0.0306336307252802,-0.102586203995902,-0.0122556866532331,-0.0232788145860177,0.00696240625972946,-0.0562994795180618,NA,-0.011548351578543
694,-0.0422821038696124,-0.0807786115267867,0.00599656695455436,-0.0205388925996854,-0.0354266426883374,-0.0195336575753678,NA,0.0744711478655684
695,-0.0248866618298025,-0.0868401467900276,-0.0241705758395023,-0.0348410144995111,-0.00554357977520034,0.0245849356719795,NA,0.100029116003682
696,-0.0207196052220409,-0.0845622513753449,-0.0151919885663704,0.0217957716422824,-0.012351501780822,0.0909068272856923,NA,0.039912957167702
697,0.00257123386673441,-0.106528301883598,-0.012416783732461,-0.0229479190008929,-0.00803500108469184,0.00104372334662578,NA,-0.0712780043155442
698,-0.109469243753457,-0.144021489365885,-0.0175269758779622,-0.0315584927403429,-0.0145217818357114,-0.076985298370555,NA,0.047232034455398
699,-0.0212389083189839,-0.0948707495357936,0.023947378774711,-0.0809597044353997,-0.00159271221106159,-0.00333183057668132,NA,0.0204671240757067
700,-0.0143455713303158,-0.0785880227785868,-0.055491826187414,-0.052726401490188,-0.00957336884013942,0.063652335242642,NA,-0.0513843911440585
701,-0.0755711027437599,-0.0909343122728833,-0.0781160278494017,-0.093505635243977,-0.0253583931427076,0.0215045867844181,NA,0.0935285961273332
702,-0.0150166904265379,-0.0588581463612095,-0.0673801187391417,-0.0834741661199579,-0.0110446171784109,0.0329130122027958,NA,0.114793901874349
703,-0.041171458782966,-0.048478164052232,-0.0443481137488003,-0.0583604962949966,0.0172977314091424,0.000295884438724803,NA,0.0287094616710218
704,0.00357672260362693,-0.118416907186717,0.0191072268582619,-0.0952942035367151,-0.0195649008586346,0.0433113270505918,NA,0.0832341524453741
705,-0.0554434336686821,-0.0463394918641717,-0.00434203783243446,-0.11659287258677,0.00135342483122688,0.0634364420236881,NA,0.0774669803038595
706,-0.0863395220415433,-0.0511491719120401,-0.0281780914228869,0.00560883722554134,-0.0112629227257102,0.0276419836815764,NA,0.0104975541501389
707,0.0575687313170448,-0.0894961389007393,-0.0607234278415131,-0.0696974350983354,-0.0436777001416375,-0.0480453771551321,NA,-0.136864152521096
708,0.00080015489141802,-0.0718568092591518,0.0213939629988001,-0.0101916588785617,-0.00820442555795087,0.0172249701426543,NA,-0.0610444747764816
709,-0.0519325644909178,-0.116770089923055,-0.00802088749414413,0.0274084020663991,-0.00548223354108723,0.0455003441996555,NA,0.00649428898270299
710,0.00149100902048083,-0.107517596592138,-0.0178395118184764,-0.0408439514871816,-0.0210954470859536,0.0407459757408555,NA,-0.0406855357523979
711,0.0391973436341702,-0.0964434738669319,-0.00310552822046337,-0.0450913078107252,-0.0170586467184756,0.0637677662146407,NA,0.12852557825715
712,-0.0482265347828923,-0.0779960079282119,0.00299825249504519,-0.045368680496096,-0.0069517512993153,0.0217576696378617,NA,0.111196197353918
713,-0.0187869353951214,-0.100153450494556,-0.00573675921964173,-0.0366501331902755,-0.0154787842809672,0.0356498484705062,NA,-0.12656891067555
714,-0.0394930439243534,-0.0140839732986369,-0.0574365090908906,-0.0172818469990772,-0.0175086242858728,0.037145309335385,NA,0.0161689011798855
715,-0.0330042460495834,-0.0857228479208788,-0.0328850813053875,-0.0413449282361602,0.0070115274299708,0.0410373672214755,NA,0.0302935015019962
716,-0.0403859267613552,-0.156869033001198,0.0126089837518955,-0.0504440049945735,-0.0202722070404095,-0.00253995455549941,NA,0.0431498902511762
717,-0.0342435342682678,-0.0834388741117464,-0.0337965096354696,-0.0183628601236601,-0.0147304805179732,-0.00139298308719124,NA,-0.00746734628611795
718,-0.0294828814960357,-0.051537040424384,-0.0239767811045216,-0.0873020143187328,-0.00911658008439322,-0.0160363537733613,NA,0.140678239279173
719,-0.0115005563354946,-0.0860216805348615,-0.000884384692408674,0.0106408864908615,-0.0411709360382405,-0.0586709873613697,NA,0.135270222670237
720,-0.0186956785323851,-0.103902677590472,-0.0242885735084191,-0.0592818221801236,-0.0116565978150629,-0.0521145136272067,NA,-0.0280356280687065
721,-0.0181868508716882,-0.0533996890856551,-0.02699331244863,0.00372101831883417,-0.0192484647438067,0.0287062116438653,NA,0.124401425144529
722,-0.00626980913259642,-0.0566833593635488,-0.00116501002645183,-0.0751966598537623,-0.00682012765342092,0.0527559408680187,NA,0.0475553525363832
723,-0.00350886266361311,-0.0634022925191233,-0.0214321929143155,-0.0139460583741443,-0.0158730176889952,0.0543954559957049,NA,0.128940028109947
724,-0.0520611789052428,-0.053030907351525,-0.0309919957184294,-0.0862253979795823,-0.00769052595956442,-0.0449159832173487,NA,0.0701021405082179
725,-0.0303612769202337,-0.0896631723348237,-0.0262838038064973,-0.117586883432069,0.00910165010100352,0.0268032142089423,NA,0.0152056878406724
726,6.64645492079174e-05,-0.0717939304927379,0.00956395518057948,-0.060027129347284,-0.00989277512230625,0.0759255073408844,NA,0.0550098162741914
727,-0.0237941212443377,-0.095909124754106,-0.0777585906030029,0.0187994255220672,-0.0240375373725558,-0.0083906942038566,NA,0.0775304010494958
728,-0.0294267073897584,-0.085088737257333,-0.023318111040848,-0.0427429812760605,0.00302139605883315,-0.0378317952131197,NA,0.0353155272474668
729,4.25381730984886e-05,-0.0762482051849512,-0.00577489956329381,-0.0470873433896721,-0.00541291403495641,-0.00693634105512386,NA,0.0620445422595431
730,-0.0850499774411323,-0.0760753478075507,-0.0609894307190696,-0.0672170443635431,0.00178003290763194,0.00141868931181449,NA,-0.0343574724129681
731,-0.0453000804282814,-0.113773538239761,-0.0311720999885378,-0.0716124881957049,-0.0461120639874328,0.0491235441390242,NA,0.106476063438516
732,-0.0397276252162921,-0.0435612772458416,-0.0219232644495394,-0.0548119485261861,-0.0158465562799516,0.047652847955806,NA,0.0988446953948302
733,-0.0477483181840395,-0.0951100586074776,-0.0608056779146247,-0.0673141851015707,0.0186879356384145,-0.0248232581200633,NA,-0.000383528380921871
734,-0.0621607957582187,-0.0593739787162907,-0.014306644515332,0.0151497361696383,-0.00535965468116255,-0.0570888941119633,NA,0.0265593860683677
735,-0.0237568302794075,-0.0515813067117765,0.013813016722122,-0.0866411424514118,-0.0270953288765069,0.0158627584146867,NA,0.0524918751390511
736,-0.0405084308927326,-0.0941895397124532,-0.0333924051352043,-0.0845154223338965,-0.0037312755994524,0.0975915167622809,NA,-0.0630206719644872
737,-0.048375763503961,-0.065166224633756,-0.050099071100478,-0.045391068752292,0.0021614538215236,0.0118413442904671,NA,0.0221536539033405
738,-0.0692130991329324,-0.0674617368143068,-0.0102440805599987,-0.0487739695932959,-0.0132932198472811,0.0332813482019667,NA,-0.0437563514534559
739,-0.0367577648890441,-0.0638978358558236,-0.0367656725797693,-0.0613489692342106,-0.000829501497457696,0.0340447389788112,NA,0.0729403872025221
740,-0.0239665445105295,-0.0519069425998198,-0.0289696088923179,0.00498480585036845,-0.0253795180528118,0.081597518127763,NA,0.0105677552560599
741,-0.0687248921874962,-0.0892252677191111,-0.0827921227667392,-0.00812341031249181,-0.0193289490491922,0.00105910050477007,NA,-0.0287627763424727
742,-0.0336919366844121,-0.0907267405944259,0.00259278714279768,-0.065966843859537,-0.0069151524854091,0.00866305525702482,NA,0.154470610349062
743,-0.0450869824487303,-0.0918260436371844,-0.00165487124862701,-0.134679961088163,-0.00917344196373756,0.0090598979377928,NA,-0.0300312063391541
744,-0.0410282282298774,-0.0809434612287539,-0.0277447391156359,-0.0523770297176289,-0.0115091268037424,0.0601663212038578,NA,0.0429603240750858
745,-0.0294836476879073,-0.0635760558723562,-0.033441224823676,-0.0857660117569411,0.000488674354892089,0.0090999838547613,NA,0.095036516502425
746,0.0059976805458036,-0.0728197253733265,-0.0531081306294733,-0.0401686037292118,-0.015031060474442,0.0295749207246991,NA,0.13804820896249
747,-0.00264643704461792,-0.0439259471384431,0.00679086980588617,-0.0332430639438003,0.0104806142908869,0.0384348921260244,NA,0.143091624707843
748,0.0282994484893698,-0.0900175747937693,-0.0383209669410292,-0.0388829543381183,-0.0128591467345886,0.0255883195639885,NA,0.0305863853592496
749,-0.00793175537114077,-0.084219135648919,-0.0223151400848162,-0.0186290179205503,-0.0351051293998118,0.0148498123155192,NA,0.0352557260821526
750,-0.0824108450146618,-0.0788164186732421,-0.0184892487426611,0.0475380177184126,0.00335076855543027,0.0168467212205659,NA,0.179406580423597
751,-0.012627823514604,-0.131950069550482,-0.0501488063111215,-0.0100736719502283,-0.0313922770183282,0.0259058128523105,NA,-0.0885877112916877
752,-0.0504857951258366,-0.074017432002653,-0.0621601581179528,-0.0166598833915091,-0.0155697902103704,0.0618332363869057,NA,0.0364367564933237
753,-0.0652058904095854,-0.0664107497796261,-0.08304297455995,0.0135773971640528,-0.0255728124007291,-0.0102988793078319,NA,0.0150146108800469
754,-0.0774036042195184,-0.0995407622185786,-0.0218336692005571,-0.00806832463893659,-0.0274142946607422,-0.0596554535765797,NA,0.0106632630105528
755,0.00511821254192935,-0.0499556572236561,-0.0127353629728108,-0.129200454819529,-0.00836179326681707,0.00995802020158046,NA,0.1662860927453
756,-0.0437339891315492,-0.0901230625711495,-0.0160360302913001,0.026689496977187,-0.00413583687476263,0.0049399056127806,NA,0.0641022227415087
757,-0.0240593639432286,-0.0130366605998862,0.00500195589695505,-0.00958095645132956,-0.0309810735557249,0.0432780044864925,NA,0.0958167204978909
758,-0.0795365723464976,-0.0680798846407684,-0.0470156934538668,-0.00170222200404782,-0.017253187751805,-0.00192785469125892,NA,0.0214992871953097
759,-0.0688471447387659,-0.0573978524902163,-0.0220110933197425,-0.0609830833795748,0.0097864748291151,0.0271803019585469,NA,0.0490765596174089
760,-0.000498940105427337,-0.135725810373422,0.00441920882245958,-0.0298261897381169,-0.0116797546755388,0.0533851854946217,NA,-0.0510753549316961
761,-0.0369324654298771,-0.0938059034645012,0.00626595592364296,-0.0427232565883005,-0.0228988564236245,0.0627964094656997,NA,-0.0248799294580332
762,-0.0678859878189644,-0.112316646524627,-0.00392809821711951,0.000466002478277272,-0.0311971053167391,0.027028812021472,NA,0.220203715440081
763,0.0251372615324862,-0.0497368452141397,0.00459571573376813,0.0173885617925058,-0.00225894964513947,0.027987443365119,NA,0.0662023177339687
764,0.0156832306916405,-0.11653662638057,-0.0263633734045309,-0.0440466160316519,-0.0302331271359343,0.0360055028820277,NA,0.0663110524612112
765,0.00781256148433609,-0.0569635083071207,-0.0719980752075373,-0.0817072166329411,0.000519723393055276,0.000744785429488776,NA,0.062186244922413
766,-0.0282935258573232,-0.0329284072816398,0.00904041544062401,0.00411358647829421,-0.0247942197172251,0.00103991059888306,NA,-0.0712013346481294
767,-0.0997256479774838,-0.0991345325846323,-0.00473347231338907,-0.0307759624631636,-0.00490836458132515,-0.0104557490258052,NA,0.0024313637687392
768,-0.0667260143506997,-0.112110453226618,-0.0535446991956408,-0.0303362291692024,-0.00654625658777799,0.0178049868564416,NA,0.0411797834162124
769,-0.0369797719113749,-0.105355978593412,-0.00825485274950787,-0.0872016218387475,-0.0176226516875993,0.0220503275023155,NA,0.0106000015245805
770,-0.0446200509709514,-0.0738849730235699,-0.0214600272547342,0.00285918092856319,-0.00396506422070448,0.0587117212960101,NA,0.0105204320284459
771,-0.0523336389497601,-0.0935861763525606,-0.0190620592031822,-0.081290078747861,-0.00358022482752231,-0.00826436815928883,NA,-0.012714120586888
772,-0.0158943607311383,-0.153887502236407,-0.0263368960181548,-0.0458645025570621,-0.00466132973484878,0.0274103619125938,NA,0.00951928606270619
773,0.01097008549136,-0.116445156390715,-0.0232634236820158,-0.0130031235519953,0.00104427875149466,0.0784022304223012,NA,-0.00891389281557747
774,-0.0335619446159412,-0.0830748136279139,-0.0137437474289157,-0.0229271744202036,0.0171064441215182,-0.0207559084211696,NA,-0.133634949738907
775,-0.0226320865087563,-0.0403594831322629,0.0128309280335801,0.00433589943861101,-0.018020798696031,0.0499318169964166,NA,0.0937605234308278
776,-0.070857277477569,-0.0873138423181309,0.00502496899219508,-0.0091337539381583,-0.0115918422454675,-0.00683945556148888,NA,-0.0243441040075234
777,0.00666226719160706,-0.090545280092349,-0.0186611427882591,-0.0681655048747411,-0.0252885811427848,-0.0167966789013975,NA,-0.0704359971128742
778,-0.0197881635380002,-0.0695905540753439,-0.061815041313741,-0.0172336995348824,-0.0205695704493791,0.0272099137772614,NA,-0.0140535890762684
779,-0.0566912624179235,-0.0684648136308618,-0.0345260110145885,0.0116524574363397,-0.0520785952442473,0.036665304214183,NA,0.0114204793358742
780,0.0220949380669616,-0.0299934952081476,-0.013844227729294,-0.0494780340951925,0.00457131928784488,-0.00721930937087301,NA,0.036761691428419
781,-0.0686539510446393,-0.125206531582064,-0.0197390222090932,-0.0617931276111762,-0.0201502032527464,0.00246577690383265,NA,-0.0335998297049009
782,0.0229882508913692,-0.156712495268554,-0.00706749864850596,-0.00224945241887742,0.00160699830889644,0.106731217502267,NA,0.120635188893868
783,-0.0571189441126927,-0.0624200583560616,-0.029995026927515,-0.05252221328141,0.000795647974414948,0.0153811807136048,NA,0.0987790620784188
784,-0.0577854806960137,-0.140271686128475,-0.0378924681443747,-0.0942690847406245,-0.00810167806309293,0.0300650239000804,NA,0.0707057422572535
785,-0.0524999456071978,-0.0652613109716929,-0.019928291058758,-0.0897955728017199,-0.014669037641836,0.0149487005563339,NA,0.0492640900143033
786,-0.0506474631584069,-0.11378302644893,-0.028360005398082,-0.0680759762116099,-0.000293949737464966,0.0940986310181836,NA,-0.0268167818541893
787,-0.00855439556836179,-0.100223482192396,-0.00830420110508456,-0.0473854359938788,0.00886068442077582,0.0234352206188269,NA,-0.0667482593922581
788,-0.0579930805421115,-0.0981689154024111,-0.0198522454237922,-0.0932103921595071,-0.0262918315498607,-0.0329651187311643,NA,0.148832052571021
789,-0.0371783927274754,-0.0694720151572887,-0.032676112284745,-0.0622155926091981,-0.0123113090898859,0.0518469738641833,NA,-0.0398065477652669
790,-0.0598379234069265,-0.0836544366408162,-0.0406443105363383,-0.0564061930051058,-0.024865049582989,0.0660422740872804,NA,-0.10414366408234
791,-0.0560130818086245,-0.0935266273678685,0.0360462679135086,-0.0520850478595652,-0.0166191898981115,0.0389555292147593,NA,0.0959482027051291
792,-0.0396728398277395,-0.063609746127877,-0.0365442585726086,-0.0730683317630228,-0.0120539055070563,0.0641985952352259,NA,0.0610975680277929
793,-0.0387265287348248,-0.0745826104125241,-0.0294309885303973,-0.0780231703828169,-0.0154122800559061,0.00760516687142748,NA,0.0703235480512224
794,-0.0305278497998565,-0.0568610719450637,-0.0117141571356448,-0.0452330331695333,-0.0419327043885792,0.04023692992842,NA,0.136900103947563
795,-0.0349120773123002,-0.100463201486592,-0.030575105477671,-0.0335416503658322,0.0050094198597296,-0.0175354312110332,NA,-0.0558742014636606
796,-0.0247556782951532,-0.147495434439598,-0.105211093096876,-0.0736724718560105,-0.00590337954191321,0.0195843126940658,NA,0.0817322019410716
797,-0.020722587402209,-0.0688285165632614,-0.0465674209462185,-0.0697648374046214,-0.0316381010756863,-0.0224664922562431,NA,0.0974744067071478
798,-0.0173294868939432,-0.103552590535139,-0.0707855527457895,-0.0202357104851858,-0.0153882476462368,0.0296675798248872,NA,0.0359759353873658
799,-0.00794767577389303,-0.0535074411442066,0.00695705170238423,-0.0701288641545662,0.00670834903569006,-0.00882267935250408,NA,0.127761770447938
800,-0.0106908311490879,-0.0734358487339684,-0.037900070794421,-0.0446914852268624,-0.0154835979789921,0.0497721947935046,NA,-0.0956784488814356
801,-0.0122483051676258,-0.0970250104921145,-0.00150341646005095,-0.0660877891161064,-0.00836931814422592,0.0395853550854243,NA,0.0500918174702825
802,-0.0792731326717151,-0.116646163492596,-0.0259382146302772,-0.0118115616583028,0.0182682223175248,0.0477594746391385,NA,0.0653596247320693
803,-0.0575471150623672,-0.11851729965656,-0.0398159191653695,-0.0681524541132552,-0.0283484767903135,0.0181684523968854,NA,-0.0947474660972171
804,-0.00633267418566877,-0.0175077729948035,-0.0409596924254109,-0.0364891329829686,-0.00346406750136379,0.0466713391394935,NA,-0.0570901015841953
805,-0.0323877281534604,-0.0398565059758915,-0.0135140155979879,-0.0416375065680518,0.00262829088677252,-0.0168930441783099,NA,-0.0288731282470472
806,-0.0422516114821474,-0.0619979387714716,-0.0488368189302873,-0.078509042259657,-0.0163922191624927,0.0508592389579305,NA,0.0365106332029595
807,-0.00347478210134622,-0.109283448614192,-0.00293274454407701,-0.0245136781782791,-0.0244425528657665,0.0230464558258781,NA,0.0912086123994206
808,0.0185955418490281,-0.030759905878135,-0.0461994320819925,-0.0355494994625778,-0.000589927161704279,-0.0356970413891133,NA,0.0358248714297117
809,-0.0280115668849884,-0.0811138141065488,-0.0409891053473112,-0.0578391277181498,-0.0285999163645724,0.0253354876409065,NA,0.0434985013122697
810,-0.0189055235592588,-0.053980986335044,-0.0312833098215212,-0.0938799488609889,-0.0327676712481934,-0.0047996128079961,NA,-0.0347797392504234
811,-0.024961116025571,-0.102373357143988,-0.0367875176131263,0.0139980467679188,-0.0492401022391682,-0.00572977022002691,NA,0.0167278220639723
812,-0.0296310424471803,-0.060852163610907,-0.00669260980564645,-0.0554450650621323,-0.0352329530788512,0.000344176719132672,NA,0.0377171976462214
813,-0.0919972121902687,-0.105642574149415,-0.0295296737000414,-0.0110358753558649,0.0115373537367044,0.0123360309699742,NA,0.212097584081858
814,-0.0519365433758435,-0.1286076362219,-0.00460889080452105,-0.0479400708410581,-0.0154938901550775,0.017902778993183,NA,0.131029708120755
815,-0.0790546494771199,-0.0912505117391158,0.00895942197267531,-0.0525631987626949,-0.0242238509702015,-0.0289823851237045,NA,0.0348247370007343
816,-0.0463006098122231,-0.0312955623837579,0.0296286122450351,-0.0824793507086303,-0.0251273701910333,0.0229880970480086,NA,0.0794559726010982
817,-0.054074603661376,-0.0485054767800424,0.00775761645765671,-0.100600817457659,-0.00848750443289639,0.0679174664204924,NA,0.0254144482221788
818,-0.0537545891396266,-0.1050847543346,-0.00787307654628049,-0.0248444741554428,-0.0387042045193465,0.0525320992941159,NA,0.0495871617788454
819,-0.0415274279321481,-0.0700841268989964,-0.00137342212442479,-0.0908473766644785,-0.0245680527455551,0.12185160670217,NA,0.0665164505980821
820,0.00487696991712266,-0.0929101641929769,-0.00338623728888565,-0.0605230551943253,-0.000731383788498297,0.0155741971598171,NA,-0.0666079549566571
821,-0.00915615759929381,-0.0663481087998861,-0.0674559943398228,0.00784806167730245,-0.00182223840045609,0.0434734649814937,NA,0.0518550393086065
822,-0.00131846356781123,-0.0743044004657609,-0.0127831373694643,-0.00383359531936622,-0.0359106101109337,-0.0111626728220296,NA,0.0101548848515869
823,-0.0597707108859069,-0.0845127551021239,-0.0312563581696633,-0.0566935999382953,-0.00225989393498865,-0.00325976888947527,NA,0.0499630745970366
824,-0.0816458942472017,-0.140861246002762,-0.0146511955222075,0.0212785905197406,0.0150658941092283,-0.0113749630722587,NA,-0.0809094175657627
825,-0.0317399302873705,-0.0721838743378678,-0.0117421916393571,-0.0540276671249346,-0.0237985138007225,-0.0152146951048187,NA,0.0543752102060743
826,-0.0188730132693364,-0.0985360617552288,-0.0289426058100173,-0.011920372655456,-0.00870474077086185,-0.0133966255784994,NA,0.133272732520128
827,-0.046690221686027,-0.096450534056673,-0.0396360564901825,-0.0919049791503579,-0.00382718236183339,-0.00166171671728138,NA,0.047148187510946
828,-0.0221272612080965,-0.0771548620081784,-0.0171174987375054,-0.0514549918550412,-0.00093102946750382,0.0240806425092728,NA,-0.048222466852919
829,-0.0371907255970362,-0.12719643380987,-0.0163012356637948,-0.0747377241096541,-0.0269041086707665,0.00505857714878355,NA,-0.0333265424949382
830,-0.0996127943693498,-0.131919532626118,-0.052231982412284,0.00879595666986391,-0.0155603231811257,-0.0148259344191373,NA,0.116119760477175
831,-0.0083390653271965,-0.061936912937532,-0.0144851194359704,0.0572020214056935,-0.0262854855280765,0.135416961652773,NA,0.0365068005998987
832,-0.107972980088564,-0.103697199445732,-0.0073621212176901,-0.0191731808371319,-0.0249696264937207,0.0734515504714357,NA,-0.0123072007471774
833,-0.068190167831006,-0.115956171724242,-0.0148204655411137,-0.0525732460039152,0.00431091912090772,0.00415585652417905,NA,0.0560184535424948
834,-0.0230435521966893,-0.0699671939365673,0.0387387968753069,-0.0969196515672741,0.0085194514346716,-0.00759236621358983,NA,0.1613569474551
835,0.0462925266328788,-0.0252033590328393,-0.0198009520539261,-0.0521061064269766,-0.0192747711964942,0.000700797852556861,NA,0.0500939300212907
836,-0.0640732305976097,-0.053050079540361,-0.0215330364670975,-0.00672242947005147,0.00661801596586592,-0.0297915596001892,NA,-0.0554800819634743
837,0.0159880574868716,-0.112825961537731,-0.0680737086985188,-0.0278331650822476,-0.0423645627268867,-0.0296251096541847,NA,0.0355163027082184
838,-0.0714911033732351,-0.14242512498886,-0.0636888362111953,-0.052424282074984,-0.0134910836886978,0.0185856809321963,NA,0.0909498834259151
839,-0.0138787776143296,-0.10149888634189,-0.0263322906499895,0.0249262713259723,-0.0115698174286598,0.00619092069481206,NA,0.0741131519691595
840,-0.0372779387619609,-0.120311907758443,-0.0506958984958808,-0.0263428395619308,-0.037139955343691,0.0260548870631979,NA,0.0275570094203285
841,-0.0664740898620475,-0.0712494312153954,-0.0675083717350859,-0.0689812921502974,-0.0268987002231458,0.0379867425636696,NA,0.0808694527867168
842,-0.0584955814938077,-0.0960759455250831,0.00445761090403433,-0.056324156035163,-0.0234967122344432,0.00371155581455992,NA,0.0628008537100995
843,-0.0602951931604016,-0.0247212402057734,-0.0388759390229923,-0.107695252708083,-0.00581010702399039,-0.0259187287589666,NA,0.0641887972830018
844,-0.07072581587974,-0.0689631588057115,-0.0418326861251282,-0.019791559877593,-0.0037320977259776,0.0200486666009896,NA,-0.021577965464995
845,-0.0645739725014959,-0.0540636600357588,-0.0416951394867463,-0.0346283746132154,-0.0270064196109168,0.0422649828400886,NA,0.0356197119329416
846,-0.0159034571402935,-0.0942926510211214,-0.0458541015350871,-0.019972214385348,-0.0189488795900135,0.0343940277653027,NA,0.100340457639963
847,0.0225758325640396,-0.108740368737937,-0.0628153498683721,-0.00708550188869789,-0.0295732772548639,0.068440119571233,NA,0.00364658429006587
848,-0.0577175473566713,-0.151117452783528,-0.0298819790068304,0.0224379640286773,-0.0262743614676672,-0.00254165479198276,NA,0.0605724944375868
849,-0.0265611657804438,-0.082457239283781,-0.0167608246300343,-0.025997814250951,-0.0198764578370905,0.0135089735443451,NA,0.0951154107711343
850,-0.0098165176613014,-0.123197057396251,-0.00694329686508617,-0.0540945625769886,0.0168694340736994,-0.010821085005051,NA,0.0732819214242006
851,-0.0703305550463643,-0.0863295177363557,-0.0394688308953323,-0.0836609170068305,-0.00192838036552299,-0.0112822175169478,NA,0.0380714168541212
852,-0.0619851724676658,-0.0624967631890673,-0.0220298813519425,-0.0451125078406653,-0.00924578827213732,-0.00442142464304918,NA,-0.00904116984925341
853,-0.0199092235180035,-0.102906782655281,-0.0232057378637379,-0.0569036413638414,-0.0172215387801982,-0.00515810509737846,NA,0.0573854893484479
854,0.0239984592104515,-0.141923010678577,0.0334485046075261,-0.0587758900894338,-0.0244493635218821,-0.0396197671848769,NA,0.0419462137194558
855,-0.0241479636527719,-0.104071779865367,-0.0258311449472706,-0.047681700262441,-0.00533335632914703,-0.0243221653130268,NA,0.0715042727949388
856,-0.0688135769905355,-0.0793038856154958,-0.0135946792493127,-0.0272090558709472,-0.0287169517263027,0.00547262962527828,NA,0.0287075530389213
857,-0.0979452236117397,-0.049545812478061,-0.0326548788512344,-0.0295798198464829,-0.0140065142345215,-0.0168988179466542,NA,0.0529108857412905
858,-0.0549373573171865,-0.0980097625948278,-0.060357327164446,-0.0299980081823201,0.000155190395733078,-0.00696340162066036,NA,-0.00268417443252739
859,-0.0933749569159877,-0.129788893882572,0.0071141933850261,-0.0368798154342327,-0.0165954514384996,-0.0374907219917489,NA,0.165114852770121
860,-0.00342181823572613,-0.132046484930987,-0.0329550807484501,-0.0365780499718879,-0.0286787104896093,0.0255443291234202,NA,0.0269448704609616
861,-0.0385380912286725,-0.0801997750603441,-0.0495322551555372,-0.0263754941421842,-0.0196864696794721,0.0411656401376863,NA,0.0235924615002449
862,-0.0352653141971251,-0.0961504564461935,-0.0118310661882646,-0.00850408139654607,-0.00381204873416081,0.0564637846607629,NA,0.0911823885551939
863,-0.0286016840156388,-0.0912592433489809,-0.0609592009410404,0.000857027212911921,-0.0103726955472057,0.0553187228155742,NA,0.0139462739988725
864,-0.103291722056373,-0.0556560006297476,-0.0441339184264851,-0.107264165993551,-0.0118157736342911,0.0897840769545659,NA,0.0188051222472518
865,-0.0161427535268525,-0.0891161993778185,-0.0304187515373505,-0.0163391864459831,-0.0269992614276201,-0.0597619815384869,NA,0.0347424459637165
866,-0.0407003637793942,-0.076540056777845,-0.00016277573411605,-0.0298907554495022,-0.00230476904497455,-0.0148668400652933,NA,-0.0730338514098675
867,0.00829691549981998,-0.0755329867954231,-0.0422625689709849,0.00253665619950855,0.0084436871802398,-0.0374252812588869,NA,0.0298999325800421
868,-0.0280903223697645,-0.0401315598750209,-0.0394431636598193,-0.00055350480295957,-0.0367876780655841,0.0701221448992363,NA,0.0252295811523686
869,-0.034127280250179,-0.0976085674999864,-0.0198368235185516,-0.0789201783496119,-0.0132033352339472,0.0567641836604282,NA,-0.00766169669397454
870,-0.0594053940728827,-0.00982530683910471,0.00365606372067211,-0.0684310670494462,-0.03058146126218,0.0871708001253734,NA,-0.00270453843182544
871,-0.0592616855922854,-0.0758631928222172,-0.00814707521623192,-0.0649381101877342,-0.0252338480478004,0.0950680955355791,NA,0.127412017448878
872,-0.0477587703628619,-0.0771583095241121,0.0206439557201658,-0.109017547093841,-0.015451570876534,0.0576134510314391,NA,0.026944292259766
873,0.00431400047112664,-0.111776628631194,-0.0302302395309188,-0.0582356488839988,0.00527698275342386,-0.00565183044870457,NA,0.0193088491289414
874,-0.0473755651700686,-0.0213830830064423,-0.0367078167760831,-0.00976843929194837,0.022827273298083,0.00544783453354672,NA,0.0537346405583485
875,-0.0714013701769997,-0.075646675737577,-0.000821168161915881,-0.0218688574754857,-0.0378331241128432,0.0119467215798184,NA,0.0565625730594247
876,-0.00926762532393782,-0.0881018951955536,-0.0576621397228709,-0.0626248751448104,-0.00253200927103191,0.00525866310163833,NA,0.00704413946698157
877,-0.00816728697250056,-0.105280860151521,-0.0350187001598744,-0.00762656757543417,-0.019720681898421,0.0549202377938258,NA,0.0783918072322342
878,-0.00509269318843816,-0.111356187907004,-0.0374859788667168,0.049182454691135,-0.00599226268608655,0.0732649846240316,NA,0.0448486984045219
879,0.018483263369892,-0.126923812524481,-0.00905580884148928,-0.0495805885549777,-0.0146701001449294,-0.00256684052004263,NA,0.111174805814918
880,-0.0279630361004666,-0.0818403194802842,-0.00597913842559375,-0.00105037380485959,-0.0166470185853901,0.0154184082125464,NA,-0.0122883557165822
881,-0.00827163351481977,-0.0568883451800778,-0.0279652756309356,-0.0539249637410534,-0.017997350709653,-0.0129239257566605,NA,-0.013909921971883
882,-0.0343447570263866,-0.0773539180648378,-0.068273236722052,-0.00993273303204034,-0.00904514841783968,0.0101790222000724,NA,0.0828380979410737
883,-0.0282804392136172,-0.159424123611069,-0.052555033086011,0.0655305076822099,0.0151229147243739,-0.0137680665944767,NA,0.174111024880504
884,-0.0160956658495672,-0.0623812095580203,-0.0380165964659668,-0.0313019781248286,-0.0309305997230277,0.0141671661825713,NA,0.045283184624414
885,-0.0677462698603686,-0.0705151821992608,-0.0219624824636769,-0.0476689739621564,-0.018736406051456,0.0187661095479346,NA,-0.0691310743613016
886,-0.0479919293855843,-0.0959440147761665,-0.0240498597537613,-0.050164907568804,-0.00375031561003142,-0.0137593671977506,NA,0.0268559469336188
887,-0.0459112296785249,-0.119522714927628,-0.0037498811389042,-0.0469265181171745,-0.0259931277172138,0.0385383406667191,NA,0.076532402499835
888,-0.0587253016020206,-0.0616855604283266,0.00808753751747895,-0.0481579603887375,-0.011200757972268,-0.0109915351370199,NA,-0.104205764034655
889,-0.0123604908497305,-0.0482937670255346,-0.0175464569024529,-0.125129262297252,-0.0344550506512769,-0.0403705722176276,NA,-0.0144051352282164
890,-0.015383537983454,-0.084911695474314,-0.0446482751024587,-0.0153287924107204,0.00132848507838351,-0.0296450698026382,NA,0.0549029746007456
891,-0.0137034645910488,-0.0266826026885283,-0.01172413738669,0.0102349469388426,-0.0120012132895929,0.0343179325662676,NA,-0.00301040034939737
892,-0.00962167240429473,-0.0609103178661926,-0.0155052597347381,-0.0785223647755256,0.0196798564669008,-0.0380095131898751,NA,0.142217057205717
893,-0.0500346605583639,-0.0677813808152097,-0.031351091972251,-0.0619726440324545,-0.0345694034902707,-0.0501117419619273,NA,-0.0374029591963835
894,-0.0393274710665183,-0.0494760306454812,-0.0162714956131679,-0.0339549265121555,-0.0147764158306596,0.0240846045865106,NA,0.055142806849488
895,-0.0436920194011805,-0.152319551658433,-0.0227384487270479,-0.0864839137601052,-0.00564617211194467,0.0234743656454505,NA,-0.0831647047821704
896,-0.0163722095728493,-0.0639060332248496,-0.0276490903881978,-0.00533624525674425,-0.040867193281197,0.0159770799858439,NA,0.0562902428937436
897,-0.0769499052107366,-0.059271866236156,0.00189219491426011,-0.0362742834349904,-0.0194656990005368,-0.0229161089214207,NA,-0.0638004359742005
898,-0.0486517280652896,-0.0979475700256669,-0.0202954836445858,-0.0415811529908462,-0.0227710900381615,0.021678759268643,NA,0.0240264171959658
899,-0.0550699305464452,-0.0766051257472067,-0.0379947947182784,0.0349012883110307,-0.0197130208026957,0.0459868906776827,NA,0.0727672774145032
900,-0.0337655942162086,-0.0620817822200901,0.0237292645035034,-0.000315791469541526,-0.00216274510939057,0.0229073198453683,NA,0.139663700088916
901,-0.0642828209038385,-0.0412984233025765,-0.0117862362571318,-0.0127256019190159,-0.0170223230343076,0.034802598474738,NA,0.0146753521151896
902,-0.0234910200791169,-0.0829576005262344,-0.00306741097323285,-0.11155782947831,-0.0128362543896922,0.0144462455791149,NA,0.075825623574153
903,-0.0199891948819864,-0.101891555049962,-0.0611448827396461,-0.0115033716535384,-0.0166661069687268,0.000128843644993326,NA,0.0442696793440543
904,-0.0177535083241224,-0.104471089677915,-0.0317749753883844,-0.00731115125899084,0.0071178392878649,0.0218517348569784,NA,0.133239638638728
905,-0.0442746871942969,-0.110533883905166,-0.0487378504096228,0.0338943872164939,-0.0157914257087093,0.0419605142438235,NA,0.0811125118798233
906,0.0433469193560507,-0.0883059539557157,-0.0489582730005565,-0.0140380265856805,-0.0113749053516228,0.00146782055521452,NA,0.0912399495975333
907,-0.0322301694100599,-0.141892687926714,-0.00561490201750539,0.0821560217807599,-0.0284086878407002,0.00937254531558454,NA,0.0183527071405817
908,-0.0819069495539353,-0.0646328723901811,-0.0307386383742009,-0.0816353048696699,-0.00474519168774492,0.0232122761589112,NA,0.0716773144033635
909,-0.00628354555377064,-0.102115394045962,-0.0378268993679213,-0.000674435758532599,-0.00173410946737539,-0.0064257255135767,NA,-0.049671518013188
910,-0.0119688555597783,-0.0596685692831264,-0.0304631538619464,0.045599062389853,-0.0295180052003611,-0.0106266178988367,NA,-0.00432237145537029
911,-0.0190135007939536,-0.0421547769378116,-0.0149110888415257,-0.0816719574227816,-0.0229681798333899,0.0838009165586813,NA,-0.0636038267198581
912,-0.0155448637468557,-0.101855832480707,0.0030092367659616,-0.0388635048384182,-0.0325763974331026,0.00826225251599949,NA,-0.11327613279305
913,-0.0197707078886139,-0.0960491688584687,-0.0543639807048962,-0.0296574686130769,0.00813123452946279,0.0272990574836742,NA,-0.104548698034354
914,0.0222704976607482,-0.0652964779994514,-0.0268918504656811,-0.0653450038925803,-0.0140330992164693,0.0231776463302478,NA,0.012343145508713
915,0.00750537019207029,-0.112785223394957,-0.0146221347524986,-0.0503768743295996,-0.0201685645686602,-0.0139618965185367,NA,0.0716773321838364
916,-0.0453363513583249,-0.0828330525977163,-0.0178963969604243,-0.0480381459786123,0.0178713181653829,0.0533039942915263,NA,-0.00428599056740703
917,-0.0755848673202164,-0.13060300110901,-0.0144131481254967,-0.0883098444449384,0.00830582219687009,0.00461204887670391,NA,0.0643700026474017
918,-0.0827529086723719,-0.142823031642137,-0.0338753764771036,-0.0775010572957661,0.011687504105528,-0.0714967551320801,NA,0.0933370980494713
919,-0.0406163044680036,-0.126906098485008,-0.0258616907466729,-0.0925674062261394,-0.0188268365197539,0.00121518198610457,NA,0.0853767993249657
920,-0.0442483866316459,-0.0809504034140089,-0.0442564598066735,-0.0731175552377655,0.00770586380107768,-0.0213791403277021,NA,0.0571891868312738
921,-0.000442326866825077,-0.0700722903778967,-0.0249602010914933,-0.0611992069821697,-0.00148994200036852,0.0500576678672284,NA,0.0551623229547872
922,0.00960764456795168,-0.0759211950958529,-0.0578713134730968,-0.038627748617835,0.00815762265195182,0.0717556417521528,NA,0.0518599365152789
923,-0.0274434932564487,-0.0634230387446836,-0.0469671676470138,-0.0706631348823216,0.0162313473769747,0.0126270797962373,NA,0.10578191821046
924,-0.0257098518855444,-0.0837154576028696,-0.050468856528758,-0.0385205388695833,-0.0300695849367626,0.0966528714747589,NA,0.0734125592707026
925,-0.0581128165127106,-0.112957702507412,0.0213286973010481,-0.000871095987737325,-0.0288523457464101,0.100152481747423,NA,-0.016648816036735
926,-0.0452768223044352,-0.0770775953360783,-0.0523502687395346,0.00827237854796012,-0.0357782824023025,0.0794476542518161,NA,0.0572593355877984
927,-0.0580076130489229,-0.0976086060712097,-0.0038507565468434,-0.0114583043135634,-0.00832654152187644,-0.0340731788198955,NA,-0.0292859669402214
928,-0.0499616022474832,-0.109747267491082,-0.000511282332382595,-0.0824675680947153,-0.00796899739253572,0.0277712725614229,NA,0.0344392447801365
929,-0.0125662719910425,-0.094672631337498,-0.0492798205503867,-0.0148311209355262,-0.00544397713955824,0.0297098157794551,NA,0.0508503524157655
930,-0.027455001730179,-0.0694613650034422,0.00290280843638323,-0.0450423393683662,-0.026152608495746,-0.0152650385238092,NA,0.026096093900165
931,-0.0398533853233823,-0.063793908534672,-0.033035850372434,-0.0522835932088095,-0.0119676928440487,0.0559876760324802,NA,0.011795695664181
932,-0.0479380431772077,-0.0443654414896356,-0.00934691800478625,-0.0730112381678325,0.0210728513644484,0.00175314521776854,NA,0.0588497082978839
933,-0.0148719508071752,-0.0776483552886132,-0.0571260144430422,-0.0174446468762145,-0.0237961505662507,0.075371670311369,NA,0.029964686372696
934,-0.0202150680357416,-0.0917119775322001,-0.00825123683714919,-0.0640050426102181,-0.0195074967708407,0.0131897094877348,NA,0.0516098320774475
935,-0.0257160056252973,-0.0704377072506696,-0.0261694216804837,-0.0154897574183962,0.00077733815681947,0.0134169250515649,NA,-0.0106500713254274
936,-0.0620779938137476,-0.0812514880402966,0.00861579426562098,0.0249234746702843,-0.00952140934967873,0.0293862616108358,NA,0.022291807468647
937,-0.0365375127534306,-0.0755218331789846,-0.0245724466735315,-0.053629348291281,-0.0109813361448607,-0.0353241792660973,NA,0.0438615708443189
938,-0.0726215694964405,-0.118509773981565,-0.0988877748885329,-0.055978882852251,-0.0218923443016713,0.0268791265287671,NA,0.0412326701106808
939,-0.0291003349577259,-0.133012689303471,-0.00236544773567969,-0.0195639849619104,-0.0220082578153826,-0.0134400656210873,NA,0.0922064982058258
940,-0.0185865677626407,-0.0344810678110149,-0.0541101126342773,-0.0229419551142176,-0.0265617433509794,0.0125766461125207,NA,0.0850946924751035
941,-0.0143748461404601,-0.132746828632977,-0.0119777008765017,-0.055858806608813,0.00980560978927538,0.0404101779479102,NA,0.0726429953627138
942,-0.0394445533247105,-0.0938045677165708,0.000432572439756349,-0.0310440604510039,-0.0205891582152103,0.0110622623214816,NA,0.113809395232631
943,-0.0374245774118413,-0.0820443882488359,-0.016471148057215,0.0318892314966391,0.0159473633101482,0.021015752404345,NA,0.130912814757772
944,-0.0370612989161505,-0.0254008620345688,-0.00900035125559211,-0.0423915800643707,-0.000181917516335874,0.0777489981675003,NA,0.0483675116169505
945,-0.0468001086614895,-0.081404873549632,-0.0217945796968587,-0.0449578292177245,-0.018950344781475,-0.00563505601152076,NA,0.00230161907689075
946,0.0161044921844294,-0.0656909564753885,-0.00620574658326105,-0.0499404655767778,-0.0119193314217671,0.0606485842595506,NA,0.0415155379324094
947,-0.0575166928025089,-0.0809216678881442,-0.0205504161907265,-0.000592318016962995,0.00611687617234181,0.0458184586345583,NA,-0.0115073921011732
948,-0.0409148219109823,-0.0550720585898227,0.00328722673670612,-0.117066098399438,-0.00710180573384132,0.020143882037596,NA,0.183479514854859
949,-0.0607628591694316,-0.0543331216457651,-0.0619452230402156,-0.106065041558048,-0.00619718086972507,0.0185234052225836,NA,-0.0555132003204913
950,-0.014315167303042,-0.0868260076882824,-0.0234176087008225,-0.0652478980002204,-0.027766550523964,-0.0729396044046789,NA,-0.0997772508203524
951,-0.105742091106965,-0.0392716636194633,-0.0298565907931387,0.0327139572613152,0.00710390924124039,-0.0136666928384915,NA,-0.0245312285838974
952,0.00254294883839293,-0.0857540921323279,-0.0686087323596171,-0.0463209350671211,-0.000895290132317067,0.0598344318066377,NA,0.035469180898143
953,-0.0571144638137213,-0.0799126480988477,-0.0528564310966772,0.00681794839599373,0.00238575285781458,0.0200068042623924,NA,0.120736415708044
954,-0.0550675012653162,-0.0784388470322658,-0.0471698120089963,-0.0642724724848968,-0.0208242564487845,-0.00563922074055087,NA,0.0690852543794302
955,-0.0255055453201232,-0.106765432142707,0.000182607759142736,-0.0228420223328115,0.000966040860769589,0.00685681297624233,NA,0.0432510677836959
956,-0.0184730384791663,-0.120854125673106,-0.0143938516857318,0.000351212911712473,0.0080598966843948,0.0662940365377419,NA,0.0191797288396278
957,0.00255318985707856,-0.117163564440052,-0.0166576274502553,-0.0813802268121255,-0.0123661063420844,-0.0379870954722496,NA,0.014320285417801
958,-0.0359806654712722,-0.111436317211236,-0.0461180857655523,0.0113097463588414,-0.00278724311020044,-0.0475289491055197,NA,0.13792975678011
959,0.0175609728914597,-0.0575754174449268,-0.0239492929032582,-0.0375890090202005,-0.0279938808561099,0.0711821276642063,NA,-0.0300749751462885
960,-0.0216765411425618,-0.0840888040658181,-0.0526202090087784,-0.000395674854863304,-0.0161523119489824,-0.0687320475328506,NA,-0.0126649697421353
961,-0.0968396365589732,-0.108367810125198,-0.0604679416338888,-0.0608866250109329,-0.0157490133417456,0.0244587850877352,NA,-0.00648017420994568
962,-0.0556128202002174,-0.0336824893485368,-0.00478811198120524,-0.0576476789532174,-0.00424591781983084,0.0526821717469254,NA,0.0609428180314389
963,-0.0705285202258003,-0.0396620554333673,-0.0381543318494092,-0.0360165688430957,-0.00990223834487609,0.0573815404483571,NA,-0.0722301492233824
964,-0.0186617139122168,-0.0681081191356952,-0.0260297865262645,-0.0354265493395678,-0.0113789220915507,0.0418712410617635,NA,-0.0556533388810403
965,-0.113646491418795,-0.0866102945108329,-0.0102206792289354,-0.0417190890066044,-0.0224650231129148,0.0964840843669554,NA,0.097278996171997
966,-0.0457256016197644,-0.10725290833754,0.0181539526717628,0.00841026493118638,0.00154688868366721,0.000794931615077793,NA,-0.00624209256659042
967,-0.0503306214250903,-0.0720289017813128,-0.0650516743977302,-0.0159047459556683,0.0022876366673883,0.0472733244070495,NA,-0.131296110292721
968,-0.00218277976985007,-0.109279795531646,-0.0396058674893242,0.0199293710848258,-0.0238728494782965,0.0578427298039923,NA,0.00702111621704166
969,-0.0172542534930187,-0.100495020386285,0.00661301823645968,-0.0304584049409095,-0.00127919575289093,0.00663929039206393,NA,0.0958717189132627
970,-0.0177371707820233,-0.138821555282382,0.0263411876458717,0.0151181791586309,-0.0160606997460941,0.0663812764648485,NA,-0.00718812012705944
971,-0.00356616924552616,-0.0787259209887747,-0.061293218238693,0.00351461525052371,-0.0138370082225228,0.0332304348191177,NA,0.0277615356345088
972,0.00401510704419608,-0.12836434099186,-0.0735416348911334,-0.0450506610334417,0.00388240405934686,0.0574885964178882,NA,0.0163788768442206
973,-0.0138964374953736,-0.134659786303262,-0.0688847454261418,-0.0352965191009802,-0.0154899942502811,0.00461896939135922,NA,-0.10895653684865
974,-0.0718376295559774,-0.118615917735304,-0.00255537901382993,-0.0807808473711322,-0.0149907891599586,-0.0291577629522312,NA,0.00141224390318173
975,-0.0519361146290024,-0.0600021161030335,0.0274574664764652,-0.0162537157174563,-0.0144059278450395,0.0209904149597796,NA,-0.094126360052623
976,0.0083365830664141,-0.113847720617942,0.000862507263573328,-0.0814881984279223,-0.0103274650201111,0.00275475807574388,NA,0.0440483264535627
977,-0.0311015125617845,-0.0907045158440185,-0.0331013438500453,-0.0131829587629584,-0.018236953248374,0.0366447377967828,NA,0.0560042468233093
978,-0.0210850756948913,-0.0717025523270345,0.000998419342198978,-0.099577082520242,-0.0109030953213043,0.0114223068458023,NA,0.0290032458311659
979,-0.00289465081996698,-0.0874436103366625,-0.00874792419360754,-0.0108888002190968,0.00119734090545941,0.0341955545491109,NA,0.123149503856714
980,0.00487429047748908,-0.0809206516213974,-0.0265317729487541,-0.0389033566488226,-0.0104098600928509,0.0111881277893591,NA,0.144023534474458
981,-0.0364272068865063,-0.0640946039322182,0.0139598150494983,-0.0626932491741514,0.0109068510179311,0.0440268749059037,NA,-0.0246502134991621
982,-0.0137072554555383,-0.093946743129727,-0.0528073880555779,-0.0594053846564715,0.0133555790853673,0.0517897693259106,NA,0.0402508383234263
983,-0.019388497250635,-0.0445584558241227,-0.0159976745065748,-0.0531282878128407,-0.0164079839243353,0.031849792655875,NA,-0.0451801745815668
984,-0.0308556383753197,-0.0827469065158575,-0.00284777478003488,-0.0285268638868438,-0.0075674179982924,0.00752087263954765,NA,-0.00970934257367462
985,-0.0694978076000153,-0.0726566125512984,0.0331021460653261,0.0137778167304437,-0.000906415181515158,-0.0450451857105121,NA,0.111441119082115
986,-0.0503224889394211,-0.0922779533416581,-0.0214779278818082,0.000784361811693196,0.0013451932548524,0.0123465325629231,NA,-0.0347626744285796
987,-0.024185675290786,-0.0974026436575478,-0.0150367603853524,0.0120780464685187,-0.023406943410315,0.0289545229658003,NA,0.0987842415521926
988,-0.0446093886048545,-0.0300610032748824,-0.0302531035874886,-0.107199528399928,0.0011294738783024,0.0220755855016991,NA,-0.0242177016438271
989,-0.0266049141298895,-0.0513798957942213,0.00162815212436283,-0.0440278379998276,0.0271537088027581,0.00506567215532461,NA,0.0316985708353593
990,0.00629073929202548,-0.0878478957676819,-0.0280943804285214,-0.0819918462408117,0.00819701968562186,0.0245227041002629,NA,0.0179939842686421
991,0.0111327932379781,-0.0519480024604705,-0.00993545329246104,-0.0713290360833313,0.000372296203073712,-0.0327621148768437,NA,0.0101917028937776
992,-0.0683391716503225,-0.0520141173401029,-0.00905490705357087,-0.0266916826217641,0.00494696989739027,0.00866754962947733,NA,0.097756131062851
993,0.0166787228087034,-0.0637232299289558,-0.0263238775238361,-0.0447011908685389,-0.000505552545216212,0.0214729812367692,NA,0.0463179544259332
994,-0.045027730106026,-0.0781807451134613,-0.0255757330843422,-0.0334661119333587,-0.00115625000219748,0.0294987732967751,NA,0.0692932302461322
995,-0.0369102699638462,-0.125335708837047,-0.0340483928122293,0.00643381135007465,-0.0101027022127256,0.0315644106931097,NA,0.0440490542923483
996,-0.0226254983995763,-0.0872822730367814,-0.0283681648765162,0.0135594033193855,0.00648755309884957,0.0189202135817427,NA,-0.000565216214906572
997,0.00569898385508408,-0.0499250048010251,-0.0234056967467205,-0.00678822038690441,-0.0189402338194978,0.0087082793939709,NA,0.063780518509804
998,-0.0747821715518774,-0.0659104144064407,-0.0379649446376694,0.00904118501803841,-0.00253284753088153,0.0149999738706575,NA,0.136278960761278
999,-0.0220005841767879,-0.0206938489653644,-0.00374899206405011,-0.0209994213787369,-0.0291215272506165,-0.00616127098841987,NA,0.0804316488674607
1000,-0.0251426794684365,-0.038300049202698,-0.0304716400765536,-0.0100410670006106,-0.00404471940180728,0.0061022407161504,NA,0.106291515114377
