"replicate","Q1","Q2","Q3","Q4","Q5","bottom_decile","risk_lt_5pct"
1,-0.0383710084084029,-0.0416456570771713,-0.0222285063113303,-0.0224423123168583,0.0148982538024708,0.00488929225148017,0.00477374590548708
2,-0.00512115018440362,-0.0345145182204561,-0.048788229098915,-0.0668219159778993,-0.0120926128375305,0.0136307276632576,0.0136307276632576
3,-0.0140329850610868,-0.0484951088851175,-0.0443623567868876,-0.0733514241275957,-0.0196330024512832,-0.00103531017906771,0.0047172293679871
4,-0.02792184390982,0.000990226302366434,-0.0626393898282913,-0.0294425435357853,0.00702244305480705,-0.0150736791010053,-0.0178738010649012
5,0.00337671649343128,-0.0380427546384159,-0.059212860512722,-0.113084087157889,0.0321714662736952,0.00671206398782725,0.0031798639278471
6,-0.0522748616273368,-0.0214102951280384,-0.0849092213495878,-0.0262994691518594,-0.00589086703498536,-0.0377619959823106,-0.031809400750702
7,-0.0727455088671193,-0.00811150972133531,-0.0228324145386986,-0.0609494077405884,-0.0157738436271147,-0.0390869092696999,-0.0404902539439672
8,0.00479729110793133,-0.0117596584710682,-0.0388415372011826,-0.107202933104519,-0.0367229969843899,0.0596448900117741,0.0516678409905695
9,-0.0518609572984696,-0.0502153010585501,-0.0469846898651265,-0.09876408974367,0.00126772061064184,0.0174782616978239,0.0238858758999177
10,-0.0330987776600098,-0.0623978284678851,-0.0194498230401413,-0.0563768742514989,-0.0141312702869401,-0.0154769254778287,0.00737969298584196
11,-0.0677102553749485,-0.0144501484156873,-0.0601097542317669,-0.0228428675834394,-0.00773630710789046,-0.00356149604490552,-0.0195050112506513
12,-0.00416914015184681,-0.0527084474453846,-0.0129426580157008,-0.0840033368370675,0.0185095440274871,0.0319805336089908,0.000857345371251914
13,-0.00580235916918134,-0.0501539740373331,-0.0286134698260498,-0.0771314686613019,0.0179972304173512,0.0100962717261896,-0.0133032923656291
14,-0.0125833216197592,-0.0143802893346649,-0.0572736539941149,-0.0653440564346672,-0.00727494361329285,0.00413110604687423,-0.00246069774444105
15,-0.00769081606100198,-0.0389167430517286,-0.0799497678814191,-0.063713796199402,0.0113392189611762,0.0199048154851678,0.0439750247646728
16,-0.0240640374362943,-0.0288979557286059,-0.037655378246265,-0.0831118681292632,-0.00550572431314483,-0.00904559858094997,-0.0113861287311127
17,-0.0229585414902352,-0.0246313802873987,-0.0862501485247431,-0.0184909011730117,0.00167783151050575,0.0130845554980753,0.00250450069919235
18,-0.0252434130752374,-0.0509318278854751,-0.0831852512454778,-0.0362306652609395,-0.0193208058435753,-0.0216338470091225,-0.0220655936667561
19,-0.0384268702265269,-0.0539629238878818,-0.0168785472914563,-0.0571363427750455,-0.045307944969216,-0.049397504165035,-0.0461284053348529
20,-0.0505101534925694,-0.0143349822209841,-0.0753939142400391,-0.0768249642331156,-0.00272422891443112,-0.0256200249286978,-0.0480229738324588
21,-0.00534903257320343,-0.0349846870684352,-0.0659129687452892,-0.0116687472502375,0.00928583842374957,-0.0179666162096567,-0.0168668618413594
22,0.00557321995105155,-0.0227980086421955,-0.0404603664729955,-0.0484046343948351,-0.0139860385142201,0.0399593302109856,0.0442135824594746
23,-0.0786731732633583,-0.0474893884140937,-0.0414115907774187,-0.0482286653340522,0.0135122337736591,-0.0423649190083144,-0.00219276764504857
24,-0.0395352215513437,-0.0566140549234572,-0.0451880641801321,-0.0445114386678053,0.0185611875141134,-0.02884852791329,-0.0251031881588303
25,0.00548621873583019,-0.0297097901962375,-0.0395434732487007,-0.0329338834438723,0.00426842157223016,0.0251271749047019,0.00690272279709145
26,-0.0304288591050542,-0.0230302281896069,-0.0484791317166949,-0.0594003366954389,0.00332405403793343,-0.0154173030877117,0.018891592990458
27,-0.0284979378429625,-0.0256691514549879,-0.0400942167644694,-0.0877136838642911,-0.0312882873256463,0.0215164892112759,-0.00368727788911587
28,-0.0350543426133475,-0.0227496896041865,-0.0827783290402618,0.016228003622622,-0.0000961774626525025,-0.0123900110164937,0.000827422926356305
29,-0.0329507961878139,-0.0223433635682357,-0.0575197411397407,-0.0222885419075515,-0.0468564590351678,-0.0465794881785746,-0.0365157515041351
30,-0.046242800615215,-0.0582498636142203,-0.0374678084419524,-0.0690500852587514,0.0156844739031142,-0.0141348753895527,-0.0141357286571993
31,-0.0129355926914218,-0.0476031925137165,-0.0495655556526114,-0.103034179558961,0.000496554850721323,0.00983298339128641,-0.00922637248948485
32,0.00413246269626791,-0.027556298602272,-0.024351616328229,-0.0566686660403779,-0.017081591758412,0.00566070396200386,0.0146973864481377
33,0.0117254386993523,-0.01424739008564,-0.0137978783429093,-0.0810638143205323,-0.0091076654357098,-0.00102480223843503,0.0104784306823237
34,-0.0154782440446234,-0.0704282174155613,-0.0345712763615698,-0.0271820533282825,-0.0274330189313652,-0.0358759292834149,0.00118736295455937
35,-0.0454452795985929,-0.0522273597037313,-0.0392769052665776,-0.0655604859121683,0.0121706211046104,-0.0177908416817776,0.000363847208675938
36,-0.0243023235516528,-0.0390464221898381,-0.0456361694412879,-0.0460843674895925,-0.00166038552024957,0.0261836830436969,0.0256303552486684
37,-0.0522159836585505,-0.0281726620092388,-0.0172950267480673,-0.0657887744424163,0.00297118279991626,-0.0168608965580753,-0.00655884839056212
38,-0.0645981628766765,-0.0709989358461048,-0.0295598959909929,-0.0597483803531223,-0.0107081777576353,-0.0438035891102469,-0.0401529212501588
39,-0.0452193992260291,-0.0605985839799313,-0.0755662062235321,-0.0156862060990499,0.0235133317383917,-0.0181512872723722,-0.0325655327855666
40,-0.0285782762895722,-0.077459811775112,-0.0329595848505906,-0.079538646450335,-0.0302337148076392,-0.0303899834782583,-0.0255414084080805
41,-0.0530582713262928,-0.0114293724524005,-0.071557682347177,-0.0149183472646547,-0.00702655901463674,-0.0145377694697443,-0.013954267233392
42,-0.00679911082191884,-0.0389752822438453,0.00440343122000142,-0.0585552171695198,-0.0281021533743135,-0.00566817837914482,-0.00859958408989218
43,-0.0159918315653316,-0.0115699513734762,-0.011345562236134,-0.0954761901425172,-0.0243139293445967,0.00483002584833957,-0.00462034072715033
44,-0.0562631050379427,-0.0312737208445763,-0.032363379483638,-0.0674499217801617,-0.00882255401222133,-0.0336267321152567,-0.0357378576042695
45,-0.00860145710948571,-0.025332453711292,-0.0135926667818516,-0.0743067750420876,0.0287944954037924,0.0280974403378316,0.0393625676248404
46,-0.0696741860250903,-0.0401301018288898,-0.0330855625581698,-0.087442972573926,0.0269827585792573,-0.047116674306142,-0.0486636230120881
47,-0.0198573583871645,-0.0374918079174231,-0.0346035074008834,-0.0766774379429001,-0.0409408253921015,0.0302587175118182,0.0333290888881109
48,-0.00543551277704002,-0.0490193561337672,-0.0200895847103874,-0.0322070511309875,0.00877977761994846,0.0462889387414432,0.0482556345526195
49,-0.0654712967098497,-0.0133481954632632,-0.0444096622657067,-0.105835304428332,-0.00282078894718135,-0.0302072265164123,-0.0339952948147857
50,-0.0425476761955765,-0.0203520209349778,-0.0327570840339972,-0.0239091207330123,-0.00177969767289016,-0.0263827915424779,-0.0406712740842614
51,-0.0213246973295026,-0.0303353054065673,-0.043021475314257,-0.0462345577897974,-0.00804164125689837,0.0197786319175974,0.0179615089305327
52,-0.014882520033674,-0.0530796124942009,-0.0109711593960385,-0.036931707813376,0.00754494608643513,-0.0322467011175487,-0.0289545178412973
53,-0.0497109985295057,-0.0492475939068485,-0.0395143102068902,-0.0290885021859516,-0.0110121155063623,-0.0211255551016046,-0.00986953994751195
54,-0.0119911846744186,-0.0311130633082495,-0.0669799481169367,-0.0360158346166873,0.0302412278403733,-0.00777178457160485,0.000630350748721864
55,-0.0287348163782772,-0.00476494878813215,-0.0592314020212405,-0.0572092353378756,-0.0162538541460846,0.0255948552911487,0.0213890651876793
56,-0.00979440477310754,-0.0428728895541599,-0.0524701247215222,-0.0604141728982264,-0.00566848126675262,0.0194372410429933,0.0435755814056373
57,-0.0329916230248959,-0.0292066909783733,-0.0531107594485085,-0.0675464028248662,-0.0223701789277425,0.00587206428760193,0.00495443518628098
58,-0.0323921936380619,-0.0298401576679847,-0.0392234202823265,-0.0512736950113767,-0.0125997386372064,-0.0245633238110263,0.014512559695117
59,-0.0389670081568101,-0.0629176434106721,-0.0540681528601823,-0.0574785174904242,-0.00662187286698454,-0.00174915221500874,-0.0376927187288466
60,-0.0348402662665639,-0.0478890444768186,-0.0628588872519301,-0.0637120780942763,-0.0259896964783914,0.0252003769651563,0.0161652908337803
61,-0.00857710796884459,-0.06905163597507,-0.05643808767949,-0.0453005921855433,0.00125651381040501,0.0103033986578685,0.0579549659418129
62,-0.0450809816778852,-0.0221369396085255,-0.0123696343349675,-0.0532212398573043,-0.0224852776197262,-0.0298307536898174,-0.0303410736092696
63,-0.0426415790204707,-0.00893332728545781,-0.0604976287509395,-0.0879849028074528,-0.0269111812117639,0.0102748485607693,0.0109477899275261
64,0.00368783092017072,-0.0461652241156869,-0.0161560055563747,-0.0312407697437666,-0.010744105369141,-0.0108157876838641,-0.0173378703439904
65,-0.037186520496112,-0.0258558241301889,-0.0311965489043068,-0.0650974393414343,-0.0102745947139908,-0.0464139216155629,-0.0495174173090012
66,-0.0110966491459958,-0.0389914395302932,-0.022878575181448,-0.0664107702058304,-0.0280706607166776,0.00449508921420803,0.00861644234308448
67,-0.0104539702657964,-0.0632358030856012,-0.0360501039932786,-0.0392965642446639,0.0299813694051333,0.00329077570525443,0.00752557783773457
68,-0.0271046074570315,-0.0534375179760533,-0.0412713350797705,-0.0527405660954348,-0.0230420188557297,-0.0355293151347581,-0.0348399539128204
69,-0.0356099624637953,-0.0758675591947216,0.00736668851931972,-0.0314346703858192,-0.00960788074882998,-0.00589453598174762,0.00811691770802619
70,-0.0372361731802496,-0.0309760809055989,-0.0376932934171864,-0.0569979431281563,-0.0216597863713082,-0.0441484686795449,-0.0480053928827274
71,-0.0376094604200022,-0.00365877049292569,-0.0218427351939807,-0.0604425036257088,-0.0211586312681638,-0.0367247349099827,-0.015751485000923
72,-0.0387156924601917,-0.0413691697692543,-0.0553869734595204,-0.0723552422486935,-0.00182962043948792,-0.028775734257785,-0.0351114496848458
73,-0.0448089592633225,-0.0389398450674456,-0.0635969669934357,-0.0370901968028693,0.00945028327650238,-0.0398496693088162,-0.0286318442537554
74,-0.0637420510946616,-0.00528744726727119,-0.0493233325160577,-0.0528679766352892,-0.023486429416242,-0.0123389833446188,-0.01927750662771
75,-0.056794919889334,-0.0205574825630267,-0.0284971714298931,-0.0403658768206746,0.0160922406282898,-0.0175142923616974,-0.0192445184319326
76,-0.0420785160714936,-0.00114686930300145,-0.0425310164469081,-0.0891127006058503,0.0264446726772013,-0.0212313746892356,-0.0252213777668009
77,-0.0278510289625306,-0.0603958381204301,-0.052331975227142,-0.0135075487951139,-0.00441559699792227,-0.0368680128481583,-0.0376016931422486
78,-0.0173139661886274,-0.0316957579333499,-0.0277538510873348,-0.0334565236614943,-0.00997054209807866,-0.00821422663856115,-0.00687764363513686
79,-0.00581423419163006,-0.0444929787489208,-0.0220963452440802,-0.08034447116103,-0.00754558491619688,-0.00568300432687271,0.00829235910085185
80,-0.00588602326904178,-0.00209129338773024,-0.065981766067388,-0.0519774618334546,-0.0133982545174259,0.0218407888491736,0.00763229758540274
81,-0.023939590050454,-0.0179736736810212,-0.0343476260364511,-0.093199248580474,0.00763758491487347,0.0189073155340971,0.0265074776202033
82,-0.0200563039374454,-0.0462343755167924,-0.0106590592822631,-0.0705621566998123,-0.0180318029961434,0.0301789005172229,0.0318200429244964
83,-0.0287870549295339,-0.0771825036342561,-0.0174036118182745,-0.0544183585424653,-0.0245957954526971,-0.00843009883579078,-0.0129854836016174
84,-0.0195110849069572,-0.0823353800712981,-0.0470610152895293,-0.025058111301463,-0.0038807860066418,-0.028985078505434,-0.0198054445453246
85,-0.0116492308035589,-0.0278740921699835,-0.00888932479065731,-0.0510931375774434,0.0244880920741122,-0.00829561106445341,-0.021923710526036
86,-0.0321636236835892,-0.0133493076169778,-0.0387182097881065,-0.0712044225338804,-0.025651103393963,-0.00882356249201476,0.00301455331498333
87,-0.0417785864505536,-0.065971134455365,-0.0526726804483585,-0.0466088324489752,0.000227501246975931,-0.020431468764794,0.0012631411867767
88,-0.0483807741869526,-0.0130344013334387,-0.03890721653724,0.00562627484549005,-0.0202887356599931,-0.0505439923311313,-0.0472345565021621
89,-0.0455101419532407,-0.0229120784002071,-0.0762787522354838,-0.0337928846934463,0.0347473564735064,0.019999111341376,-0.0198532133906267
90,-0.032061941626805,-0.0624251900683213,-0.0691611778608254,-0.0675281060495843,0.0310260351685076,-0.0362656418027706,0.000211904594906581
91,-0.00840670655415006,-0.0105036479197139,-0.0789157741534663,-0.0299850376741127,-0.028703950687183,-0.0125271183164303,-0.0130626198190148
92,-0.0161142257529325,-0.0235726321979233,-0.0762248919450582,-0.0382406864774824,-0.0225347281780822,0.00576868395465633,0.0160814431406419
93,-0.0161706939485961,-0.0268564579363105,-0.0733677583569722,-0.0550200906941675,-0.0151459328495583,-0.00257749311299144,-0.0200930204262909
94,-0.0324173165966175,-0.0324052495759983,-0.0283490247318504,-0.0955516880241558,-0.0136519401211545,-0.0323552502933316,-0.0183313736622133
95,0.00568074799218732,-0.0675711398290507,-0.0701993431929883,-0.0593472887490616,0.00698992163231274,-0.0142089101199603,-0.0239800344231748
96,-0.0371677921451749,-0.0160881958094999,-0.0609253019817856,-0.0807214166066524,-0.00553847271009697,-0.0220254943610632,-0.0145084662171208
97,-0.0191474368725802,-0.0246083031150727,-0.0290046078833221,-0.0680712807437033,0.0170427675173916,0.0255617678512837,0.0159097516204352
98,-0.0310465523435041,-0.0631130827158254,-0.0549062640611669,-0.0852296048612919,-0.0177021678015651,-0.0190638936296616,-0.00765834288096141
99,-0.0620073922870998,-0.00317783479204245,-0.0298003890983429,-0.0788741467540445,-0.0106975050015775,-0.021169582800098,-0.0316687360707994
100,-0.0294452208030391,-0.065251662189001,-0.029454305164444,-0.0620765963055442,-0.0619896365287653,-0.0543672946285395,-0.054305216523727
101,-0.0396553220883964,-0.0323731636685684,-0.0434544322629035,-0.0902542095531252,-0.00931745661035767,-0.0180197743023631,-0.0259443577273311
102,-0.0355185546904237,-0.0494638480598492,-0.00571293851427104,-0.0488585502924507,0.00656445134396234,0.0227615787488544,0.0168275694362226
103,-0.0486872330869256,0.00357542781969063,-0.059731229786648,-0.0679115823809306,0.00295456564906098,-0.0110334183690183,-0.0111599631268394
104,-0.0355185539722855,-0.0222512535569618,-0.00588097686176857,-0.080773365845894,-0.0000163294715870982,-0.0160428050033894,0.00197416322530698
105,-0.0152712038342707,0.00252895799328157,-0.0877860671191079,-0.0464014907107923,-0.0128878782270497,-0.00501454594798675,-0.00910629782695539
106,-0.0452839449402165,-0.0341992256724204,-0.0101338049738891,-0.0591568336984173,-0.00508665777424322,-0.00304949742614825,-0.0158630479833846
107,-0.0110632997886765,-0.033758480456345,-0.00481215102407667,-0.0617884440903897,0.0427160776696957,-0.0198481378755696,-0.00751946633931228
108,-0.0282007774114911,-0.0118037267329312,-0.0434241561016915,-0.0168135949127943,-0.00444467496911491,-0.0171164537296584,-0.0644264624402355
109,-0.0533476422687305,-0.0442628700607098,-0.0461411619571219,-0.0961270688669068,-0.0224377975222068,-0.0409792577993597,-0.0294998832237647
110,-0.0332771194208572,-0.00578051450677942,-0.0869267154840633,-0.0609697053844925,-0.0357492205819675,-0.0336474670848714,-0.0161629934136568
111,-0.041993362134349,-0.0357246297699584,-0.0524827495104513,-0.0612655000322239,-0.000942898106020718,-0.0246183676635649,-0.0193056601586419
112,-0.0393230990905352,-0.0221850927211519,-0.0290259542161181,-0.076416563996044,0.0105015628159709,-0.0269361329563592,0.00670964553672575
113,-0.0219885838538041,-0.0508354393607975,-0.0872156228085227,-0.0676221249968597,0.0278475026641204,0.0114834935138231,0.0288397377686268
114,-0.0574960013244233,-0.0411230828776424,-0.0114370297878374,-0.0811705734199388,-0.0137338616286837,-0.0457503397770668,-0.054431826476499
115,-0.0184003333002222,-0.0390055420959035,-0.04470151776225,-0.000967993062471875,0.00468460111208939,0.00920308621285336,-0.0104609771046954
116,-0.0268554187185867,-0.0186439940035457,0.0106909698921016,-0.0456751931424516,0.00842423632414073,0.0163192719922835,0.0187082273075368
117,-0.0302206824529692,0.0152028245013783,-0.0443444011603218,-0.0581757504890189,-0.014944288009339,-0.0245171486070005,-0.0277488266289773
118,-0.033651061921593,-0.04287188810062,-0.0178833438581103,-0.087924520766437,-0.0018475159022239,-0.00985056118296304,-0.0317294100467791
119,0.000797356583854672,-0.0164016110985296,-0.0465653876422264,-0.0423688064219107,-0.0233411118607046,0.00617391520135409,-0.00411492372896423
120,-0.0547499974202728,-0.0198969638403431,-0.0267708721829383,-0.0894041468241895,-0.036629434185917,0.0186413608941328,0.0398776241714226
121,-0.0232767989935038,-0.0444469554307766,-0.0190267617307556,-0.0461461340678131,-0.00133431879097844,0.0192212673324072,0.0233612423587182
122,-0.0240380662274566,-0.0316878825078217,-0.0176259511765512,-0.118211210538051,-0.0293862712360353,0.0181283826087756,0.017431680036771
123,-0.0303472986265684,0.000137157299425608,-0.0277326386436049,-0.0542383030652533,0.00143836892900286,0.0101052510770829,0.0406245261262948
124,-0.014220987907853,-0.0221485914564056,-0.0866012510402145,-0.0712861854838509,0.00620829602821239,0.00305772469690644,0.0254471068215477
125,-0.0412379830594373,-0.0504579118683552,-0.00153285663795458,-0.00907361516742611,-0.0171650522775107,-0.0196231957320047,-0.00147649219598323
126,-0.0667120147164433,-0.0348559831617987,-0.0755789895874395,-0.0255798509541401,-0.0170915008414339,-0.0513060241589062,-0.0576524877791515
127,-0.0202061541155434,-0.0516176225140194,-0.0207394384643589,-0.0516389444649161,0.0203338985884957,-0.0288729877050194,-0.0527259494822576
128,-0.0382497794311087,-0.0400382407361986,-0.0276865244924118,-0.0455509220926473,-0.0194202479235996,-0.00330884895352697,-0.00779167495854863
129,-0.0482895485255146,-0.0140151529804748,-0.0471483968939317,-0.0437506274723011,0.0345275063696077,-0.0221550820252681,-0.0295778172781543
130,-0.0338817470420495,-0.0301997154410824,-0.061313396341744,-0.0320649428954413,-0.00588528580725618,-0.0282629122529989,-0.0215885696851177
131,-0.0317441981815301,-0.00440727047982969,-0.0500630226142858,-0.0494573152330536,0.0117317436250767,0.0113242255427521,0.00932132667034011
132,-0.0121444237747472,-0.0402153905771736,-0.0473057624345759,-0.0299054368423327,-0.014459229153965,0.0418544471868896,0.0211054949022441
133,0.0070563617358637,-0.0151302608923222,-0.101316357214042,-0.02226113995322,0.0284057034921008,0.0190733120019781,0.0124924607471847
134,-0.021969116841612,-0.0530822368785705,-0.0113035289836297,-0.0706753153253689,-0.0406409977171247,0.00183878351738179,-0.00481567666912537
135,-0.0352162304932192,-0.0435590696187692,-0.00189391123169096,-0.0724571328550149,0.0139131047398708,0.0146947438494981,-0.00152023156048359
136,0.00994327416196175,-0.0170793264436077,-0.041613820046962,-0.0641659197814675,-0.00397672331076396,0.0395491399522709,0.0312071047031887
137,-0.0210221065310047,-0.0344383549724527,-0.0451319985922379,-0.101356518676689,-0.00886255467988073,-0.021763389133571,0.00590275403018711
138,0.0187105802256382,-0.0439965757383379,-0.0509130424351246,-0.0356135430525731,0.00356981474153897,-0.00221326511410683,-0.00244225005899304
139,-0.0405959451592428,-0.0180609540448066,-0.0194633535633229,-0.0884530420423693,-0.033659445430568,-0.0157075167367963,-0.00463909024211673
140,-0.03792173638005,-0.076960311545935,0.00139160550292362,-0.0396347104661022,-0.00319332660361636,-0.0199809416503695,-0.00320913385443175
141,-0.0198434122178729,-0.059329918844276,-0.0197144039708299,-0.0299161395818437,0.0304772037940641,0.00256488585651278,0.00506762794136586
142,-0.0289265300032219,-0.0187114469526182,-0.0677712565069766,-0.0580204586449781,-0.011199955244102,-0.0189539118278245,-0.00580790914065712
143,-0.0233163174700819,-0.024936493935827,-0.0399127994598249,-0.0726645539916557,0.0346619039322071,-0.0271928760999473,-0.0285648733363759
144,-0.00595276912092256,-0.00228283473346585,-0.0318519726703248,-0.0536561573039896,-0.000483542057217609,0.0353003813087471,0.0300382417701528
145,-0.0247463441678446,-0.032169796453342,-0.0484786461056327,-0.0383005820595182,-0.0217601645624347,0.00354971933980933,0.0179278242580685
146,-0.0475803276871948,-0.0250398611563054,-0.0504678383561398,-0.0593298010807665,0.0140177438114604,-0.0509453383511645,-0.0251253367130469
147,-0.0559819886670358,-0.0473745614552762,-0.0518288666482449,-0.0593103494121536,0.00545982231140257,-0.0300872574255969,-0.0424412849932051
148,-0.0756735181152469,-0.0275502022308198,-0.0128889155654956,-0.0393483500033761,-0.00267854702707172,-0.0520893706512912,-0.0549488757646433
149,-0.0236773161008305,-0.0331336351156978,-0.0784748972288362,-0.019246057775932,0.0278311226263052,0.0393599781165294,0.0396606675286223
150,-0.0326964974244618,-0.0094707280464924,-0.0359635755332389,-0.0541601182661001,0.0247824996827754,0.0262921637571738,0.0280503285876038
151,0.00399862313004695,-0.0487091544676234,-0.0249888441399072,-0.0799866718910617,0.000618175347845737,0.0450992563979602,0.0637524450750962
152,-0.0330986580553835,-0.0724473320872474,-0.0359357482455955,-0.0517385281311533,0.00964967797063285,-0.0287079963652494,-0.0372404870250537
153,-0.0597751993794245,-0.0333742924769537,-0.0450253871704803,-0.0201776690234615,-0.00641928360739423,-0.00376182116322424,-0.00296574895911394
154,-0.0253565414161497,-0.0106685595174361,-0.00397325501534213,-0.0571833062178971,-0.0119765130243877,-0.00630025657414205,-0.00626123814128906
155,-0.0243187942542509,-0.0139075990997307,-0.0540126798191589,-0.034078988669557,-0.0127866015479223,-0.00469007490328846,-0.0029252339923042
156,0.00817248657529618,-0.00643266362931447,-0.0111469177071761,-0.0971159020422614,-0.0156587443626117,0.0577420366049344,0.047505200533207
157,-0.0459926591198692,-0.00711383395458452,-0.0728966141102042,-0.0579616809660245,-0.00112234320032355,-0.0224740049065177,-0.00530032038157331
158,-0.0448596099185955,-0.0146015697182576,-0.00479828399334051,-0.119404935662106,0.00509954178104072,0.00389297521637105,0.0135748174472575
159,-0.0300981682253269,-0.0239029338550428,-0.0120978133023695,-0.0520096638810477,0.00250227406866803,0.0386656329184655,0.0428989076663568
160,0.000514181883368256,-0.0398661693380743,-0.0296362919577527,-0.00914977882613932,0.00512887651697484,-0.0120004468812068,-0.0108080342944494
161,-0.0287095829530725,-0.0197762715037851,-0.0356296972011709,-0.0512195931552828,0.00747665889468911,-0.024909298370362,-0.0339593211337776
162,-0.061099688311412,-0.0274038038112322,-0.0717114560104737,-0.0154680407082407,-0.00205097625018591,-0.0236804587882981,-0.0244472749426725
163,-0.040929065353989,0.00869888434387898,-0.0271365321640368,-0.0554904639471321,0.00884781684295585,0.0242049567683102,0.027520135382842
164,-0.0125814757329998,-0.057350977946731,-0.0899030283104353,0.0111615509748884,-0.00221350715643279,0.00618848167922374,0.0698170143219186
165,-0.0450187656124368,0.0328582236201122,-0.0671311992916507,-0.0482636525338689,-0.025325250258591,-0.040389940533061,-0.0429749646929139
166,-0.000925692399641742,-0.0246689079226986,-0.0206407166088605,-0.0345162378567202,-0.00980219273992564,-0.00600785656153399,-0.00870976342982444
167,-0.00675788843311041,-0.0401386284995472,-0.0823733857634255,-0.050034336802047,-0.0137769882138357,0.0381121309214045,0.0414111571680385
168,-0.0499843768397975,0.00326562926813338,-0.0246992424088336,-0.0683226517194961,0.0132352111683722,-0.00871040845080137,-0.017528902118904
169,-0.000812711229476459,-0.0486088898756768,-0.0169836171636909,-0.0538636251746651,-0.0340792494972671,0.000414804272023409,0.000891241302961962
170,-0.0241691629290914,-0.045348404133522,-0.0296692962429566,-0.049606808076333,-0.0187727958753672,0.000544714862617562,-0.0197269866274088
171,-0.0302744265733825,-0.0141090983797823,-0.0480208842206079,-0.0418993881095428,-0.0108728025174194,-0.0135932864072096,0.00907987284262865
172,-0.0485525384038391,-0.0500125252420824,-0.0739532443484274,-0.0593542756827733,-0.0235454398651182,-0.0240591368974711,-0.0349174361093116
173,-0.04991875606744,-0.0725366059213661,-0.0360531109809944,-0.00570722046055992,-0.00277007317287341,-0.0134549654018178,-0.00837384809681273
174,-0.0263105573070298,-0.0352410579468471,-0.0411493536020133,-0.0644624165220569,0.0182174467165651,-0.0298456415960651,-0.0390107032130779
175,0.000455682747363698,-0.0253403931163193,-0.0229107599322351,-0.0560797604186841,0.0157073967473837,0.044048018983441,0.0416789743067953
176,-0.0360788114959709,-0.0237817302175868,-0.0885855566032536,-0.0350874992653939,-0.0114886422646489,-0.0236554295635503,0.00649268908917634
177,-0.0211749909422996,-0.0526210264880646,-0.0311480403597921,-0.0511701734830196,-0.00482093151344035,-0.0259554163936227,-0.0217761197308991
178,-0.0170381574031465,-0.0567091343725879,0.00371630541695056,-0.107042057307061,0.00242092337416297,0.013176838739956,0.0143111761018589
179,-0.0287819644653146,-0.041458991807247,-0.0107452869855882,-0.0912525722614032,-0.0394342277175091,0.0051044106217067,-0.014670818946312
180,-0.0373659905409208,-0.0409843129562027,-0.0544662671625638,-0.0201385283849079,0.0088571711765158,0.0156161285253456,0.0170479485618216
181,-0.00207379457437229,-0.0426377750587586,-0.0376283438480782,-0.0778356372823152,0.00239271363971241,0.0468450328167743,0.0721242071386223
182,-0.0239895341833207,-0.0169340418691689,-0.0779860658923767,-0.0147077145636284,0.00758210719639646,-0.00691467184263396,-0.0101183002942029
183,-0.0498483811202505,-0.0374469454235855,-0.0561472791524288,-0.0358779620345793,0.021139867506932,-0.0510225812432713,-0.0466108425901366
184,-0.00536225745790025,-0.0206834083375227,-0.051265678891923,-0.0526257861471327,-0.014628072176955,-0.00976541708885917,-0.00530599131309636
185,-0.0482408993395569,0.000411821083593153,-0.0671294677956072,-0.0518527144057409,-0.0107352800480119,0.0232999828529084,-0.0226359469290379
186,-0.0268920915638027,-0.0252191262990706,-0.0541208129914452,-0.0527376473546599,0.00902323330424626,-0.0174092729688015,-0.017196877770365
187,-0.00602494931447098,-0.0770823434704076,-0.0160341950310366,-0.093918818988896,0.0166413182006716,0.0222693319827901,0.028858532261577
188,-0.0215581408081328,-0.0187063848452444,-0.0510032861550696,-0.0398269518336308,0.0346492427538756,0.00233176726910159,-0.0154939153767674
189,-0.0232432374363454,-0.043835475661994,-0.0408281955406057,-0.0552514027582461,-0.0262596060473574,0.0188030242027578,0.0000257407817024352
190,-0.0299845145341587,-0.0383827309370941,-0.0196175237597323,-0.0673591943202864,-0.00357940510641322,-0.0237318035437334,-0.034314802399738
191,-0.0239485380624065,-0.0541927422732385,-0.0457175114410278,-0.0226268295981575,-0.0131595085432053,-0.0124041430944467,-0.0163961429496658
192,-0.0324845927078796,-0.0132000299666584,-0.0294387486495084,-0.0717470587696105,-0.0173555079464871,-0.00278455806371516,-0.0046386697378695
193,0.0016438808716368,-0.0376279087644509,-0.0427009380070335,-0.113683097941175,0.0247735080162191,0.00379892164244205,-0.00508383503424596
194,-0.000983294310875515,-0.0322554960048548,-0.0355857004203935,-0.0843750381189589,-0.0156107339434805,0.0791404646757192,0.0882832039985031
195,-0.0247485862076427,-0.02827531388923,-0.0717177122268598,-0.117754108257113,-0.0125471014641558,0.00783487668577207,0.0120391911594208
196,-0.0480138077924324,-0.0182462575702268,-0.0523655678043829,-0.0655197623175823,0.0116434431935858,-0.0585178035670247,-0.0579002218579958
197,-0.0245228335038817,-0.0329002741613369,-0.0481052940297863,-0.039184692508215,-0.0199547960911211,-0.00701239603445541,-0.0237788753019232
198,-0.037815306301722,-0.0656440844251757,-0.0286054814546333,-0.0332281356924701,0.00677209860761659,-0.0455779714561414,-0.0377407597525233
199,-0.0119909442546572,-0.0510893715863783,-0.0125346415022604,-0.081735794903247,-0.0431170057275515,0.0217956746246845,0.00995977562227739
200,0.00382215940030882,-0.0679614027980404,-0.0334416825687577,-0.0353936977992824,-0.00289526029636029,-0.000132203604328279,-0.00564401999099755
201,-0.0410769993764803,-0.0176815922633586,-0.00751805489354535,-0.0507739951727938,-0.000125483246408653,0.00369432483337227,-0.0344855465227796
202,-0.0258982771332425,-0.0286755855136624,-0.0607968563454867,-0.0416028344088064,-0.0192768999514587,-0.000335340940036455,0.00258016359411571
203,-0.0354766172565609,-0.0119232143478322,-0.0694114738110158,-0.0641780288474059,0.0225984742592493,0.00103388387043478,0.00160033176458847
204,-0.0290674671594683,-0.0311690787312109,-0.0484595780825567,-0.06551226928502,-0.0149070038559561,-0.00776262085556371,0.00352424537833249
205,-0.0175544745673696,-0.0160159077764219,-0.0271442927296588,-0.0834817100537307,-0.0122842825993852,-0.0063192365642839,-0.00626480303688147
206,-0.0210641698900575,-0.0145282936807572,-0.0666096793346053,-0.0523835354853686,-0.0320899836348759,0.0189419019591654,0.0215490119471514
207,-0.0554592915597376,-0.0326674590418031,-0.023444450546019,-0.0386107081003195,0.0208080230032792,-0.017555836140597,-0.0125392866446223
208,-0.024687567813939,-0.0274997571792157,-0.0557149163913719,-0.0553277580804484,-0.0102556049071703,0.0240883488507152,0.0275484597389477
209,-0.0421347148616087,-0.0621101319965448,-0.0577227126762243,-0.0166893473396323,-0.00528872843058203,-0.0562432487750464,-0.0585191334292226
210,-0.00639572987074766,-0.00380524498139007,-0.0377116958627828,-0.0717461982738803,-0.00656361833382742,0.00518389209946638,0.00251787801080273
211,-0.0401702602424048,-0.0388182222819263,-0.0201347122143671,-0.0495404941485235,-0.023184021733369,-0.0125972062940027,-0.00979380425850475
212,-0.0373333629284539,-0.014017280351941,-0.00245963182991801,-0.0711765293787481,0.00331798486642985,-0.000892490586976075,0.00950440761523531
213,-0.0452120402748513,-0.0396368964125246,-0.0359152620411944,-0.0516300060320069,0.0112591952883756,-0.0034575065300789,-0.0258154376284601
214,-0.037552591337889,-0.0264245014608057,-0.0348313412643168,-0.0815049325539479,-0.00938107859037252,0.037361981316753,0.045527483593509
215,-0.0126240175334103,-0.0489449757443425,-0.0370865412896056,-0.0302889295182672,-0.00497245367864886,0.0456691997613621,0.0365604897515058
216,-0.069407973006942,-0.0617462703870233,-0.0445258993428681,-0.0739507867461501,-0.0119219072261465,-0.00934831115396519,-0.0372607676174804
217,-0.0382706780055559,-0.0165242325725512,-0.0778827045406956,-0.00168969807426385,-0.0314584979022523,-0.0275740512876406,-0.0309707184822372
218,-0.0408584583044832,-0.0226151140633947,-0.0469788006284327,-0.0415565437771056,0.0184863800218308,0.0141966235300898,-0.00577928274798524
219,-0.0100742729967665,-0.00704658448586258,-0.0994544389494574,-0.0629199461704084,0.0265622703474556,0.0240900952790515,0.0510836475505396
220,-0.0414224058344238,-0.0477990254306377,-0.0354109798262758,-0.0148072713304434,-0.00818912423901094,0.00426520675818191,0.0195636647349814
221,-0.0214358000358316,-0.00208393640517561,-0.0588942968324089,-0.0570647057234682,-0.00220174761249887,0.0166077411780199,0.0129122215886394
222,-0.00581645535314972,-0.0292070081327422,-0.0666285495256044,-0.0218748132902121,-0.00952705588041663,0.0269358448941045,0.0273600226323807
223,-0.0462967046982707,-0.0184274225614994,-0.0628927341141271,-0.0622067856940042,-0.0406814888469081,-0.0246594668652425,0.0380784427210138
224,-0.0286295905109798,-0.0491205894411976,-0.0751820511653626,-0.0468369426004817,0.023806311374582,-0.0463009781221885,-0.0300792355722526
225,-0.0555750035146591,-0.0461588207791864,-0.0401696328911019,-0.0278566198583942,-0.00708463309232536,-0.0768249336779334,-0.0588567907203326
226,-0.0338637473305279,0.0144714018630537,-0.060516916460899,-0.0540636943926271,0.0033604754216041,-0.0211238704856559,-0.0298964695099674
227,-0.0499748356767265,-0.0208696327755074,-0.0429089849747679,-0.11294743235743,-0.0040347078926766,-0.00139885401160886,-0.0189043524588201
228,-0.0342757248302692,-0.0169552769114754,-0.0583710142297763,-0.0369968815107749,-0.0182032619800225,-0.0155140052680489,-0.0314169565407677
229,-0.024184933546836,-0.0173464180450103,-0.0202332972363066,-0.0614209803598296,-0.00984217255924127,-0.0097797444042583,-0.0103428628582559
230,-0.0443899523719513,-0.046566734291764,-0.0482008199852223,-0.0322340933713414,-0.0330380970990735,-0.00368403981863552,0.00825154888295428
231,-0.0449861371244369,-0.0426244897733759,-0.0725507140511664,-0.0223305158432286,-0.0227102008637301,-0.0271463554948165,-0.0308792009371764
232,-0.0345088570051559,-0.0132008038625425,-0.0427337478156982,-0.0847565004628875,0.0100121404406835,0.0183364676749879,0.0332048348659536
233,-0.0361343173761105,-0.0543548670303486,-0.0333699885990263,-0.0592928316501132,-0.00100582780109136,-0.0134726644571624,-0.0128297677916938
234,-0.0305277198355885,-0.0311141769742326,-0.0608272170486107,-0.0511255385799032,0.0201302252834582,0.00429208361080759,-0.0406283953671436
235,-0.0411860334532827,-0.0224522505178432,-0.0464714830680416,-0.0667437084494704,-0.0167502088549478,-0.0145985339874323,-0.00376644475961285
236,-0.0370254735588207,-0.020649631529887,-0.0267533882312058,-0.0448515201829821,-0.031113694345818,-0.0268000689853459,-0.0325679841458259
237,-0.0144415315952077,-0.0458884742919974,-0.0442321440493568,-0.0321024592795119,-0.0337728982972936,0.00102360893681788,0.0387714427546598
238,-0.0233759871612699,-0.0386142860255999,-0.0378282837590978,-0.0458783672724679,-0.0158771584373698,-0.0295699557410058,-0.0211186450886987
239,-0.010678381971611,-0.0253097249851423,-0.0306743168212207,-0.0314443978374768,-0.0101329074945896,0.0207668371933819,0.0372376716894682
240,-0.0274242726636342,-0.057272149698188,-0.0431408602981663,-0.0376470049983074,0.016701106135805,0.0183220187908768,0.0180858605331568
241,-0.00755964906705921,-0.0393739187595333,-0.0133991548722399,-0.0266261387370361,-0.0149999040162372,0.0121407409813441,0.0123824586404807
242,-0.0087741390485669,-0.0313192128222476,-0.0513873288885174,-0.0420471638697883,-0.00429983854362306,-0.00205531075631794,0.025390532871093
243,-0.014720539590235,-0.0571583361041171,-0.0421278278182021,-0.0777123704854946,0.0135696698712505,0.00635447864479151,0.010433412845387
244,-0.0157754645053861,0.0211941269899326,-0.0824207639195178,-0.0794993361298887,-0.00636430529823348,0.00679709142239303,0.0236382769118895
245,-0.0246583085695695,-0.00894931197434959,-0.0628258938619899,-0.0178391066625809,0.0109199595811627,0.00130602411911607,0.011289952935806
246,-0.0367920845413255,-0.0528888254790666,-0.0942375712642414,-0.00181157304821511,0.0113558998840105,-0.0189052423629196,-0.0170766558529764
247,-0.00663984639325141,-0.0578974685268871,-0.0421576393942396,-0.107523370572102,-0.00236186240600027,-0.00280015192640862,0.000760924509079303
248,-0.0594800138898273,-0.0211106982670703,-0.0588351136378001,-0.079321750487802,-0.00206777223733937,-0.0136610460227714,-0.0305896797547439
249,-0.0182006340635064,-0.0214952913553545,-0.0459567884388605,-0.0687731348495217,-0.0249029889836921,0.0239702176907187,0.0524656553174284
250,-0.00991004354452994,-0.0250079803052159,-0.0278004699615882,-0.0277458518221756,-0.00942228391173061,0.0322442828033594,0.0323765262137503
251,-0.0519536604748567,-0.0261015445307732,-0.0241273403315938,-0.0835916705269579,0.00532912167380147,-0.0211807953633612,0.0017953859891775
252,-0.0188523453903147,-0.0147109458954807,-0.0256221790210298,-0.0398101094246289,0.0238421404969853,0.00433156184944532,0.0235466858981282
253,0.00097859057960098,-0.0424151689592938,-0.0496076880225017,-0.0903560315002474,-0.0273438435591564,0.00981505053413961,0.0260989277750655
254,-0.0493539526656363,-0.0620120603030065,-0.0467020869721106,-0.0631225666685428,0.0133789924464398,-0.0332663927033085,-0.032843869344474
255,-0.0374116493359446,-0.067278369159367,-0.0333445935572251,-0.0222266291781389,0.00376572632291916,-0.0678829612374704,-0.0191155833428107
256,-0.00504488460575481,-0.0352777144885085,-0.0305464854229156,-0.0704523643972998,0.000329750893397471,0.0128358403407825,0.00715267693307825
257,-0.0115200888499464,-0.00070137772315261,-0.0405714348934773,-0.0567352196034242,0.0000209545466922506,0.00197482031355903,0.018010315250596
258,-0.00854730434859581,-0.0195000946347456,-0.0462782286875101,-0.0504134765918189,-0.0353059287561702,-0.0158429554484421,-0.0187770639565481
259,-0.0344837428878379,-0.036902161871039,-0.018477546501578,-0.0422806812089257,-0.0150256582755016,0.0199936893099198,0.0383278654824317
260,-0.0307745760125062,-0.0376202216809781,-0.0440933172923446,-0.0378351030786138,-0.00435958589234706,0.0372836519740698,0.0350251997076679
261,-0.00214178614425428,-0.0893531266996624,-0.0364900861072873,-0.0788287001751509,-0.0200566786700602,-0.0146720113598973,0.025011917957386
262,-0.021464299714827,-0.0261700807631902,-0.039295264078166,-0.054542667323708,0.0120774203760808,-0.0251275198933027,-0.0174151781981367
263,-0.0185936432216641,-0.00620472263977456,-0.0682175960801807,-0.0281210928930753,-0.0186894579896191,-0.00241068023307261,0.00967596195778634
264,-0.0616850061062275,-0.035942576068605,-0.0965862544423422,-0.0640855377902225,-0.0113427551116848,-0.0430259195340654,-0.0313231964283081
265,-0.0291110615155219,-0.056864145132691,-0.0242321760031713,-0.0767647185371273,-0.00358886328247075,-0.00375252293751795,-0.0225760941673319
266,-0.0501489592674779,-0.0575244970553398,-0.0484236208342505,-0.0653779953839753,-0.0272757793920232,-0.0258623180586839,-0.0259885245707553
267,-0.0366165394641198,-0.0147152907925232,-0.0495209391656456,-0.0799788002552826,-0.0194957105651418,-0.0171552403825287,0.000879433372309557
268,-0.0348912146878748,-0.0555492136556832,-0.0718121640116532,-0.0801947395125988,0.030911016331013,-0.0365710705381217,-0.0534323055475685
269,-0.0524042568442149,-0.0353925975578516,-0.0130565401054608,-0.0215719997464368,0.00702209137263611,-0.00425665834716704,-0.010013389812629
270,-0.00958686063050448,-0.0261377097940717,-0.0469232975025896,-0.0619575126577553,-0.00963282901597215,-0.0082937155356422,0.00824442404369732
271,-0.0495040801363081,-0.00713336032373722,-0.0182033458942542,-0.0729921815281078,-0.0181960162634077,0.0240491749270564,0.00999678869624721
272,0.000400610743138685,-0.0403348942316501,-0.0142096290277245,-0.0589466296421099,0.021930151083631,0.0740943578516339,0.076388694169134
273,-0.0303521409208762,-0.00572534626179126,-0.0314781593281972,-0.0533440386169538,-0.0117842085071967,-0.00830475810452994,0.00123739743462996
274,-0.0461059869958465,-0.037615934635594,-0.0578839433960763,-0.102529652678652,0.0190258377312459,-0.0411292512699742,-0.0398557179574401
275,-0.0275476972667217,0.0172984745035938,-0.0518826133461282,-0.0451332512742058,0.0115141189264875,-0.0126839092197093,-0.00643959868683498
276,-0.0527803224594236,-0.0520555339956296,-0.0521231765702659,-0.0453256507404032,-0.0318378185008319,-0.0219941583462527,0.0230772294450627
277,-0.0249014379842842,-0.0503296770622386,-0.0398518232856482,-0.0559288058270675,-0.0121959368636411,0.0180103094319309,0.0174692895565642
278,-0.0282445619620627,-0.0433912043831399,-0.028990931672902,-0.015672901539753,-0.021848224783169,0.00206782684886839,0.0102696660005814
279,-0.0306179866036164,-0.0252256156535982,-0.0580317873462555,-0.0558401491750833,0.0181518866655038,-0.00457794158374123,0.00238615088990331
280,-0.0483664512640041,-0.0124276338828668,-0.0222454006064504,-0.050879719492151,-0.0447705585053649,-0.0127559008872421,-0.0145910981317702
281,0.00204569146710133,-0.0637292999715458,-0.0259151613557655,-0.0209290436452167,-0.0153721928247972,0.031688491362345,0.0218884735386579
282,-0.049492690726722,-0.0445053678719,-0.0404319193795726,-0.000143589631442065,-0.00247257396386244,-0.0222474649186315,-0.0496162815128128
283,-0.0527237840424907,-0.063966459279832,-0.0329615183326694,-0.0377005642031332,0.0101214570987865,-0.0588063049087556,-0.0233993041980076
284,-0.0164170166689234,-0.0304428064960097,-0.0616134136737752,-0.0115831813890777,-0.000597163971311862,-0.00849681948155561,-0.0084726637875239
285,-0.0147610136175909,0.0170487857872162,-0.0344047997285632,-0.0752443633613985,-0.0204957033992065,0.0151314875383585,-0.00275965309417737
286,-0.0320050592695052,-0.0406761557364843,-0.0596948292321235,-0.0406751911005684,0.0305077947634087,-0.0168840404031326,-0.0256102110751392
287,-0.0213629965965533,-0.026781869133175,-0.0137238638948105,-0.0407962235174826,-0.0318137474014754,-0.0146489748626233,-0.0277085149141506
288,-0.0595133584040419,-0.00854153901417164,-0.0281284046059253,-0.0481968415899186,-0.00842658695446337,-0.0345838257784269,-0.0294315377707975
289,-0.0583808130747873,-0.0482202038277814,-0.0161537207121447,-0.0780134608999926,0.000569156109936922,-0.0275366046554876,-0.0509979491226662
290,-0.00959416889353129,-0.0527123380551268,-0.032914757400606,-0.0469227307274954,-0.0168300828251319,0.0413249847025607,0.0650752926444798
291,-0.0239239164641524,-0.06793452988944,-0.0478268843933707,-0.0505621821210746,-0.0157773213663744,0.0180314509394979,0.025841159495001
292,-0.0194192423074589,-0.0224582788942331,-0.0662993628438426,-0.0101485532372154,-0.00872500247715498,-0.0101216241697361,-0.0165771327982352
293,-0.0264512228801822,-0.0461334618646548,-0.00849339527392079,-0.0500397604578119,-0.0061873935544994,0.00762768971709697,0.0331385902441322
294,0.00250999678397133,-0.083262584434938,-0.0554990652208654,-0.0393647626616937,-0.0115930961988279,0.0315970996402179,0.0373252463488295
295,-0.0304230427824238,-0.049738534415735,-0.0506894490954399,-0.0781429455194435,0.000497012239440847,0.00177208035323358,0.0292071897955632
296,-0.0207875111109091,-0.0484626826471163,-0.0581884842389208,-0.0603243084996775,-0.00311856090492989,-0.0226526789114286,-0.0223721466074315
297,-0.0151233772003228,-0.0469421167666652,-0.0614109683183138,-0.0089847584948579,0.020721676445899,0.0145324388359318,0.0536232296094897
298,-0.021548417853107,-0.0444515231016252,-0.0926729696358742,-0.0318699860566597,-0.0111397894516871,0.0170858288782103,0.011698163601167
299,-0.0260761345550532,-0.0307198128945401,-0.0422971532451873,-0.0754070663491803,0.0216659547706907,-0.0248244091229365,-0.0223173863781703
300,-0.0333700793507766,-0.0311065117398041,-0.0265100751935706,-0.0473678353509238,-0.0187789042689108,-0.00291435524086375,0.00070078744369062
301,-0.0498147113782151,-0.0176889582157239,-0.0669753285617837,-0.0293626236893824,0.016917217153943,-0.0156062910469162,-0.00620714904640227
302,-0.0118013814701373,-0.0338747812126717,-0.0395685854459252,-0.0467606066678284,0.0160043690495484,-0.00416477273652419,0.016310052437665
303,-0.0297485617183086,-0.048400431161088,-0.00146915631611814,-0.0694043062137889,-0.0177922245643602,0.00452588093422251,0.0418502524563779
304,-0.00729961983306722,-0.0162420314186286,-0.0637022998926681,-0.0528797817776379,0.0289922196157257,-0.000276830494304173,-0.000934462878290424
305,-0.055625952373488,-0.0607810374742272,-0.0300077474814395,-0.0594467493809737,-0.0348842718893082,-0.0265070326364927,0.0206686108086908
306,-0.0167077978335029,-0.0464695586786682,-0.0296956214293504,-0.0570547182188393,0.0191902084882255,0.00569718142658292,0.0251578215274689
307,-0.0235306258964445,-0.0222403548596225,-0.0423752885913113,-0.0812060762462994,0.00678178022910059,-0.0188796764971019,0.00758670542129239
308,-0.0321886178575322,-0.0758578285283575,0.00686591763213816,-0.0544057109374161,0.0135321225307522,0.0108983292692114,0.0111784746285847
309,-0.0362396859350499,-0.0452557720440358,-0.00953861736508305,-0.0322137832765748,-0.0179612721737239,-0.0227622137417989,-0.0128972121438853
310,-0.0398484679721794,-0.0189902189741096,-0.0337667928450721,-0.0370086806848977,-0.00910423136761718,-0.0517251321458591,-0.0424301588795398
311,-0.0600192228464419,-0.0415417691522186,-0.0123487957721281,-0.0858754412375326,0.0186173277600971,-0.00982746124222785,-0.0212594449858294
312,-0.010892769636434,-0.0179453296566298,-0.0101551066244548,-0.0682263889897873,0.000554401321129341,0.00458037489218168,0.00507767237916417
313,-0.0213949759100737,-0.0245697938493583,-0.019536621790415,-0.0981897314528694,0.0140166667576584,-0.019772773717217,-0.0263706808269383
314,-0.0182911572955166,-0.06078105054461,-0.041656407808642,-0.0653759420611794,-0.0115635622303978,-0.0190449767179716,-0.00226422313721163
315,-0.0227626970670995,-0.0298872703717549,-0.0366198978192982,-0.0253963391054162,-0.0135948852911215,-0.0253558697755794,-0.0210823116548743
316,0.0186991453877126,-0.0383325899923814,-0.0501737051214909,-0.0220633765000142,-0.0247423631125909,0.0196558169594006,0.0247811368379393
317,-0.0221601447472377,-0.00520766179669713,-0.0422115915239403,-0.0605470964623914,0.0199897099839759,0.0141409361946907,0.0162988345952811
318,-0.0348557852646111,-0.0501702509684344,-0.0456203913527579,-0.0215111172038001,0.0320886154454041,-0.000283538473394587,-0.0206608734162069
319,-0.0510646700213968,-0.0308051463458264,-0.0567846656969442,-0.0771005832921616,0.016047116534337,-0.0197477346556009,-0.0237636147547067
320,-0.0402296091101508,-0.0345889553188888,-0.0686663866279241,-0.0559059806581858,-0.00847609616326109,-0.01941167301966,-0.0168545486687221
321,-0.0596889934993192,-0.00602836291909549,-0.0801762042497569,-0.0563422501741515,-0.0197671314715623,-0.066876132772264,-0.0670435321261358
322,-0.0443998589846498,-0.0101533086387973,-0.0824185852784053,-0.0379623462231452,0.0311267359518087,-0.04375052950795,-0.0302549069082006
323,-0.0117759811604806,-0.0583089375502968,-0.0319651084279584,-0.0606063352115136,0.00631509631995711,0.00545685124477407,-0.011326839332793
324,0.00386031473137921,-0.0466486990078466,-0.010434885614923,-0.0587807499420942,-0.0136137638684562,0.0489371533019833,0.0472886328424589
325,-0.00370039438963844,-0.0309259026251513,-0.0545273557256598,-0.0210929838138054,0.00780799754711793,0.0165861021817431,0.0235926149082562
326,-0.0188719546292048,-0.047593790091783,-0.0227194976025844,-0.0435398608336117,-0.0141948276062338,-0.0198897863973167,-0.0202871410464675
327,-0.0415833980275158,0.00695972988146809,-0.0404482522900631,-0.0766668796145815,0.00294166516852803,-0.0073866975980062,-0.00883651054136435
328,-0.0489129761235059,-0.0444327431727414,-0.0958945717606596,-0.0398076974088266,-0.0419468383035729,-0.0259648288477524,-0.0272346046669126
329,-0.0722829683000645,-0.0258420962485325,-0.0168762911792219,-0.0620801872210642,-0.0538385701796355,-0.0771259571306582,-0.0666710277405212
330,-0.0303851612241023,0.0198258847329868,-0.0013471100686802,-0.0813180971274396,0.0146411009198207,-0.0232343658525634,-0.0161673567462203
331,-0.0203722434936526,0.0136351158519764,-0.05252438076827,-0.00782983167697106,-0.0178245505936073,0.0128000121160968,0.00817876952875747
332,-0.0137826163246349,-0.0366973091599469,-0.0209532495629662,-0.0302966803039159,-0.0143903507755458,0.035857328312017,0.041546441789548
333,-0.0244185489407034,-0.0179390054731867,-0.0565514079138388,-0.0613281689854546,-0.0104501852054484,0.000779241743294239,-0.00177465456390456
334,-0.0280923388014996,-0.0510873479168505,-0.0581144370088406,-0.0822452723187945,0.0257839202563905,-0.041632105091055,-0.0402294812064236
335,-0.0697399763376694,-0.038011183590736,-0.0229694060971035,-0.0367080451384277,-0.00191891244524732,-0.0460884791575534,-0.0435591785618306
336,-0.0408730827714225,-0.0541024585012641,-0.0288317995079207,-0.0669352701292237,-0.0355247275556684,0.0202407322742286,0.0092630561484888
337,-0.0498701568881733,-0.0425430789616045,-0.010306358957608,-0.0849162530443222,-0.00315327409226612,-0.0521322515207519,-0.0344606895003
338,-0.0412376652997954,-0.0269383136664028,-0.0386647682182321,-0.0810034085263275,-0.00515676843914585,-0.0559094494472752,-0.0350634552779882
339,-0.0675744239201904,-0.00728556619810945,-0.00323673783907139,-0.0663837566220042,0.0136648932714272,-0.0216917258485838,-0.00548856880088348
340,-0.00543150181984547,-0.0105072558631617,-0.0456787482974645,-0.0416896274807352,0.00325185112730268,0.0152580129989829,0.0175688949212806
341,-0.0253770998549802,-0.0227426404954898,-0.0640816959436768,-0.0693116865352459,0.0101423162477158,0.00762526968164462,-0.0165936678356481
342,-0.0576268134760078,-0.0124129630420866,-0.0186234640113626,-0.0316015904404479,-0.0188298768776825,-0.0472891118574872,-0.034971307135921
343,-0.0182485625810266,-0.0650647926198741,-0.0748162361416913,-0.0335727266986361,-0.0112796304404766,0.0286398377045007,0.0279551598298898
344,-0.0177455886005384,-0.00801228209184157,-0.0852051701926646,-0.0384810672630088,-0.0204385217753086,0.00705073334517108,0.0317606586135653
345,0.00735681701258514,-0.0428616989813615,-0.0510163938229141,-0.0493173213859095,-0.02047621525051,0.0271510871874192,0.0067777714681278
346,-0.0203751103727868,-0.0443775861597236,-0.0333143073310881,-0.038096034453791,-0.00528739413160595,-0.0129390602321521,-0.0171406653793389
347,-0.0100757308833056,-0.0196981378638671,-0.0164276501514435,-0.0385327480952747,-0.0337222293937746,-0.043332920677558,-0.0471084830141837
348,-0.037160106061051,-0.0577804116862237,-0.031060946121505,-0.0746762113772924,-0.000100855995513627,0.0193752181436533,-0.0178315112049314
349,-0.00612463508350211,-0.0744967635016145,-0.0255906839650513,-0.0451504947526504,-0.0323420514313627,-0.0220618745188293,-0.0122301807681241
350,-0.0426931173258795,0.00325497194614918,-0.00975317088360445,-0.0476593322271225,-0.000846205966116648,-0.0182190280980427,-0.0142571859519836
351,-0.0260931087805095,-0.0499301156121914,-0.0374509114486999,-0.0900027122540526,-0.00567430901809952,-0.00568905524280147,0.0050196896380305
352,-0.0351976382777706,-0.0340370411118804,-0.0254832933332318,-0.0405279423604552,-0.00762729157176036,0.00916723036546631,0.0200893591556806
353,-0.0174244052893567,-0.0771057286594145,-0.0851791796825749,-0.0522895133531227,-0.0192432568565561,-0.0256239124352817,-0.0119546432284041
354,-0.0148658905104411,-0.0499268657908099,-0.0190909982752868,-0.0551029562397819,0.000837598904168374,0.0244898777571587,-0.00087263778771543
355,-0.05461045445002,-0.0598408775158193,-0.0355491922100448,-0.0798968942898071,-0.00180383488663524,-0.060017543358548,-0.0613666025420438
356,-0.031256871898159,-0.0274122433514262,-0.020527737608429,-0.0519094126830336,0.00790722298023504,0.0180074921678284,0.0196677007928213
357,-0.0631637914494046,-0.0241688974729748,-0.0263296486218715,-0.0481636132368381,-0.0128176467855872,-0.0280896738296679,-0.0396150253708054
358,-0.0361928349856763,0.00350910545565569,-0.0591504153473495,-0.0262502758974994,-0.0199476469369245,-0.0196685863474641,-0.0276872803928802
359,-0.0150364752342324,-0.02992232027899,-0.00470515800316414,-0.112102194997682,-0.0130189927587648,0.0296277429427188,0.0162304977338452
360,-0.0271289199065083,-0.0654835011664052,-0.0359700852181371,-0.0674915399980854,0.0223783348071051,-0.0556730668251883,-0.0442378121784377
361,-0.0164711494390774,-0.0443224258026051,-0.0644873257309547,-0.0426732647589426,-0.00454527526749725,-0.00444108170025458,-0.0173740476698641
362,-0.0452699876787966,-0.0118502710940196,-0.0371030033579933,-0.0434726579470426,0.0111355393920634,-0.030285469923776,-0.0144621558929873
363,-0.0235000914749066,-0.0794367873705658,-0.0366378405831544,-0.0763032527564596,0.00822398458551128,0.0234284363759358,0.00542710723348112
364,-0.0114383968286384,-0.0250465910123155,-0.0318235377666625,-0.0524532923014363,0.0110504392327859,-0.00361606914068699,-0.0120598348778863
365,-0.0322527758707763,0.00931880648981524,-0.0292565116787832,-0.0614254392678887,-0.0284440100133294,-0.0151980302299355,-0.0107430660953452
366,-0.0658375833922075,-0.042571146286413,-0.0476061275246123,-0.020898157027236,0.0112766623777874,-0.0134688092910476,-0.0127061902198016
367,-0.0232235185149667,-0.0338731289939444,-0.0546899260370205,-0.058356895623746,0.0141986779298658,-0.0103909867993442,-0.00719849808540889
368,-0.0185034543226409,-0.00976803916340903,-0.0615492926250263,-0.0206517673252291,0.0407147565476879,-0.0292652608335057,-0.0270510840172427
369,-0.05211878210693,-0.0153109730189295,-0.0229896863987853,-0.0440359654424712,0.0276936278422317,-0.0106424190121326,0.0390760417935715
370,-0.0317119120152369,-0.0306272290907514,0.00311508679995136,-0.0498459170662146,-0.0445468427568734,0.0066575479896721,-0.020520495444188
371,-0.0117990452386308,-0.0507183857212139,-0.0115728611418682,-0.0978880581327959,-0.000811775875600218,0.0330271729430261,0.0345796999918122
372,0.00195645870248125,-0.0346185145011227,-0.039102434575327,-0.0656743341289017,0.0212002339279278,0.0537286959042323,0.0494777447394639
373,-0.0453328392618131,-0.0414242888816724,-0.032742614677371,-0.0682448515196632,0.00128151930638241,-0.00194682153643147,0.0110081231785197
374,-0.00521057522308531,-0.0192281025115338,-0.00380873477062262,-0.0720087053843928,-0.00639952194495653,0.00856083450435928,0.0045650869381193
375,-0.0470303977512852,-0.0465040923666389,-0.00783412960503947,-0.0435537602182461,0.0234859697673145,-0.0756627281790182,-0.0684104205967565
376,-0.00267949598695723,-0.0313266656444365,-0.0470151042062689,-0.0630306528399415,-0.00817362252152734,0.0198397768498808,0.0246145832100839
377,-0.0621164645923126,-0.0339245826592648,-0.0523911998982437,-0.070435098501816,0.0249057176427759,-0.0233521872814816,-0.0261952921758313
378,-0.00131167565912955,-0.0354806544649602,-0.0625191744994386,-0.0601257759298078,0.0214723123336231,0.0551705779796713,0.0267046077296141
379,-0.00205150573556868,-0.0356710643222274,-0.0525848209777185,-0.100339277737872,0.000388081055037862,0.0106530556027755,0.0363901635646418
380,-0.0724356198290211,-0.0401557994427482,0.0162066274744538,-0.0721227580065842,-0.0105763202274996,-0.0374078255377755,-0.0372020916479353
381,-0.0236590923704062,-0.0373467328642322,-0.0119680332150027,-0.101294385119538,-0.00667812428910262,0.0225510656235652,0.076896940497393
382,-0.0259893006940376,-0.0461799191945424,-0.0476994923791773,-0.0138802285694681,-0.000184044706493317,-0.0326786175585827,-0.00930715293591751
383,-0.0507486250432184,-0.0379692158474791,0.010714099726205,-0.060382562574264,0.0197483585422049,0.00820139123709671,0.0236612109979821
384,-0.0370375949294101,-0.0397976216614604,-0.0544303495213864,-0.109270643086072,0.028957361474401,0.00582729032256428,0.0222855629928627
385,-0.0467735672109518,-0.049300641036517,-0.0342719458051646,-0.059792963879249,0.0211124743516024,-0.00246873330465737,0.0150564997780405
386,-0.0335614309165924,-0.0355239375841884,-0.0353282455000409,-0.0834573715351913,0.00389603972509234,-0.00062720694031887,-0.0145290290250592
387,-0.00310047106616104,-0.0392167306544711,-0.00422452888539158,-0.0346869883241949,-0.0240165294401376,0.0147558068280431,0.0761608093188622
388,-0.0475887971403261,-0.015813081545217,-0.0586385309631539,-0.0492484322901668,0.0326418214628576,0.00665047981000316,0.005432107817558
389,-0.0540220440689404,-0.0270096560041991,-0.0300073638231286,-0.0976133149388436,-0.0232386588255645,-0.0456709461194802,-0.0355005687240286
390,-0.0533877853011991,-0.0178589427078377,-0.018229931507696,-0.0540574682287867,0.0207275853252209,-0.040135620403869,-0.0334286097746366
391,-0.0439984355097499,-0.0362503223502876,-0.0573690428126778,-0.0293906658932342,0.00481112431656815,-0.0328495930664514,-0.0507098319439406
392,-0.0364955947834373,-0.00670681248968606,-0.010256594912979,-0.0737301550861601,-0.0104766065793236,-0.0356172904951622,-0.0456046071246976
393,-0.0572117773409568,-0.0392726846509859,-0.0131789405882208,-0.0702123056448528,-0.0151218543188374,-0.0115182432242236,0.00595509772668693
394,-0.0382201916864277,-0.0625963135309851,-0.0142546784782262,-0.0306936726364594,-0.0141530441441564,0.0027189278348517,0.00264666127485559
395,-0.0402731186396707,-0.0327880575602006,-0.0398269098151033,-0.0281975685649374,-0.0252073457171622,-0.0520642384360635,-0.034417926580983
396,-0.027795348379573,-0.0136462954873844,-0.052312056601894,-0.0811076847125423,-0.00556871152717314,-0.02168628559915,-0.0165446659840667
397,-0.0328876848323382,-0.025809945172573,-0.0458156034863141,-0.0264295759226825,-0.0245317661450724,-0.0110092339418828,-0.0358177165431102
398,0.00191391049789072,-0.0286727746452418,-0.0385280802115744,-0.0902013681266354,-0.0110197502319864,0.0149854096034089,0.0140534388117252
399,-0.0310011185668043,-0.0448078740239391,-0.0363564856033661,-0.0757197474649855,-0.0527648671226162,-0.00960402503190569,-0.0533726138836757
400,-0.0326029646257616,-0.0244189981765569,-0.00851537998890051,-0.0701024080172537,-0.0124586206163406,-0.0100784785995034,-0.00979141209142326
401,-0.0686753129923426,-0.0473016278791005,-0.0360031219615255,-0.087046300073937,-0.00630014939894619,-0.0530009891875633,-0.0360625888903646
402,-0.047977114102148,-0.0677424379252035,-0.0593395074057569,-0.0643191144418197,-0.0278118736161255,-0.015335100738998,0.026595753860625
403,-0.0230169379439363,-0.018478425083714,-0.0216949187560033,-0.0656122347066202,-0.00191666739750171,0.0227155274926725,0.00603014659985139
404,-0.0423220883214236,-0.00972148038745414,-0.0570172713889932,-0.0302282159980208,-0.0167163343112536,-0.0022641471859399,0.00217759311598238
405,-0.046416691909194,0.00797500736645103,-0.0561620018448255,-0.0235985647707741,0.00570839406123783,-0.0428648254694061,-0.0347271933546374
406,-0.0117371809902685,-0.0432681431948173,-0.0204766494410541,-0.0651491089125135,-0.00754088470120112,-0.0167898190705229,-0.0221754475503517
407,-0.0479033530100318,-0.0399964296050052,-0.0699167857441348,-0.0644187233667605,0.00488090593189144,-0.0379829914527196,0.00399862933195978
408,-0.0167726079959714,-0.0198684438962127,-0.0388709744629162,-0.0533630872324829,-0.0308164672512821,0.021803734891852,0.0121254733012884
409,-0.0411369962966087,-0.0195018751542501,-0.0691357878627403,-0.0262332594812019,0.0232892644894853,0.000984589753361589,0.0346432912292556
410,-0.0253106050923518,0.00292707745304029,-0.079354024447534,-0.101105623505682,-0.0012914971660893,-0.0105672643904433,-0.0105105184269018
411,-0.00941709181370604,-0.0662574533244,-0.0615115039372859,-0.033270652912123,0.0361701142608289,-0.00762884999967012,-0.00178125752370886
412,-0.0389523582198951,-0.0547256164446112,-0.0293546344337283,-0.0878268475054431,0.0119898609051655,-0.00879735661928478,0.0171738723613176
413,-0.0271162640354793,-0.0278608836356367,-0.014311683858128,-0.0806177634556154,0.000749797090680127,-0.021724865877471,-0.0259395453832933
414,-0.00637452290137071,-0.0311973709017221,-0.048193271620348,-0.0634901776587061,-0.00839642189712018,-0.0122970923244531,-0.0165976336912526
415,-0.017267168829528,-0.019782763110564,-0.0347915217096648,-0.0331427041453669,0.0297084836973997,-0.0239691622805196,-0.00963551719219298
416,-0.0378226125914691,-0.0287372747207807,-0.032351082370387,-0.0586229107268975,-0.0156751032188254,0.0232843883246584,0.00125359276267564
417,-0.0472112992854551,-0.00853692608067667,-0.0301929440722834,-0.0495438769749848,0.00876641822884511,0.0128852188722073,0.0139209558457816
418,-0.0576481297322846,-0.0468904213393641,0.00443499265769627,-0.0775156166116749,-0.0406131548839122,-0.0438527753983559,-0.00283218826522603
419,-0.0305167810734287,-0.0357918013130569,-0.0617937456656714,-0.0399094917262308,-0.0206201134699239,-0.0375704067052502,-0.0325434151859398
420,-0.0575533062737065,-0.0294832117560257,-0.0506228942491643,-0.0584227007836824,0.0197626147740857,-0.0620594788171017,-0.05760937394689
421,-0.0189882990851488,-0.0721438679944336,-0.0239266331510492,-0.0728429585600744,0.0294654300051632,0.0531874923765381,0.0365769950031275
422,-0.0393913425944497,-0.0483157262887595,-0.0493049824329467,-0.0437549559688709,0.010562463156114,-0.0388878514561574,0.0279360451965854
423,-0.0186985269326301,-0.041794763397399,-0.0706746245729933,-0.040141247869638,-0.0255164367162246,0.0219244402292986,0.0223182701457877
424,-0.00175276843036637,0.000803546293706603,-0.0387790235761478,0.000483361366269322,-0.00907413940581796,0.0221628147145971,0.0169276686386976
425,-0.0287851612408847,-0.0393470952612158,-0.0198929566801483,-0.0763247914693994,0.00342155290307421,-0.0273946951027484,-0.00827268848778332
426,-0.0274686816484843,-0.0316503617071242,-0.00786954141741539,-0.0302938074476935,-0.0344258024712622,-0.030337217061673,-0.0405078459666965
427,-0.0323535103768149,-0.0286007947749516,-0.0454041334780587,-0.0547210459663608,0.00615437770867885,0.0146643486481553,0.0122836733481158
428,-0.00153494103533212,-0.0254513124781699,-0.078004987364606,-0.08051524961912,-0.00449042164857068,0.0272772645147018,0.00775924860386759
429,-0.0348192376569359,-0.0720520472170227,-0.0181239745009938,-0.0231630080832766,-0.00659946453139537,-0.00830120038121808,-0.0127771141368856
430,-0.0422926177315822,-0.0309334637968264,-0.0456709862732887,-0.0858031015027471,-0.01855736105916,-0.0245157737737557,-0.0234550787561604
431,-0.0243909100305077,-0.0493432213657975,-0.0335160099805405,-0.0400331814745817,0.01640038559319,0.0306768811431405,0.0246023679519342
432,0.0104734019567242,-0.0457026024531412,-0.0727978104717041,-0.0631560776359139,-0.0236408637766182,0.0320593706497297,0.0304588939704794
433,-0.0183736977063472,-0.0489878337757632,-0.0298023226026394,-0.0857649691205809,0.0355830055079214,-0.00245860585369444,-0.0137586011758069
434,-0.0265456998373646,-0.061086350167253,-0.00495159716952813,-0.0451986702506085,0.00885597777268553,0.0000946154490500603,0.00088885736504675
435,-0.0363220143265788,-0.043683944124861,-0.0545413713937744,-0.0891163567220989,0.00135919223579122,-0.013432182866023,-0.00971933743079571
436,-0.052930138595842,0.00320670910079587,-0.0407361615377082,-0.0288915020962412,-0.0211507385263758,-0.0297150015518524,-0.0604509813043787
437,-0.0624391214000659,-0.0781706073114772,-0.0378865848977498,-0.0480303597987825,0.00310842606970492,-0.0791140913484784,-0.0827401580282222
438,-0.025041559103555,-0.0586258503337796,-0.0516840264161079,-0.0439492228908093,-0.000456795742878199,-0.00232085295917894,0.00850822642169359
439,-0.0450295381839982,-0.0108797494826507,-0.0223239199940219,-0.046065055162379,-0.0147618343782687,0.00791706194010711,0.0165042764121724
440,-0.00218473523656039,-0.0239410123034635,-0.0471601105565639,-0.0315278046064351,-0.0216174102481907,-0.0255354419396377,-0.0262397730897078
441,-0.0356227738496203,-0.0328396889090613,-0.0343507416275814,-0.0678102193759612,-0.00388582496610046,-0.0315927968950101,-0.0190689639573221
442,-0.0384989214953831,-0.0411461693243575,-0.0536693000774623,-0.0520547836519565,0.0378811598862978,-0.022165959580739,-0.0284481838265645
443,-0.0372453171752597,-0.0571236084667424,-0.0739949249670165,-0.0493058853745899,0.0254597309047048,0.00135086456317193,-0.0108006788102281
444,-0.067719237764946,-0.0340823476514499,-0.0813830821810032,-0.0660820173434352,0.0123575719758518,-0.0323618020435587,-0.046513221339247
445,-0.0136571097470045,-0.0240616503890514,-0.0331158416238785,-0.0784399709463303,-0.00993498902659619,-0.01408990696981,-0.0246511259213251
446,-0.0199817734590112,-0.0113398692993888,-0.0536473309916111,-0.0582492571900437,0.0118143618232849,0.00182092139311706,0.0195588370588861
447,-0.040904815282384,-0.0637989549836759,-0.0386754088584256,-0.0430909613904887,-0.0305794692478277,-0.0366866296811505,-0.0408720327251753
448,-0.0240544045478499,-0.0356999146966328,-0.0111632522081195,-0.0471939251662164,-0.000506674326630069,-0.0525898294998101,-0.0295181258579189
449,-0.0103887149896352,-0.036863696170254,-0.0490895634365878,-0.0588638866863266,-0.0147865128412948,-0.0348490295306373,-0.035107260452105
450,-0.0474844211096328,-0.0337415067537105,-0.0853115230764327,-0.089750451211003,0.0107179539553626,-0.0163764159436367,-0.0125313925066844
451,-0.0268498913990754,-0.0560886562349388,-0.0394591103069632,-0.0903231321091398,0.0162363026891854,0.033097660692921,0.0286048282141821
452,-0.0471518961696329,-0.0288321198032164,-0.0428342228987322,-0.0737462509940453,-0.00962967619640882,-0.0158329308254143,-0.0247949357245096
453,-0.0353211072574253,-0.00982609787579287,-0.0681536607183203,-0.0735147750286246,-0.00829789275051717,-0.000793026425302171,0.023438873665927
454,-0.027502339861422,-0.00355225891426487,-0.0221491734011426,-0.0175793304818887,-0.0259590897540495,0.00276779404352424,0.00558656723895523
455,-0.0394167205758009,-0.0377161688434653,-0.0587613241319929,-0.0771596120109264,0.00718613953706607,-0.0101069073210097,-0.0177230145531126
456,-0.0370430505598902,-0.0397437153878115,-0.0120041075632222,-0.0469740027271029,0.0217952462203105,-0.0319199209295749,-0.0276292903717557
457,-0.0340995422907327,-0.0268089407834894,-0.0492231059393589,-0.0365111181472987,-0.0456524116865368,-0.015488002515401,-0.0314636881662817
458,-0.0538674013079961,-0.0392237740538223,-0.057491434115181,-0.0510324092688621,0.0296379947013759,-0.0245011065815816,-0.00362737937671066
459,-0.0507307067145894,-0.0703238351630963,-0.0350472558831512,-0.0647366551611215,-0.00753006736599611,-0.0311721270418856,-0.0197542289412859
460,-0.0565379689519078,0.00613781617499595,-0.00718533512131823,-0.0666693659793467,0.0249219145774492,-0.0471196274044488,-0.0386572906628318
461,-0.0547193541532296,-0.0579533878205163,-0.023631394875625,-0.0397119775999569,0.0106576613911888,-0.0261142607334992,-0.0277234717798325
462,-0.044733085437554,-0.0373864158861371,-0.0405423380718393,-0.0738278030951405,-0.0312199534149498,-0.00504681184353864,0.0300983140134705
463,-0.0519451014893954,-0.0570296569141103,-0.0142671828903267,-0.0595355858724965,-0.040946896957809,-0.0454689992106675,-0.0484509999954516
464,-0.0240876379881545,-0.0200549966832847,-0.0814009109570491,-0.0549863403419984,-0.00559073834104241,0.00324370116009041,-0.000472972368776178
465,-0.0350622714504931,-0.0432759400810362,-0.0715654292424416,-0.00229264445408012,0.00723466491229739,0.015581409326552,0.0315684594148993
466,-0.0405398246128143,-0.0181242683566895,-0.0571293887523319,-0.0369863666091366,0.0121941319621191,-0.0307235738356722,-0.0355848341033309
467,-0.0199282931275729,-0.0118123966542764,-0.0818204833992095,-0.0282987775788613,-0.0126825347157193,-0.0025836958343929,-0.0195365097576093
468,-0.0275895542228256,-0.037576907275267,-0.0381561401529134,-0.0470266029984983,-0.00230860320773985,0.0143929460503306,-0.00552633170339063
469,-0.0345090226064751,-0.0530278143441934,-0.0393421797442599,-0.00574706958060163,0.0131982468903051,0.00467736797560042,0.00513440404945703
470,-0.0597975495257682,0.00349746096263655,-0.00957759216806771,-0.0161079474911856,-0.00734858076998331,-0.0202102226030187,0.00267281699720145
471,-0.052614518138619,-0.0464402194621376,-0.0729760459963728,-0.0619529719920527,-0.0143274989889446,-0.00762417518459006,-0.000457804609092415
472,-0.0301300304471619,-0.0302701695881079,-0.0526329324474736,-0.0464989598801652,-0.000975599681462408,0.0102593534018718,-0.0223904490394917
473,-0.0288746603046534,-0.055500284111382,-0.0533038708462404,-0.0746348704678411,0.0173596587344729,0.00328952308977667,0.0158327750874384
474,-0.00656877122573353,-0.0369391950144067,-0.060235910993737,-0.035087719595608,-0.0147558543530376,0.00471428831720649,0.00550335088655914
475,-0.0540900016136107,-0.0694484982413349,-0.0365536618036573,-0.0409958070626298,0.0134058320995419,-0.0754511584177152,-0.040094524506326
476,-0.0236817313776572,-0.0552642168399661,-0.00803412241368614,-0.0414694342372901,-0.00749480483314012,-0.0027289153346615,0.00989908212617124
477,-0.0470965688977433,0.0305150355698085,-0.0859554073397188,-0.0242783247372493,0.0222381723060355,-0.048830770953726,-0.0397142557067227
478,-0.0501817564198067,-0.0251744972612681,-0.00408230458943126,-0.0436529182227174,0.00157672923110716,0.0359727017902102,0.0597198935830083
479,-0.0206727766105835,0.00293261609967317,-0.0236578517075265,-0.028979938859006,-0.0112862419589366,0.0174342511964154,0.0174332251226842
480,-0.0173977278789786,-0.031367649179167,-0.0511202236828677,-0.0318843321662307,0.00104125540253477,0.00535777176623178,0.00278636188379504
481,-0.0451608857879933,-0.0583081083576405,-0.0401839392223711,-0.0535386992700582,-0.0313626498479224,0.00366570443000239,0.0222574754921214
482,-0.0296536811999448,-0.0564689162465846,-0.0157233736738276,-0.0505547816591143,-0.00452888326232423,-0.00419958210532609,0.0179026186263333
483,-0.0168121123261307,-0.0297175176718125,-0.0448906303712845,-0.0621902189404514,-0.00267269641062637,0.0317652464940636,0.0202664197449737
484,-0.00938239129355681,-0.0416924941250293,-0.0363316157287338,-0.063962559577678,-0.0275843675344181,0.0149281515065983,0.0768125707629971
485,-0.0227386709942123,-0.00221627947434691,-0.0393757859443439,-0.04716034497398,-0.028427028497811,0.04144125615969,0.0402904698818967
486,-0.0281063089660594,-0.059172070537619,-0.0200935905005024,-0.066460826449437,0.0212643557661439,-0.0170047952265756,-0.0183877480515883
487,-0.0223028403804072,0.00363281768151656,-0.0174806341727641,-0.0449119104139606,0.0118415158503104,-0.0302406110740388,-0.0224038634564815
488,-0.0233561892425094,-0.0232723374969582,-0.0305915511419855,-0.0543157431073695,-0.00954726261573277,-0.0113706650963413,-0.0116176976018891
489,-0.0349564314324262,-0.00869117164841905,-0.0406851803814387,-0.0467202984010706,-0.021859534369399,-0.0147991625626249,-0.0216029017976182
490,-0.032127751521607,-0.0120342823929956,-0.038186073780247,-0.0521745663562205,-0.0436934528622805,0.00490009849329087,0.0235944253689637
491,-0.00710281898535993,-0.0406063454772707,-0.0633846073912805,0.00277489661983102,0.0105835954943274,-0.00225473033437604,0.0248136797834532
492,0.0183783631337394,-0.0119297168697861,-0.0491095467633647,-0.0653954952423851,-0.0193641421585922,0.0237455826546306,0.0298720614397144
493,-0.0412512335775347,-0.0208898461424117,-0.0394441989513152,-0.0431854357769885,0.02404605995785,-0.00927917368486693,-0.0257256975087828
494,-0.0236166376192555,-0.0165118077033218,-0.0343505100407665,-0.0482000196381042,0.0110470058702975,0.0222577677894853,0.0438606427141613
495,-0.0329940047221934,-0.00962211795574966,-0.0630559478526202,-0.0844356902196306,-0.00258724007574912,-0.0294811299971554,-0.0358781432727246
496,-0.0384030124964653,-0.0343543572882381,-0.0420152051917269,-0.0483451202416295,-0.0247514600147505,-0.00567981293091381,-0.00159209087719739
497,-0.027902409481103,-0.0467745123272484,-0.0565732236653034,-0.0519302043242934,0.00270829081996464,-0.00356340806459328,0.0070213770411828
498,-0.070595349511933,-0.0406188712824216,-0.0591373253671066,-0.0316864619810888,-0.00276338974292069,-0.044116455305965,-0.034789642683328
499,-0.0127500521459044,-0.0264772975527042,-0.0360118139301426,-0.094534514846061,0.0143612295131364,0.00724412255723045,0.000709127981328141
500,0.000107659567846863,-0.0389164766162693,-0.046116928776436,-0.0581428995839728,-0.0245210809937174,0.00343780313317067,0.0484572993389884
501,-0.0249788555373339,-0.0490560047989944,-0.0396062591807161,-0.115988177102273,0.0602004469116354,0.0318585228281226,0.0168127621481296
502,-0.00450392194524284,-0.00524256846914496,-0.0569746204099322,-0.0822410596045231,-0.0200295047193471,0.0304631722763256,0.0182222654292328
503,-0.021108599874093,-0.0209271046289465,-0.0428272298148675,-0.0153405646892349,0.0280279724673428,-0.013145730345303,-0.0186525420992402
504,-0.0456054880631861,-0.039427455326168,-0.0421830945349072,-0.0829172901918776,-0.0417268200837841,-0.0536734132115084,-0.0380886175536906
505,-0.0366500434195158,-0.0325965177663477,-0.0502157382658876,-0.0988405763353602,-0.0155347277851366,0.00879456690549919,0.0168584627381786
506,-0.00819463574245537,-0.0380525091809545,-0.0123690223540108,-0.0635037127711433,-0.0599511013516973,-0.012712808638979,-0.0211467991844109
507,-0.0473341351973653,-0.0166247670714689,-0.0138979561267536,-0.0700280535485526,-0.0409865033835851,0.000129074240328361,0.0019637459216965
508,-0.0221542701854361,-0.00754351405464711,-0.0423781905498737,-0.0688210180351238,-0.0350193516119451,-0.00843189704757533,-0.010370532742163
509,-0.0241512507450318,-0.0113990513347521,-0.0448727262749838,-0.0677146530839727,-0.0417736492677141,0.0144638899717206,0.010600154804321
510,-0.04033492353507,-0.03472837888606,-0.0234567506321933,-0.0908071746119528,-0.00189636235707455,-0.0118166060922333,-0.0142007385584302
511,-0.0323658119502828,-0.0114338564491949,-0.0448315602147638,-0.0615602357040171,0.0196302470113615,-0.0104781445449367,-0.0382327411477742
512,-0.00923287997453322,-0.0305669359221045,-0.0468073114555454,-0.0405709497790529,-0.00509644086193439,0.0359805330379845,0.0172915101831458
513,-0.058886258708586,-0.0518783163025473,-0.0358558301023344,-0.0570966524535736,0.0183280956207114,-0.0239027145036132,-0.0376736511366027
514,-0.0223053804394689,-0.023417137407667,-0.0462225259655551,-0.0586813050335573,-0.0230516094171399,-0.0454731708877088,-0.0278172761561215
515,-0.010340486801731,-0.0270345346914334,-0.028173735220786,-0.0628468723764905,-0.00921748338663018,0.0146044564101859,0.0330036198924472
516,-0.0237630934234547,-0.0334797504170113,-0.044879989777924,-0.0760239108057142,-0.00146095081892324,0.00366922147497033,0.0045491088804146
517,-0.0286260521966026,-0.0283117168800745,-0.0310833357283506,-0.0941008428364305,0.0310071961263561,-0.012426126599358,-0.0222274828568004
518,-0.0266357431792603,-0.0324015469408057,-0.0222846546076633,-0.0834288535168535,0.0146367180651068,0.0110651242822924,0.0205887088659677
519,-0.0295023573241814,-0.0572820051698267,-0.00769939655405842,-0.0417418681673453,-0.00673935148996638,0.0105202950168673,0.00586977195474386
520,-0.0395613562929804,-0.0605904693630253,-0.0416953269169821,-0.0473675811930349,0.0340362671344617,-0.000690938808705285,0.000558708048621695
521,-0.0369365553183439,-0.0143629448680845,-0.0522629911127517,-0.026285565093958,0.00541100959884583,-0.0216688041557025,-0.00850466899073717
522,-0.0326837449498249,-0.0124312952458758,-0.051198030267559,-0.0671156454150494,0.0349216750387563,-0.0180171296923873,-0.029926430214168
523,-0.0164889203613181,-0.0506377617173582,-0.041533667590483,-0.0339051462902182,-0.0144723421760106,0.00662938241685893,0.0131426539314224
524,-0.0369885403579568,-0.00856418747322354,-0.0743213542225328,-0.0665348490908402,0.0399170806291177,0.0344297236956124,0.0798719674274553
525,-0.0164674735623148,-0.00120287280893219,-0.0313644274864335,-0.0517984431614073,-0.0277220826774935,0.00707566389698718,0.0219704862211532
526,-0.03112443671918,-0.0143893424381991,0.0136136586513282,-0.0400901762088283,-0.00792817626076095,-0.0441395488342245,-0.0355334409290969
527,-0.0297800309169568,-0.0379398219499303,-0.0425442380743721,-0.049132421223775,-0.021403358012422,-0.0302578883175146,-0.0371478731516443
528,-0.057315048342114,0.00477434448271584,-0.050863804561053,-0.0815346825561096,0.00185022514636626,-0.0365688708500231,-0.0347226795108359
529,-0.0159780246204518,-0.00541082171021255,-0.0363155424043524,-0.067048219119766,0.0161696614804266,-0.0263488541296616,-0.0110867356965639
530,-0.0528386954932526,-0.0493504522124879,-0.0453139865903972,-0.0367697758367161,0.012529701732762,0.0114772394381992,0.0476927294247064
531,-0.010091849905684,-0.0381110535376267,-0.0574277277431136,-0.0565644028318991,0.00096006292738475,-0.0321924209663253,-0.0435894058293838
532,-0.0171486040103954,-0.00741508502800978,-0.0189624296311417,-0.059198758313146,0.0231121238769583,0.0400510240513525,0.00207672526252971
533,-0.0493111138671686,-0.0167922989553401,-0.0526908087149797,-0.0660164727858639,0.0116830891871341,-0.00528779267545839,-0.0143522285347684
534,-0.0143010608805021,-0.0405765301585404,-0.0659564370383841,-0.0268815847168056,-0.0318150879955681,0.0279498952734771,0.0116048773838563
535,-0.0244911087840628,-0.0405863809248612,-0.0370258017702623,-0.0376515876643242,-0.00769212208450304,0.00142466531937817,0.000743759138201017
536,-0.0272053335520886,-0.0102190382383987,-0.00709372472318896,-0.0688879274602713,0.0371137339948209,-0.0218657856950762,0.0242370734893551
537,-0.0304347945941431,-0.0218539750890081,-0.033179509628534,-0.0798902044514477,0.00140387600949142,0.0278353098247696,0.0260832209521243
538,-0.00164361668583514,-0.0621932430057587,-0.0210903818281694,-0.0836891508039014,0.0396073123519575,-0.0366088971548984,-0.0106131249516028
539,-0.0644796225439945,-0.0098891126795031,-0.0381939248830501,-0.0323191411960772,0.0286278749884174,-0.0116687790806363,-0.0113729033915926
540,-0.0404426322858383,-0.0466800400434379,-0.0505745973887126,-0.0428830360193751,-0.0000194444312823783,-0.00401422708718832,-0.0208960689597317
541,-0.0349096583104689,-0.0145027732540271,-0.036136560129272,-0.0609935132218029,0.0284697478097101,-0.0120497176176126,0.0115632057377721
542,-0.0485589568576926,-0.034110894288932,-0.0320367688943246,-0.0742964088943698,0.0521769645762284,-0.0112591679151827,-0.0090050444049885
543,-0.0208471342296302,-0.0287720198156115,-0.0433832375658504,-0.0494304438828852,0.024815239840852,-0.0437291067522882,-0.0361331960279259
544,-0.0144502604709757,-0.0432187429068421,-0.0311487721508755,-0.0253333648178455,0.0183832669180778,-0.0264115918314912,-0.0391355322695448
545,0.00818995307689131,-0.0404000555134082,-0.0242654496584448,-0.035392154443795,0.00500699565220378,0.000416264871322458,0.00692621470341281
546,-0.0193209247192907,-0.0383403861660437,-0.0521241051774345,-0.0260874545048451,0.0164137890905226,0.0377998941922021,0.0371792715247754
547,-0.00375127550592858,-0.0688113806735558,-0.0365741531843154,-0.0626643493638955,0.0434811486511401,0.0270193565780432,0.0212672863780254
548,-0.0146509460717943,-0.0394113815896566,-0.0233188665815891,-0.0957132634519237,0.00316725528080732,0.00468850685911172,0.0252019586635055
549,-0.0396105128833913,-0.0498403024073167,0.00137744103306557,-0.0201986337556462,-0.00602992783808599,-0.0164080319007123,0.0156946260437797
550,-0.0448723060538165,-0.0509963079230304,-0.0620391325482213,-0.0565987482647067,-0.006007806509551,-0.022325279554637,-0.0181643891647162
551,-0.0744567399951843,-0.0223427998838262,-0.0400059092245501,-0.0322114457924428,-0.0297283069643029,-0.0199190820467141,-0.027309802320675
552,-0.0491197069404449,-0.0270035230731796,-0.0610679051724657,-0.0543224960043582,-0.018856724543062,-0.020963004153303,-0.0379081843903485
553,-0.0524125602237253,-0.0620965864175587,-0.0171861176993272,-0.0708766456571294,0.0257953765609314,-0.018140869679646,-0.019591489837362
554,0.0118011398516218,-0.0358893374651076,-0.0104196791730078,-0.087076900023238,-0.00711010511706062,0.0353986136962691,0.044234950966232
555,-0.0479084492051974,-0.0518872964830444,-0.0559011002133907,-0.0617721569821224,0.000601586418782649,-0.0369272335815699,-0.0388603555644333
556,-0.0279672503320322,-0.0368590019842139,-0.0736645841082136,-0.0416048041931533,-0.00541397845321681,-0.00707450343189526,-0.00642183909871373
557,-0.0153205767824921,-0.038206897582409,0.00517854028283767,-0.0685594440368157,-0.000627734292099585,0.0180604452896485,0.0061748158288645
558,-0.0410103608972838,0.00253333032891569,-0.0180239101766729,-0.0582162759310685,-0.0127016057136735,0.00396209151676519,0.0210445815475554
559,-0.0241976142465512,-0.00581878019761632,-0.0764206717810663,-0.0638107144004231,-0.0336299924390817,0.00168773772841925,0.0189645420708661
560,-0.0444063371245814,0.0221018513427873,-0.0584438778561532,-0.06643544505314,0.00712394691947228,-0.0255796588649645,-0.027438070461637
561,-0.0239604501300071,-0.02867074091054,-0.0719215346593025,-0.0468028476888181,-0.0338169541174261,-0.00970967205973025,0.040329638228207
562,-0.00478047809923461,-0.0545878632181661,-0.0744518996807201,-0.0402600302199827,-0.0192290793552434,0.0191828871571377,0.0207294528005083
563,-0.0437057214764136,-0.0781903949527051,-0.0826883654460807,-0.00697515709442162,-0.00838702988896519,0.00431012183440532,-0.00476330835032275
564,0.00360361255624235,-0.0640420881414124,-0.0187425384099857,-0.0633606904220622,0.000504064756569195,0.00392523943306444,0.00174580945570725
565,-0.0491522107354484,-0.0597642876025349,-0.0121024216628116,-0.0858504557196237,0.0125528441516431,-0.0358620986302495,-0.0309592554530117
566,-0.0219705936083107,-0.0185875118819535,-0.0219287689142972,-0.0673799639861717,0.0153671005415602,-0.0305671268941536,-0.0121686295731774
567,-0.0186738410859169,-0.0605944179047867,-0.0331075792535144,-0.0356524448263651,-0.0434415931413356,-0.044356541140305,-0.0619297594982301
568,-0.0273043634236998,-0.0390758859410367,-0.0674286844287234,-0.0559800845463749,0.0110046108694156,-0.0371945950886247,-0.0616846179394683
569,-0.039714482688743,-0.025406898477516,-0.042802514484808,-0.0662546351206384,0.0290037790676505,-0.0292142915017056,-0.0147249448516078
570,-0.018315699578094,-0.0040706411441154,-0.0374272660369412,-0.0575281505454089,0.00597620690970405,0.0197787861202306,0.0277448348967539
571,-0.0353704609786422,-0.0109807848344853,-0.045154772755587,-0.0446425857870329,-0.00228433171879892,0.0141634136587145,-0.000650769809535073
572,0.0024077466938964,-0.0829220046154424,-0.0249837300358272,-0.0433795995820456,-0.0191186532976534,0.0449204692638854,0.0522144222251502
573,-0.0105536110928514,-0.0452894989394011,-0.0236685300018479,-0.0576999409147616,0.00851038478685613,-0.00317275313842894,-0.0204090365633784
574,-0.0327637178789039,0.000164204967523576,-0.0353159181174106,-0.0784477542976247,-0.0125346963416999,-0.0264404461713706,-0.0259104553854491
575,-0.014104862447949,-0.0577536598071753,-0.038676775224832,-0.058090506499397,-0.00816470246089801,-0.0281946282188658,-0.0276618515190433
576,-0.0772759629873729,-0.0236380609505001,-0.0617085150206769,-0.0559658819876142,-0.0371678586276637,-0.0263056185279522,-0.0240897301103596
577,-0.0287833816328144,-0.0390819254194634,-0.0310010455201691,-0.0162498214975262,-0.0416132855442233,0.000417947731983365,-0.0130021504559582
578,-0.0255635371569799,-0.0371763739943833,-0.0970171862391359,-0.0235973253396202,0.00596130280986203,0.00342630592547711,0.00464560704467129
579,-0.0356906489300696,-0.042567316402506,-0.0508986658938971,-0.0226506989068415,-0.0302251057431381,-0.0211199040638102,-0.0380052036155346
580,-0.034358227318336,-0.016862725691313,-0.0690916286501845,-0.0881000400449769,0.00437327914768265,0.008061334278317,0.00809109493535886
581,0.00639986969617029,-0.00438666719168374,-0.0576435516995177,-0.0655203334129568,-0.00236013472179442,0.0194276583486571,0.00489067896522459
582,-0.0203912312228513,-0.0654566096797374,-0.0331422243309915,-0.0680881955888949,0.00597512771679774,-0.0030884349373371,-0.00950285254567837
583,-0.0281267403075404,-0.0537005926731779,-0.0840954785152407,-0.0518599574376745,0.0171175368333028,0.0135540267065208,0.0209904051959685
584,-0.0436570517575689,-0.0244816061778757,-0.0511465247765354,-0.0814960025678298,-0.00601593817885886,-0.0110174217367397,0.000711826345584671
585,0.00237139206254101,0.0257979441326561,-0.0262408020940616,-0.0634288917725845,-0.00888324850362071,0.00603308004374488,0.00602792466143777
586,-0.00887155977988269,-0.0353980525219031,-0.062146487077883,-0.0378875896974152,0.00563682091670746,0.0367167010955994,0.0441671196984467
587,-0.0184107708951794,-0.0370033511235328,-0.0514943669274849,-0.0667138706236383,-0.0457675748781255,0.0185666846001014,0.00808674200797563
588,-0.0315885556548576,-0.0674529632578957,-0.0585291592093268,-0.0174764121328307,-0.00469620864069101,0.00213985089620959,0.0134453759545613
589,-0.0528283849158789,-0.0321985830746516,-0.0480670155455773,-0.0480793877242872,0.0129736378000877,-0.0264873223387833,-0.0222667769174516
590,-0.00107192275176288,-0.0212854496807508,-0.0381606763679208,-0.0329453336308595,-0.00878222626651222,0.0018852409808266,-0.00516565231684761
591,-0.0234392254022557,-0.0541163666007225,-0.0582683810900077,-0.0332688947643857,0.00854544105758555,0.0193675295887017,0.0270593721541993
592,-0.0432824373748638,-0.00147282096189096,-0.054355871361868,-0.0525232107526183,-0.0125249663131144,-0.00558278555280627,-0.0598485135821419
593,-0.067002557579764,-0.0152025111219482,-0.0264438268594658,-0.051332278850696,-0.0412203194500635,-0.0343777044525805,-0.0444085453446909
594,0.0133724104523256,-0.0350610718318452,-0.00751763968511915,-0.0483508824184672,0.0266881137749837,0.0188586747043157,0.0537815465002891
595,-0.0289646986990288,-0.0498626090253126,-0.0444719036591636,-0.055452085863701,-0.00283105068752741,-0.012826295089882,-0.0221065462834681
596,-0.00295107873074298,-0.0198026786401531,-0.0593007460178967,-0.0430576026559216,-0.0362378028717519,0.00152884038881311,0.0159867807296306
597,-0.036640113458033,-0.0207116688919947,-0.0329673298376112,-0.0774860556501013,-0.00238253711615859,0.00299841195364485,-0.0137205138235029
598,0.00167011459280811,-0.0460538999765509,-0.0170937180597566,-0.0729319330301471,-0.00263913826267757,0.0250806207375878,0.0351080845519761
599,0.0113179821387972,-0.0645983308712258,-0.0719990600645975,-0.0540507652734402,-0.0052139048286623,0.0464373557290933,0.0203761068684632
600,-0.0243630528173268,-0.049578554033954,-0.0931032651170457,-0.041605827172734,0.00360490301250603,-0.0205316635198178,-0.0404680699482889
601,-0.0272534370209028,-0.0355668468713139,-0.0062877860179967,-0.0761940376423137,0.00754183748822587,-0.0101865237833879,-0.00551978070230112
602,-0.0365206466310599,-0.0310802559338261,-0.0394220264052448,-0.0434351754225905,0.0212169030300419,-0.0290465292608122,-0.0282928519124822
603,-0.0298589625676168,0.0160999925007018,-0.0356194873568813,-0.0385319611789682,-0.021451503706224,0.0494414575026706,0.0425286418710886
604,-0.01442873026364,-0.0608647232737482,-0.0487017377006533,-0.0286897753725916,0.00219373690281098,0.000419399424012271,-0.0000584615847928766
605,-0.0130759907245997,-0.0271522510146405,-0.0782343008982847,-0.00743901112615646,-0.000338293536189402,0.0271908610438146,0.0199147847304731
606,-0.0153761356388374,-0.0536511380921326,-0.0177423316990307,-0.0214758700987547,0.00884502609496646,-0.0122465456368559,0.0157027062618637
607,-0.0663784842270224,-0.0180847309929155,-0.00781076515594062,-0.074065296792229,-0.00604537698547397,0.00752932972142075,0.00826333686750146
608,-0.0188626626344012,-0.0103478825536844,-0.0422820723178939,-0.0563239883559799,-0.0215498438931904,-0.0258603802957185,-0.0258055770526873
609,-0.0241971620914416,-0.00178122709814547,-0.0775140713757291,-0.0797057779816914,-0.0277822779663382,0.000558112866740158,0.00710470601618494
610,-0.0105538756605514,-0.050572710053471,-0.0558101488808021,-0.0476153000546075,-0.0182861687610826,0.0115815745264329,0.0129073932752074
611,-0.0646222043953807,-0.0262266512108135,-0.0561749655132585,-0.0626529929529702,-0.0148906753879628,-0.0655513446290125,-0.0498024375157492
612,-0.0345789053521284,-0.0567552173136783,-0.0560531479930382,-0.0425327789498232,-0.00654551239018313,0.00953863338112605,0.0191785292011685
613,-0.00955568192949849,-0.0266220587125704,-0.0523545417416843,-0.0613404308015593,-0.0273552217420101,0.0207465978308232,0.0186388223109363
614,-0.036609500076393,-0.0502034425591954,-0.0466704718657768,-0.0701395867890979,0.00406214915052359,-0.0197069152391779,-0.0055776399104772
615,-0.0404595231346511,-0.0129023176328363,-0.05067455693286,-0.0354107741831418,0.0119499938825541,-0.025315320794735,-0.0148242117086649
616,-0.0432632423030367,-0.0109672473457293,-0.0270938020096688,-0.0794843077465545,0.00437525953393872,-0.0291664546444628,-0.0250945001609125
617,-0.0412891131545784,0.00860589862221681,-0.0500828149080667,-0.0713899061615196,-0.0343861868063457,-0.0382621593392443,-0.0557552286157126
618,-0.0471218757761313,-0.0590528719027301,-0.0114277342612555,-0.083948092481272,0.0259797023193843,0.00793548467328879,-0.00294912325921302
619,-0.0178759180344516,-0.0287531274614207,-0.0976392936516271,-0.100628760265108,-0.00694824361859843,-0.00321729679969056,-0.00475142896012755
620,-0.0485470233121454,-0.0411819620157471,-0.051889322371626,-0.0589111705534575,-0.00972659920439839,-0.0694554796230745,-0.0528097716438823
621,-0.032252046430331,-0.026693689482121,-0.0293885864846876,-0.0871279499265137,-0.00371919869371883,0.0124909434787686,0.00918484171679596
622,-0.055808235061015,-0.0393555866063791,-0.0292255245779544,-0.0843913321300025,-0.0354730348691653,-0.0159096704000304,-0.0161595083915093
623,-0.0143263331821019,-0.049713400737237,-0.0547497690746933,-0.0570098758793144,0.008574068685199,0.0139379163527907,0.0144736366026006
624,-0.00837592315859097,-0.0311130185450262,-0.0442740644932186,-0.0337135418393493,-0.00817479886535902,0.0306100246764792,0.067600598454682
625,-0.0200121794751618,-0.0575474745725654,-0.031015078387494,-0.0345425931519768,0.00651043230508708,0.0405894397614246,0.0332663208661645
626,-0.00185836652521843,-0.0271154701988902,-0.0312596628627002,-0.0476509556762037,-0.0036134966669458,0.00881302270193282,0.00852195647016046
627,-0.0400232021435567,0.00551349485918176,-0.0536076375228553,-0.0490565827541257,-0.0211194609428386,-0.0143338724119394,0.00265937624192589
628,-0.0299662150732846,-0.0516390737152033,-0.0489444184266968,-0.0613761902923501,-0.00480992921822535,0.0274524352997342,-0.00515035450199473
629,-0.0419875953507266,-0.0442367386582547,-0.054926076953381,-0.0639896666754266,0.0112487935472486,-0.000555754969851177,0.00155471791962242
630,-0.0174254186914715,-0.0470190614548787,-0.0237756496894034,-0.0553997778396104,-0.000368857801577749,0.0029332909233883,-0.0082644118279782
631,-0.026045989160902,-0.0262890427444024,-0.0320189012007976,-0.0543089182242722,0.0311766051434672,-0.0166498766011481,-0.0273717558139505
632,-0.0545103448121782,-0.0101728552552704,-0.0434249753580225,-0.0446813828915347,-0.00121608528367197,-0.028394605116279,-0.0252803418627829
633,-0.0335890200793337,-0.0538285127328049,-0.0557815704932776,-0.0524859838415967,0.00411199450749744,-0.00601351196433934,-0.0223333137623953
634,-0.0148102624363555,-0.0283580317739249,-0.0402437087010395,-0.0733717745597655,-0.00994787630606812,0.0121616281100189,0.0523490478565557
635,-0.0200615765643694,-0.0207581712812474,-0.045207493142554,-0.0397178157358866,-0.004120479469555,0.0033372400862651,0.00384752211020334
636,-0.0287584594139557,-0.0406972462361866,-0.0813195758789253,-0.0178349587459449,0.00636341258253238,0.0279257243620923,0.0324344938594072
637,-0.0240712055234423,-0.0449869681246096,-0.0548374649201055,-0.0753545048488124,-0.00554064662004954,0.00261620714010863,-0.0064479103540233
638,-0.0584935360987142,-0.0134289531334883,-0.0496767644918595,-0.0614530752546932,0.0219932176174816,-0.0245598644973502,-0.027599003888945
639,-0.0321270643655347,-0.0202955574280351,-0.0356045573136598,-0.0717175975584577,0.0278884551423559,-0.0286725942489056,-0.0149526779784382
640,-0.0427292686645433,-0.0174659574414228,-0.0645934659001292,-0.0489003166621228,0.00350705702076486,0.00468971600096066,-0.0103559261492422
641,-0.0109487307666026,-0.0141206163545171,-0.0369118784651828,-0.039962488352868,-0.0227227512531363,0.0176181020009055,0.0427825476318613
642,-0.0146059960905763,0.00154169298528037,-0.121313118681902,-0.0598463985749251,0.0135879968927175,0.00302261784689534,0.0184901925019416
643,0.00112018979146293,-0.0321758169216657,-0.079398555560161,-0.0491000736882817,-0.00414153479400625,-0.0163179223885456,-0.0100962731542217
644,-0.00754021937404525,-0.0559271440295076,-0.0471665572909736,-0.0504956164783187,0.018652329517661,0.0451820987736052,0.0127187941314627
645,-0.00820720441173228,-0.0253938723011435,-0.0493506130497586,-0.0704938784588475,0.0379534638556844,0.0109298021173197,0.0049430167276092
646,-0.0368845303596925,-0.0412554442231853,-0.04124095242163,-0.0362703602143412,-0.0125413520704517,0.0141565346143528,0.00811740058544475
647,-0.0221099106085726,-0.0472925544730569,-0.017361673738925,-0.0446920905119088,0.0132304578399301,-0.0215851628787757,-0.0184158314955827
648,-0.044404903071223,-0.020908910946796,-0.0527047530600271,-0.0518133860415909,-0.00793845027592799,-0.00183503484189997,0.00534461153363515
649,-0.0192437438674232,-0.0669397510186247,-0.0624862803201875,-0.0122441680459304,0.00732921206086024,-0.0214647441723781,-0.0240963587587237
650,-0.04459647107748,-0.00420309484435649,-0.0524485107133507,-0.081817887868671,-0.0179268188671856,0.0122906991565234,0.0322874563067867
651,-0.0267518417448672,-0.0633405111427161,-0.050411754983955,-0.0494919063176815,-0.0152383428907085,-0.0152169261181867,-0.018441855068388
652,-0.0767759328307365,-0.075404653491822,-0.007201940785021,-0.0624326904236345,-0.00651692870831688,-0.0522674794819996,-0.0545222046348119
653,0.00596693077275014,-0.029737308575213,-0.0225716543022803,-0.0928773609130475,0.0170857313694913,0.0340995332781249,0.0544704521222585
654,-0.0230928820664042,-0.0341227948449849,-0.0360994670447244,-0.0363156767842207,0.0192653248533394,-0.0285536533909286,-0.0259992704920722
655,-0.0450439176447768,-0.0667677116232017,-0.0548776960420686,-0.0565802551006724,0.00770450395092284,-0.00741403088318729,-0.00781828500741702
656,-0.0378816857793039,-0.0115974664447052,-0.0405785817229545,-0.0611923955531755,0.000934273339191882,-0.00399747428313614,-0.0181783436002665
657,-0.00878118893855881,-0.0111684984623336,-0.0338980167686373,-0.0218631567369208,-0.000614600858844003,-0.00571717323959343,-0.0131677590008114
658,-0.0256977147789973,-0.0288926202061892,-0.03544260970296,-0.0588245905247182,-0.00514721862278238,-0.02902258229399,-0.0356744004971784
659,-0.0765061510738674,-0.0492307937217171,-0.0445219879196093,-0.0482645040692884,0.0235111210312557,-0.0128056929782245,0.0145085064432755
660,-0.0185927161376309,-0.0398456232243482,-0.0845402396057658,-0.065870365847405,0.0263339206953795,-0.014888475861173,-0.0174265333843234
661,-0.00746864679792404,-0.0556171080259911,-0.0546810773910953,-0.0215688031787802,-0.0379847861753082,-0.00459236872742493,-0.00566813026688186
662,-0.0386232410331441,-0.0286684987323233,-0.060518266102953,-0.0425936946820744,-0.00268381479514522,0.0486929693752359,0.054258108182051
663,-0.0215814995932263,-0.00966822506516024,-0.0724735521103439,-0.0508667525478475,-0.0278032609220448,-0.0235616228124589,-0.0116902000375204
664,-0.0475812904032563,-0.0258780828226796,-0.0230189144512527,-0.0668587408273866,0.0174218235078135,-0.0364467250462101,-0.0308140942078902
665,-0.0223475421364612,-0.0260796912128203,-0.0549372268649269,-0.0485807094154385,0.00804776803991082,0.0120017267011966,0.0365647262802008
666,-0.00239175408392173,-0.0474117974440567,-0.0634558597070121,-0.0694197142846332,-0.039034596680122,-0.0337048696429882,-0.0407218474594311
667,-0.021825320752702,-0.0678997818854504,0.000747234431911423,-0.0532505921713003,0.000770243582732505,0.000297749780541895,0.0012743345498122
668,-0.0368267504386907,-0.0637216819603356,0.00477856190803115,-0.0645086731167297,0.010766364904134,0.0263956604795499,0.0419248240985351
669,-0.0201270057521406,0.00315648139050698,-0.0839440233492414,-0.0122346209624678,0.00979500455823584,0.0349709932513381,0.0381193534642189
670,0.00729528592043442,-0.0299654473642276,-0.0191039306378994,-0.0752455903145828,-0.0265137303800262,0.0360601184234717,0.0212902943276789
671,-0.0572318532362819,-0.0259544576671992,-0.049632259200285,-0.0381780270128473,0.00700523159448375,-0.0838480090040033,-0.0855472901881606
672,-0.0139670010791957,-0.014525988007895,-0.0603174208352908,-0.0620493262691644,-0.0157244814353767,0.025299471877842,0.0143875725250509
673,-0.0488049574065754,-0.0468307652763045,-0.0162963753880588,-0.0231515051010452,-0.0244756466266301,-0.0203423231745027,0.00210396109584246
674,-0.00161380979169495,-0.0587191160919147,-0.0483119486410572,-0.0233610201302108,0.0164124138254355,0.0154054292589537,0.000811629452063811
675,-0.0464601420276167,0.0131152495686673,-0.0486372292481281,-0.084454625836693,0.0105006700300004,-0.0231183026687536,-0.00839435761456495
676,0.012676318433736,-0.0593647305421882,-0.01459420695498,-0.0535011728617968,-0.012700683859777,0.0317844006098262,0.0274831146984556
677,-0.0266912570405405,-0.0312676440818112,-0.0730642129710798,-0.0116743878666647,-0.0393308945370074,-0.0295325826153238,-0.0412250415636715
678,-0.0488273985574874,-0.0769261436237608,-0.022463652642529,-0.0237717484731103,0.0044963544666559,-0.0547515511911126,-0.0642157975316262
679,-0.0112820529406015,-0.0503845005210914,0.0185482691993069,-0.0715583521477286,0.00438974492010005,0.0053644627443604,0.00904447453053976
680,-0.0246219390934808,-0.0270485301273531,-0.0350494911694362,-0.0307770642893779,0.00753613724954627,0.024948741087177,0.0581756133240938
681,-0.0448368627262241,-0.0139883229768589,-0.0409621753252079,-0.0444936470662831,-0.0039599162565465,-0.0655217312659136,-0.0573317416576701
682,-0.0465162160869873,-0.0395196106716188,0.0162724397783241,-0.0573820587056959,-0.00124380262464271,-0.0369181007853114,-0.0388493948421432
683,-0.0471468901478397,-0.0342540698972536,-0.0205417588006843,-0.0741202599940278,-0.0116771354144711,-0.0184136826515603,-0.0355626329456509
684,-0.0367725074572698,-0.0283493250056529,-0.00285261656382621,-0.0670810208928584,0.0187689834440221,0.0196736305628377,0.0214642768885207
685,-0.0155883811555295,0.0104732356784081,-0.0518681074230593,-0.0765077495386788,0.00818363699381923,0.0163122060025436,0.0358591773972349
686,-0.000278056893505615,-0.048729612885927,-0.00927997655634498,-0.0795380329466575,0.000957633402634342,0.00438160862039719,0.0471679749416075
687,-0.0307879146185149,-0.025597549959488,-0.0416053439500111,-0.0506443719782234,0.0287974524281587,-0.0271617748337039,-0.0276331513764487
688,-0.018759102671932,-0.0174565034676479,-0.0633984370363765,-0.0395767760413509,0.0080843802219694,-0.00632607945593112,-0.0144161934788864
689,-0.00944246444108771,0.0124029383157055,-0.0641634321167772,-0.0703486692617199,0.019104068455817,0.0372695493272786,0.0132368247476866
690,-0.0172660437290339,-0.0616777295376698,-0.0303214332194334,-0.0753084752039031,-0.00805893107629128,-0.0141359069658312,-0.011046536312119
691,-0.0263906128062305,-0.0116923108989724,-0.0319927404398002,-0.0544454492056548,0.0136703751911988,0.0123926186355207,0.00612197734604831
692,-0.0637777900066548,-0.0307927304126677,-0.0615773293110661,-0.0850379367063506,0.0145286804493151,0.00671508229632683,0.00929087584074689
693,-0.04878571302274,-0.0352294470862014,-0.0479368613249726,-0.0516872296460991,0.0114092823917212,-0.0413386678040443,-0.0550971932562781
694,-0.0616141830374004,-0.0271195781225654,-0.00605641395007354,-0.0757740491649779,0.00634518876380546,-0.047807116113418,-0.059324875341924
695,0.004755358096195,-0.0318645628143413,-0.00772818652675698,-0.0580488725015979,-0.0232417199159879,0.0201678861679085,0.0262270182718947
696,-0.0609366763443386,-0.027962339343223,-0.0716520111447996,-0.0824123766364962,0.00638418245508846,-0.0485209244296383,-0.0200480569549742
697,-0.00206375847522569,-0.00294966843726827,-0.0516452222680798,-0.0537053251377987,-0.00438973528219588,-0.00590315703965186,-0.00484684259165916
698,-0.0136353737810501,-0.0222775138797777,-0.10239346064505,-0.0320710675314626,-0.0376315509877188,0.0122449285864544,0.0312863486991991
699,-0.0383451333036396,0.00359147212092228,-0.0513740180087182,-0.0814866005296918,0.00345146624557527,0.0155560317316564,-0.0153907411352479
700,-0.0133061159719455,-0.0507889315721353,-0.0468051822948271,-0.0477425472501195,-0.0168827737604466,0.0152657410543411,0.0191383655789563
701,-0.0173771514825665,-0.0350774542169216,-0.0493671031546745,-0.0608378537832148,-0.0175705139913124,-0.00100092001048702,-0.00116068510553005
702,-0.00982302152413418,-0.0608801297731172,-0.0153252219764221,-0.0341041963627489,-0.0176432763564474,0.0128959864852797,0.00678339565065397
703,-0.0452459641220102,-0.0339839436026649,-0.0582962166578177,-0.0463747902422172,-0.0212928724526102,-0.0238309934341302,-0.0300542618739939
704,-0.0384223645332071,-0.0266560892669489,-0.0425592185184074,-0.070256878994411,0.0293980545374831,0.00500624448547349,0.00530157470462084
705,-0.0246447090192447,-0.0176817069408179,-0.0415817624936303,-0.038239508985192,0.00303892661191366,-0.0384172336314732,-0.0193129774787861
706,-0.01655569174074,-0.0297740556274709,-0.0549815526984263,-0.0163583480991305,-0.00947401559061697,-0.0244697643111162,-0.0097565368983818
707,-0.0406315658636371,-0.0128514912385647,-0.0285395455098423,-0.0533746417442607,-0.0199296394507139,-0.0476733479954547,-0.00715801418135194
708,-0.0415942789313221,-0.0361472954470601,-0.088822265087118,-0.0634033822248696,0.00359473813307404,-0.0135339786621604,-0.0217885660620805
709,-0.011220618144982,-0.0269965636207672,-0.0378962429618601,-0.0520482382759035,-0.0179848560244554,-0.0120050970124203,-0.0318299110372609
710,-0.0275888166775434,-0.0549673769976391,0.00575240679212548,-0.0612121877428596,-0.0460115985097522,-0.00275173777260725,-0.0120104868639802
711,-0.0188447871040772,-0.0235925192068354,-0.0492012404386427,-0.0663126477188494,0.009337226897041,0.0151734098754775,0.0203496235727962
712,-0.0165193771801125,-0.0201524339635888,-0.00529655999102632,-0.0478107618880433,0.0184525183822002,0.00832746730869249,-0.00183500667897489
713,-0.0327254927810878,-0.036910347720023,-0.0355294431183443,-0.0645943949982543,-0.00796064029783711,0.0261501530403902,0.0182824985129896
714,-0.000147612444541298,-0.0768022486455153,-0.0571382025576287,-0.0478606667494205,0.0276956146042523,0.0224605751400026,0.0316066768917533
715,-0.0304528380444601,-0.0175106302215627,-0.00820749413754787,-0.0706366586045261,-0.0281972213948732,-0.00274828959599019,0.0286036497237014
716,-0.0329063088009162,-0.0735588991361553,-0.0169039481529747,-0.0591312454016776,-0.00147633664163234,-0.00127251116379006,0.010466427941644
717,-0.0332211747789265,-0.0112398804548376,-0.0619122224090278,-0.0715380386509302,0.026145566223307,0.0133594642028697,0.0586548899126616
718,-0.0429934840091579,-0.028018405556111,-0.0344335340191775,-0.0459280868705197,0.0202588334261197,-0.0427263617461926,-0.0419949076385061
719,-0.0285358117148927,-0.0219750345711593,-0.0521233348048973,-0.0879682822813207,0.0346146709843298,0.00324338233533625,0.00700189883508254
720,-0.031132246256944,-0.0434435374216917,-0.0546629068244412,-0.0483533910794611,-0.04386296286946,-0.0257788741166895,-0.0235017854707357
721,-0.0268233602558191,-0.0235141224084452,-0.05503250463887,-0.0509660317584923,-0.0141710124422578,0.0123743971436863,0.00661222503375039
722,-0.0287285132851409,0.00127919067973195,-0.0535237042912183,-0.108723444754594,-0.0183985226140846,0.00524507628068416,-0.0094374008979082
723,-0.0477876199404423,-0.0448743583317124,-0.0500857269175422,-0.037802871412143,-0.000490152873145494,-0.0531103848056937,-0.0380656097042765
724,-0.0281453116752538,-0.0273274726834399,-0.0397604136713695,-0.0567129149968062,0.0122329895089005,0.0301063115995717,0.061395864664166
725,-0.00240207721008782,-0.0536365382597432,-0.0546416924022935,-0.0509803332995285,0.0138463835011444,0.0512563723314402,0.0597999376565422
726,-0.0414675904100845,-0.0319396192348458,-0.00281213444023817,-0.0676356832797301,-0.0143966722441236,0.00190572957390843,0.00596798883312956
727,-0.0213197041360363,-0.0366403415993786,-0.0390117563369805,-0.0539736131243162,0.0119470622392366,-0.00798684985773089,-0.00303342212155018
728,-0.0130165946707019,-0.0293951990871377,-0.0292568201645362,-0.0693228178205686,0.0014198887525028,0.00933727691201471,0.00374978904746996
729,-0.0340529300038448,-0.00557536086732162,-0.0666382867092333,-0.0575014608316552,0.0433296830734749,-0.0279949234083553,-0.0384124347403442
730,-0.0342639789633467,-0.00347543427803394,-0.0892678857949584,-0.0166987350562348,0.0278094435107234,-0.00104864847744986,0.00920306275043213
731,0.02896229466029,-0.0433382192693642,-0.0370837435504126,-0.0512592855952251,0.0231634194446726,0.0476526101631236,0.0670216892389491
732,-0.0435980220392128,-0.0185438694012143,-0.0367318790677478,-0.00214452176010509,-0.00263268637210998,-0.0398056346303229,-0.038317709216546
733,-0.0247367095386042,-0.0494911314092722,-0.0226965828849015,-0.0413963276922948,0.00907064920409327,-0.0410961081649421,-0.0558906047312686
734,-0.0388062145471914,-0.0536963893802717,-0.0192327072433857,-0.0941914154271216,0.00366198508648641,0.0301715789142661,0.0318992749017353
735,-0.0409199073511722,-0.0380043763492209,-0.0481538796487206,-0.0763610806390797,0.0174353024932429,-0.0267432646935461,-0.0287134239109742
736,-0.0155494670854097,-0.0677584082836385,-0.0455544230579593,-0.0765611221409945,0.0242204010946426,0.00190529845330289,-0.0160872380917463
737,-0.00700078821624509,-0.00947886281644811,-0.095572626662015,-0.050876973788875,-0.0238097190208795,-0.0180734410332375,0.00663614714189152
738,-0.0126739472417946,0.0000564889132450563,-0.089719868202019,-0.0165160933206502,-0.011595585223972,-0.00372978282745942,0.0075147303602847
739,-0.0235700087034456,-0.0303395622016613,-0.0767765321314705,-0.00641799667340782,-0.00107733659979314,-0.00243815971156974,0.0111667178045961
740,-0.034063183543413,-0.00955879434220315,-0.0436665054354364,-0.0324032694397631,-0.0292604239720893,-0.0152168957896891,0.0104760130422034
741,0.0088694168629903,-0.0593043711936244,-0.075891399858583,-0.0165341470485692,-0.0155754841788917,0.00128064429272975,0.000173998165241385
742,-0.0236613540567388,-0.0234348318918006,-0.0690113767432627,-0.062539626686947,0.00131355829603162,0.0243358020332317,0.0545493007469002
743,-0.0284505306528584,-0.00708872178917773,-0.0100343944276851,-0.0823049871989143,0.00554822338887279,0.00587964889603101,-0.000682935435112525
744,-0.0559466644920938,-0.0124190766916756,-0.100419098927267,-0.0334972864387425,0.0162595692843613,-0.0293925635003811,-0.032219124764179
745,-0.0212096908386995,-0.0429876212154514,-0.0565785350513366,-0.00545544587852609,-0.0107345509825134,0.0183047894208508,0.0335903999557047
746,-0.00219733521387523,-0.0377355251617564,-0.016134992794331,-0.0419217649717262,0.0140310818153632,0.0268281923325274,0.0248933678238801
747,-0.0241250171927879,-0.0362238029528945,-0.0381462988025069,-0.0486071552705903,-0.0040087376594137,-0.0175115813738634,-0.0172115704114253
748,-0.0389094505129487,-0.0335852394070381,-0.0162275012865484,-0.0635944485651264,-0.0330474165608563,-0.0138530711328353,-0.0145492305202724
749,-0.0136139746969521,0.00523012550581338,-0.075940315892944,-0.0541441861618871,-0.0051106394524868,0.0173664163550705,0.0129120583352853
750,-0.0396846010390254,-0.0333159897225863,-0.0693515937171496,-0.0358106574408157,-0.0303558942258002,-0.0406361635242703,-0.0446399367118262
751,-0.00602045591394081,-0.0319491963957482,-0.0450062837350262,-0.0250880453198209,-0.0171445152769281,-0.0161090315889125,-0.000170255334868821
752,-0.044460590670829,-0.0446960403685801,-0.0276640373732577,-0.0295441720755664,-0.0320082487879428,-0.0290902113416612,-0.00129689757123082
753,-0.0423974807571028,-0.0462369405452992,-0.00306346859062841,-0.0365163421451756,-0.000782047824232052,-0.00606433183304584,-0.00537406784230162
754,0.0149704351245588,-0.0371059736178613,-0.00822754996351234,-0.0529288771883143,0.00143812705447857,-0.00711989148071099,0.00536308552730325
755,-0.0360955173349436,-0.0182358280750887,-0.0274653460225131,-0.0511056056022088,-0.0338899342194533,-0.0272573084700291,-0.0125155663291842
756,-0.0200158478007032,-0.0339236751985025,-0.0559405213517351,-0.0365412531262467,-0.0212589685513669,-0.017734291993678,-0.0233382550895722
757,-0.00329996404958155,-0.00618851277454316,-0.00797590952016149,-0.0918476056467958,0.0283055726046062,-0.0273191306018291,0.0113060111354334
758,-0.00428664784674748,-0.0268898438297115,-0.042781505456977,-0.0565842934702887,-0.0214527163812201,0.0175115762708638,0.0154427883156438
759,-0.0431155992176559,-0.0716927838083162,-0.024067231086675,-0.0886834553097254,-0.0135908454152016,-0.014830883763972,0.00774435550867608
760,-0.0433864769003225,-0.0158298164336369,-0.0256180597893988,-0.0661753258856051,0.0313885017887192,-0.0344298657416517,-0.0206639172692912
761,-0.0219454743639235,-0.031894125706458,-0.0459620298787458,-0.0564690363974054,0.0366002105263031,0.00883562515999517,0.00732719083630583
762,-0.0467132688908433,-0.0292973073627931,-0.0532159938508355,-0.0698112862863005,-0.000508663352349017,0.0328499198527942,0.0524608673460144
763,-0.0357656272908189,-0.0141041134602848,-0.0396969036226162,-0.0728656280249344,-0.0173240948068899,-0.00699408825053612,0.00892490405218164
764,-0.0499906336266398,-0.0490550282354411,-0.0462396313820863,-0.0673993573537812,-0.00518880865470893,0.0111185992222546,0.0186860795572551
765,-0.0395735107679193,0.0109736928570602,-0.0361870389171873,-0.0407568529175271,-0.0141834692585266,-0.0437505906797127,-0.0271919978627273
766,-0.0460779148469123,-0.049001603891692,-0.0543256374271419,-0.0473366176049141,-0.0345685401809422,0.0374738820213535,0.0226920623154394
767,-0.0217955721669646,-0.0498356484228305,-0.0734399587508592,-0.0150099948802019,-0.0172238854621518,-0.0293196982456646,-0.0460937578887609
768,-0.0431831525307949,-0.0427041365242108,-0.0300547629961102,-0.0504024696314376,0.0083965962139675,-0.00756736422426528,-0.00734263649291937
769,-0.0161018420741438,-0.0356885151192708,-0.0432290330293703,-0.0675700813036138,0.0107895079825056,0.0292423371089893,0.0262415228282097
770,-0.0582025794507885,-0.0204744472473575,-0.0567742763969093,-0.059481158490082,0.0090754943640651,-0.0914492450896523,-0.0812253468328104
771,-0.00485586297946813,-0.0190933110876462,-0.0355881131344623,-0.0453818485304751,0.00149133116942102,0.0019534192977798,0.00202821147933546
772,-0.0212125947118805,-0.0319845604642121,-0.0538546351491549,-0.0369215723713087,-0.0192746894527677,-0.0327741025705313,-0.0235881166306217
773,-0.0635217347624884,-0.025647118789143,-0.0504382667093114,-0.0232624189131218,0.00220860961944176,-0.042950067681176,-0.0382571955114241
774,-0.0333682389738109,-0.0272755115034989,-0.0424608527868831,-0.100284131874206,-0.00377900616087508,-0.0585710377990644,-0.0191704639632578
775,-0.0492119707051455,-0.0522118816814788,-0.0557704777673894,-0.0547085113194106,-0.000278477044176134,-0.0356078490857735,0.00209465908110711
776,-0.0614546038353501,-0.0567453051545854,-0.0249013133819012,-0.0524822242537388,0.0181257908831887,-0.0143466238171488,-0.0196232886133029
777,-0.0271673233186811,-0.0222589567579109,-0.0153185458880207,-0.049211388021664,0.0172622707925272,-0.0108938852893786,0.0403076387433116
778,-0.0199851234130094,-0.00277852351879809,-0.0635267359200074,-0.0487877621436103,-0.0166646147172596,0.0340436208510572,0.0475994486503152
779,-0.0316181255024645,-0.0960225946827158,-0.0262567260031537,-0.0716241413359311,-0.00547127878313342,-0.0173627102777295,0.0183690618913532
780,-0.0145101287696245,-0.0570688796354086,-0.0254892972132747,-0.0682547493737054,0.00885613010048272,0.0183253238047915,0.00494837485548899
781,-0.0106732009340794,-0.0402890269049364,-0.0512121132069539,-0.0261697532392917,-0.0101325577295822,0.0138725662983682,0.0192128184575931
782,-0.00171043171305441,-0.024667024176142,-0.0175959695590256,-0.0699850539832262,-0.0176965150614631,0.016070176972033,0.0126070595691908
783,-0.0355301468244276,-0.00249888600054808,-0.0178565611900434,-0.0626446992818196,-0.00635569496704204,-0.00259258578397555,0.00354574739006233
784,-0.0282153362702762,-0.0568601412272834,-0.0706356493220179,-0.0535047036142454,0.00926787376024439,0.016454113096466,0.0141772868832886
785,-0.000396429057326203,-0.0359483310727746,-0.0455158217247543,-0.0295632841083027,0.00234896793254613,-0.0421717014679159,-0.0269313755230557
786,-0.0383575210792373,-0.0171902352765567,-0.0753094127776272,-0.0277065124350929,0.0157661069530584,-0.00349965974203077,-0.0197314915668625
787,-0.0261962115950872,-0.0492677044815066,-0.0601973019336762,-0.0463796338884423,0.00400921341166484,0.0110540096385526,0.0157533317069594
788,0.0267180955900208,-0.0592155893912495,-0.0516786178016825,0.000271118611791271,-0.0151362836191665,0.0346209387910487,0.061152361685381
789,-0.00281463375943442,-0.0676821193990845,-0.025283683916829,-0.094276373285882,0.0170035508867711,0.0516669782426568,0.0504519638828875
790,-0.0275425046552018,-0.0119707515753999,-0.0599450545486201,-0.0640175101768658,0.0313569213047342,0.00574842987453385,0.00720292741495754
791,-0.0257549137665697,-0.0502011267103508,-0.0406580844650378,-0.0471835606809844,-0.00516732924158281,0.00243284163988644,-0.00457517503726182
792,-0.0307902833021479,0.0107132017705941,-0.0433740640649448,-0.0578704606447824,-0.0177751686141897,0.00252579639872393,0.0128185603391308
793,-0.0343597397143405,-0.0155651046656914,-0.115680805672072,-0.0401584942317944,0.0174753016900628,0.00648955681252289,0.0548198411502126
794,-0.013363369903421,-0.0044820267773162,-0.065399304173277,-0.0675936531613596,0.0179471799609124,-0.0333464944882549,-0.0146455512732544
795,-0.00142234294851716,-0.0459713121779317,-0.0416612540481593,-0.0494853228113533,0.0395945137112931,0.00927473881723254,0.0100707884765045
796,-0.0518849473129785,-0.0181665865850665,-0.0371521985901543,-0.0708383897519875,0.00969652732719734,0.00144567056386279,-0.00170942488261763
797,-0.0194407410731046,-0.0446812058256816,-0.0123301600596698,-0.0577248865369595,0.00889490096998471,-0.0144689619063885,-0.014128958632395
798,-0.0183278238300375,-0.011817820901005,-0.0706223998296429,-0.0222253658899083,-0.00742064339209732,-0.0388410227375652,-0.0208901941645417
799,-0.0325406838566761,-0.0397034499666978,-0.0934252433369275,-0.0349545200997832,0.0545963155616077,-0.0167518752208274,-0.0182332470100411
800,-0.0523506330115193,-0.015465128184199,-0.0596735290100338,-0.0842144158343913,-0.0343475831584536,-0.0383479426637737,-0.0379259620023198
801,-0.0731067156809416,-0.0216774971535218,-0.0203110802622994,-0.0392209840205897,-0.0193133719076573,-0.063939086665729,-0.0705377098865099
802,-0.0222070872966498,-0.036866828176631,-0.062181611109952,-0.0879037025870025,0.0122041918766317,0.0284210242439559,0.0203507824450937
803,-0.00360554373931986,-0.0504645801121365,-0.0264748813622876,-0.095496342618405,-0.0340016686198545,0.0576931083108547,0.0571230109944913
804,-0.0321893499774913,-0.0474634504407554,0.00197398370534772,-0.0474456999307333,0.00199420522970914,-0.0170144744570741,-0.0499746572117683
805,-0.013997365049317,-0.0437499330098443,-0.0350908325757273,-0.0436084395968061,0.0342509252560166,0.0439766340143661,0.0302441361392025
806,-0.040222866238399,-0.0186702191255708,-0.0175259927864391,-0.0829057370264119,0.0156694513122786,-0.0154313683917839,-0.0151461077020588
807,-0.052714812104337,0.000255896236192779,-0.0588283330804828,-0.0525764956221936,0.0194373860033107,-0.032238868232442,-0.0282439916608189
808,-0.0395138483896854,-0.0257555817562761,-0.0159101454383243,-0.118204934950874,0.00161030029144756,0.000887494214453347,-0.00548231945652326
809,-0.0413814789423305,-0.0317836728747057,-0.0653805995581399,-0.0414516628381332,-0.0246175784553457,-0.00843827199090881,-0.00666160216778712
810,-0.0211320029502378,0.0000629490001402139,-0.0306667149206375,-0.0491296611839863,-0.0136564653662765,0.0234833690151353,0.0273937135892356
811,-0.0371348045105543,-0.0109327739942399,-0.0322312543594681,-0.085806507162686,-0.000169458769970141,0.00752880167753268,0.0142917119672737
812,-0.0504741193756663,0.00130643348951652,-0.053672511473668,-0.0509318422007599,0.0128209552712502,-0.0403638279251088,-0.0401237984951039
813,-0.0321223865938578,-0.0681117842308433,-0.0474629847909064,-0.0261169368275754,-0.00853166185082707,0.00103156582929666,-0.00794230363840122
814,-0.00949962646716429,-0.0214309355228025,-0.0678566021602947,-0.0819084524005229,-0.0208690506122666,0.0411805397818478,0.0380148523243455
815,-0.0465997226151452,-0.046235977227392,-0.0641686844141363,-0.0365823309048091,-0.0275508518160927,0.00749375620269186,0.0073974219923844
816,-0.0143589566373677,-0.0336095405031413,-0.025212404147043,-0.07423001590424,0.00805844787478882,0.0118231453419353,0.025499065302233
817,-0.0168747308056093,-0.0326526410343013,-0.0572241674246381,-0.0792278564813221,0.00724027256343615,-0.031487682647722,-0.0326011201560902
818,0.00207345886949081,-0.0100091775811533,-0.0225687953602495,-0.10246511840049,0.0304370263713232,0.0339922664686255,0.0185310293606385
819,-0.0249476770039836,-0.0402440964356276,-0.0318581218661746,-0.0723697665468221,0.0344897731613722,0.00258528818181299,-0.0145028550604177
820,-0.0381545255219523,-0.0280281120007684,-0.0297832906022519,-0.0699725651867547,-0.00900576173724044,-0.026286963137007,-0.0254825392276831
821,-0.0362872436301624,-0.0133565807737403,-0.0546750568223138,-0.0638970510357731,-0.0244705609031846,-0.0129153241811321,0.00260010865661704
822,-0.0506467056220816,-0.0389774662445383,-0.0422455218308682,-0.0279171986771042,-0.0255251940680918,-0.0401465695608245,-0.057480866847778
823,-0.0381317035622334,-0.0343892473120921,-0.0649287295940613,-0.0442349127551594,0.0234258146395667,-0.0357943342902382,-0.0290386043932601
824,-0.00972004046612891,-0.0532230001528585,-0.0156953980208449,-0.0623266170018502,-0.00657496037655644,-0.0281920438741785,-0.0276026746578317
825,0.000589497719484203,-0.0600884689950637,-0.0619071462283123,-0.0332561715820792,-0.0134879891097608,0.046851875940913,0.0507842720337692
826,-0.0332028643758382,-0.0472018489238383,-0.0842216456486897,-0.0258606803218609,0.0138196718790277,-0.0331829084491564,-0.0300679600389461
827,-0.0308447962662337,-0.017686296602104,-0.0519683151239941,-0.0439064483310024,0.00135917031189746,-0.0227044453574134,-0.0324906020199946
828,-0.0341933900992929,-0.0429761920413893,-0.0183744171503695,-0.0233072738959452,0.00583193811822548,-0.000597068745583351,-0.00436737771258916
829,-0.0208940533745052,-0.0412718458088053,-0.0736998944230604,-0.0339688899193929,-0.0210514608772314,0.0140838286294529,0.0127865442112602
830,-0.0322808686952835,-0.0131489779965305,-0.0428742880846064,-0.0323810140411379,-0.00673734425065113,-0.00850859333981821,-0.00709022522080145
831,0.0128567081599741,-0.0786798630154818,-0.0577252440368063,-0.00466060942731736,-0.0152399283814932,0.0218908979324065,0.033838160204702
832,0.00391906091750176,-0.0280484767785261,-0.0762050209704623,-0.026709234473815,-0.0187069983405987,0.016911678705829,0.0116962583635412
833,-0.0305564303613056,-0.0043137688619803,-0.0699038082335564,-0.0565412720308356,-0.00570145108225217,-0.0371179688083778,-0.0433904577811062
834,-0.00312169575114932,-0.0183542019346685,-0.0815196679301908,-0.0438420353883054,-0.0080708061525364,-0.0373358555302971,-0.0489411195666343
835,-0.00400339126306729,-0.0280552414387105,-0.065367203102742,-0.0462052213432332,-0.00294272594346758,0.0255988978377535,0.0232514427487381
836,-0.0220239776844775,-0.00695120491586886,-0.0453227251968117,-0.030774514309611,-0.00235630548676213,-0.02020575794783,-0.0142576669556309
837,-0.0164756204724287,-0.0189533117629867,-0.0235908156877945,-0.0356609638741016,0.00483937201188216,0.0184047142756178,0.00539237133582295
838,-0.0366726375002956,-0.00235602928057929,-0.0568559565102432,-0.0311944255955779,0.0000958114583928388,-0.00884443147374876,-0.00977396765583944
839,-0.015417435618293,-0.0215499236505839,-0.0457414054512482,-0.0606564598116401,0.00975195496852434,0.0239102677874329,0.0347379396645186
840,-0.0295226680983398,0.00602221241743463,-0.0603246909745693,-0.0438586300847601,0.0258813089868789,-0.00113574351686502,0.00641560103155347
841,-0.00476579742984592,-0.0244618257342744,-0.0192012132496441,-0.0625019259119027,0.0176938767563779,-0.0112199334816122,-0.0264441747744343
842,-0.0340058714863106,-0.0511711721632664,-0.00609930613349653,-0.104977648416388,0.0356281110755836,0.00619008988135421,0.00520731740993632
843,0.00659015542851235,-0.0122621868300388,-0.0639701531105167,-0.0414194580387734,-0.0133550511997084,0.0334879784874797,-0.0105175829200491
844,-0.0354187552185483,-0.0271012824411802,0.000431036783344288,-0.0299986455493139,0.0165013826364341,-0.0301386516118159,-0.0316268281639022
845,-0.0267600549238767,-0.0615236295781681,-0.0461280369522586,-0.0407021734168362,0.0018689421771151,-0.0239187519877766,-0.0261715822848511
846,-0.0165805106300788,-0.0482730889837021,-0.0613206671688552,-0.111183540828586,-0.0065722431709444,-0.0200737039721492,-0.0198471648296228
847,-0.0196323854007306,-0.0406430075388489,-0.0269729800729652,-0.0962853279097924,-0.0053354069107147,-0.0111172061593666,-0.00719749252435915
848,-0.00667575515312228,-0.031096462410743,-0.0595553227554968,-0.0442154870002035,-0.0309319399442016,-0.0141742785848833,0.0169475356136317
849,-0.00672161200420943,-0.0498195045459543,-0.0471062735452731,-0.0377241125871098,-0.0230791631071691,0.00190118632060793,0.00441423197485739
850,-0.0201323581454461,-0.0188783589578405,-0.0675616889279586,-0.0364089637044158,-0.015620766224242,-0.00506307819925333,-0.0384793607355375
851,-0.0593896322359209,0.00390234660499382,-0.0200639385469688,-0.0608340039767127,-0.0103679576035648,-0.0530619900325223,-0.0381458725028985
852,-0.0290041126796576,-0.0266813653637866,-0.0231653444703279,-0.0618203084541043,-0.00979240909027521,0.00182687299798701,-0.0120216458863586
853,-0.0146032584769158,-0.037535834486405,-0.057283884099993,-0.0322584479856222,0.0164440612669622,0.0249079762976766,0.0261009194063081
854,-0.0232934800932411,-0.000581690080799419,-0.0421370769269431,-0.0307393225508459,-0.018805481513536,0.0344046557882396,0.00279535309641324
855,-0.0345354611793401,-0.050193851819931,-0.067368821551402,-0.0889613861861918,-0.00863105409464726,-0.0286127809980053,-0.0343577951002742
856,-0.0160400331292406,-0.0187856591914502,-0.0656383574005412,-0.0354307472133473,-0.019158888983538,-0.0510369252439926,-0.0498791424055171
857,-0.024443626557884,-0.0263684561925874,-0.0491148442401289,-0.0638767476293302,-0.0361032360797849,0.0141478168267408,0.0150948213890731
858,-0.0270632410141013,-0.033486921712463,-0.0143810077479225,-0.0685625324045114,0.0148580041321691,-0.00504211671826529,0.00269615581871154
859,-0.0430306314269422,-0.039192083226847,-0.0258190778990725,-0.0673724591830749,0.0192260152133925,-0.0557662354226405,-0.04434172190645
860,-0.0647575851053714,-0.052127049308772,-0.0488687512833643,-0.0450414692039109,0.016715315997477,-0.038648700092216,-0.0629776591565798
861,-0.0493918376559842,-0.0510559555732422,-0.0542756332269603,-0.0406075226758892,-0.0109345275919299,0.021704771617716,0.0649146849752248
862,-0.0194504346681205,-0.0182315156714526,-0.0705440511892176,-0.0472364491961717,0.0124753377574681,0.0219359048292247,0.0233963239831821
863,0.000937293264022532,-0.0307927405632723,-0.0388460391446065,-0.0656645353572015,0.0243583863190576,-0.023858390180044,-0.0246267569032119
864,-0.0494221182798862,-0.0249407007273434,-0.0516418896528,-0.0689414538575669,-0.00662299460807673,0.0137849285292069,0.0157432479283862
865,-0.0115875369916497,-0.0522815303440694,-0.0590591866246678,-0.0814154629161145,-0.0397253959926451,0.0152969065677921,0.0279058955100561
866,-0.0174055047473761,-0.0328988940907411,-0.0336371130640825,-0.0532583566220646,0.000680085145133458,0.0213245203386394,-0.0184390795937757
867,-0.042048971036694,-0.0554828307415589,-0.0379829923376359,-0.0323138396323898,-0.0163833263531084,-0.0268716796477464,-0.0260892799141153
868,-0.0333481712989198,-0.0584758408627582,-0.0247572796882932,-0.0588693162994573,-0.0479657272361531,0.014264179455524,0.00533990236782384
869,-0.0129637844071096,-0.0342141753929091,-0.0511373491412028,-0.0931742605032985,-0.0175206337732984,0.0264848928256623,0.0278503996161121
870,-0.0644192553354041,-0.013031638212598,-0.0725903692108677,-0.0740578988075779,0.00156570883846638,-0.0640874736489454,-0.0353355400290623
871,-0.0511786530251376,-0.06539921314308,-0.0331504335476352,-0.0343859926492163,-0.0326896117252646,0.0204439733642914,-0.00789081410354987
872,-0.0247798170362227,-0.0428293368595359,-0.0557158948976593,-0.033534927051252,-0.0158716201939636,0.00131326857814754,0.0101112500990188
873,-0.0420386425794883,-0.034966500687252,-0.0502137157398927,-0.0547144369684559,-0.00482976545833319,-0.0411921366261896,-0.044946497835268
874,-0.058319435629337,-0.0358689410462051,0.0101934306425299,-0.0352688769871191,-0.0256308302595895,-0.00440493962184216,-0.00303682618289411
875,-0.0309605423376056,-0.0183634106446293,-0.0584964219652261,-0.077292016695876,-0.0030672222104999,-0.00967046859502126,-0.0225391057648738
876,-0.0572381766693315,-0.0255832865736693,-0.00439920968463672,-0.0750342423955787,0.00621215134285898,-0.0510122303407587,-0.0317898738829471
877,-0.0559207976764608,-0.00525672475277468,-0.0721313803935021,-0.0433881737560815,-0.0163255904758334,-0.0202742211007047,-0.0196848442807696
878,-0.0513022954695452,-0.0527916426244027,-0.0333940846715498,-0.0461557384885959,0.0159402330521571,-0.0225045781581295,-0.0313033036900774
879,-0.0454081144431014,-0.0367447638027586,-0.0166414621793569,-0.0462893005462097,-0.00502908990046208,-0.0289766400999887,0.0212561509719408
880,-0.0278111366797537,-0.067986067429958,-0.0442723901725046,-0.0972728538433455,0.00751935531036843,0.0133531596120639,-0.0124424313222116
881,-0.0399432947583103,-0.0233315191337144,-0.0796905146078991,-0.0584761720291875,0.010202791651408,-0.0172345417111393,-0.02844642823676
882,-0.0207473557246391,-0.0497272657609364,-0.0491716856872225,-0.0701628292893052,-0.0270146775794855,0.0167997330027783,0.0107060375610825
883,-0.0616353669733345,-0.0206746314052063,-0.042711165429181,-0.057026552652589,-0.0293806695169567,-0.00834867227673634,-0.0136536440210682
884,-0.0363945639734639,-0.0109132552055634,-0.0822630773903853,-0.0393956666877198,-0.00698193339291794,0.0257655130179155,0.0294300996790898
885,-0.0324582741502255,-0.0174081745203886,-0.0421944253653643,-0.0195264719156916,-0.0232433825499976,0.0346327026182508,-0.0218935741793932
886,-0.044308854901587,0.0157169846744422,-0.0653892606557527,-0.0623949313553398,0.0273402683470082,-0.0187671385085872,-0.029940659618897
887,-0.0361272317725794,-0.0592383548215591,-0.0316981992495839,-0.0606144195549632,0.00635131778141491,0.0368255632129887,0.0359180231832848
888,-0.0446585169157438,-0.0433934045527683,-0.0817300032859759,-0.0299783748162677,0.0270654083742271,-0.0421516974419101,-0.062191681707591
889,-0.0209121296768022,-0.0115920325720048,-0.0722434405636371,-0.0470695542656186,-0.0279604841409884,0.0162529628515805,0.0131026625414603
890,-0.0414374790527949,0.00707419061046481,-0.029047548928771,-0.0637430540221919,-0.0212588692217816,-0.0277746431820726,-0.0213936852944185
891,-0.0115072180093977,-0.0368632893220531,-0.0658111779403251,-0.0452677217325711,-0.00762214402352049,0.0120039470230427,0.0370238359039209
892,-0.0138264343130905,-0.000340017419807215,-0.078071182030877,-0.052691637853876,0.0258806801480216,0.00892314273177315,0.0251150223172809
893,0.00768398330461782,-0.0378674453757689,-0.0512614627580661,0.00682028901116118,-0.00807727658808438,0.016191297127926,0.0244358530283339
894,-0.0310264413904588,-0.040787066628701,-0.0274551489054813,-0.0072936065782461,-0.0384371843958877,0.0151105965482541,-0.00394298855059598
895,-0.0465957811184502,-0.0291686797130797,-0.0584933180413581,-0.0241291468488407,0.0199806233155685,-0.030073806336415,-0.0281704350212668
896,-0.0333352888794011,-0.0837643287021135,-0.0433937297748017,-0.05319364288604,0.000504216463224197,-0.00986298458398505,-0.00457692305417894
897,-0.0299674979701445,-0.0167703094512551,-0.0549867087458971,-0.0438349675914579,-0.019198233806769,0.00567958320688153,0.00996459514240036
898,-0.0393062764131287,-0.0608878020302298,-0.0388825425906027,-0.075908948481155,-0.00331752633217165,-0.0368830441464049,-0.0376850864899186
899,-0.0332026156109037,-0.0364721675997631,-0.0354407182265116,-0.0273731042074453,-0.0183205370421674,-0.0388687420639963,-0.0637847934757789
900,-0.0508681456923468,-0.0203915399665008,-0.0348983008513878,-0.0395953547359903,0.0000514663266325405,-0.029573878724012,-0.0410384264535935
901,-0.0226249527280814,-0.0426472304285707,-0.0132752682840974,-0.0750056743544905,-0.0386920838090075,-0.0301120264265173,-0.0122610709678627
902,-0.0256280294719499,-0.0530424135405586,0.0046476505455726,-0.0553440586690364,-0.0220342542775034,-0.0210966308236174,-0.0234767263447285
903,-0.0233112031982693,-0.0502641561998049,-0.0391247101091796,-0.0625212750288172,-0.0216405447733074,-0.00271557322977818,-0.0246478909420159
904,-0.0592407156104169,-0.0293806041314128,-0.0702895507030713,-0.0578209303460096,0.032750129292855,0.00205277371022497,0.0083026879906839
905,-0.0365736912343351,-0.0106850140727777,-0.0623620331972035,-0.0420109343829473,0.00802117097802976,-0.0279994759788705,0.0166567906069041
906,-0.0411113388847234,-0.0342499474340628,-0.0410229098563429,-0.0655557192158221,0.0337769797279103,-0.0319412914386929,-0.0264900550790187
907,-0.0469091283253084,-0.0271726523601748,-0.0340175064766154,-0.0428978016970121,0.0224997769825694,-0.00101378009067449,-0.0307911200888466
908,-0.0286955015383737,-0.00750631169061709,-0.0104384654327818,-0.0540930985768394,-0.0136551709510501,0.0197030493135339,0.0447206479682147
909,-0.0207824176003648,0.023827829257751,-0.0514507053819468,-0.0528332870983379,-0.0361485403156939,0.0156550840975783,0.017380834681284
910,-0.0285363102709318,-0.0125393974287531,-0.0244520286966885,-0.0335938699898887,-0.00628426878187983,-0.0295870877283091,-0.014161012756158
911,-0.03290483109263,-0.00428338105588857,-0.0648440543015537,-0.059642129815225,0.00012395065989397,-0.00755042309012838,-0.00772838129855441
912,-0.0313910944993641,-0.0614699809177322,-0.0316243837662605,-0.0975810851124171,-0.00545530372197586,-0.0156254558994599,-0.0188403933528442
913,-0.0157910164643878,-0.0372682163117641,-0.0806970515047087,-0.0316567711460512,0.0123578460830376,0.0279536545233065,0.052993744300799
914,-0.0308778538371467,-0.0253481659737525,-0.0805379798054437,-0.0476524678925898,-0.00484041880198377,0.00917580755373265,0.00933543657700448
915,0.000333277240201754,-0.0092266417711455,-0.0390375453067401,-0.0600821976868174,-0.0490405983869138,0.0629065135814266,0.0470910923930715
916,-0.0317486809334698,-0.0563714656911002,-0.0355211434975629,-0.0354107135366257,-0.00991881355777789,-0.0526832618407784,-0.0544222725936251
917,-0.0518523866573434,-0.00390576176161236,-0.0589402187021082,-0.0650724479786385,-0.0231576406728703,-0.0387015032998438,-0.0190190145066799
918,-0.0423660344282157,-0.0337839940954262,-0.0364736231914102,-0.0449392965626349,-0.0337922729062211,-0.0262568419837228,-0.0467284999723331
919,-0.00695801876734417,-0.0468460618460431,-0.0250040868899642,-0.0500853097541899,0.0166855793479711,0.0122740156230497,-0.00533942254890929
920,-0.0528976482970571,-0.021361648975804,-0.0449065997001312,-0.0671188884716568,0.0211005139212935,-0.0219915940820141,-0.0218020675902534
921,-0.0453713174987447,-0.0261593326834965,-0.0452869330046354,-0.0420068377253436,0.00223557672808672,-0.0190802358559153,-0.0426565670836396
922,-0.0116706555508788,-0.0103722423998685,-0.0415438634228256,-0.0769775986384409,-0.00760695769341675,-0.00493552561748134,0.00365981880958191
923,-0.00933953434423145,-0.00692290091829544,-0.0754613249076681,-0.0516791776992849,-0.00400804513655266,0.0215452101439228,0.0134963806025194
924,-0.0458640778721391,-0.0147232181897141,-0.0343690816518531,-0.0679930874809767,0.00842756964814062,0.0115902912108522,-0.0260135275127431
925,-0.0185133357683632,-0.0456054807515101,-0.0694081199100042,-0.025390711088395,-0.0141666445504117,-0.00746274263099017,-0.0178921072728378
926,-0.0524307500590154,-0.0851005773920473,-0.0546339412694835,-0.0548129656064661,0.0020803027830698,-0.0049149178509864,0.0298927569487224
927,-0.0433153142266864,-0.0204428252977236,-0.0479390163821299,0.0140586965025123,0.00487612340961759,0.0172871569306576,0.0434142750563539
928,-0.0539334452978881,-0.0468404753278284,-0.0630768873072942,-0.0472244389302154,0.00356629408345559,-0.0225401407307921,-0.0171776000258723
929,-0.0602911422762156,-0.0365180060636593,-0.0635562917597994,-0.0655854309242441,-0.00414772009134183,-0.0342472645924686,-0.0495770233441509
930,-0.014267169515457,-0.0361879232245172,-0.0379249564701171,-0.0418727016821856,-0.00479769906650958,0.00485904710722218,0.0241625996540574
931,-0.00267427656568248,-0.0170842571613286,-0.055236046701292,-0.071432335105086,0.021369588519792,0.0288084542331558,0.0264407119139736
932,-0.0760826705509551,-0.0213022969989387,0.00504130071436422,-0.0825256651824969,0.0333909849978912,-0.0181368820889394,-0.0219728067093763
933,-0.0315384193101691,-0.0111993325453861,-0.0371018331584683,-0.062543677449312,0.00552510803300475,0.00384219060361758,-0.00308298607510093
934,-0.024761035515763,-0.034421263532109,-0.0545982385113546,-0.0676632306493008,0.0219797123592693,0.0127472508177059,0.0224431652314101
935,-0.0365592980635318,-0.00120368697617725,-0.0204988875898637,-0.0502752752877785,0.0313215541177692,-0.0226780412516752,-0.0285323916461262
936,-0.00562735834604977,-0.024451286204657,-0.0609525736375354,-0.0507160408111479,0.00101602070959757,-0.00410480386855788,-0.00261341669667206
937,-0.0242266053765994,-0.0220738364084482,-0.0127719746930866,-0.0714807913563106,-0.00394060988354482,-0.0123739684087663,0.0252106864237959
938,-0.0119021086252755,-0.0122004292471685,-0.00675252807994864,-0.0514527866994484,-0.0291049660610253,-0.000769950199513036,0.0149081735265421
939,0.004662178249386,-0.0499031962934985,-0.0663372175864656,-0.0590117466453617,-0.0162402639658057,0.0621349653451412,0.0487554866734756
940,0.00128631965517531,-0.0391876430423087,-0.0578457919083744,-0.0307618296575705,-0.0293144569208712,-0.0137310178563722,-0.0191676057672722
941,-0.0249385687591199,-0.0374928717369592,0.0143232504513571,-0.0984555802588445,-0.019979636598326,-0.0106152423491008,-0.00110497217242117
942,-0.0329851029900017,-0.0280992660739089,-0.0662260030489,-0.0578787984947383,0.0413810495086068,-0.00131999917847316,-0.0100136234178905
943,-0.0463728866615875,-0.00695761631882362,-0.0474516546702867,-0.071398087953443,0.00329680992140111,-0.0272529571348609,-0.0273158674504832
944,-0.0303140384670718,-0.01132522486886,-0.0341877439802565,-0.0215550551346047,-0.0104653963335184,-0.018601935564741,-0.048339864446772
945,-0.0144952989200499,-0.0419186598879167,-0.0953281081758527,-0.000573785813444486,0.00838434523787254,0.0332329863280708,0.00775957279717088
946,-0.0304356748221371,-0.027541100871963,-0.0619990378741694,-0.0278094807906272,-0.0232038706194634,-0.0159574935461733,-0.0208165376443767
947,-0.0228442205684089,-0.0361164043273868,-0.0190987226639753,-0.0490610537564648,-0.0200531984838316,-0.019489182637295,-0.0125705940653242
948,-0.0300146523470525,-0.035086345137449,-0.0232668534170583,-0.0411017187846978,-0.0169169451904623,0.0255899872641785,0.0337647616930901
949,-0.00149868026505201,-0.0203172106744439,-0.0277309242999864,-0.0639062727322036,0.0100722990414293,0.0341277144447545,0.0338188591349533
950,-0.0444441924912588,-0.00611857645895258,-0.0490033915977466,-0.0693623993412685,-0.0128683919160606,0.0448434591172458,0.0582322425260134
951,-0.0403707291011211,-0.00722827444020629,-0.0679016260712803,-0.0231050155564588,0.0177066742368696,0.0184923379344976,0.031178387032565
952,-0.0167031476715415,-0.0485822349599034,-0.0442017883543767,-0.0232778718623874,-0.0175123882991787,-0.0565555494201773,-0.022156388018689
953,-0.0347138601864073,-0.0857739393997344,-0.0703458147789656,-0.0336140020694635,-0.00247989641727514,0.000338273898232475,0.046286348410099
954,-0.0504857382278256,-0.0213669301180187,-0.0451880517939354,-0.0540399614786297,0.0253460992921586,-0.0412217331912551,-0.0334997856560196
955,-0.0273950902834042,0.00447719618136347,-0.0876221329342698,-0.0535099720197124,0.0311850953464818,0.00349648811680332,0.0111339554030025
956,-0.0443982935357798,-0.0196162773233318,-0.0439040719907222,-0.0727043957090552,-0.0226149666754465,-0.0308657992986121,-0.0401896651925808
957,-0.0475210530454744,-0.00533896853342163,-0.0404595960510094,-0.0593638932216222,0.00122083053274309,0.00750262182459092,0.00457266575424157
958,-0.0391428408596717,-0.0375656047304421,-0.0314898507897208,-0.0539104055081474,0.0180191122116547,0.00108334331080263,0.00400089525347821
959,-0.024339218117054,-0.0429676031184026,-0.0289025311299595,-0.0615640559527263,0.0276796918582254,0.00720017637931517,0.055187073008348
960,-0.0608192130549657,-0.00291751777496831,-0.0610294366117695,-0.0528605981770002,-0.0246083713221281,-0.0569376563659874,-0.0645604206055638
961,-0.0452503492385679,-0.0363705244161839,-0.0523809820465509,-0.0733995162551304,-0.0280591568063785,0.00527400434612096,0.00867364659031884
962,-0.0388303581987493,-0.0351686128014035,-0.0179338119128067,-0.0247997221904938,0.00617409361285574,-0.038512007743225,-0.0107131157877209
963,-0.000841445929397333,-0.015221056456471,-0.0201520203016254,-0.0706866476252369,0.00570093243884393,0.00811083493512761,0.000863745821458498
964,-0.0435528073914385,-0.0156846821229869,-0.0536886254830668,-0.0460987442172987,0.00573741386933847,0.00628445525074597,0.0410725554518621
965,-0.0195193411532536,-0.0356936478263703,-0.0275883404519319,-0.0699418120797139,0.0165046662506344,-0.000208124647197619,-0.00224569003552593
966,-0.0304986766596745,-0.019849243627677,-0.00553985344719433,-0.0688883370728254,0.00476479377584169,-0.00210582833105109,-0.0390194000441229
967,-0.0581950327170739,-0.0489616526927126,-0.00681757635732809,-0.0449072505566609,-0.00639299457950944,-0.0422424667503484,-0.0315443749565568
968,-0.0514160757836613,-0.00396927706033902,-0.0291522377507148,-0.0714353322248542,0.0200509427197193,-0.00858218372457609,-0.0269050952809724
969,-0.0371071503680879,-0.0559633256544571,-0.0271296626838468,-0.0389201670541389,-0.0384804266226968,0.0492587734936442,0.049653332476826
970,-0.0178222811750636,-0.0611249566108966,-0.0133113358931562,-0.0269101630243564,-0.0164272960687859,-0.0148578698766542,-0.0191065961207302
971,-0.00415730022176994,0.00109126032699767,-0.0477053436696359,-0.0133863801219761,-0.0023830175707699,0.0115074877397335,0.00356743029622405
972,-0.0294924920409404,-0.0662319120912278,-0.0545836771614502,-0.100096750919943,0.0055059182629642,-0.013809432217343,-0.000101248095696935
973,-0.0476112019792946,-0.0204657100672544,-0.0303438241457743,-0.0462588620736717,0.00613825466732054,0.00991484882047483,-0.00737969856433897
974,-0.0480195727869889,-0.0686371999436989,-0.0390061350729277,-0.0323306963950627,0.00222806096231938,0.0154364664524478,0.0246004248000279
975,-0.0311433939661021,-0.0494033194101935,-0.0135877675418458,-0.0320360704688745,-0.00196364399355065,-0.0142124239616134,-0.0164845737256208
976,-0.0351915080788114,-0.0395903370343943,-0.0263050997670604,-0.060769220881359,0.0262078392971953,-0.0229061692405389,0.0248633698136672
977,-0.0310114606486529,-0.0767591862508606,-0.0333752613229599,-0.10070438428515,-0.0166893725944138,0.00549846064742164,-0.0011965394455471
978,-0.0467942272899256,-0.048261190041892,-0.00622436824174212,-0.0331677002984505,0.000469168364801778,-0.0511877113399025,-0.0526714481339708
979,-0.0499624000593127,-0.0173635157245104,-0.0768936718943532,-0.0539459049222507,-0.00902919936938758,-0.063562974974371,-0.0608493073153182
980,-0.0490718478678574,-0.00709480087684332,-0.0936227381187308,-0.0244472654574315,0.00661785752420807,-0.0207164383490746,-0.0191761218777306
981,-0.002671290543693,-0.0383109173736728,-0.0626185724669503,-0.0279093912447288,0.0248905968378294,0.0269259384122012,0.0298723149190422
982,-0.0583826703195645,-0.0295680348755964,-0.0601794353441875,-0.0613632204992359,0.00795872700616564,-0.010223964200129,-0.00245125226031321
983,-0.0124190300370796,-0.0280387510911922,-0.0158040426200065,-0.037725657632393,0.0207778993363696,-0.00106147255362693,0.000346766355242417
984,-0.0145359951770408,-0.0205003223086824,-0.021369167964904,-0.0581405066453732,-0.0223990466422274,-0.0137229924977764,-0.0119329356687259
985,-0.022925337612216,-0.0278920335484385,-0.0258906742229823,-0.0388949404049232,-0.0097518122309664,-0.0111399854772934,-0.0224213258605419
986,-0.0239029321093476,-0.0693792519299605,-0.0546643987050772,-0.0586588856894485,-0.0198769590875585,-0.0188996219715222,-0.0187131447083019
987,-0.0304924951369954,-0.0603466528258721,-0.0481279841177803,-0.0842669453722853,-0.0332793146192677,-0.0170757034830678,-0.0101833605298845
988,-0.0348937947026932,-0.00094626884302737,-0.0602120227498368,-0.0610217522350748,-0.00342235781306499,-0.0279038474415904,-0.0220369473499788
989,-0.0540891456296719,-0.018101861731006,-0.0327921117938859,-0.0462184925600828,0.0113349997499328,-0.0498653307659343,-0.0364591490367736
990,-0.00923864193375197,-0.0337426909822018,-0.0657897630532755,-0.0553592821854597,0.017327139783911,0.0196361031401273,0.0420220338967579
991,-0.0342182944589629,-0.0309048126483678,-0.0557022929818255,-0.0727666171230521,-0.0137625163903127,-0.0165730884121505,-0.00240350185816048
992,0.00543803753660392,0.0164914885359133,-0.0600333986340228,-0.0305267805846605,-0.00795981377823181,0.0218733365573709,0.024546154969131
993,-0.0458018487793527,-0.0136743233578137,-0.0602402122855327,-0.082383147912949,-0.0146849295369212,-0.0308022156266014,-0.0149531025731083
994,-0.0314646537805141,-0.0420801982250237,-0.0445736694560821,-0.036521335844723,0.0037390983975945,0.00628714501873993,0.00670445787568336
995,-0.0459580478434595,-0.0389468681588216,-0.0504846902580731,-0.00551772530094206,0.0000624333153601969,-0.0568944390127593,-0.0380745317939083
996,-0.0501566355995344,-0.0345884557912027,-0.026065696360382,-0.0557843917381228,0.0317266492965317,-0.012242725380532,-0.0205623888804734
997,-0.0410077953230126,-0.0471084611344565,-0.0472194787892459,-0.0761091660939281,0.0134742591539398,0.00494796853308158,0.0376249002101198
998,-0.0322088682976931,-0.0419320321662828,-0.0651535131059701,-0.0123462384557778,-0.016957180614724,-0.0610901317251232,-0.0696772655832724
999,-0.00974922999120188,0.0157892243699652,-0.0350092060646262,-0.0577293272348418,-0.0176873634939861,0.00918661876021787,0.0230100614792423
1000,-0.0130380839674657,-0.0480254502970848,-0.0222466227139925,-0.0436131029065054,-0.00129228222051446,0.00549797014014228,0.0360184662012957
