"definition","replicate","Q1","Q2","Q3","Q4","Q5"
"S2_A_20_39_vs_40_79",1,-0.0124653599402559,-0.0120251255422351,-0.00595680109828095,0.001692948275235,-0.129843883133154
"S2_A_20_39_vs_40_79",2,0.0101162667070205,-0.0310459716381754,0.0040209180161844,-0.0118720144608851,-0.116486115756108
"S2_A_20_39_vs_40_79",3,0.0155994757699504,-0.0390420032475406,0.0160601922150378,-0.0286370283001904,-0.0724364591868695
"S2_A_20_39_vs_40_79",4,-0.00996836762367254,-0.0519572756116999,-0.0103747434925892,-0.0509916033161444,-0.0686166146080856
"S2_A_20_39_vs_40_79",5,0.00974212876763575,-0.00794845482253315,-0.0358620366059798,0.00806174509109517,-0.0878213797158856
"S2_A_20_39_vs_40_79",6,-0.00813728193270782,-0.0626508945260783,-0.0522142013449456,-0.0932738796426714,-0.053375277557891
"S2_A_20_39_vs_40_79",7,-0.0136135207862721,-0.0497197375631679,0.00496358037643366,-0.0518563272032276,-0.0812913394984761
"S2_A_20_39_vs_40_79",8,0.008863259252534,-0.0435063425767386,0.00431185959499428,-0.0617771101550826,-0.0913597724065763
"S2_A_20_39_vs_40_79",9,0.0242980370018304,-0.0330675601580159,-0.00509778387916726,-0.0176719068520831,-0.036780578751387
"S2_A_20_39_vs_40_79",10,-0.0183211382045065,-0.0163409195913544,-0.0294585918751991,-0.0738340602976202,-0.0218147830651059
"S2_A_20_39_vs_40_79",11,-0.0153950816301742,-0.0292558344426587,-0.0188914083561459,-0.00259836703201552,-0.0523493892279035
"S2_A_20_39_vs_40_79",12,-0.0193091684063704,-0.00183132251896299,0.0096102161327648,-0.114221260969783,-0.0489367925443445
"S2_A_20_39_vs_40_79",13,-0.0148125940974539,-0.0529969455708716,-0.0360653014785601,-0.0210637251785034,-0.0562558765225876
"S2_A_20_39_vs_40_79",14,0.00385046270455013,-0.031754032678167,-0.0068119626147285,-0.0993873677711175,0.00426201588142761
"S2_A_20_39_vs_40_79",15,-0.0132632068211168,-0.0614165023514023,-0.0310915155891682,-0.0280880719466108,-0.0993661096762421
"S2_A_20_39_vs_40_79",16,0.0143757927437758,-0.0508793383474372,-0.0401644816033733,-0.0157573688693952,-0.0725872387126203
"S2_A_20_39_vs_40_79",17,0.00762936977148414,-0.0423818105861104,-0.0346624085042955,-0.0111329153623417,-0.090463117955799
"S2_A_20_39_vs_40_79",18,-0.0129416287499665,-0.00907332747627596,-0.00235250901903319,-0.0529485381602897,-0.110779688754227
"S2_A_20_39_vs_40_79",19,-0.0214612813607283,-0.0300556191237043,-0.0537841953138873,-0.00915034968096795,-0.0819910802283927
"S2_A_20_39_vs_40_79",20,-0.010729031982819,-0.0307873491551159,0.00671827514329335,-0.0365490238009269,-0.0265456824032264
"S2_A_20_39_vs_40_79",21,0.0194585053803935,-0.0602248456062212,0.0181439942823803,-0.052154466410548,-0.0376674212909458
"S2_A_20_39_vs_40_79",22,-0.012505481216171,-0.0317480652330385,-0.00964679664997561,-0.065877803256098,-0.0623601437179755
"S2_A_20_39_vs_40_79",23,0.0115570853948878,-0.0334411944944971,-0.0716973061974792,0.0211681447452602,-0.0455040572862671
"S2_A_20_39_vs_40_79",24,-0.0133822154848926,-0.0215291363991651,-0.0625120509813187,-0.00557894477550963,-0.0127862960424088
"S2_A_20_39_vs_40_79",25,-0.0152040779940519,-0.0146812912754634,-0.0180104365030648,-0.0514039948095439,-0.0745092603563655
"S2_A_20_39_vs_40_79",26,0.000439838340148088,-0.0132933998709068,0.00661792166450736,-0.0398512173825284,-0.0512432781922099
"S2_A_20_39_vs_40_79",27,-0.00718872045430317,-0.0396722364222198,0.032133205522953,-0.0326662143453671,-0.0849096322851424
"S2_A_20_39_vs_40_79",28,-0.0218398384976462,-0.0419542234788012,0.011437168872522,-0.016917845296282,-0.0362699190939553
"S2_A_20_39_vs_40_79",29,-0.00914514925490875,-0.0270604400275636,-0.0533833163174098,-0.0277707135385336,-0.0718490493475017
"S2_A_20_39_vs_40_79",30,-0.020097878308767,-0.0394664202257166,0.000927134912921734,-0.0405875490448426,-0.0338308285713342
"S2_A_20_39_vs_40_79",31,0.000913409640243043,-0.0633445764775481,0.0286780038320139,-0.0342539880838248,-0.0847093898505015
"S2_A_20_39_vs_40_79",32,-0.0106250037596088,-0.00406921388910653,-0.0275872407656596,0.0112680594319263,-0.121518310180255
"S2_A_20_39_vs_40_79",33,-0.00218011648661704,-0.0853652765419744,-0.0406480237665798,-0.029783541559458,-0.113846849056353
"S2_A_20_39_vs_40_79",34,-0.00492332882954847,-0.0359933094664737,0.0250298134098873,-0.0429064579930717,-0.074698021067782
"S2_A_20_39_vs_40_79",35,0.019362276813303,-0.0625050079642895,-0.0314437317475537,-0.0189562563035587,-0.0684968033678209
"S2_A_20_39_vs_40_79",36,0.0255031705209585,-0.0336003762393245,-0.0338182631339878,-0.0253023370471215,-0.111206194495749
"S2_A_20_39_vs_40_79",37,0.0301740647449302,-0.0029554687050669,-0.0605578737258803,-0.056204405822211,-0.0424441949319984
"S2_A_20_39_vs_40_79",38,0.00371451158193746,-0.0386595807952075,-0.0532340861885019,-0.0771533295957466,-0.0733906041148757
"S2_A_20_39_vs_40_79",39,0.0108742688146277,-0.0311503201417116,0.00872901383128152,-0.0115303837312551,-0.0611618894910781
"S2_A_20_39_vs_40_79",40,-0.00702747431233599,-0.0116617676535915,-0.0522748894736935,-0.031608326228683,-0.0676211672342151
"S2_A_20_39_vs_40_79",41,0.00624336217634427,-0.0202744549625557,0.0121600047739536,-0.0310086270129609,-0.0467361537936918
"S2_A_20_39_vs_40_79",42,0.0114175332190304,-0.0221626727843573,-0.026422438732708,0.0124885744109606,-0.0864761292435822
"S2_A_20_39_vs_40_79",43,-0.0133278330321692,-0.0624159171106157,-0.0745938717193905,-0.0964068107996158,0.00602236006665152
"S2_A_20_39_vs_40_79",44,0.00271450209994691,-0.0273567919866811,0.0024384013010828,0.00624780370236638,-0.0754991167763491
"S2_A_20_39_vs_40_79",45,-0.00418012437988246,0.0303675404004661,-0.032974226725291,-0.0455224558857876,-0.121045301173318
"S2_A_20_39_vs_40_79",46,-0.00302780518563238,0.00925544328277138,-0.0658548736957311,-0.0129183749722602,-0.0324377437342327
"S2_A_20_39_vs_40_79",47,-0.0287823950300536,-0.0188349283771969,-0.0411272229778962,-0.0475293254788933,-0.0215225492886711
"S2_A_20_39_vs_40_79",48,0.0034916168557409,-0.0460040629151446,0.047136475743494,-0.0275979351249468,-0.0497172311899547
"S2_A_20_39_vs_40_79",49,0.00800011087331441,-0.00440985716781613,-0.0214932612509451,-0.0332987776241432,-0.108672483599548
"S2_A_20_39_vs_40_79",50,-0.0172587460654799,0.0345526858012275,-0.0349010539624011,-0.0245986378534044,-0.0329811666961666
"S2_A_20_39_vs_40_79",51,-0.00650197764172635,-0.0284593523161525,-0.0155445662235325,-0.0625773002240319,-0.0978781617858597
"S2_A_20_39_vs_40_79",52,-0.022668817558666,-0.0275852207127791,0.0112722059094545,-0.0664491736519399,-0.0691174045272681
"S2_A_20_39_vs_40_79",53,-0.0272720599380598,-0.028227235969526,-0.00210509323250993,0.0128363347639633,-0.0512394694505017
"S2_A_20_39_vs_40_79",54,0.00542542677435053,-0.054141447664067,-0.0388835809200797,-0.0322719367251594,-0.0440161380391864
"S2_A_20_39_vs_40_79",55,0.018494162902924,-0.0164549515460394,0.00932807324335699,0.0244105753831712,-0.0417976867117877
"S2_A_20_39_vs_40_79",56,-0.0154732144654918,0.000565551624574348,-0.0259856314462533,-0.0178096460590339,-0.0830955359709287
"S2_A_20_39_vs_40_79",57,-0.00366618767027399,0.00136885145667424,0.0160996590336074,-0.0462652888073316,-0.0671568836106611
"S2_A_20_39_vs_40_79",58,-0.0307954178556269,-0.0292832939493018,-0.0594284443898603,0.00801257246368806,-0.0245789383108362
"S2_A_20_39_vs_40_79",59,0.00544765677768076,-0.0401444516000106,-0.0178547348922109,-0.0526771486593118,-0.085760903538223
"S2_A_20_39_vs_40_79",60,0.0458454184888756,-0.0232351980342295,-0.0451342322176509,-0.0592951458086811,-0.0552510457713329
"S2_A_20_39_vs_40_79",61,-0.00951133085102383,-0.0282425037022429,0.00587245542362877,-0.0423832319477635,-0.047295812122319
"S2_A_20_39_vs_40_79",62,-0.00540934182742456,-0.0354008564430728,-0.0424938825837827,0.00244026274423323,-0.0502517197344206
"S2_A_20_39_vs_40_79",63,0.00104413931580657,-0.0914114284271168,0.0582351941798153,-0.0198988873267527,-0.0236015117097281
"S2_A_20_39_vs_40_79",64,-0.00807727152542441,-0.0418481059500174,-0.027774661353042,-0.0269779034611454,-0.0951357243518805
"S2_A_20_39_vs_40_79",65,-0.00299193142905501,-0.058429272374092,-0.00198517573180464,-0.0138062486529412,-0.105518413477554
"S2_A_20_39_vs_40_79",66,0.036381124242304,-0.0172766550917407,0.00216201683782952,-0.0205927633926822,-0.0497636026393931
"S2_A_20_39_vs_40_79",67,-0.00964905039050301,-0.00427158485472447,-0.0270029972049763,-0.0924508354803446,-0.119534653219568
"S2_A_20_39_vs_40_79",68,0.00792058418952914,-0.0180587724537259,-0.0132987922655069,-0.0323222506143239,0.00137277530114244
"S2_A_20_39_vs_40_79",69,-0.00586928348754571,-0.028134185291754,0.0235107366462179,-0.0444147515432718,-0.123395548446562
"S2_A_20_39_vs_40_79",70,-0.00412689592498152,-0.0122830997835762,-0.00605138255772139,-0.0374797783528455,-0.0481277277061726
"S2_A_20_39_vs_40_79",71,-0.0208665288272144,0.00296349501769093,-0.0242541593197792,-0.0173010073781798,-0.0555752953915784
"S2_A_20_39_vs_40_79",72,0.0036375312350017,0.0172139697640594,-0.0483786129043507,-0.0268624507696398,-0.0230400441968108
"S2_A_20_39_vs_40_79",73,0.0210924821830742,-0.0686275880503367,0.0498485949845414,-0.0741979068856214,-0.0611054170280936
"S2_A_20_39_vs_40_79",74,0.00245054207354251,-0.0672461104744596,-0.0298724037819704,-0.0329788581010731,-0.0606467177686007
"S2_A_20_39_vs_40_79",75,-0.0068843974671525,-0.0807390192683641,0.0268321006653889,-0.0114117639390241,-0.0325140902353582
"S2_A_20_39_vs_40_79",76,-0.0160228499636317,0.0232217974107324,-0.0352370314153487,-0.000412262290103299,-0.0291603780996453
"S2_A_20_39_vs_40_79",77,-0.00700729118911107,-0.0266120858238208,-0.0513161059166928,-0.00965709957415872,-0.0374697036720491
"S2_A_20_39_vs_40_79",78,0.026984708199334,-0.0659146858111232,-0.0317318529822424,-0.0520580842126866,-0.0764299123618346
"S2_A_20_39_vs_40_79",79,0.00614909255135115,-0.0523577932473276,0.0530934001924172,0.00211184842196813,-0.0703939906856592
"S2_A_20_39_vs_40_79",80,-0.0225663521129804,-0.0149025438011921,-0.0394263561844813,0.0171162330555165,-0.0777294457999953
"S2_A_20_39_vs_40_79",81,-0.0122363111958313,-0.045599635102987,-0.0014516482614344,-0.0309210428491923,-0.0342374797136408
"S2_A_20_39_vs_40_79",82,0.0100703192185972,-0.0229386065416068,-0.00803842021207063,-0.0225013998582697,-0.0749050172310124
"S2_A_20_39_vs_40_79",83,-0.0043140274869723,-0.0188664335246866,-0.0116148094137868,-0.0373253072443014,-0.090389531498075
"S2_A_20_39_vs_40_79",84,-0.00908392124026638,-0.0144979438953487,-0.0213824783101166,-0.0314306887680282,-0.0928472573183125
"S2_A_20_39_vs_40_79",85,0.00431045511588196,-0.0504947309528053,-0.023956029682327,-0.0479213402676516,-0.0732824710233729
"S2_A_20_39_vs_40_79",86,0.0278277638973431,-0.0553749304376609,0.0148185295595423,0.0141575052069723,-0.0384995870733429
"S2_A_20_39_vs_40_79",87,0.00794582757080774,-0.0718966515424886,0.010819399893961,-0.0323623110729123,-0.00679308426276148
"S2_A_20_39_vs_40_79",88,0.0442170096366103,-0.00158266006293752,-0.0149494889366701,-0.0642654266212341,-0.0341652283585062
"S2_A_20_39_vs_40_79",89,0.0222790830169702,-0.0583800667332964,0.0622788531794077,-0.0368778697168875,-0.0719354111734822
"S2_A_20_39_vs_40_79",90,0.0254091431037168,-0.0219761394970359,-0.0628828035572725,-0.028997769598251,-0.00614434960441912
"S2_A_20_39_vs_40_79",91,-0.00731777994053789,-0.0539064808243946,-0.0186677694541722,-0.00539737940663346,-0.146878616399931
"S2_A_20_39_vs_40_79",92,0.00210051100042032,-0.00136162429270771,-0.0324388099417131,-0.00945757541419928,-0.0488751925856891
"S2_A_20_39_vs_40_79",93,-0.00833140749429759,0.00179992417171772,0.0145217176476888,-0.0423719034760279,0.0156604632137292
"S2_A_20_39_vs_40_79",94,-0.000600820268112645,-0.0128747023653105,-0.0052720658278681,-0.0270232494483766,-0.105835287132826
"S2_A_20_39_vs_40_79",95,0.005289434288236,-0.018039358250437,-0.0190573794821315,-0.0118233300648713,-0.0648696133221591
"S2_A_20_39_vs_40_79",96,0.0102766845182558,-0.0467371879624483,0.0142389708488363,-0.0167674093516434,-0.0770940635044682
"S2_A_20_39_vs_40_79",97,0.0226634353888148,-0.0494407678431716,0.0127194399189986,-0.0483425501430053,-0.0501714313759979
"S2_A_20_39_vs_40_79",98,0.0112128009183493,-0.0433266509998879,0.00563654056148757,-0.0327596677555952,-0.0915999211455631
"S2_A_20_39_vs_40_79",99,-0.00268046685045193,-0.0040778182867952,-0.0215966668459976,-0.0113662580289773,-0.0523255927219783
"S2_A_20_39_vs_40_79",100,0.0119083669441141,-0.0585079803920669,-0.0136444404071721,-0.065694797630719,-0.106260360758613
"S2_A_20_39_vs_40_79",101,0.00816910714223523,-0.0127669559183621,-0.0342018972229006,-0.0141136024702378,-0.0366254293216297
"S2_A_20_39_vs_40_79",102,0.0104005881817809,-0.0152350841699075,-0.031669765158622,-0.0372090776403488,-0.0716132305136927
"S2_A_20_39_vs_40_79",103,0.00232131286755496,-0.0176376502508251,-0.0120470722054352,0.0114369598684825,-0.108015699873481
"S2_A_20_39_vs_40_79",104,-0.0057130125323815,-0.0361115561151851,-0.0067020464019697,-0.0499795099055926,-0.101018358427587
"S2_A_20_39_vs_40_79",105,-0.0113323803372654,-0.0213155273244472,0.00331368747074284,-0.0193959380730406,-0.0970561644998296
"S2_A_20_39_vs_40_79",106,0.016217989656372,-0.020944836259671,-0.0144689472806256,-0.073687628900801,-0.0589736291948761
"S2_A_20_39_vs_40_79",107,0.00410018575257391,-0.0247708770782725,-0.0516292007705536,-0.0592839679861924,-0.0726551879482745
"S2_A_20_39_vs_40_79",108,-0.00643179456154209,-0.0555088956790681,0.0278302709745789,-0.034196862167012,-0.0497061394799317
"S2_A_20_39_vs_40_79",109,0.0134997800457467,0.0259499139820872,-0.0363135547466637,-0.0414621709932811,-0.0611885683906706
"S2_A_20_39_vs_40_79",110,0.028280646292775,-0.0466989085932681,-0.0567547702230272,-0.0462624630241804,-0.0566413990395843
"S2_A_20_39_vs_40_79",111,0.0140834926786468,-0.042404014810005,0.0143771556166991,-0.0228795697847808,-0.0772454604636472
"S2_A_20_39_vs_40_79",112,0.0138278606520716,-0.0493093180188473,-0.00658018486779854,-0.0455087529638929,-0.0353170171861017
"S2_A_20_39_vs_40_79",113,-0.0118070621944735,-0.0380228752646892,-0.0181372994110605,-0.00954191000290325,-0.046160214268367
"S2_A_20_39_vs_40_79",114,0.0196708012045458,-0.0381252108554378,-0.00228264344345425,-0.0110958610696336,-0.0893405759510305
"S2_A_20_39_vs_40_79",115,0.0349892522553848,-0.0552065645634924,-0.00436708748960005,-0.029758617061398,-0.0207107784657802
"S2_A_20_39_vs_40_79",116,-0.0153316992777649,-0.052427912976792,-0.0136647320840229,-0.0509364264904541,-0.0468539276405305
"S2_A_20_39_vs_40_79",117,0.0183959021178003,-0.0409233225065396,0.0223435856034877,-0.0626626186533616,-0.0166605428689556
"S2_A_20_39_vs_40_79",118,0.00858332729977331,-0.0163844802728196,-0.022461210661819,-0.0184248229829679,-0.00903205015326403
"S2_A_20_39_vs_40_79",119,0.00927251322066564,0.00270730404663515,-0.0138328565532661,-0.0857661406833206,-0.0464509545040029
"S2_A_20_39_vs_40_79",120,0.00588648015219873,-0.0529372144793078,-0.0216516300604241,-0.0570413690236962,-0.0491465817730938
"S2_A_20_39_vs_40_79",121,0.0083926545209292,0.00220889381965353,-0.00855204460789905,0.00703794579447975,-0.124316611250172
"S2_A_20_39_vs_40_79",122,-0.00318641662947926,-0.0146209153978244,-0.0262643227572106,-0.0125140134395652,-0.103683148549992
"S2_A_20_39_vs_40_79",123,-0.00227847923339883,-0.034525398941907,-0.0435918982044774,-0.0585159439101948,-0.0347627071046211
"S2_A_20_39_vs_40_79",124,0.00906956580826916,0.00387088331069245,-0.00808305702272485,-0.041869696782144,-0.132860919568761
"S2_A_20_39_vs_40_79",125,0.0039189930840267,-0.0262871618914187,0.0135755921726059,-0.012714272905236,-0.0268133598468829
"S2_A_20_39_vs_40_79",126,-0.0271829603703974,-0.00638303115250061,0.0379519051479487,-0.0900704831033622,-0.0916244679088413
"S2_A_20_39_vs_40_79",127,-0.000905765846551651,-0.0254554938812299,-0.0241909593856562,-0.0452076974991692,-0.0879032322968362
"S2_A_20_39_vs_40_79",128,-0.00897380148724294,-0.0343791846540007,-0.0647891946463558,-0.0450969638002318,-0.0540773155271339
"S2_A_20_39_vs_40_79",129,-0.00462319977135019,-0.0049540682573186,0.0255117876452973,-0.0694307093350566,-0.00204571667694359
"S2_A_20_39_vs_40_79",130,0.000764622237664783,0.00770397607294342,-0.000997674545720251,-0.058484670012911,-0.0710081069052105
"S2_A_20_39_vs_40_79",131,-0.0145991475899525,-0.0217110436092064,0.0184633124694426,-0.0246265740543648,-0.0834814174202901
"S2_A_20_39_vs_40_79",132,-0.023301013170371,0.0156199060629073,-0.0635367416643744,-0.0573108437051563,-0.074046448954989
"S2_A_20_39_vs_40_79",133,-0.0080968179408715,0.0197260220901108,-0.0271565683602988,-0.0110966544113065,-0.0410827379689468
"S2_A_20_39_vs_40_79",134,0.00378752235802311,-0.0234250617267961,-0.059748860346463,-0.017053622111076,-0.0633059848929604
"S2_A_20_39_vs_40_79",135,-0.0101481757589172,-0.0282698334557094,-0.0210288623900079,-0.00359583366314301,-0.0589059797392635
"S2_A_20_39_vs_40_79",136,0.00673793636555103,-0.0503076749318063,-0.0136671416678646,-0.00774461193916728,-0.089787473421067
"S2_A_20_39_vs_40_79",137,0.00990569836273956,-0.0417199824957908,0.014514128571207,-0.0505648779763058,-0.0616220693213293
"S2_A_20_39_vs_40_79",138,0.00908312415244227,-0.0155277689987341,-0.0698057248466297,-0.0146603260361881,-0.0505430343308862
"S2_A_20_39_vs_40_79",139,-0.0110092763158405,-0.0270782210718227,0.0042311298231141,0.00346205791583687,-0.0327567553935412
"S2_A_20_39_vs_40_79",140,-0.00115023184350883,-0.0244218585853793,0.00424703588333816,-0.0713457169461112,-0.0745268392150862
"S2_A_20_39_vs_40_79",141,0.0147467439387191,-0.0282800583402312,-0.0398931424258916,-0.0268195548006487,-0.0733688710391049
"S2_A_20_39_vs_40_79",142,0.0180928058074952,0.0121739794131515,-0.0117898874678956,-0.0025081536757609,-0.0673825105685579
"S2_A_20_39_vs_40_79",143,-0.00106267946853006,-0.0552887754923391,-0.0349417241372808,0.000503129307809963,-0.071271748035253
"S2_A_20_39_vs_40_79",144,-0.00184415194403731,-0.0146862578178379,-0.051448755898606,-0.009945211276147,-0.0437272858959238
"S2_A_20_39_vs_40_79",145,-0.0175926560077505,-0.00153396269172883,-0.0565559520217335,-0.000983866041057352,-0.0820014135949532
"S2_A_20_39_vs_40_79",146,0.0176969573931042,-0.038076809487605,-0.0686557176605689,0.0124772814084388,-0.066386861042034
"S2_A_20_39_vs_40_79",147,0.00116444907135121,-0.00358600447094926,-0.014045807622804,-0.0367396491918026,-0.0508637265782108
"S2_A_20_39_vs_40_79",148,0.00815717228299997,-0.0483793041429093,-0.0135225479595307,-0.0406366390684303,0.000443378568514063
"S2_A_20_39_vs_40_79",149,-0.00982557337680399,-0.0655355475481284,-0.00584825700748587,0.0105373003287429,-0.0358654196872839
"S2_A_20_39_vs_40_79",150,0.0144090069684123,-0.0344553013891474,0.0505078206944984,-0.0425892406534443,-0.0601274769744338
"S2_A_20_39_vs_40_79",151,0.0067743620342634,-0.0207424285322376,-0.0170233409428284,-0.00655256048689379,-0.0489827430505225
"S2_A_20_39_vs_40_79",152,0.00573190291680915,-0.00613873158700573,0.0488976485719893,-0.0456802615959947,-0.0404142334617678
"S2_A_20_39_vs_40_79",153,-0.0121567966171121,-0.0530787121701164,-0.0381626848817201,-0.0157716366921081,-0.0542299580883416
"S2_A_20_39_vs_40_79",154,-0.0141139814811895,-0.0181310237235887,-0.0227719223150327,-0.0331395865386344,-0.0817632152047689
"S2_A_20_39_vs_40_79",155,-0.0265355988439071,-0.0161833897331033,-0.0541325780318175,0.0177292945177986,-0.0468229691462528
"S2_A_20_39_vs_40_79",156,-0.0286202729367652,-0.0266198054948173,0.00194381886672149,-0.0605555951852783,-0.0751167671669758
"S2_A_20_39_vs_40_79",157,0.0088003774288115,-0.00843150951334422,-0.0432320121619137,-0.0282466689127546,-0.0295025318987419
"S2_A_20_39_vs_40_79",158,-0.0148303889328266,-0.0259407109649433,-0.00859531486502971,-0.0412443491653109,-0.113379966020296
"S2_A_20_39_vs_40_79",159,0.00104963426111043,-0.0300851331731844,-0.0367784078840156,-0.031640979841403,-0.0687360010020461
"S2_A_20_39_vs_40_79",160,0.012019612365669,-0.0153320561058923,0.0212775442888808,-0.00687273848502637,-0.0565637065465998
"S2_A_20_39_vs_40_79",161,-0.0320130362372273,-0.0425093614291428,-0.030211246812331,-0.0194333200204977,-0.0737860228492805
"S2_A_20_39_vs_40_79",162,0.0155959780100031,-0.0497643839521049,-0.000704469788489037,0.00206266358534479,-0.0499245842460012
"S2_A_20_39_vs_40_79",163,0.00287193985783361,-0.0125573261859917,-0.0563420702841312,-0.036675280774134,-0.0490763652964548
"S2_A_20_39_vs_40_79",164,0.00470120700776895,0.00455816654523253,-0.00231771852384385,-0.0119851253745244,-0.0106000382673839
"S2_A_20_39_vs_40_79",165,0.0199660352661063,-0.0437494675543009,0.0241140712478091,8.02075179290596e-05,-0.111719716270345
"S2_A_20_39_vs_40_79",166,-0.00949223750427176,-0.0775526744020952,-0.0186193712405836,-0.0314813838503814,-0.0481838264112124
"S2_A_20_39_vs_40_79",167,0.0132739999333564,-0.0588742784719861,-0.0473446419754145,-0.00542963346537495,-0.0713288872395901
"S2_A_20_39_vs_40_79",168,-0.0100056089231033,0.0100064033322836,0.0430186998788275,-0.0330993714431667,0.00437499818890108
"S2_A_20_39_vs_40_79",169,-0.00376407785102391,-0.00780004791278568,-0.060271219774383,-0.0178200179449313,-0.0209132685906351
"S2_A_20_39_vs_40_79",170,-0.0102081874095105,-0.0266791837177975,0.00835966841393801,-0.0335836107042604,-0.0510552244566903
"S2_A_20_39_vs_40_79",171,-0.00373244344035772,-0.0435687500773999,-0.00934301597095769,-0.0484935830642877,-0.0348058893608604
"S2_A_20_39_vs_40_79",172,0.00340081972367872,-0.0414164684816149,-0.0154454767987808,-0.0218822171709106,-0.0367223293290234
"S2_A_20_39_vs_40_79",173,0.00213620360311841,-0.0468121312738481,0.0252919458941027,-0.0481629537054846,-0.0435821885040631
"S2_A_20_39_vs_40_79",174,-0.00416938387754417,0.000982783654673164,0.00318616041203792,-0.0986375641571549,-0.0616692449351269
"S2_A_20_39_vs_40_79",175,-0.0302587240532787,-0.0338499089747262,-0.0121316502627135,0.0159592859904543,-0.139292843344781
"S2_A_20_39_vs_40_79",176,-0.00255168292626146,-0.0455162942254876,-0.0244700949957877,-0.0364891434447434,-0.107114144272673
"S2_A_20_39_vs_40_79",177,0.00702591357386873,-0.0271607411700251,-0.0276402471943017,-0.045318977855216,-0.0476114161911071
"S2_A_20_39_vs_40_79",178,0.0294595740176314,-0.0472387378932797,0.0298562337020017,-0.0974227872686886,-0.0856902823106984
"S2_A_20_39_vs_40_79",179,-0.0199769841410094,-0.0284472378211498,-0.0637811880468047,-0.0218539323918779,-0.0696585196997458
"S2_A_20_39_vs_40_79",180,0.0320276658774856,0.00341256221045355,-0.0490044028475011,-0.0198150413095979,-0.090729397144758
"S2_A_20_39_vs_40_79",181,0.0165156621645568,-0.0862447052579548,-0.0311944851907449,-0.0772584224129748,-0.0735902064900281
"S2_A_20_39_vs_40_79",182,0.0197275210988247,-0.0301747422061983,-0.0362669939841367,-0.047480051202984,-0.064042139313076
"S2_A_20_39_vs_40_79",183,0.00853216779354901,-0.0290641943829558,0.0188215384898094,-0.0490805094832754,-0.0543245884355452
"S2_A_20_39_vs_40_79",184,-0.021515961626952,-0.039702482339787,0.0357987055905582,-0.056447218874632,-0.0967027377971532
"S2_A_20_39_vs_40_79",185,-0.00833824260867495,-0.0350578045597508,0.0217209769433597,-0.0302034190467579,-0.0839900711139387
"S2_A_20_39_vs_40_79",186,-0.00413714418365717,-0.0354295782270777,-0.0207557087557002,-0.039429722291191,-0.0796472660009389
"S2_A_20_39_vs_40_79",187,0.00595324242393049,-0.0331804203194726,-0.0343553545731938,-0.035637920582481,-0.028448502891273
"S2_A_20_39_vs_40_79",188,0.00951716148295653,-0.0389878151792812,-0.0505446573929955,-0.0543352749775682,-0.0712172103335995
"S2_A_20_39_vs_40_79",189,-0.00045498957044237,-0.0308403758828882,-0.0183622751924111,-0.0301905730172015,-0.0840661008799124
"S2_A_20_39_vs_40_79",190,-0.023949195668344,-0.0232465631919999,-0.038977845204835,-0.0340575328288416,-0.104267430762854
"S2_A_20_39_vs_40_79",191,0.00805925455194868,-0.072773679912538,-0.0264929743858469,-0.0465114189770752,-0.0756035026688363
"S2_A_20_39_vs_40_79",192,0.026883293719164,-0.0310567773259979,-0.0398339863597902,-0.020755557072706,-0.0123476994751079
"S2_A_20_39_vs_40_79",193,-0.00924809855117871,0.00196590259011936,-0.0218658761064137,-0.0776219660105239,-0.0207788299865534
"S2_A_20_39_vs_40_79",194,-0.0160958922323876,-0.0142266312751592,-0.00953827739124261,-0.0547130285529168,-0.126716513265943
"S2_A_20_39_vs_40_79",195,-0.000441244172967759,0.00833193834452416,0.0116054167431725,-0.0368335298562752,-0.101393156326807
"S2_A_20_39_vs_40_79",196,-0.0148967137668914,-0.0122063273669166,0.0136989442019049,-0.000641033364898957,-0.122158015002497
"S2_A_20_39_vs_40_79",197,0.0132690881986761,-0.101041938910869,-0.00595346422918291,-0.0066613647938045,-0.0462405080733798
"S2_A_20_39_vs_40_79",198,-0.0210744312765437,-0.053855182520581,-0.0457503295359654,-0.0400488480583457,-0.0564300370290955
"S2_A_20_39_vs_40_79",199,0.00198251928310704,-0.0178471898197945,-0.0351703126523095,-0.046200272195337,-0.101890856768675
"S2_A_20_39_vs_40_79",200,-0.00171983733655527,-0.0171245090497965,-0.058164545368298,-0.0014890206426921,-0.0633131628882758
"S2_A_20_39_vs_40_79",201,-0.00352226090107267,-0.0137620899835577,0.0012322469358787,-0.0380903722698892,-0.0124584190327834
"S2_A_20_39_vs_40_79",202,0.0152477047316337,-0.0396629443886511,-0.0151387147066638,-0.0557984412363349,-0.0369061112066269
"S2_A_20_39_vs_40_79",203,0.0184129148791808,-0.0432904583842577,-0.0155495118105034,-0.0257260534902271,-0.024422504472068
"S2_A_20_39_vs_40_79",204,0.0140995619351321,-0.0366098717251354,0.00709879104875233,-0.0409591368349112,-0.0395398059306661
"S2_A_20_39_vs_40_79",205,0.00569194403335459,-0.0135270376926827,0.00531268358740462,-0.0457280144073228,-0.051047744727081
"S2_A_20_39_vs_40_79",206,-0.00140206610161659,-0.0418930634596221,0.018559936252962,-0.063558340030141,-0.0246689511709951
"S2_A_20_39_vs_40_79",207,0.00543758483484241,-0.0345632783819452,7.34036727312593e-05,-0.0552147840456833,-0.0389107817623207
"S2_A_20_39_vs_40_79",208,-0.0143992130192978,0.0053192502152364,-0.0260401137254898,-0.0334854431066241,-0.0308462790801386
"S2_A_20_39_vs_40_79",209,-0.0306669534026884,-0.0283822979366834,0.00144120351999538,-0.0846510574333984,-0.0475031782351739
"S2_A_20_39_vs_40_79",210,0.00638402873695817,-0.0594050965538239,-0.0271072939251989,-0.0965210505323885,-0.0667545388769745
"S2_A_20_39_vs_40_79",211,0.00257111231635641,-0.0433301830961896,-0.0203136602937521,-0.0451994473956034,-0.0624413986238662
"S2_A_20_39_vs_40_79",212,0.0229182685382754,-0.000384658468581905,-0.00210501628737611,-0.0237640969884812,-0.116400047253123
"S2_A_20_39_vs_40_79",213,-0.0492653881990092,-0.0332082707772232,0.00305997319730456,-0.0291269181583748,-0.122117033126707
"S2_A_20_39_vs_40_79",214,-0.00921244130639652,-0.0418911252694275,-0.00755647716597196,-0.0192666869032422,-0.0874101047263137
"S2_A_20_39_vs_40_79",215,0.00203288507054261,-0.0280412770411608,-0.0171607431188294,-0.00522634750160189,-0.037590833506048
"S2_A_20_39_vs_40_79",216,-0.00334776165015854,-0.0406987843570129,-0.0213141589432249,-0.0233580350545599,-0.0594938564583554
"S2_A_20_39_vs_40_79",217,0.0160774714467353,-0.047450848565613,-0.0161031728856151,-0.0724094721864166,-0.115986876242025
"S2_A_20_39_vs_40_79",218,0.0100966066052161,-0.0568108819288334,-0.0166110846929862,-0.0229038078767748,-0.0310459486472282
"S2_A_20_39_vs_40_79",219,-0.00133323178089192,-0.0241664267253842,-0.0306378364660403,-0.0252431232189854,-0.0867244125458483
"S2_A_20_39_vs_40_79",220,0.0668350474363293,-0.0506530585391426,0.0297218476991514,-0.0140247756539031,-0.0344031451161522
"S2_A_20_39_vs_40_79",221,0.0119847632276262,-0.0178090860845943,-0.00429307379336136,-0.00151866394127378,-0.0272118375982742
"S2_A_20_39_vs_40_79",222,-0.0178548897775707,-0.0134460262229901,-0.0152965925563155,-0.0824977906753324,-0.0555736393563128
"S2_A_20_39_vs_40_79",223,0.0231575136037882,-0.0378153475406756,0.0147177808166612,-0.0158276689820124,-0.0800197777678912
"S2_A_20_39_vs_40_79",224,0.0234367306697094,-0.0304189255756456,-0.00927133581648382,-0.0255455915974437,-0.119504341268208
"S2_A_20_39_vs_40_79",225,0.0367302405303513,-0.0259414986557888,-0.0155835603179997,0.0137845081191373,-0.0723729297045941
"S2_A_20_39_vs_40_79",226,-0.00354568696670551,-0.0300989943324487,-0.0101564316019853,-0.0481909115301598,-0.086740167425886
"S2_A_20_39_vs_40_79",227,-0.00644163072334049,-0.0193027701719139,-0.0274120324277269,-0.059212239321936,-0.0819750721288249
"S2_A_20_39_vs_40_79",228,-0.000232854894502074,-0.0181205908752854,-0.0452804336320644,-0.0365912707349371,-0.0683312907135741
"S2_A_20_39_vs_40_79",229,0.00618063122318464,-0.0430448604267887,-0.0147571690934592,0.00578940801088462,-0.0369588914477064
"S2_A_20_39_vs_40_79",230,0.0105066654802043,-0.00961417673447604,0.0265132912551793,-0.0672254109271664,-0.0271316037429881
"S2_A_20_39_vs_40_79",231,-0.000569545273956036,-0.0239212660340189,-0.000511958014600522,-0.0198675690078613,-0.103916665554353
"S2_A_20_39_vs_40_79",232,0.00658420559450427,-0.0417421761940037,0.0433111597635266,-0.0447622808530364,-0.0800559810113447
"S2_A_20_39_vs_40_79",233,0.00357942426006696,0.00351840722916368,-0.00060939522653275,-0.0733369952464678,-0.10036025002102
"S2_A_20_39_vs_40_79",234,0.00438904120172581,-0.0289492774098885,0.0128903323445859,-0.0397874741656422,-0.0498174257574098
"S2_A_20_39_vs_40_79",235,-0.0269971744369605,-0.0282445674455877,-0.00237042734383636,-0.043306996951115,-0.121836984172861
"S2_A_20_39_vs_40_79",236,-0.00853296158448876,-0.00400560140785716,-0.00384308218251836,-0.0374634435379416,-0.0731101233079063
"S2_A_20_39_vs_40_79",237,0.0154690144754943,0.00121692708988021,-0.0527502587245117,0.00137016990499206,-0.0488587852891229
"S2_A_20_39_vs_40_79",238,-0.0331241747307555,-0.0163288631383735,0.000937932068773184,-0.0251459556101039,-0.0907419683426615
"S2_A_20_39_vs_40_79",239,-0.0142270691401738,-0.0246042907633125,0.0267773633249031,-0.0141595892870892,-0.0548393539536293
"S2_A_20_39_vs_40_79",240,-0.0141890428387434,-0.0219739211841134,0.00597543830864217,-0.0318392114779166,-0.0276681770038517
"S2_A_20_39_vs_40_79",241,-0.0148287402487075,-0.0553886196500599,0.0104533143648382,-0.0879650239394165,-0.0436584945930905
"S2_A_20_39_vs_40_79",242,0.00959592240531597,-0.056516267820409,-0.00163110038185024,-0.0367395544297364,-0.078955519508308
"S2_A_20_39_vs_40_79",243,-0.00889913239403221,-0.00707260531341074,-0.0582814320493328,0.0285415803192373,-0.0503896479386107
"S2_A_20_39_vs_40_79",244,-0.0141330523916169,-0.0272276662545524,-0.00747344713399534,-0.0441498442510259,-0.0483737937490294
"S2_A_20_39_vs_40_79",245,-0.0156321849127712,-0.0112740164606234,-0.0142054407821368,-0.0134575441563652,-0.0615209696446928
"S2_A_20_39_vs_40_79",246,0.0123973920984764,-0.0138635183810203,-0.033006814077228,-0.0286999102557969,-0.0918234467022895
"S2_A_20_39_vs_40_79",247,-0.00479497948426944,-0.0766385599722309,-0.0295873483443166,-0.081384881890463,-0.0463906472547743
"S2_A_20_39_vs_40_79",248,-0.000997179460358752,-0.0201085119505885,-0.0674989195530312,0.0330170510665227,-0.0941259365985151
"S2_A_20_39_vs_40_79",249,-0.022290633502175,-0.013299087865659,-0.0090477882607273,-0.0877249422612907,-0.0919175722185161
"S2_A_20_39_vs_40_79",250,-0.0217971819039066,-0.00595027096975646,-0.0400592528509882,-0.0330795810992413,-0.0835649351310389
"S2_A_20_39_vs_40_79",251,-0.0269596470984271,-0.00154282443318352,-0.0179278593443349,-0.0436747600909675,-0.0477203439605127
"S2_A_20_39_vs_40_79",252,0.0176431851376206,-0.0135474923088019,-0.00528654396989181,-0.056993778903482,-0.0882848943879093
"S2_A_20_39_vs_40_79",253,0.0206725569036275,-0.039440740891652,-0.0290025242065597,-0.027684529403703,-0.0303531683730733
"S2_A_20_39_vs_40_79",254,0.00915260947394782,-0.0430756030975168,0.00825537970378809,-0.0732862502257575,-0.0573043361827796
"S2_A_20_39_vs_40_79",255,0.00731675972160865,0.0126985375037705,-0.0330255047070503,0.00872665337170259,-0.0840077623417988
"S2_A_20_39_vs_40_79",256,0.0206295500873499,-0.0223851768822002,-0.0108958721046606,0.0340834131486047,-0.028771270684398
"S2_A_20_39_vs_40_79",257,0.00668953804133227,-0.0518962949083298,-0.0256051807812381,-0.0977204071887953,-0.0715100841176511
"S2_A_20_39_vs_40_79",258,0.0104183477265766,-0.0143580180021961,-0.0401344757162391,-0.0299939175925583,-0.0925078746806463
"S2_A_20_39_vs_40_79",259,-0.00965227621322706,-0.0251775902770414,-0.0493628453981843,-0.0647944376934223,-0.0454055850043786
"S2_A_20_39_vs_40_79",260,-0.0305291400396586,-0.0270439722901529,0.0085779266031176,-0.00933633083241042,-0.0420672730938508
"S2_A_20_39_vs_40_79",261,-0.00910826001436255,-0.0317705997202626,-0.0670305704105778,-0.0135400099898972,-0.0145162014053617
"S2_A_20_39_vs_40_79",262,0.0216034314841694,-0.0238221200041898,0.00949689899960962,-0.0442405036235956,-0.0714857815787529
"S2_A_20_39_vs_40_79",263,-0.00774957325539248,-0.00404057346692976,-0.0239075289044513,-0.088505484868979,-0.0620382165286578
"S2_A_20_39_vs_40_79",264,0.0359322429687845,-0.0734835852474194,-0.0406035430731097,-0.0250538303286208,-0.100650604283863
"S2_A_20_39_vs_40_79",265,0.00144257531878509,-0.0371115435823733,-0.0512254991507145,-0.0715229971101576,-0.0789531897511246
"S2_A_20_39_vs_40_79",266,-0.0205608344231987,0.00796509546931329,0.0112567034593196,-0.0497567948946545,-0.0422738388376752
"S2_A_20_39_vs_40_79",267,0.00498948945342244,-0.0368382609579684,-0.00670208741856443,-0.0474943291934359,-0.10741944552935
"S2_A_20_39_vs_40_79",268,-0.0115166461157751,-0.0448871416587227,-0.0388797990265753,-0.0587272864007015,-0.0591809259188239
"S2_A_20_39_vs_40_79",269,-0.00908553848324294,-0.0881628775320289,0.01821756741684,-0.0183732991475033,-0.0690647651440669
"S2_A_20_39_vs_40_79",270,0.00974827240609992,-0.0500857865832703,-0.0325101081451084,0.00126699647734807,-0.0581362648985277
"S2_A_20_39_vs_40_79",271,0.0219307963589199,-0.0535391834604294,-0.0180064641035484,-0.0657380271628344,-0.0479103909449397
"S2_A_20_39_vs_40_79",272,-0.0204111608319521,-0.0353341569124713,0.0121977403536007,-0.00533359415765153,-0.0788487295781036
"S2_A_20_39_vs_40_79",273,0.0167919643880347,-0.041511742861961,0.00698018703209244,-0.0248812144123506,-0.0445664057213945
"S2_A_20_39_vs_40_79",274,0.0290731434402989,-0.0224461503427883,-0.0262471736166178,0.00941514803528695,-0.0887701724448506
"S2_A_20_39_vs_40_79",275,-0.041011666429361,-0.0756370023420677,-0.00564389387703418,-0.0702977453812271,-0.0360535642914457
"S2_A_20_39_vs_40_79",276,-0.00709221879855505,-0.0669853748128272,-0.0480708811026581,-0.0498299717970807,-0.0914391630084729
"S2_A_20_39_vs_40_79",277,0.0143737884362669,-0.0494620471576971,0.0526575831962206,-0.0580559148039355,-0.052068007190101
"S2_A_20_39_vs_40_79",278,0.00834984779123626,0.0121711064687888,-0.0298472861999848,-0.0224773800653263,0.00391628690719126
"S2_A_20_39_vs_40_79",279,-0.0245805122500753,-0.00441899252673317,-0.00651597432946924,-0.0271936386804985,-0.05037842226304
"S2_A_20_39_vs_40_79",280,0.00391763585394204,-0.0918129975430135,0.0112937789194841,-0.0323324851995384,-0.0851097354858745
"S2_A_20_39_vs_40_79",281,-0.000129781839166364,-0.0209349094991866,-0.0443355560216761,0.0039553643682595,-0.0990095907658661
"S2_A_20_39_vs_40_79",282,0.0240373276608938,-0.0305187590614131,0.0358350462926232,-0.037894646929337,-0.0975115925565487
"S2_A_20_39_vs_40_79",283,0.0170680042354178,-0.0457287032263919,-0.0335283629234368,-0.0203149777340333,-0.050544863883537
"S2_A_20_39_vs_40_79",284,0.00862465458575384,-0.0480879374786589,-0.0234003470726477,-0.0143050774398248,-0.0355902744235061
"S2_A_20_39_vs_40_79",285,-0.0167612046920763,-0.0125117681944603,-0.0507080865556254,-0.0369381136136002,-0.0349275456176746
"S2_A_20_39_vs_40_79",286,-0.000942108261702171,0.000486110392435221,-0.0288025047010474,-0.0349626948743951,-0.0810219452880547
"S2_A_20_39_vs_40_79",287,0.0223843849774644,-0.028032740681194,-0.0209084144799812,-0.0321657963079091,-0.0488372896192057
"S2_A_20_39_vs_40_79",288,9.10300652482848e-05,-0.0390812921961376,-0.0283072624082019,-0.0300042379915163,-0.0773009379958208
"S2_A_20_39_vs_40_79",289,0.0170050208981322,-0.0485086028683753,-0.00395722653418706,-0.0305018056480241,-0.0563309893476038
"S2_A_20_39_vs_40_79",290,0.00124164867673218,-0.0271135305662769,-0.0270644571404412,-0.029155383190969,-0.120347221100026
"S2_A_20_39_vs_40_79",291,-0.00437146390273455,-0.0481407128201825,-0.00480531729465983,-0.0315123992120306,-0.0173215447253584
"S2_A_20_39_vs_40_79",292,-0.00371648372818544,-0.0363794695553,-0.0216591617805319,-0.0452939805689967,-0.0864619306947784
"S2_A_20_39_vs_40_79",293,-0.00659778712480217,-0.0182235302217118,0.0059554065989901,-0.0225312894534767,-0.0778391708354019
"S2_A_20_39_vs_40_79",294,0.0451682203522392,-0.0445327748574661,-0.0351710015997001,-0.021858985444129,-0.156428944599818
"S2_A_20_39_vs_40_79",295,0.0047516368363465,-0.0480017521646404,-0.0267197904324315,-0.0426552258176983,-0.11025664214828
"S2_A_20_39_vs_40_79",296,0.00672332335301539,-0.0192385899687662,0.0215451449585328,-0.0319910253781721,-0.0558296834390245
"S2_A_20_39_vs_40_79",297,0.0143255908163593,-0.0559271460559261,0.0200030307076194,-0.0514598973618354,-0.0318047588249007
"S2_A_20_39_vs_40_79",298,-0.00111625375039132,-0.0469565221315996,-0.0374404251304873,-0.0182280887591246,-0.0426055908959679
"S2_A_20_39_vs_40_79",299,-0.0131141747068244,-0.0424998385560819,-0.0143798600195257,-0.072202533688691,-0.0482944465391204
"S2_A_20_39_vs_40_79",300,-0.00241989720275565,-0.0243541623212996,-0.031130960285507,-0.0350011341728069,-0.0487377687253299
"S2_A_20_39_vs_40_79",301,-0.000715895806391573,0.0229885428420337,-0.0235088641418162,-0.0497632712199866,-0.100846351942526
"S2_A_20_39_vs_40_79",302,0.00363942691409702,-0.0201619388674684,-0.01511678350761,0.0170677613963546,-0.110686718216399
"S2_A_20_39_vs_40_79",303,0.0184022811553001,-0.0430708869387079,-0.0048039609308945,-0.03004295129458,-0.121271310208199
"S2_A_20_39_vs_40_79",304,0.00125568963107881,0.00062790337390374,-0.0121995685951393,-0.0166434400720649,-0.0331165783053526
"S2_A_20_39_vs_40_79",305,0.0112718252369297,-0.0586001373880325,-0.0574934912543141,0.0115078464009865,-0.0398905205494782
"S2_A_20_39_vs_40_79",306,-0.00554268749340947,-0.0664216259037981,-0.0554564191015003,-0.0248745032121786,-0.0896851244924929
"S2_A_20_39_vs_40_79",307,0.0222876225380505,-0.0390877582822585,-0.0460104363849259,-0.0228409013837756,-0.0605099887091273
"S2_A_20_39_vs_40_79",308,0.00570316870395197,-0.0438212646369745,-0.0075073026721226,-0.0685590335374782,-0.0414675163061088
"S2_A_20_39_vs_40_79",309,0.0227071218314583,-0.0542734980123532,-0.0308114440190554,-0.0258099769835569,-0.0504798696919522
"S2_A_20_39_vs_40_79",310,-0.00823653430373993,-0.0345093743773856,-0.0276683845744517,-0.0824058189203587,-0.0600164165248731
"S2_A_20_39_vs_40_79",311,0.0278040117941353,-0.0525412125496805,0.0109889248340391,-0.0395496175119984,-0.0148382675879013
"S2_A_20_39_vs_40_79",312,0.0390960737407031,-0.0801657961454278,-0.0228616745105081,-0.0154779210370566,-0.0463949249126435
"S2_A_20_39_vs_40_79",313,-0.0510070862468617,0.0113820854147967,-0.0851950360624442,-0.0489176070039009,-0.0960554921121294
"S2_A_20_39_vs_40_79",314,0.0307447465156842,-0.0450856363966513,-0.00997312970690239,-0.0538634196541846,-0.0869378513459022
"S2_A_20_39_vs_40_79",315,0.00613740488270055,-0.00433095522629989,0.00819825404426791,-0.056630636436693,-0.0723359127306817
"S2_A_20_39_vs_40_79",316,0.0161407711831918,-0.0562334759904916,-0.0110422032174312,-0.0649026397630747,-0.0507408267726248
"S2_A_20_39_vs_40_79",317,-0.000791778840680456,-0.027507564993456,-0.00961619703207672,-0.0788184490478971,-0.100936601785922
"S2_A_20_39_vs_40_79",318,-0.0170340370150001,-0.0134241194740301,0.000285682999470432,-0.020109558823816,-0.104517015266239
"S2_A_20_39_vs_40_79",319,0.00099180201381556,-0.0464000054283227,0.0412467996093774,-0.0150988648353723,-0.0395079438600626
"S2_A_20_39_vs_40_79",320,-0.0158265859923073,-0.0274636541940498,0.0298341892138655,-0.0359475076413199,-0.069938523042881
"S2_A_20_39_vs_40_79",321,0.00237563303851722,-0.0168545192468246,-0.00896458705572872,-0.084826159772871,-0.055133292451029
"S2_A_20_39_vs_40_79",322,0.0114530076471175,-0.0502675772843641,0.0145557680935603,-0.0602033966730909,-0.0190887446029127
"S2_A_20_39_vs_40_79",323,-0.0129061224960181,-0.0187334824333206,0.00844005157052902,-0.0479601034782003,-0.0890213956375062
"S2_A_20_39_vs_40_79",324,0.0209513025199825,-0.00412344957461781,-0.0155059588579201,-0.0635813594604574,-0.0251337052843885
"S2_A_20_39_vs_40_79",325,0.0208073619123408,-0.000439371317288426,-0.00806502248597879,-0.0281805348742718,-0.0466933963652138
"S2_A_20_39_vs_40_79",326,0.00193106721679433,-0.0399335687469397,-0.00352399596080846,-0.000746781181174244,-0.0772180786528727
"S2_A_20_39_vs_40_79",327,-0.00618256827997416,-0.00326817860972668,-0.0157348428406974,-0.0597577658208582,-0.0734100908458776
"S2_A_20_39_vs_40_79",328,-0.00526213172677778,-0.0451393368575941,0.00612646008578216,0.00374564654894985,-0.0643199818283191
"S2_A_20_39_vs_40_79",329,0.0202039091588362,-0.0271248722568193,-0.0200346170326289,0.00721935263913068,-0.0973960413234626
"S2_A_20_39_vs_40_79",330,-0.00901992285373263,-0.0585278032738871,0.00606862171658859,-0.0424798208257333,-0.0824988253733841
"S2_A_20_39_vs_40_79",331,0.00217463989104019,-0.032082276147809,-0.0191799224011029,-0.0517478015700036,-0.0414249874143885
"S2_A_20_39_vs_40_79",332,0.0325187403867929,0.000348430641950753,0.00676282126200127,-0.0513816814553217,-0.0765865497176942
"S2_A_20_39_vs_40_79",333,0.0212070562098117,-0.0127074133134729,-0.0284577092198301,-0.0556772935143645,-0.087423053816502
"S2_A_20_39_vs_40_79",334,0.0229635671425149,-0.0440994569470069,0.0125045982854176,-0.0293161652690577,-0.0696476819361596
"S2_A_20_39_vs_40_79",335,-0.0107915432860086,-0.0370245716025027,-0.0448426410667045,-0.0501619647528273,-0.0783184231346003
"S2_A_20_39_vs_40_79",336,0.0127956720010761,-0.0437539563225359,-0.0274383264602445,-0.0277651814548958,-0.0920126011745919
"S2_A_20_39_vs_40_79",337,0.0188413501618145,-0.0448572375767782,0.00577502184030923,-0.0581185461619377,-0.025591133861704
"S2_A_20_39_vs_40_79",338,0.0155369769111381,-0.0327768018945128,-0.00182366450996346,-0.0618566018029985,-0.0703637465897002
"S2_A_20_39_vs_40_79",339,0.0191665644758117,-0.0677268605374711,0.00507591265543136,-0.0685613292466885,-0.0588507022648236
"S2_A_20_39_vs_40_79",340,0.00990180295856827,-0.0142614971103217,-0.0511574040425544,-0.0100331336345205,-0.121341557162911
"S2_A_20_39_vs_40_79",341,-0.0230249024229476,-0.0461069757250392,-0.0137810580772859,0.0229285605633374,-0.0986952999852805
"S2_A_20_39_vs_40_79",342,-0.0148888994770538,-0.0425107252058775,0.00693272135982234,-0.0382063031969802,-0.0888991130745938
"S2_A_20_39_vs_40_79",343,-0.00948691892153709,-0.0228432833774574,0.0044111375964565,-0.0196544369201517,-0.138207325208815
"S2_A_20_39_vs_40_79",344,-0.0183233003075693,0.010239510339301,0.00562238203533044,-0.0352032266776252,0.0200473271893509
"S2_A_20_39_vs_40_79",345,-0.0177596799722031,-0.0315484961920091,-0.0397290482362509,0.0305559770751831,-0.109179797620377
"S2_A_20_39_vs_40_79",346,-0.00865159766250698,-0.0266282771525783,-0.0516424634894552,-0.0339870469291513,-0.0920927592242149
"S2_A_20_39_vs_40_79",347,0.00949686307261047,-0.0462087296868192,-0.00781030920783379,-0.0462181874965045,-0.0566300639336277
"S2_A_20_39_vs_40_79",348,-0.00703895592787737,0.00458305035362418,-0.0380084079729994,-0.013116089403412,-0.101959657668964
"S2_A_20_39_vs_40_79",349,-0.00926015446733697,-0.018835012406457,-0.0315917932511218,-0.0659877682248393,-0.113646197766792
"S2_A_20_39_vs_40_79",350,0.00969657918379757,-0.0629997159559843,-0.00190067173333219,0.0070083844692527,-0.111560478546047
"S2_A_20_39_vs_40_79",351,-0.0174220481054497,-0.034645345305182,-0.0475925178114668,-0.0199516150398857,-0.0405098572201125
"S2_A_20_39_vs_40_79",352,-0.0225337981731875,-0.0161654019614815,-0.0322771935807255,-0.0373667171765197,-0.0396041887379864
"S2_A_20_39_vs_40_79",353,-0.0414395535317837,-0.0281559576452505,-0.016859737956357,-0.0158979858815149,-0.0501793694687385
"S2_A_20_39_vs_40_79",354,-0.0196347146734152,-0.0292337235173927,-0.0341628723080854,0.00392174596977957,-0.104880377534624
"S2_A_20_39_vs_40_79",355,0.0229975599779418,-0.0256743391275529,0.022870020856769,-0.0848672096025586,-0.0931708133017282
"S2_A_20_39_vs_40_79",356,0.00848559406580339,-0.0022406220526737,-0.000999405568933714,-0.0264285020531775,-0.0466367669502495
"S2_A_20_39_vs_40_79",357,0.000368094550924986,-0.0378255096548378,-0.0357836901512635,-0.0206767858959792,-0.0717630418495602
"S2_A_20_39_vs_40_79",358,0.00237232273392913,-0.0137169024747683,-0.0346904657985247,-0.074530980055444,-0.0481666768520346
"S2_A_20_39_vs_40_79",359,0.0214798801276348,-0.0429033181450174,-0.0273032347971663,-0.00365893187319949,-0.0829721786042291
"S2_A_20_39_vs_40_79",360,-0.029267995062378,-0.00994522314270457,-0.0024874514275787,8.3221016672741e-05,-0.0888351985770339
"S2_A_20_39_vs_40_79",361,-0.0103419494061678,-0.0768342163004343,0.0225294307917472,-0.0584007319023293,-0.0846903619170367
"S2_A_20_39_vs_40_79",362,0.0176368540624175,-0.0272353172366408,-0.014982782755192,-0.00869590520212254,-0.00535551657700445
"S2_A_20_39_vs_40_79",363,-0.0115349344659355,-0.037584558369747,-0.0126007367356332,-0.0672189147223135,-0.163434740177967
"S2_A_20_39_vs_40_79",364,-0.00205389315253799,0.0167211657990185,-0.0123426896613764,-0.0586762023664053,-0.0537836593299145
"S2_A_20_39_vs_40_79",365,-0.00883244914292797,-0.00429775217860921,0.0170725735118362,-0.0447534825413768,-0.063100886053745
"S2_A_20_39_vs_40_79",366,0.0292896645735628,-0.0371920179420941,0.00587431757445839,-0.00699383622678654,-0.0193787068429743
"S2_A_20_39_vs_40_79",367,0.0201995252385342,-0.0431618671699693,0.00714516135425813,-0.0192876067873142,-0.0644830299870277
"S2_A_20_39_vs_40_79",368,-0.0107428554136929,-0.0635745735032283,-0.00748216079865732,0.00895494785294593,-0.0442169773089521
"S2_A_20_39_vs_40_79",369,-0.0129320893201354,-0.0221250834110279,-0.0515258463676101,-0.04911502877384,-0.0771786767064219
"S2_A_20_39_vs_40_79",370,-0.00187967923714416,-0.06103474466251,0.00557581503564644,-0.0274611712705279,-0.0419471200481856
"S2_A_20_39_vs_40_79",371,-0.0117490950487588,-0.0421779818168773,-0.0538081535423044,-0.02593061953813,-0.0639344658036628
"S2_A_20_39_vs_40_79",372,0.0303228885023451,-0.0332790817612755,-0.0226274791899281,0.0161469622794592,-0.0556280822149681
"S2_A_20_39_vs_40_79",373,-0.000172185405541807,-0.0283324064454721,-0.0155293259237095,-0.0737883254361024,-0.0908149917733467
"S2_A_20_39_vs_40_79",374,0.00659663490120114,-0.0752769902465601,-0.0163586761077319,-0.0214448418579711,-0.0375930621219835
"S2_A_20_39_vs_40_79",375,-0.0197014051935718,-0.0188600127291098,-0.0427027471757359,-0.0692644030210547,-0.0955916943829047
"S2_A_20_39_vs_40_79",376,0.00810005626131516,-0.0117314511679022,-0.0191764588714191,-0.0857227235723266,-0.110682754265581
"S2_A_20_39_vs_40_79",377,0.00869743871373257,-0.0344132640272678,-0.0124071772191579,-0.0648753679456856,-0.0809257551212047
"S2_A_20_39_vs_40_79",378,0.00805080917098248,-0.0579148062295879,0.0260462916988289,-0.00577113400713974,-0.0992914923439112
"S2_A_20_39_vs_40_79",379,0.00620729922483922,-0.0571756135189273,0.0611196750686453,-0.05346278298953,-0.0114755801867079
"S2_A_20_39_vs_40_79",380,-0.0132870711281696,-0.0238738774568943,-0.0245038930588764,-0.070945713124865,-0.0201796427878836
"S2_A_20_39_vs_40_79",381,0.0181590363350455,-0.03102519140347,-0.00920944763838299,-0.065461340388904,-0.0356440265228352
"S2_A_20_39_vs_40_79",382,-0.00385335349128683,-0.0832912939418904,-0.0418133062017982,-0.0364576123628315,-0.0751323222932772
"S2_A_20_39_vs_40_79",383,0.00462250526467012,-0.0149077234723673,-0.0223671667654621,-0.0177754916816546,0.0187041004309068
"S2_A_20_39_vs_40_79",384,-0.0189050600196058,-0.0428575611215384,-0.00150555100751368,-0.0532632839784223,-0.0829357742796574
"S2_A_20_39_vs_40_79",385,-0.00132058435851151,-0.022850244302411,-0.0366325541503851,-0.00312812366749243,-0.0409143064458239
"S2_A_20_39_vs_40_79",386,0.0133933014131812,-0.012993664812686,0.00514061363864229,-0.0333977525677136,-0.0635025853232032
"S2_A_20_39_vs_40_79",387,-0.0109853803408008,-0.0303836126928972,-0.0333971336979824,-0.00382913817855965,-0.0178550137540963
"S2_A_20_39_vs_40_79",388,-0.0124429574628187,-0.052771409409311,-0.0207854936800144,0.0172402181044162,-0.0456225170185627
"S2_A_20_39_vs_40_79",389,0.00101657888124619,-0.0161410540776601,0.0172870438470462,-0.0314804739306774,-0.0386452989002696
"S2_A_20_39_vs_40_79",390,-0.00157811716639003,-0.0323854838340664,0.00151988495262356,-0.0504925024109676,-0.0949831768529557
"S2_A_20_39_vs_40_79",391,-0.0147350904880346,-0.0419079832400879,-0.0145205345399772,-0.0499572369670808,-0.0727532810623152
"S2_A_20_39_vs_40_79",392,0.0121980309567712,-0.0404629811592627,-0.0108484656697872,-0.0390000965987943,-0.0862564393237776
"S2_A_20_39_vs_40_79",393,-0.00922806135490055,-0.0380193888298871,-0.0593021088872503,-0.0432480107090072,-0.0375390930575313
"S2_A_20_39_vs_40_79",394,-0.0350457427804872,0.0213204843632817,-0.0216364189853619,-0.109122253215049,0.0297505077654263
"S2_A_20_39_vs_40_79",395,-0.00543483206870993,-0.0240585486242713,-0.0223258585333241,-0.0260791628236913,-0.0484678857641505
"S2_A_20_39_vs_40_79",396,-0.0132156867137909,-0.0226100550797973,-0.0363879372611863,-0.0432425412588863,-0.0735616958828972
"S2_A_20_39_vs_40_79",397,0.000752514585116271,-0.00376379063352603,-0.043067320786188,-0.063445907674038,-0.0992745190372028
"S2_A_20_39_vs_40_79",398,-0.00192213222104124,-0.0502428207449786,0.00984562096768246,-0.0161496112045471,-0.0584120823370607
"S2_A_20_39_vs_40_79",399,0.0140095914570607,-0.00966296141844362,-0.0963325425145157,0.0126953399204455,-0.0655317148585697
"S2_A_20_39_vs_40_79",400,-0.0209034202533735,-0.0702098890406521,-0.0359152287057566,0.00942809409641213,-0.0355757023175028
"S2_A_20_39_vs_40_79",401,-0.00587337526915054,-0.0230595835038898,0.0103374844149677,-0.0631433848316078,-0.0824484147567943
"S2_A_20_39_vs_40_79",402,0.017288392878966,-0.0641745454453636,-0.0185277515589154,-0.0471063769881268,-0.0551136161765903
"S2_A_20_39_vs_40_79",403,0.0114312750007882,-0.00361876392526971,0.0123674056873288,-0.0346476523806007,-0.0339070364306121
"S2_A_20_39_vs_40_79",404,-0.00265354574310188,-0.0569900700579572,-0.0630753591132397,0.0786227803830674,-0.0245101994521745
"S2_A_20_39_vs_40_79",405,0.0172122001563112,-0.0709427415514749,-0.00749705867251002,-0.0085323859179135,-0.0819390726304516
"S2_A_20_39_vs_40_79",406,0.0256486702862976,-0.0294496122329787,-0.0568864228758701,0.00532457927287405,-0.0422206732932383
"S2_A_20_39_vs_40_79",407,0.0146166457619227,-0.0234080910373474,0.00281370670041427,0.00239726955092481,-0.0601538438356893
"S2_A_20_39_vs_40_79",408,-0.0142404489021402,-0.038422690383214,-0.0657385710192235,0.013647071750794,-0.045950135404673
"S2_A_20_39_vs_40_79",409,0.0202442427288757,-0.0674248318536601,-0.0116083030712978,-0.0748267314454008,-0.0319709346538624
"S2_A_20_39_vs_40_79",410,0.0157215888135469,-0.0810318041192677,0.00517968607548497,0.00337089419191139,-0.0714421643196103
"S2_A_20_39_vs_40_79",411,0.00931061734502955,0.0122042077606761,-0.0194729904523187,-0.0996397203551045,-0.0670017969622276
"S2_A_20_39_vs_40_79",412,0.0110818067012379,-0.0427643189231033,-0.031433305216448,-0.103014144695802,-0.041930678262999
"S2_A_20_39_vs_40_79",413,0.0124134529422917,-0.0221583719498318,0.0124367116098688,-0.0801848831166246,-0.132065016083585
"S2_A_20_39_vs_40_79",414,-0.0198820877574792,-0.0136989194957242,0.00991002603780095,-0.0216597054426351,-0.0168880962076432
"S2_A_20_39_vs_40_79",415,0.0066828972309721,-0.0630818280840617,-0.0243954378433582,-0.0118757253685475,-0.112198746385454
"S2_A_20_39_vs_40_79",416,-0.0052122427549431,-0.032635018647227,-0.0171280363010714,-0.013263239753479,-0.0529041832859631
"S2_A_20_39_vs_40_79",417,0.00707825732502136,-0.0714196403064635,-0.052495132836006,-0.00695536233367161,-0.0416246073699023
"S2_A_20_39_vs_40_79",418,-0.0101974430310572,-0.0215387847938649,-0.0287747310732242,-0.0543254989358092,-0.0710517444705375
"S2_A_20_39_vs_40_79",419,-0.00488550179498461,-0.036594977658794,-0.0177869029812849,0.0136825504405908,-0.098406661845912
"S2_A_20_39_vs_40_79",420,0.00108338453771449,-0.00953847652500017,-0.0137138005916796,-0.0486653810128932,-0.0411091219443505
"S2_A_20_39_vs_40_79",421,0.0158694765197481,-0.0483962878680974,-0.0108390081781286,-0.0233620210436036,-0.0431237140151814
"S2_A_20_39_vs_40_79",422,0.0182856793763665,-0.0325448542666968,-0.016146382026816,-0.0380757194603117,-0.049632964583756
"S2_A_20_39_vs_40_79",423,0.0140782978388772,-0.0568338295883467,-0.00986145869070815,-0.0768563377702219,-0.024989131522288
"S2_A_20_39_vs_40_79",424,-0.00473891723406115,-0.023204990486239,-0.0243787662985112,7.88337961139807e-05,-0.0585125043580637
"S2_A_20_39_vs_40_79",425,-0.00115322571945951,-0.0592883164872746,-0.00819630633835763,-0.0743056121714876,-0.0643189425783402
"S2_A_20_39_vs_40_79",426,-0.00658131502808916,-0.0702219287306215,-0.00649316893278254,-0.014792526174085,-0.0673720210409831
"S2_A_20_39_vs_40_79",427,0.0203467247840194,-0.0479298188281221,-0.0122302942123169,-0.0365786890807004,-0.0236856285689754
"S2_A_20_39_vs_40_79",428,0.018432499843266,-0.0452792355791701,-0.0172556536282756,-0.0719194076668137,-0.0764063028296665
"S2_A_20_39_vs_40_79",429,0.00940091458580766,-0.0632075613536343,-0.0267077845358064,-0.0460956076366726,-0.0579834412662119
"S2_A_20_39_vs_40_79",430,-0.00467227806348951,-0.0658939835789079,-0.00149759343390113,-0.0477973141725867,-0.0849837981348127
"S2_A_20_39_vs_40_79",431,0.0108239065911922,-0.0245275159428259,-0.00203831782443631,-0.0274967949999532,-0.0867927260967512
"S2_A_20_39_vs_40_79",432,-0.0296335931006984,-0.0389541698435673,-0.0226486272891266,-0.0419533115152052,-0.0199138859457435
"S2_A_20_39_vs_40_79",433,-0.0160913608774024,-0.0133386634079067,-0.0140057856722257,-0.0469277965508614,-0.0143984673241361
"S2_A_20_39_vs_40_79",434,-0.0132836182058706,0.00572751742593701,-0.0135619934788816,-0.0266701403211725,-0.0487201877711815
"S2_A_20_39_vs_40_79",435,-0.0258998661722005,-0.048936667835907,-0.0432764054469358,0.0148739029507422,-0.0505978557212621
"S2_A_20_39_vs_40_79",436,0.0107687146774847,-0.0352371564020622,-0.0335897768623331,-0.0529979994775748,-0.038809577405456
"S2_A_20_39_vs_40_79",437,0.000737836304365781,-0.0328676826534108,-0.0246918025109136,-0.0175163044067841,0.0264798501713131
"S2_A_20_39_vs_40_79",438,0.0116091861794165,-0.0435432817332467,0.0111586362386035,-0.0625054420161366,-0.112388375586233
"S2_A_20_39_vs_40_79",439,-0.0096864393830859,-0.0277426816983963,-0.00146971168616153,-0.0784869640752351,-0.0447059110092445
"S2_A_20_39_vs_40_79",440,-0.0304971723178998,-0.0240934172114434,-0.0413386201440485,-0.053427563211416,-0.104388309259706
"S2_A_20_39_vs_40_79",441,0.00461692775323355,-0.0595750858481639,-0.0412894110652214,-0.0674304573525626,-0.0757096189166248
"S2_A_20_39_vs_40_79",442,-0.0141071713960605,-0.00934515051294348,-0.0223863412372591,-0.0412515156573883,-0.0439230459693501
"S2_A_20_39_vs_40_79",443,-0.0126331479288772,-0.0277236984532902,0.00446656017288538,-0.0246640148528337,-0.0284338250993664
"S2_A_20_39_vs_40_79",444,0.0331593028116827,-0.0482863850558859,-0.0176252296540668,-0.0345032925842549,-0.0213660391097555
"S2_A_20_39_vs_40_79",445,-0.0181973094585643,0.00123461477774399,-0.0106464276118245,-0.0437988133188332,-0.0300240973926767
"S2_A_20_39_vs_40_79",446,0.00774621212164008,0.00710912712124609,-0.0410551073858685,0.0100834381987018,-0.09402870651695
"S2_A_20_39_vs_40_79",447,0.0193403004103953,-0.0184874164312308,-0.0264396492693777,-0.0754930321618264,-0.0418422868209762
"S2_A_20_39_vs_40_79",448,0.00248272769298906,-0.0134824892177115,-0.00759348890388734,0.00132102367345727,-0.0527391102188949
"S2_A_20_39_vs_40_79",449,-0.00339905692347611,-0.0530741798661714,-0.03826630866894,-0.0338043526112707,-0.0700110191973619
"S2_A_20_39_vs_40_79",450,0.0212195773460261,-0.0556258093922095,0.00808460088994967,-0.0417829387570753,-0.0946329630408342
"S2_A_20_39_vs_40_79",451,0.00802825276770777,-0.0485194634471696,0.0409825355703724,-0.0632514844578743,-0.0116823913046354
"S2_A_20_39_vs_40_79",452,-0.00450116575969904,-0.0260764686651568,0.00184528526090011,-0.051508780472739,-0.0515594670168217
"S2_A_20_39_vs_40_79",453,-0.0188730136975008,0.00654522483855166,-0.00941692512585082,-0.0188251250180882,-0.0407241607802335
"S2_A_20_39_vs_40_79",454,-0.0424233338625504,0.0213473767418446,0.0115314589674191,-0.0459000396374614,-0.0955960407833767
"S2_A_20_39_vs_40_79",455,0.00117621561147574,-0.0389105334073697,0.0190617970425545,-0.0308721522367064,-0.0934094357037966
"S2_A_20_39_vs_40_79",456,-0.0159601873764175,0.00430135507308961,0.0110973482895584,-0.0522192726502002,-0.0614544963916789
"S2_A_20_39_vs_40_79",457,-0.00380279789246504,-0.0338195643674101,-0.0545308159373149,-0.0949080047134334,-0.0429307213122507
"S2_A_20_39_vs_40_79",458,0.0257785973328625,-0.0439603492192646,0.0189423795708948,-0.0344584859026899,-0.0907848198326739
"S2_A_20_39_vs_40_79",459,0.009465694990266,0.0312143118368345,-0.00561227688221499,-0.081428602526521,-0.0600381825937107
"S2_A_20_39_vs_40_79",460,-0.0203803769378776,0.00281684133585572,-0.0453335332213842,-0.0391805823124165,-0.0500431256737573
"S2_A_20_39_vs_40_79",461,0.0140009638095988,-0.051310787078739,0.00792636130918695,-0.00241369084837159,-0.0578707210298842
"S2_A_20_39_vs_40_79",462,-0.0155579415244477,-0.0256872636726674,-0.0381557459632213,-0.0650766646549212,-0.0659015518840299
"S2_A_20_39_vs_40_79",463,-0.0163438536536645,-0.0039681357678404,0.0279208751779096,-0.0326118982200715,-0.0617120216114844
"S2_A_20_39_vs_40_79",464,0.00272390924319472,-0.0383701885669577,-0.0144061610827058,-0.0212204274389453,-0.0845807060139076
"S2_A_20_39_vs_40_79",465,0.0195866738248678,-0.0366158735575271,-0.0336585033224213,-0.0351737402328696,-0.101583359079901
"S2_A_20_39_vs_40_79",466,0.0185165509554535,-0.0134839631676653,-0.0521617977188114,-0.00438512634198221,-0.04525607217934
"S2_A_20_39_vs_40_79",467,-0.0131603582561541,-0.0321772323645231,0.00548042862436174,-0.0328513455589056,-0.0447052455095228
"S2_A_20_39_vs_40_79",468,0.00825299127746759,-0.0269643350356235,-0.0269361621521624,-0.0545566692287228,-0.0450264979522236
"S2_A_20_39_vs_40_79",469,-0.00867691103792356,-0.0258888676096256,-0.00481929422407909,-0.0473205071145059,-0.0404851915712088
"S2_A_20_39_vs_40_79",470,-0.0202341041621806,0.00770438534140806,-0.0173120103053259,-0.105540677167411,-0.10310331340533
"S2_A_20_39_vs_40_79",471,-0.00537869837377894,-0.0562205981944271,0.0263603488139489,-0.0316502866904785,-0.0739140211036748
"S2_A_20_39_vs_40_79",472,-0.00148320541590958,0.0251626984176157,0.000469934983552855,-0.0925718973691474,-0.00802224303648941
"S2_A_20_39_vs_40_79",473,0.00417973241709639,-0.0578145652048155,-0.0419626268997531,-0.0683686831329145,-0.104362613060976
"S2_A_20_39_vs_40_79",474,0.0345625688479381,-0.0119544465066951,-0.0566514462889417,-0.0126406495752417,-0.101105556441333
"S2_A_20_39_vs_40_79",475,0.00907767222015082,-0.0651536379238733,-0.0318023353770226,-0.0475214708656214,-0.0624675850813968
"S2_A_20_39_vs_40_79",476,-0.0241656408648703,0.0100223037770684,-0.034838415714888,-0.0424764560448812,-0.0402912193779341
"S2_A_20_39_vs_40_79",477,-0.00680043301264409,0.0330352865876413,-0.0235930041721895,-0.0662118445716343,-0.0455761033089003
"S2_A_20_39_vs_40_79",478,-0.0256321046477006,-0.0182919982471527,-0.0251380783292157,-0.0611747563359246,-0.0429105824979666
"S2_A_20_39_vs_40_79",479,-0.0165921876508571,-0.0334247146198375,-0.0222975842010777,-0.0754697777530131,-0.0827994674290162
"S2_A_20_39_vs_40_79",480,0.00229535093725911,-0.0415103542981369,-0.00212197020619137,-0.0839528319765532,-0.100448493964986
"S2_A_20_39_vs_40_79",481,0.0264407088382567,-0.035097498978635,-0.00702156225079167,-0.0338416520819807,-0.0413442084181946
"S2_A_20_39_vs_40_79",482,-0.0191967792676212,-0.0397888382123602,0.00336756347266723,-0.00480498306951027,-0.0841292301567432
"S2_A_20_39_vs_40_79",483,0.0171492263790635,-0.0772662274919319,0.0064571598076944,-0.0144352514960805,-0.104287290375845
"S2_A_20_39_vs_40_79",484,-0.0142058704981873,0.00227077096808259,-0.00400700327501391,0.010841323686294,-0.0399874013763771
"S2_A_20_39_vs_40_79",485,0.00222351529539126,-0.0542041110136087,-0.0396391295221986,0.00721864729856936,-0.0560082423910966
"S2_A_20_39_vs_40_79",486,0.0185453314267648,-0.0767946595353182,0.0333812457738838,-0.0240619449191967,-0.0981985950737703
"S2_A_20_39_vs_40_79",487,-0.0220043002997516,-0.0436407951564262,-0.0123828671238654,-0.0544473065622736,-0.0764305708553102
"S2_A_20_39_vs_40_79",488,-0.00118128954975271,-0.0892881074058823,0.0262874629306878,-0.044486230052948,-0.14388795170193
"S2_A_20_39_vs_40_79",489,0.0119765947071344,-0.0656335736370745,-0.013867356241098,-0.0679202289575476,-0.0513292251973493
"S2_A_20_39_vs_40_79",490,-0.0320028104054575,-0.00652501643843575,-0.00317018448910991,-0.0746522152779706,-0.00148436486960468
"S2_A_20_39_vs_40_79",491,-0.0192332894198883,-0.00343423629114606,-0.0155898066587514,-0.0415088100481042,-0.01831683663204
"S2_A_20_39_vs_40_79",492,0.00202466587200321,-0.00145910688592478,-0.0439671348827551,-0.0291377125038483,-0.104646822431335
"S2_A_20_39_vs_40_79",493,0.0122115085386031,-0.0250754662955734,-0.00691884679414173,-0.0850662512346395,-0.0542512408191707
"S2_A_20_39_vs_40_79",494,0.00896638045741081,-0.0192410881739047,0.038920786973388,-0.0511300907100457,-0.033859840790816
"S2_A_20_39_vs_40_79",495,0.00796541709333598,-0.0172235289127133,-0.027520908839216,0.0196689642851537,-0.105581785455785
"S2_A_20_39_vs_40_79",496,0.00373277166632803,-0.0247255706464345,0.0182978818963851,-0.0498125738878528,-0.109995354754297
"S2_A_20_39_vs_40_79",497,0.00264614358013901,-0.0354565065259258,-0.00395347289175334,-0.0616210050248331,-0.0539596808327756
"S2_A_20_39_vs_40_79",498,0.000265601607619917,-0.0322603128115679,-0.0200125569998121,0.0185278356001373,-0.0107297270236831
"S2_A_20_39_vs_40_79",499,-0.0059845054833747,-0.0257015489737485,-0.0583274105701321,0.0139649977901867,-0.0334949193915063
"S2_A_20_39_vs_40_79",500,0.0190564768734018,-0.00238799427257722,-0.00546453982553477,-0.0368974862894647,-0.0770592664873704
"S2_A_20_39_vs_40_79",501,0.0491202512809223,-0.00552582327811428,-0.0404552826737462,-0.0493741138135396,-0.0842052469605472
"S2_A_20_39_vs_40_79",502,-0.00833617656936189,-0.0486500734961821,-0.0667544480744436,0.00240341816914383,-0.0499834252233551
"S2_A_20_39_vs_40_79",503,0.0125490223399327,-0.0234254374052772,-0.0536978592080813,-0.00657236638020237,-0.0757156478538786
"S2_A_20_39_vs_40_79",504,0.00456924867337563,-0.0364840545646175,-0.0176635769317217,-0.0675454492633548,-0.0648305183916342
"S2_A_20_39_vs_40_79",505,0.0401350389269308,-0.039080932683536,-0.0150395059216286,-0.00171096784787336,-0.0483441734794026
"S2_A_20_39_vs_40_79",506,0.0283886049084819,-0.0207550872388677,0.0216512070991906,-0.10386458295369,-0.035489429580878
"S2_A_20_39_vs_40_79",507,0.00547461098960382,-0.0427855843204979,-0.0313524256594312,-0.0368473191440428,-0.0639757282113843
"S2_A_20_39_vs_40_79",508,-0.0279369701216969,-0.0456585196394428,-0.00117027626204541,-0.0490004806551474,-0.0720535580824559
"S2_A_20_39_vs_40_79",509,0.0104758914899769,0.00530203637474896,-0.0491532053197848,-0.0865620124288961,-0.0467335845188552
"S2_A_20_39_vs_40_79",510,-0.00153119685183263,-0.0667570964672714,0.0328955492955672,-0.0293104795594254,-0.0395191482611832
"S2_A_20_39_vs_40_79",511,-0.00264135755399179,-0.0478955545553971,-0.0921635755262724,-0.0250806150301391,-0.0879821876846479
"S2_A_20_39_vs_40_79",512,0.022598402180428,0.00570502590895312,-0.070957058604874,-0.0783925315100025,-0.067838266718077
"S2_A_20_39_vs_40_79",513,-0.0268792773702906,-0.0163653545791879,0.00345316430849121,-0.0625471054950146,-0.0313202332522726
"S2_A_20_39_vs_40_79",514,0.0163924416035676,-0.0503052260959961,-0.0279465900813755,-0.0199618857433595,-0.0904562234721488
"S2_A_20_39_vs_40_79",515,0.00192444398654194,-0.0375070454339348,-0.0139438407884482,-0.0465650484279609,-0.0527579178045385
"S2_A_20_39_vs_40_79",516,0.0201028787074519,-0.0362314570852505,-0.0230264502397962,-0.0467170572285624,-0.0850391325077445
"S2_A_20_39_vs_40_79",517,-0.0252934449806711,-0.0484072703021234,-0.0313575334255477,-0.00904995569385939,-0.0983631623070049
"S2_A_20_39_vs_40_79",518,0.00511732728602091,-0.0384947402223023,-0.0222509541003158,-0.00218076336547257,-0.0683179164751135
"S2_A_20_39_vs_40_79",519,-0.0210029444685289,0.0125177298086626,-0.0489206712374541,-0.0198715975836362,-0.0425810571680131
"S2_A_20_39_vs_40_79",520,0.0117887880378473,-0.0344540817006177,0.0111436188003383,-0.0888298906656296,-0.0308714046899022
"S2_A_20_39_vs_40_79",521,-0.0359855393255166,-0.0102157763763583,-0.0515664119163743,-0.0591194799814153,-0.0663365972821454
"S2_A_20_39_vs_40_79",522,0.0232247184561141,-0.0608968161688813,-0.00625946203039315,-0.0262037765716201,-0.0858273968726985
"S2_A_20_39_vs_40_79",523,0.0164656947711702,-0.0180352790429333,-0.0623477709563823,-0.0107780820931627,-0.0322952571667612
"S2_A_20_39_vs_40_79",524,0.0221271044612761,-0.0610648103095208,0.0145231713059742,-0.054124707979388,-0.0454683907739981
"S2_A_20_39_vs_40_79",525,-0.0124407445396478,-0.0594681941017527,-0.0174350025581656,-0.0561400636196142,-0.0599494763241099
"S2_A_20_39_vs_40_79",526,0.00856220219797287,-0.0348481318815115,-0.0298771941512873,-0.0288494875584613,-0.0143726424510721
"S2_A_20_39_vs_40_79",527,0.00640225949117265,-0.0515219962015063,-0.0169707156190028,-0.0183826973253251,-0.0510367258361398
"S2_A_20_39_vs_40_79",528,0.0140463997010004,-0.0299323606508812,-0.0132234809318268,-0.0373926669821764,-0.0215014600488086
"S2_A_20_39_vs_40_79",529,-0.0246459405916573,-0.0624417163192547,-0.013015570864632,-0.0199487844554219,0.0164813640969556
"S2_A_20_39_vs_40_79",530,-0.0328351604666745,-0.0485307983420896,-0.014396419752931,-0.0683044772068083,-0.0443908489247418
"S2_A_20_39_vs_40_79",531,0.0202516769755974,-0.0378490938487405,-0.00799336545387092,-0.0217294369011817,-0.0877739318226782
"S2_A_20_39_vs_40_79",532,0.00289538056272555,-0.0181660523539609,-0.0438978756149051,0.00786649473423134,-0.0679192408512166
"S2_A_20_39_vs_40_79",533,-0.0156571984143738,-0.0260514295504714,-0.0116462916961993,-0.0120363603784908,-0.0237986758846089
"S2_A_20_39_vs_40_79",534,-0.00657921663080629,-0.0294432952389012,-0.0572611080548965,0.00732679034482173,-0.131697038939518
"S2_A_20_39_vs_40_79",535,-0.00186835287126932,-0.0386587047889038,-0.0409782283867851,-0.0162957795757025,-0.0733686409341551
"S2_A_20_39_vs_40_79",536,-0.00955834538478555,-0.0785726631294895,-0.0345460147506358,0.0191394301256164,-0.084647338128236
"S2_A_20_39_vs_40_79",537,-0.0137246161873505,-0.0150168326832388,-0.0236254518627977,-0.0339196771498214,-0.0714382894479367
"S2_A_20_39_vs_40_79",538,-0.0360202027229665,-0.0472313867671949,-0.0375818576345575,-0.0225989165811512,-0.0169765387092319
"S2_A_20_39_vs_40_79",539,0.0137190092802185,-0.0381493076703988,0.0494093928913288,0.0049096830108438,-0.0314556888391259
"S2_A_20_39_vs_40_79",540,0.00609632626245535,-0.0414529823763573,0.00322025555584894,-0.105801459762419,-0.073544158934883
"S2_A_20_39_vs_40_79",541,-0.0107201333230482,-0.00953473319491525,-0.00207634772595841,-0.0203015460403841,-0.084292273133845
"S2_A_20_39_vs_40_79",542,0.0141811038020283,-0.0197383738060808,-0.0208506776165882,-0.0065751993253185,-0.134603335254001
"S2_A_20_39_vs_40_79",543,-0.0146637092008945,-0.0122856614762303,0.00423190468827919,0.0126767415144907,-0.0196335598684588
"S2_A_20_39_vs_40_79",544,-0.0206073225144077,-0.0496081472479142,-0.0373034061187539,-0.0734746099563083,-0.104895323928031
"S2_A_20_39_vs_40_79",545,0.00681907197862751,-0.0205493827389712,-0.0219022117868161,-0.0469888829016609,-0.0693191776942849
"S2_A_20_39_vs_40_79",546,0.01291938529961,-0.0473975090818485,-0.00387433737702067,-0.0365174156092715,-0.0811224742275695
"S2_A_20_39_vs_40_79",547,-0.0176225442889666,-0.0339404777117,-0.0325342386188732,-0.0624763743737026,-0.0166673763989619
"S2_A_20_39_vs_40_79",548,-0.0178643929653845,-0.0436595717374952,-0.041588892995335,-0.00230432017629992,-0.0680279047746954
"S2_A_20_39_vs_40_79",549,0.0269295663334761,-0.0495653227985283,-0.0316833653576191,0.0190694856806757,-0.0692422492328096
"S2_A_20_39_vs_40_79",550,0.0351922395001761,-0.034414545890406,0.00892340583609177,-0.041568124508913,-0.133265621958296
"S2_A_20_39_vs_40_79",551,0.00247656995779905,-0.041879231778827,-0.012680977827417,-0.0176027361275062,-0.0984097309849969
"S2_A_20_39_vs_40_79",552,-0.00666947538875177,-0.0823726933474477,0.00677479409661466,0.0120360231892779,-0.100519099736617
"S2_A_20_39_vs_40_79",553,-0.014656594639392,-0.0066624344446474,-0.0471032624411874,-0.0169430064035148,0.0076679998444425
"S2_A_20_39_vs_40_79",554,0.0247117794816925,-0.03905769172982,-0.0121521410297144,-0.0755656296937849,-0.0975608120672929
"S2_A_20_39_vs_40_79",555,0.0198951059660585,-0.0563251945572299,0.0352870455261911,-0.0576790644228476,-0.103942754569932
"S2_A_20_39_vs_40_79",556,0.0160649409840368,-0.0208003226084019,-0.0736595359116736,0.0304579921368039,-0.0875488460463271
"S2_A_20_39_vs_40_79",557,0.0080919173355832,-0.0459237698148248,-0.0200575271336372,-0.0289006041426647,-0.041424517995861
"S2_A_20_39_vs_40_79",558,0.00336180707197243,-0.0331737676286132,0.00871188683867927,-0.0370900769204839,-0.0839872039807608
"S2_A_20_39_vs_40_79",559,-0.00596125319749558,-0.0362400269220286,0.0152627080632981,-0.0199729919535687,-0.0751079520275165
"S2_A_20_39_vs_40_79",560,0.0417211343639099,-0.00959982231081248,-0.00249039129548528,-0.069165630302976,-0.100108480025308
"S2_A_20_39_vs_40_79",561,0.00530456359541968,-0.0403234679828601,-0.0572106802549793,-0.0248128560529925,-0.0198697267621556
"S2_A_20_39_vs_40_79",562,0.00315394654060049,-0.0557535481021227,-0.00362769192362736,-0.0237543087715223,-0.0719952339835209
"S2_A_20_39_vs_40_79",563,-0.026435706743309,-0.0390218476426967,0.00190523502803527,-0.0584677518272608,-0.109368491685056
"S2_A_20_39_vs_40_79",564,-0.00460545927851875,-0.0346460177284298,-0.0144354077594503,-0.0332461295216145,-0.0042989773013376
"S2_A_20_39_vs_40_79",565,0.0181753228461472,-0.0476345549564795,-0.0159078351550052,-0.0592256815584881,-0.0668170328633604
"S2_A_20_39_vs_40_79",566,0.00627488731341017,-0.0388372173006498,-0.00784597636597492,-0.0413445053268544,-0.0693713712776357
"S2_A_20_39_vs_40_79",567,0.034291971061163,-0.0252101635627093,-0.00609655776080389,-0.0552951608199785,-0.0420524144221742
"S2_A_20_39_vs_40_79",568,-0.00739608560447046,-0.00561766481296569,-0.057398704496902,-0.0218088759917586,-0.0654011064448231
"S2_A_20_39_vs_40_79",569,-0.02469930159745,-0.0210794535010809,0.0065427106283289,-0.0670467743435584,-0.0667214767995767
"S2_A_20_39_vs_40_79",570,-0.00874200254256573,-0.0224038110768496,-0.0502547169003228,-0.0396163019247725,-0.0561079190613851
"S2_A_20_39_vs_40_79",571,-0.0220057112572594,-0.00606787219725088,0.00888344855509204,-0.0360760892991509,-0.0521862560172401
"S2_A_20_39_vs_40_79",572,-0.00419140842600242,0.00105393100496205,0.0452456212839276,-0.0258163302681559,0.000449592866013981
"S2_A_20_39_vs_40_79",573,-0.00944300801659044,-0.0443375459480527,-0.0204170497891935,-0.022225895631877,-0.0372301020679092
"S2_A_20_39_vs_40_79",574,0.00322396111745722,-0.034055597283838,-0.0131466579943327,0.0105464182012881,-0.0349740911141195
"S2_A_20_39_vs_40_79",575,0.00121237044107587,-0.0448194438917682,-0.0222128686270079,-0.0425032036830669,-0.042813046100845
"S2_A_20_39_vs_40_79",576,0.00762943722046089,-0.0497870159462873,-0.0181005320776999,-0.0144287136498144,-0.0240852393712273
"S2_A_20_39_vs_40_79",577,0.0243568182488774,-0.0120476244455926,-0.00886399212958741,-0.0247360726318687,-0.0941043987288201
"S2_A_20_39_vs_40_79",578,0.0239377598814906,-0.0244278625410625,0.0186219435772041,-0.0300138647463483,-0.0854679829523711
"S2_A_20_39_vs_40_79",579,0.00878054791275564,-0.0327958071418154,-0.0237442065617592,-0.0434867618136334,-0.0229099362047853
"S2_A_20_39_vs_40_79",580,0.00457010459370503,0.00887428294246762,-0.0487158305500263,-0.0413732831166745,-0.0740307524485707
"S2_A_20_39_vs_40_79",581,0.00690457752327636,-0.0130302640280982,-0.000408964106980964,-0.0120832950429712,-0.10815486446006
"S2_A_20_39_vs_40_79",582,0.0267278820697571,-0.0665069149863805,-0.000875194584628619,-0.0495648822999764,-0.0952074165315274
"S2_A_20_39_vs_40_79",583,0.0160253206291913,-0.0249071802201265,-0.0398850646637158,-0.0323311183740171,-0.112787628214844
"S2_A_20_39_vs_40_79",584,-0.016580516559048,-0.0237628937943189,0.00843061115359708,-0.0324165525478912,-0.0741567722366658
"S2_A_20_39_vs_40_79",585,-0.00262743824894096,-0.0233061098055292,-0.0118822705119777,-0.0429942946265908,-0.0589129726729724
"S2_A_20_39_vs_40_79",586,-0.0133338328539852,-0.013827200597866,-0.0327375886943604,-0.0839862391552606,-0.0546641850834681
"S2_A_20_39_vs_40_79",587,-0.0114583080439153,-0.033074345177921,-0.0374300804082311,-0.0165373954641198,0.0267897228425277
"S2_A_20_39_vs_40_79",588,-0.0249225224041391,-0.0331769842349647,-0.0405558749998648,-0.0598574310846127,0.0209249034077996
"S2_A_20_39_vs_40_79",589,0.0134042259599019,-0.0299109538720299,0.00677247992223895,-0.0325182430537646,-0.0302380519008387
"S2_A_20_39_vs_40_79",590,0.0352306727660549,-0.0173133179644187,-0.0770120208366021,-0.0431944173846836,-0.0114856453474358
"S2_A_20_39_vs_40_79",591,0.0168632305984171,-0.0258465889870242,-0.0545015203464855,-0.0391648269805547,-0.0685681712116634
"S2_A_20_39_vs_40_79",592,-0.0045038759540825,-0.0248011061702051,-0.0130096444113657,-0.0697273417854269,-0.0634750731346726
"S2_A_20_39_vs_40_79",593,0.0230356707551862,-0.0358711477486782,-0.024641651638184,-0.0568079005993101,-0.113909224925592
"S2_A_20_39_vs_40_79",594,0.0312642233561638,-0.0418838252473235,0.0268987351260978,-0.0532474790180295,-0.0671427366259978
"S2_A_20_39_vs_40_79",595,-0.00665608724826468,-0.0641134394751523,-0.0160006645369874,-0.0684591062049237,-0.0435670967457834
"S2_A_20_39_vs_40_79",596,0.00788141202846355,-0.0600926705181476,-0.00783914633035435,-0.0457093450263904,-0.108776686233343
"S2_A_20_39_vs_40_79",597,0.00722005073338649,-0.0320509967110024,-0.00398718273030663,-0.0832194667323704,-0.0299527566678732
"S2_A_20_39_vs_40_79",598,0.00979402995729155,-0.0239965910011121,-0.00869208759990928,-0.0561658972954374,-0.0914844675391011
"S2_A_20_39_vs_40_79",599,-0.0207307120212372,-0.0190503310127442,-0.026330525591001,-0.0252746201923128,-0.0855510851437649
"S2_A_20_39_vs_40_79",600,0.0203680044695973,0.00426158394661473,-0.0346584306294948,0.018896703337017,-0.0559848410713616
"S2_A_20_39_vs_40_79",601,-0.0142075374808514,-0.00279160769576538,0.00670083093308027,-0.0423383132256419,-0.0128902359231101
"S2_A_20_39_vs_40_79",602,-0.0215119887204669,-0.0064883586315732,-0.00782455275510255,-0.0401455553594095,-0.105406177233232
"S2_A_20_39_vs_40_79",603,0.0129593070814717,-0.00690651095029955,-0.00892203790799642,-0.0190645889585001,-0.0762695087124204
"S2_A_20_39_vs_40_79",604,0.0168660253664301,-0.0352299922936752,0.00199267394940729,-0.0402894524523758,-0.106593716840226
"S2_A_20_39_vs_40_79",605,0.00304084682484448,-0.0251165634336184,0.00899937070164372,-0.00508661251908027,-0.14951950524999
"S2_A_20_39_vs_40_79",606,-0.01177745203697,-0.0447935154879456,0.0152050115993735,-0.0469321081344236,-0.0515364342795377
"S2_A_20_39_vs_40_79",607,-0.00970516973184003,0.00250721611076007,-0.0403288376320824,-0.0615788377187887,-0.0380809615868447
"S2_A_20_39_vs_40_79",608,0.00911559611447832,-0.0345127229566511,-0.0110012939963693,-0.0709537662452759,-0.0930768481623808
"S2_A_20_39_vs_40_79",609,0.0101437754066746,-0.00932179879780584,-0.0180975798498934,-0.0398122148678178,-0.0273612895787113
"S2_A_20_39_vs_40_79",610,-0.00283087718949428,-0.0342511565171583,-0.0327379733852415,-0.0178001918738919,-0.037996400261625
"S2_A_20_39_vs_40_79",611,0.0061555016005645,-0.047988931816671,0.00304952310675763,-0.0614438533911509,-0.0832216694890965
"S2_A_20_39_vs_40_79",612,-0.0437083301187493,-0.0527977735212461,-0.0049034593210793,-0.0707494186480311,-0.0870455151348105
"S2_A_20_39_vs_40_79",613,-0.00553587041375904,-0.0157699176889607,-0.00837907916734412,-0.0170512479073894,-0.0793234849109929
"S2_A_20_39_vs_40_79",614,0.0107034008930209,-0.0625404937459313,-0.0110521086020453,0.00325092123677428,-0.0159279852224651
"S2_A_20_39_vs_40_79",615,-0.0253009032416761,-0.0537253400315948,-0.0275476956770065,-0.0122212822880987,-0.0848857374076573
"S2_A_20_39_vs_40_79",616,0.00700036830679142,-0.0504146443179505,-0.00546213537307469,-0.0464785080819638,-0.0977841002500228
"S2_A_20_39_vs_40_79",617,-0.0175609053037814,-0.00404057465208402,-0.0253051573579885,-0.0639790216501447,-0.0940418162384892
"S2_A_20_39_vs_40_79",618,-0.0314735730476432,-0.0332823906078305,-0.00538090315877637,-0.0118248173054757,-0.0450258044224084
"S2_A_20_39_vs_40_79",619,-0.000174529181856953,-0.00971208737028566,-0.00705089308063855,-0.0148671424636796,-0.0765982994405605
"S2_A_20_39_vs_40_79",620,-0.00229414998785628,-0.00351193377648805,0.00933932218375921,-0.0542443278426319,-0.073724891659474
"S2_A_20_39_vs_40_79",621,-0.0103845032434544,-0.00969409225230652,-0.021736974510968,-0.0244200286739101,-0.00422166358365011
"S2_A_20_39_vs_40_79",622,-0.00297076345417234,-0.0529016730722841,0.00678195927589534,-0.0555285393268216,-0.0389359651597722
"S2_A_20_39_vs_40_79",623,0.0451177586211579,0.000510642099438935,-0.0103981688126353,-0.0389287723815483,-0.0588808829419042
"S2_A_20_39_vs_40_79",624,0.0178408968521601,-0.0291361610164096,-0.0117804440140624,-0.0666395252506239,-0.0893273476122173
"S2_A_20_39_vs_40_79",625,0.00593997395294731,0.0216756955723269,-0.0516261982488187,-0.0493764056997339,-0.0828933459652363
"S2_A_20_39_vs_40_79",626,-0.00850927970030301,-0.0355801932623907,0.0309075971771475,-0.0495924593701147,-0.056315907986262
"S2_A_20_39_vs_40_79",627,-0.0198763432601931,-0.0512272326045327,-0.038051686377528,-0.0186316101032092,-0.0494953022276575
"S2_A_20_39_vs_40_79",628,0.0455072341039564,-0.0204796381403287,-0.00188878239023614,-0.0503281609233897,-0.0300844100415872
"S2_A_20_39_vs_40_79",629,-0.0115245521644083,-0.02246579776732,-0.0407301067806762,-0.0435582626941784,-0.101275405369936
"S2_A_20_39_vs_40_79",630,0.0225519141326435,-0.0500846118728554,-0.040218516124304,-0.0128914143565481,-0.0741140942292133
"S2_A_20_39_vs_40_79",631,-0.0316191366487108,-0.065403511606002,-0.024030211109191,-0.0238582905840465,-0.0708047645501128
"S2_A_20_39_vs_40_79",632,-0.0214208394583463,-0.0112031497713829,-0.0322231217911406,-0.0755755179775528,-0.0423789448620163
"S2_A_20_39_vs_40_79",633,-0.0102659875376016,0.0012908673364319,0.0139451104954778,-0.085503155256234,-0.0267706527248815
"S2_A_20_39_vs_40_79",634,0.0225659285104842,-0.0332218752995693,-0.00871327539435501,-0.050593455921485,-0.0866749891248255
"S2_A_20_39_vs_40_79",635,-0.00924615697086813,-0.0375977910598933,0.00977098509032884,0.0429907835709623,-0.016979994332852
"S2_A_20_39_vs_40_79",636,-0.0233691356669521,0.0127014862826487,-0.0209918810440103,-0.0352385130614608,-0.0706212654526144
"S2_A_20_39_vs_40_79",637,-0.022056781844687,-0.0184229103950161,-0.0158406448292712,0.00578758079906536,-0.0658389441599297
"S2_A_20_39_vs_40_79",638,-0.0323939748355073,-0.0130132659586443,-0.020839062536683,-0.0366199115853894,-0.0602602967438747
"S2_A_20_39_vs_40_79",639,0.0114109685808585,-0.0165796899053175,-0.0181215008199324,-0.069280361099264,-0.0783720986133434
"S2_A_20_39_vs_40_79",640,-0.0067191363342834,-0.0243777786597862,-0.0104575999695528,-0.0409629959523753,-0.0467842491367287
"S2_A_20_39_vs_40_79",641,0.0367860561511028,-0.0547023553674998,-0.0567839908863145,0.0158492860136817,-0.104523160898745
"S2_A_20_39_vs_40_79",642,-0.000864365905446501,-0.0428459935777872,-0.0645133734705986,-0.0458199618122253,-0.0501543500917472
"S2_A_20_39_vs_40_79",643,-0.014038640348031,-0.0272579819702376,0.0198723696315027,-0.0925868724823236,-0.0790954984962755
"S2_A_20_39_vs_40_79",644,-0.00475011809172325,-0.0426089034541397,0.00988729317778586,-0.0225884066533112,-0.0778772054664819
"S2_A_20_39_vs_40_79",645,-0.0143595319133141,-0.0408202183221171,-0.0315221677380826,-0.00647221793775021,-0.0365034700692821
"S2_A_20_39_vs_40_79",646,0.0173427775986963,-0.0759055703405726,0.0568380122292611,-0.0234691501522623,-0.0851006724940181
"S2_A_20_39_vs_40_79",647,0.00925252483774272,-0.0196085653422224,-0.0112084673553183,-0.0120636909551403,-0.153088014630909
"S2_A_20_39_vs_40_79",648,-0.00935675487638526,0.0109892218923797,-0.0388601400320431,0.0357632449980968,-0.0840574233482019
"S2_A_20_39_vs_40_79",649,0.0177130175933599,0.0034494522128886,0.00772645643851713,-0.0669453612835145,0.00734499810425948
"S2_A_20_39_vs_40_79",650,-0.00553720644628632,-0.0398033238688031,-0.0233779599637494,0.0111769640033584,-0.109709290431912
"S2_A_20_39_vs_40_79",651,-0.00527532407408123,-0.0280421724619268,-0.0486299186923843,-0.0816748369880636,-0.0447001319078399
"S2_A_20_39_vs_40_79",652,0.00595061676780591,-0.0481288827114869,-0.0399930020839873,-0.0440191629339877,-0.0869221756880459
"S2_A_20_39_vs_40_79",653,-0.0261111482774079,-0.0538643952613015,-0.0233613916071217,-0.00750111911106355,-0.0848059057840097
"S2_A_20_39_vs_40_79",654,0.00216599212548978,-0.0180051930993357,-0.0357704615813983,-0.0518973682701887,-0.0466401219073182
"S2_A_20_39_vs_40_79",655,-0.0175737252474219,-0.0649080983378632,-0.00789955577361479,-0.0643528340619352,-0.107412327186527
"S2_A_20_39_vs_40_79",656,0.0127699715597568,-0.0233120602170591,0.0150888931475147,-0.0762590536416955,-0.0276478360885376
"S2_A_20_39_vs_40_79",657,0.0170857026902644,-0.0396950348155958,-0.03362040374665,-0.0172643392594401,-0.145456370769216
"S2_A_20_39_vs_40_79",658,-0.00581281496146848,-0.0634327444117013,0.00485172697011318,-0.0391101876819666,-0.0457432349417659
"S2_A_20_39_vs_40_79",659,0.00471607632877262,-0.0865403629028276,0.0361661882694641,0.0109557579112028,-0.105415650242768
"S2_A_20_39_vs_40_79",660,0.0113553896314628,-0.0368559866921124,0.0105430998223259,-0.0485603906068134,-0.0281349918405877
"S2_A_20_39_vs_40_79",661,0.0277299745148253,-0.0276308552412715,0.00587635449108515,-0.00494341414584171,-0.0304628731282148
"S2_A_20_39_vs_40_79",662,0.0198965561596115,-0.045937876833853,0.0104933272364632,-0.0440854431447923,-0.0405301242482174
"S2_A_20_39_vs_40_79",663,-0.00488515697368527,-0.0372344220849742,-0.0064883002627492,-0.0568377686982499,-0.0576138289563253
"S2_A_20_39_vs_40_79",664,-0.0454941142429803,-0.0481434461607116,-0.0172659730663638,-0.106046623563507,-0.089829865678998
"S2_A_20_39_vs_40_79",665,-0.0100321784115147,0.0147197413552771,-0.0365387320435267,-0.00187457935701382,-0.0570983508642212
"S2_A_20_39_vs_40_79",666,0.0200591816352308,0.0116473410125352,-0.0499338660698583,-0.00589879159572784,-0.066409910827673
"S2_A_20_39_vs_40_79",667,0.0180185803255778,-0.0706358403845334,0.0664834033060939,0.00678509016581796,0.013439393929091
"S2_A_20_39_vs_40_79",668,0.0134100162051127,-0.0509614703678248,0.0375153822260794,-0.0240453706011373,-0.0968182748364086
"S2_A_20_39_vs_40_79",669,0.00450383202834782,0.00967808561546143,0.0233994244070106,-0.101617695330314,-0.02130933429639
"S2_A_20_39_vs_40_79",670,-0.00514811616034492,-0.0180269384103279,0.00193236900328404,-0.0348408000280384,-0.0665940326323544
"S2_A_20_39_vs_40_79",671,0.0119301338850808,-0.0154183397520158,0.00920051738152028,-0.0327480450940198,-0.0583579539827234
"S2_A_20_39_vs_40_79",672,-0.00997217048573647,-0.0480894522598585,0.0250913414635799,-0.032029471532348,-0.0494625048553767
"S2_A_20_39_vs_40_79",673,0.0119486837584878,-0.0716537956183039,-0.0412909447653574,-0.0168757307463113,-0.0215206938363316
"S2_A_20_39_vs_40_79",674,0.0153853046876774,-0.0337020169759389,0.0316143637457865,-0.0332198279411783,-0.0653980811499312
"S2_A_20_39_vs_40_79",675,0.00274452002682821,-0.0158465596037548,-0.0129583648779978,-0.00419702896427906,-0.0962928362560964
"S2_A_20_39_vs_40_79",676,0.0155259186091906,-0.00766493931302649,0.0285367553738673,-0.0766772049630291,-0.0451358259497108
"S2_A_20_39_vs_40_79",677,0.0422972116164062,-0.0800097329582162,-0.00131980661307332,-0.00577722814681408,-0.09050720591399
"S2_A_20_39_vs_40_79",678,0.00921212583148912,-0.0348013579373148,0.0189730836319269,-0.0362458210178669,-0.0927895427053981
"S2_A_20_39_vs_40_79",679,-0.0124374312683838,-0.0523037196515661,0.0149923663041568,-0.0357250479103318,-0.0668552413550539
"S2_A_20_39_vs_40_79",680,0.0138463808862642,-0.0548656902398013,-0.0101348658585397,-0.0339676272172955,-0.039136890058857
"S2_A_20_39_vs_40_79",681,-0.00259010470434457,-0.0348640453533859,-0.0366995120164333,0.0387749029504696,-0.121148641106867
"S2_A_20_39_vs_40_79",682,0.0111887607542237,-0.0598977247259007,0.0271436335323905,-0.0731708405591006,-0.0348753024030711
"S2_A_20_39_vs_40_79",683,-0.00446553079381299,-0.0456143258036765,-0.0252050059328464,0.00530701864298627,-0.0505725363627791
"S2_A_20_39_vs_40_79",684,0.00926735115400538,-0.075637910836998,0.00338278775679843,-0.0451146913281621,-0.0719024741442413
"S2_A_20_39_vs_40_79",685,0.00714206132299519,-0.0639910636821646,-0.0502486985154801,-0.0149712470221813,-0.0602970254177241
"S2_A_20_39_vs_40_79",686,0.00901577052358819,-0.0347563203081365,0.00216472994911021,-0.0763767475700085,-0.0510815957440447
"S2_A_20_39_vs_40_79",687,-0.0275153545843563,-0.0791903575582345,-0.00571987779939617,-0.0333530984476533,-0.0352115076801566
"S2_A_20_39_vs_40_79",688,-0.000619352360394593,-0.0397617607971635,-0.0399540914042556,-0.0229232054587002,-0.0310846675730741
"S2_A_20_39_vs_40_79",689,-0.00282212323975901,-0.00855679021087254,-0.0358263814102814,0.0120650322138416,-0.0668993669962518
"S2_A_20_39_vs_40_79",690,0.00478238516828056,-0.0194194180174564,-0.00387447121412798,-0.0172525218175981,-0.0165021550544285
"S2_A_20_39_vs_40_79",691,0.00514801827395444,-0.0517619986563758,-0.0201962766790984,-0.0322323836806543,-0.0151463384266621
"S2_A_20_39_vs_40_79",692,0.000587331869659563,-0.013181794366878,-0.0256006081179401,-0.0441388929476739,-0.0646772073947382
"S2_A_20_39_vs_40_79",693,-0.0207040395574646,0.00207326789361753,-0.00880670897172103,-0.00344267643335142,-0.0446255520673393
"S2_A_20_39_vs_40_79",694,0.00175143306505298,-0.0726623288171236,-0.0113873272806651,-0.0474291481015375,0.00243378212194167
"S2_A_20_39_vs_40_79",695,0.00877119654381144,-0.0154705391336961,0.00364602913463222,-0.0159070040046483,-0.0669214973415568
"S2_A_20_39_vs_40_79",696,0.00323997519858409,-0.047710612420677,-0.00651724924082425,-0.0797503434945932,-0.0529337289281278
"S2_A_20_39_vs_40_79",697,0.0455378058194334,-0.0549438214891686,-0.0248471166545974,-0.00301395710486344,-0.100270750044981
"S2_A_20_39_vs_40_79",698,0.00530412876671232,-0.0206900427542714,-0.0383074133214231,-0.00737876733899179,-0.0522317715586483
"S2_A_20_39_vs_40_79",699,-0.0227509411166738,0.06055456732448,-0.0404860235232926,-0.0441433363855019,-0.0463554111225602
"S2_A_20_39_vs_40_79",700,0.00400563793708501,-0.0401788172276172,1.62235987237191e-05,-0.0322685137875911,-0.0511244970093393
"S2_A_20_39_vs_40_79",701,-0.0193839585852225,-0.0155344395918088,-0.0386976174228383,-0.0576439257394393,-0.00971724548486314
"S2_A_20_39_vs_40_79",702,0.0317600284046407,-0.0434445524612618,-0.0360419294561058,-0.0612409228654943,-0.0555528239493513
"S2_A_20_39_vs_40_79",703,0.0211507068502706,-0.047735639296543,0.0147592274510955,-0.0752476258220264,-0.0915836244266441
"S2_A_20_39_vs_40_79",704,0.0201219182048892,-0.0321191055035245,-0.0440861707372359,-0.0512097755765763,-0.0705534998510802
"S2_A_20_39_vs_40_79",705,-0.0020588556658539,-0.00803067938126664,-0.00787590929163512,-0.0803309393744864,-0.0234489833530442
"S2_A_20_39_vs_40_79",706,-0.00756673550585422,-0.0531593738634905,-0.0335041213519683,-0.0956172811959219,-0.0634320050158646
"S2_A_20_39_vs_40_79",707,0.0297844985752341,-0.0380059116945529,-0.0673819872644213,-0.0562327140317659,-0.0353925413651934
"S2_A_20_39_vs_40_79",708,0.0126419929865906,-0.0245656797346327,-0.0248310762343849,-0.0517051301365059,-0.0249479623796183
"S2_A_20_39_vs_40_79",709,0.00809258604986168,-0.0380098909557342,0.0662910329119001,-0.0764247286870127,-0.0471808329735945
"S2_A_20_39_vs_40_79",710,0.00350382937959978,-0.060011067693736,-0.0135258921344636,-0.0334166695880717,-0.133171965707031
"S2_A_20_39_vs_40_79",711,-0.0064761936007441,-0.031840544756651,-0.0531904297846838,-0.0936864935941459,-0.0711997294872361
"S2_A_20_39_vs_40_79",712,0.014805043281006,-0.0678180288030953,-0.0224762713296189,-0.0648491875552041,-0.0653124573266394
"S2_A_20_39_vs_40_79",713,-0.00551587156969634,-0.0158408577961114,-0.00270678944222411,-0.0474736657019503,-0.0300182902722692
"S2_A_20_39_vs_40_79",714,-0.0150369858091494,-0.0339857264795336,0.00994547176264582,-0.0799065336527613,-0.0369410173865194
"S2_A_20_39_vs_40_79",715,0.00815478375917027,-0.0339221143866051,-0.0883434035971148,-0.0100114749102725,-0.0780812547131252
"S2_A_20_39_vs_40_79",716,-0.0187127890226616,-0.0260703343112441,0.00938816210795998,-0.0366952324314438,-0.0760736751623647
"S2_A_20_39_vs_40_79",717,-0.0165054935446675,-0.00651624234729346,-0.0180807416054659,-0.0184611202914911,-0.0979241034495487
"S2_A_20_39_vs_40_79",718,0.00640433496162905,-0.0287146854660496,-0.00868944015666973,0.00209073241969196,-0.0723791310189861
"S2_A_20_39_vs_40_79",719,-0.00917286771314711,-0.0469680199005718,0.0642327978610648,0.03308496709408,-0.0722563874829176
"S2_A_20_39_vs_40_79",720,0.026700704572047,-0.0210265321019995,0.00133328823293419,-0.0773587964020057,-0.0023945554880383
"S2_A_20_39_vs_40_79",721,-0.000874475305172227,-0.0231353566947651,-0.0122482758021344,-0.0456752762025188,-0.0721413269784912
"S2_A_20_39_vs_40_79",722,0.00771589742704397,-0.0254502590413853,-0.00848099215122317,-0.00527311660242208,-0.116691926910454
"S2_A_20_39_vs_40_79",723,-0.00337286397125716,-0.0413533794165409,0.00460990811558651,-0.0564614299077101,-0.0537931989591395
"S2_A_20_39_vs_40_79",724,0.00984869865083896,-0.0174885364712575,-0.00818865719141598,-0.0510701866089239,0.0149393852571227
"S2_A_20_39_vs_40_79",725,0.00800634932231776,-0.0647816089527384,-0.0128609274434457,0.0100749192911871,-0.0831798106361705
"S2_A_20_39_vs_40_79",726,-0.00540859332495737,-0.0402038815674947,-0.0078205153967193,-0.00325420958619821,-0.0378841823238084
"S2_A_20_39_vs_40_79",727,0.015328334546357,-0.0248137107824357,-0.0113786090917027,-0.0660763469706553,-0.0791530529056788
"S2_A_20_39_vs_40_79",728,0.00383524323715836,-0.0114529921244479,0.00441021050571186,-0.0352594738255941,-0.00966445731083515
"S2_A_20_39_vs_40_79",729,-0.0146778127774634,-0.0464486345515298,0.022967759836091,-0.0495920763298253,-0.023030019302746
"S2_A_20_39_vs_40_79",730,-0.0147362476323606,-0.0373669253163319,0.0199488189791794,-0.0562133832461348,-0.103075417625454
"S2_A_20_39_vs_40_79",731,-0.0314847906499712,-0.0345833335063403,-0.0317276188820262,-0.052756816634017,-0.0238000390825715
"S2_A_20_39_vs_40_79",732,0.00980249080725041,-0.0635481819083394,-0.00883837104053858,-0.0284559900522109,-0.0291868624287421
"S2_A_20_39_vs_40_79",733,-0.0141133324067605,-0.00995969568537419,-0.0203635509302696,-0.0259340846482127,-0.0596168355658401
"S2_A_20_39_vs_40_79",734,-0.0058234409671441,-0.010176177955424,-0.0151446255803783,-0.00489208884530085,-0.0648896485281736
"S2_A_20_39_vs_40_79",735,0.00898378942507448,-0.0276800228128108,0.00956149470396872,-0.0924717279378338,-0.0795059751702644
"S2_A_20_39_vs_40_79",736,0.0217041100443945,-0.0310983346495659,-0.0783680456555547,-0.0554733967569913,-0.026678299102856
"S2_A_20_39_vs_40_79",737,0.000526565069120855,-0.0613908729393763,0.0121686290915987,-0.0420851742693052,-0.0609041813495984
"S2_A_20_39_vs_40_79",738,-0.00188362753840022,-0.0886646013409936,-0.0290743291862325,-0.05442502656298,-0.090495626238393
"S2_A_20_39_vs_40_79",739,0.00565737197969624,-0.0351925055892568,-0.055475076233296,-0.0434858692614689,-0.0534794016901227
"S2_A_20_39_vs_40_79",740,-0.0250911594189054,0.0139543971790419,-0.00256124440497291,-0.0131967593202686,-0.0877293033034502
"S2_A_20_39_vs_40_79",741,0.0324753200046316,-0.024205610871985,-0.0348880712593087,-0.068273562645352,-0.104341313733855
"S2_A_20_39_vs_40_79",742,0.00354379301264768,-0.0256623198442339,-0.00579807500676169,-0.0129592647066129,-0.0713911174664116
"S2_A_20_39_vs_40_79",743,0.0196724590700641,-0.0357295263223283,-0.0361114248761078,-0.0625566315116994,-0.0340603908586107
"S2_A_20_39_vs_40_79",744,0.0145997184986884,-0.0193401472102246,-0.028865263798352,-0.0242616956801108,-0.0880264834732943
"S2_A_20_39_vs_40_79",745,0.0164775823093015,-0.023392076830646,-0.000773761139060442,-0.0145576137648155,-0.0889348415397457
"S2_A_20_39_vs_40_79",746,-0.00667598890997874,-0.0311926744754151,0.00277972325475198,-0.0444553118853195,-0.0948704055315166
"S2_A_20_39_vs_40_79",747,0.00609579540850598,-0.0117813672972959,0.0123002901319542,-0.101010025003168,-0.0630048740308619
"S2_A_20_39_vs_40_79",748,0.00302582962565937,-0.040736472589733,-0.00255992420988316,-0.041715150337469,-0.0241274960525203
"S2_A_20_39_vs_40_79",749,-0.0133844043395862,-0.102173332855197,-0.0517200158091456,-0.00561780156872305,-0.0299852507159303
"S2_A_20_39_vs_40_79",750,0.0162969711835229,-0.0268052288077106,-0.0230697339395858,-0.0481342536508795,-0.046168238325679
"S2_A_20_39_vs_40_79",751,0.0265269135157367,-0.0182044887113711,-0.00831375621904173,-0.0589097063636777,-0.0807877030439909
"S2_A_20_39_vs_40_79",752,-0.0166226204890611,-0.0894197883197497,-0.0268125710454172,-0.0164301568021573,-0.0561159529760952
"S2_A_20_39_vs_40_79",753,0.0138341664544915,-0.0195612832072448,-0.0315194826883584,-0.0651752624612903,-0.0212515496498812
"S2_A_20_39_vs_40_79",754,0.0294633194564642,-0.0031861376244666,0.0464390760190018,-0.0428355851428072,-0.0590454376552115
"S2_A_20_39_vs_40_79",755,-0.00217950940806802,-0.0131328087620841,-0.0636962186595039,-0.0436485131395505,-0.0406584913511683
"S2_A_20_39_vs_40_79",756,0.00523770899618876,-0.0568761925241065,0.00869878374638805,-0.0431939429836097,-0.0490720363411247
"S2_A_20_39_vs_40_79",757,-0.0126829781874356,-0.0381675632165075,0.01480454020911,-0.0907266891226726,-0.105846977696188
"S2_A_20_39_vs_40_79",758,-0.0142448166608391,-0.0202270157398358,-0.0329150796083866,0.0248110389192832,-0.0148104107548716
"S2_A_20_39_vs_40_79",759,-0.00417896720961193,-0.0434672375517818,-0.0601851090894995,-0.0140006994670286,-0.0836470306602574
"S2_A_20_39_vs_40_79",760,-0.0150028855621445,-0.0619872805575347,0.0156348820369728,-0.0203947063648764,-0.0452619201329687
"S2_A_20_39_vs_40_79",761,0.0285063269567115,-0.0488356361837235,-0.00326659575738553,-0.0391934242402674,-0.065933907143691
"S2_A_20_39_vs_40_79",762,0.00882736052292726,-0.06020541016592,0.019424094399173,-0.0656707068789222,-0.114225412314135
"S2_A_20_39_vs_40_79",763,0.0155364791642725,-0.0363192031804454,-0.0561988041168836,-0.0338362838858298,-0.045848184152181
"S2_A_20_39_vs_40_79",764,0.0110540272513021,-0.0529825372494118,0.0521067589708144,-0.0512822736806501,-0.0643959976000698
"S2_A_20_39_vs_40_79",765,-0.0196627696456173,-0.0156417597953833,-0.050903634394696,-0.0602997783702751,-0.0728386957712396
"S2_A_20_39_vs_40_79",766,0.0262803268870861,-0.0204408364255662,-0.0261351482681674,-0.00494648347874632,-0.0601057918980472
"S2_A_20_39_vs_40_79",767,-0.00979764880652686,-0.0216768517429209,-0.0192209278437477,-0.00871415799964895,-0.0453591836520549
"S2_A_20_39_vs_40_79",768,0.00859170565738846,0.000755676722783719,-0.0123698132910956,-0.0273658654516169,-0.0691429566012435
"S2_A_20_39_vs_40_79",769,0.0184499022450978,-0.0257162987131894,-0.0443019266329212,-0.0596046556439157,-0.0842518340028673
"S2_A_20_39_vs_40_79",770,0.0171627932257624,-0.0562230005025382,0.00481772338172495,-0.0209382633922229,-0.0431969031485055
"S2_A_20_39_vs_40_79",771,0.0008456906544657,0.0118964779119336,-0.0384155442273673,-0.0696973672497584,-0.0524825961835275
"S2_A_20_39_vs_40_79",772,-0.00676814035342013,-0.00764266903159593,-0.0205678775640918,0.0105490859219471,-0.065507302157429
"S2_A_20_39_vs_40_79",773,0.00963872390763575,-0.0273762100601205,0.0156984726842556,-0.0091669639805273,-0.103930040047518
"S2_A_20_39_vs_40_79",774,0.0109708318596232,-0.0340524165018223,-0.0245222573762636,-0.0281196295722719,-0.0428902253431738
"S2_A_20_39_vs_40_79",775,0.0241581083557552,-0.042162200039468,0.00374909747572065,-0.0606649046386899,-0.0877177952724401
"S2_A_20_39_vs_40_79",776,-0.00538241422330287,-0.0408147176644032,0.0198808180732677,-0.0438349127004169,-0.101650242505517
"S2_A_20_39_vs_40_79",777,0.00753889260295532,-0.0791554266298768,0.0465861348264944,-0.0460551250249384,-0.0674165940800369
"S2_A_20_39_vs_40_79",778,0.0251107348980209,-0.0867838874824475,0.00903590127612944,-0.0483707067353095,-0.0791146077023193
"S2_A_20_39_vs_40_79",779,0.00989109471551042,-0.0217098467344321,-0.0460375510123397,-0.0578401931050746,-0.0854397821647001
"S2_A_20_39_vs_40_79",780,0.0126514497091482,-0.0326894314658658,0.00346228156639439,-0.0860000518685615,-0.0438297085782791
"S2_A_20_39_vs_40_79",781,0.0115481012516845,-0.0456291991994337,-0.0166538100250243,-0.0532753886631324,-0.0670498959198974
"S2_A_20_39_vs_40_79",782,-0.0131673429412072,-0.0428861545812755,-0.0137047815560164,-0.0293125219310916,-0.0615072886979839
"S2_A_20_39_vs_40_79",783,0.00302638814781805,0.00255835666967451,-0.0101673777463888,-0.00413248725728704,-0.0366800745943808
"S2_A_20_39_vs_40_79",784,0.020147864191392,-0.0381732086706471,-0.062201025541144,-0.0839147548366309,-0.0586709953628952
"S2_A_20_39_vs_40_79",785,0.0145101366485803,-0.0190255160427347,-0.0348724542726534,-0.0332941292108742,-0.0865574173090243
"S2_A_20_39_vs_40_79",786,-0.00734794442384092,-0.0499283825698076,-0.0109911781019359,-0.0644628136830747,-0.0487622016731217
"S2_A_20_39_vs_40_79",787,0.0212782394576306,-0.0334974193847303,-0.0273864493162276,-0.0308893331703776,-0.0376483925794737
"S2_A_20_39_vs_40_79",788,0.00972074029786094,-0.00358938701488501,-0.0653131106177073,-0.0102811722023524,-0.0334081525659768
"S2_A_20_39_vs_40_79",789,-0.00903302830918819,-0.0102437466536032,0.00695367062962815,-0.024828879621382,-0.037452151118968
"S2_A_20_39_vs_40_79",790,0.0121116966747226,-0.0106591432228998,-0.0554433528991633,-0.0252388881665375,-0.0584209277995877
"S2_A_20_39_vs_40_79",791,0.00933910130486262,-0.0354940781776628,-0.00612527493074443,-0.0447954833427819,-0.0821691792810656
"S2_A_20_39_vs_40_79",792,-0.00597686002556467,-0.00454382382637472,-0.0395851487041905,-0.0613027351368264,-0.0308764924753583
"S2_A_20_39_vs_40_79",793,0.00625777769542452,-0.00706222800906982,0.0057155967326378,-0.0505805868506219,-0.0401879001556638
"S2_A_20_39_vs_40_79",794,-0.0178807981196837,-0.0290121445604691,0.0116866704795081,-0.0414912790066265,-0.0612874096498651
"S2_A_20_39_vs_40_79",795,0.0216497885745979,-0.0292525001814107,-0.0393720931913462,-0.0289909647044355,-0.126255155969158
"S2_A_20_39_vs_40_79",796,-0.00423563010026584,-0.0371551499307516,0.0159943905615532,-0.0153210959776864,-0.0145567119803038
"S2_A_20_39_vs_40_79",797,0.0215034951051679,-0.102818108498582,0.0546693977792259,-0.0511260578865612,-0.0405189320956281
"S2_A_20_39_vs_40_79",798,0.00251511954078328,-0.0231574050603681,-0.0305831858345382,-0.000649842418267071,-0.036284828591797
"S2_A_20_39_vs_40_79",799,-0.00612768215856749,-0.0679012680806887,-0.0143048522964251,-0.051970086865984,-0.0532551677156485
"S2_A_20_39_vs_40_79",800,-0.00690145283749766,-0.0321497189136379,-0.00238804046324451,-0.0633042124867496,-0.0407660346861624
"S2_A_20_39_vs_40_79",801,-0.00391360527212863,-0.0654417655227494,-0.0291435948543897,-0.0545082371567152,-0.0678707092519431
"S2_A_20_39_vs_40_79",802,0.00265224346700924,-0.0343109122466493,-0.0376705365530712,-0.0172275115528989,-0.0624035732934774
"S2_A_20_39_vs_40_79",803,0.00943303576221438,-0.0180292427506138,0.00985499650800463,-0.0715850895967472,-0.143958268308964
"S2_A_20_39_vs_40_79",804,-0.0133296948242228,-0.0187508934167853,-0.030656362620712,-0.0542342047242681,-0.0839955744318696
"S2_A_20_39_vs_40_79",805,0.0274400277448946,-0.0767462231187055,-0.0197405952043423,-0.0323428708261601,-0.0818663187208574
"S2_A_20_39_vs_40_79",806,0.0135015894014995,-0.0743415984193391,0.00299871612554747,0.00702183662301148,0.0155782345266721
"S2_A_20_39_vs_40_79",807,0.0149636324592863,-0.0322985032826966,-0.016166932532461,-0.0106724936270967,-0.0653343425472139
"S2_A_20_39_vs_40_79",808,0.0030014931568994,-0.0258521313790045,-0.052871984992356,0.0346993990983443,-0.0793219642162146
"S2_A_20_39_vs_40_79",809,0.0260522005367945,-0.0312790936257392,-0.0251717073275596,-0.0180865379837282,-0.0867900443346964
"S2_A_20_39_vs_40_79",810,-0.0277754968612951,-0.0411371994786916,-0.0388751366364604,-0.0353564715094594,-0.0977145257569206
"S2_A_20_39_vs_40_79",811,0.00154698698596038,-0.017644703063724,0.0163908525287689,-0.00939332819069186,-0.0604261418487293
"S2_A_20_39_vs_40_79",812,0.00346556028702395,-0.0320706093533476,-0.0358149663135737,0.00344049936764459,-0.0601140257459652
"S2_A_20_39_vs_40_79",813,0.0021859260817909,-0.0390163388757396,0.0066057284178189,-0.141401507153551,-0.0589755004536581
"S2_A_20_39_vs_40_79",814,0.000603329871444437,-0.0168727216568612,0.0336461384561998,-0.0855388348988169,-0.0554092850313346
"S2_A_20_39_vs_40_79",815,0.0213209116925663,-0.020801750374697,0.0125304516107505,-0.0371824222228999,-0.0444542768819053
"S2_A_20_39_vs_40_79",816,0.0041076165068815,-0.0604747360921897,-0.0127007907428769,-0.0382110174139292,-0.0493389499441858
"S2_A_20_39_vs_40_79",817,0.0249659729345978,-0.0403270647178773,-0.0235804204786293,-0.0532769697816601,0.0216610739307797
"S2_A_20_39_vs_40_79",818,0.0167031000269746,-0.0618471909740503,-0.011464852041024,-0.0293843757990231,-0.086361636242343
"S2_A_20_39_vs_40_79",819,-0.0108830856705934,-0.0198729903426345,-0.0194285163967011,-0.0287005645010029,-0.115429533328062
"S2_A_20_39_vs_40_79",820,0.0043267888350418,-0.045396576800628,-0.0114135790938861,-0.0257980313623839,-0.0565655380824299
"S2_A_20_39_vs_40_79",821,-0.029267373323242,-0.0185617894945286,-0.0243380616801436,-0.0640773855662864,-0.040373451458794
"S2_A_20_39_vs_40_79",822,-0.00234968124524049,-0.017752216463872,-0.048548603362288,0.00117715320836542,-0.0620711367736004
"S2_A_20_39_vs_40_79",823,0.00203016671500213,0.00730276830796313,-0.0386532054101053,-0.0011319272833677,0.0232772322537955
"S2_A_20_39_vs_40_79",824,0.025534424056872,-0.0451284250053949,-0.00568622240558295,-0.0779106047362888,-0.0553539930869684
"S2_A_20_39_vs_40_79",825,0.0108272329134819,-0.0302584231717846,0.00496465556031886,-0.0548655710149726,-0.0501144767764153
"S2_A_20_39_vs_40_79",826,-0.0108112598645403,-0.0129627085636893,-0.023198135450916,-0.0191412600982137,-0.0459142522809022
"S2_A_20_39_vs_40_79",827,-0.00137386916579812,-0.0457537740029587,-0.063758726237817,-0.0421953273097676,-0.0822784829068567
"S2_A_20_39_vs_40_79",828,0.00605334479501744,-0.030212898826786,-0.0786093855936332,-0.0359664425992358,-0.0666431887245152
"S2_A_20_39_vs_40_79",829,0.00935927087561787,-0.0185745651022667,-0.0100773927802395,-0.0993071478781281,-0.0731371697896128
"S2_A_20_39_vs_40_79",830,0.00961657158492656,-0.0481195799516367,-0.0229025851015184,-0.040578534626003,-0.044440239537323
"S2_A_20_39_vs_40_79",831,0.028943510565118,-0.0570220232291635,-0.0400736960134151,-0.0239247878389139,-0.061434726715814
"S2_A_20_39_vs_40_79",832,-0.0018073702921662,-0.0172172129134447,-0.0275888388421321,-0.0355059256000877,-0.075513288024777
"S2_A_20_39_vs_40_79",833,0.0227683655838015,-0.0216500453578215,0.00346369632755655,-0.0905560777362074,-0.00196849628156176
"S2_A_20_39_vs_40_79",834,0.00908796737942526,0.00181232533069504,-0.0131787540418887,-0.0274670575810013,-0.0769266300796817
"S2_A_20_39_vs_40_79",835,0.0277956118733997,-0.0232960441065176,0.0167325099145164,-0.0355482891353107,-0.085102877038532
"S2_A_20_39_vs_40_79",836,-0.0109563704584319,-0.0144184452682318,0.015973271715581,-0.067634375431274,-0.058298947246866
"S2_A_20_39_vs_40_79",837,-0.0142634757254449,-0.0708006183411755,-0.0115456182877441,-0.0704688084551167,-0.068055804437166
"S2_A_20_39_vs_40_79",838,-0.00387830720746948,-0.0528899618824484,0.000927200271089113,-0.0877473901352549,-0.086730682640647
"S2_A_20_39_vs_40_79",839,-0.0101498888530585,-0.0505940256588469,0.0105456934097118,-0.0200526366259215,-0.0798972668485183
"S2_A_20_39_vs_40_79",840,-0.0055146472074396,-0.0397154996860855,0.0209704649332288,-0.0316441817982084,-0.0552376010562799
"S2_A_20_39_vs_40_79",841,0.0254203331018439,-0.0449797695965302,-0.0187960638838769,-0.0706236221582958,-0.025216768007153
"S2_A_20_39_vs_40_79",842,0.0167984479827904,-0.0324169985068672,0.0080448363507156,-0.0199202991678923,-0.0593979309165312
"S2_A_20_39_vs_40_79",843,0.00937361711490527,-0.0657461080758998,-0.0237962365666632,-0.0197395936656261,-0.0376180935891212
"S2_A_20_39_vs_40_79",844,-0.000447003193326773,-0.0209232285307704,-0.0162669347241371,-0.0624807989813148,-0.0893552438900057
"S2_A_20_39_vs_40_79",845,-0.0192718110147772,-0.0365441704630515,0.0120737513340969,-0.0832791535123919,-0.0311909280760558
"S2_A_20_39_vs_40_79",846,0.00865524848637084,-0.065873828288291,-0.0552365492966223,-0.049792314771666,-0.0922490541608192
"S2_A_20_39_vs_40_79",847,-0.0278113801982627,0.0494514407982864,0.0219920054845728,-0.0390115118935468,-0.0406005061953529
"S2_A_20_39_vs_40_79",848,0.0295148594619644,-0.0612299242908286,-0.0647880752841339,-0.0346806416711533,-0.0177261939366311
"S2_A_20_39_vs_40_79",849,-0.0266220280686212,-0.0152668040549163,-0.00923095243720229,-0.0790752974539881,-0.07134943928212
"S2_A_20_39_vs_40_79",850,0.0217473312269227,-0.0390189814573124,-0.0316898439796058,0.029063105122924,-0.0941941658079096
"S2_A_20_39_vs_40_79",851,0.000124479307578612,-0.0554129641217698,-0.0112178230504127,-0.0380650532193647,-0.0852473812235847
"S2_A_20_39_vs_40_79",852,0.00113033377359299,-0.0107705319088716,0.0278957750638114,-0.0356335067820495,-0.0276929672071761
"S2_A_20_39_vs_40_79",853,0.00863521037169709,-0.0716517708500515,-0.00873704265050265,-0.0457840515217551,-0.0745470658073673
"S2_A_20_39_vs_40_79",854,0.00446246793047098,-0.0342021168956943,-0.0135644118979792,-0.0289869368239364,-0.0605401475979341
"S2_A_20_39_vs_40_79",855,0.0150190019454006,-0.0334718928892693,-0.0277589337743498,-0.0522522594729697,-0.021892772260881
"S2_A_20_39_vs_40_79",856,0.00277547212520132,-0.0338590885287145,-0.0357472288917889,0.0339103590091845,-0.0791343843515918
"S2_A_20_39_vs_40_79",857,0.00921371186012909,-0.0343632536124603,-0.0336182998796983,-0.0291355244154511,-0.0640335277381289
"S2_A_20_39_vs_40_79",858,0.0215402845901521,-0.0407453994527496,-0.0177344136357036,-0.0364763943045059,-0.0470886641768107
"S2_A_20_39_vs_40_79",859,0.00590705184789713,-0.0340856112105434,0.00373029517344703,-0.0658421548299725,-0.0892031658372109
"S2_A_20_39_vs_40_79",860,-0.0045969521453431,-0.0353811809464191,-0.0140858313065602,-0.0452346607709146,-0.0233710988200054
"S2_A_20_39_vs_40_79",861,0.0287195216131318,-0.0333531313074316,-0.0121260899990271,0.0054417419414263,-0.047179157437556
"S2_A_20_39_vs_40_79",862,-0.0241413662176995,0.00171028562275259,-0.0104152835317179,-0.0826133251721688,-0.031231503821083
"S2_A_20_39_vs_40_79",863,0.00420170712431209,-0.00711237355361771,0.0618765112112044,-0.018183422548837,-0.0550328855869792
"S2_A_20_39_vs_40_79",864,-0.0363554916559148,-0.0226656703148997,0.0331524196897828,-0.0501214087098982,-0.0622600163791675
"S2_A_20_39_vs_40_79",865,0.0174853449979118,-0.0347655917844079,0.00136093562127679,-0.0977348444251276,-0.0880197032536657
"S2_A_20_39_vs_40_79",866,-0.0271986494410649,-0.000465793417141161,-0.011101698487025,-0.0409830679716716,-0.06038314611912
"S2_A_20_39_vs_40_79",867,0.00464566810121061,-0.00642481161593833,-0.00721894350392255,-0.0146414863357409,-0.0699660247338089
"S2_A_20_39_vs_40_79",868,-0.00694621768252121,-0.0573615910783389,-0.031212697346407,-0.0277984421154241,-0.0978717698621975
"S2_A_20_39_vs_40_79",869,0.00615383217935322,-0.035674108201072,0.0596622889859583,-0.0525460673247609,-0.0325299471884049
"S2_A_20_39_vs_40_79",870,-0.00694028481638732,-0.0289625585015915,-0.0371037104882281,-0.0738557303816476,-0.0642302095008647
"S2_A_20_39_vs_40_79",871,-0.00573620585951603,-0.00643464658367798,0.0378283097030277,-0.0840998382314178,-0.0597917384943297
"S2_A_20_39_vs_40_79",872,-0.00292873008941935,-0.0187760463092398,-0.0333710510576416,0.0185488422263367,-0.07295149952666
"S2_A_20_39_vs_40_79",873,-0.00216632036607243,-0.014845623741675,0.00346525123813468,-0.0169685108375343,-0.013825926200182
"S2_A_20_39_vs_40_79",874,0.00550186872514244,-0.0471328579314306,-0.0252915143601099,-0.0503947634980811,-0.0285223543488656
"S2_A_20_39_vs_40_79",875,-0.00355292169662982,-0.0124355103634093,-0.0246320977810897,0.0154616448869404,-0.0764980502277606
"S2_A_20_39_vs_40_79",876,0.0152424204860378,-0.0343022651241259,0.0253932276526304,-0.106834872741364,-0.00995627737714361
"S2_A_20_39_vs_40_79",877,0.0197379801368817,-0.0635916675717615,-0.0109567429425017,-0.0404846955562922,-0.0352313260287079
"S2_A_20_39_vs_40_79",878,-0.0413215562711854,-0.0412269961134004,-0.011970233295275,-0.0255597902247703,-0.0695934319012916
"S2_A_20_39_vs_40_79",879,0.0211444413137343,-0.0281684398720541,-0.0401145106381044,-0.00416108463470419,-0.0541812206786964
"S2_A_20_39_vs_40_79",880,-0.00211719763236094,-0.0520310709194886,-0.00507149066323348,-0.0415825713935424,-0.0613029402266055
"S2_A_20_39_vs_40_79",881,0.0210058845952013,-0.0516953346825384,0.0178254263209593,-0.0737020747167809,-0.027929474028656
"S2_A_20_39_vs_40_79",882,-0.00911782732180464,-0.0113415258509232,-0.0143954846758728,-0.071704767317727,-0.159941427007424
"S2_A_20_39_vs_40_79",883,0.0205373616621134,-0.0488920731493842,0.0150588692419065,-0.0289340639662543,-0.0379867762533816
"S2_A_20_39_vs_40_79",884,-0.0129799041942871,0.0265769367806768,-0.0457070027228891,-0.024050559870161,-0.0941119733102654
"S2_A_20_39_vs_40_79",885,0.0348954570227961,0.0168177921292056,0.00957170788619441,-0.0403304478692404,-0.0607602712057729
"S2_A_20_39_vs_40_79",886,-0.00751988237395471,-0.0474407276244009,-0.0138725213641451,-0.0180779727158271,-0.0192236267916805
"S2_A_20_39_vs_40_79",887,0.00180330934449639,-0.0058987579709941,-0.0318429639198825,-0.0466128651407931,-0.145228931630666
"S2_A_20_39_vs_40_79",888,-0.00801243775933165,-0.0227002248392155,0.04184505246025,-0.0667940349430767,-0.0781968950171223
"S2_A_20_39_vs_40_79",889,0.0353471043877623,-0.0338346103082889,-0.028627827261219,-0.0507100459260649,-0.0473887116262935
"S2_A_20_39_vs_40_79",890,0.0223202302831921,0.0411514152650966,-0.0540921985536569,-0.0312528110304354,-0.0367322304010217
"S2_A_20_39_vs_40_79",891,0.0191821501109401,-0.00199808469398184,-0.0138832998163282,-0.0508875623094717,-0.0934920319935753
"S2_A_20_39_vs_40_79",892,0.0279201088159475,-0.0187698996987696,0.00321426267338601,-0.0441662863994497,-0.114044222411738
"S2_A_20_39_vs_40_79",893,-0.0170740590477409,-0.0405901822000686,-0.0685069147079759,-0.0290324207581851,-0.0366394091730074
"S2_A_20_39_vs_40_79",894,0.00166884112461226,-0.0502009556329866,-0.0065300456017969,-0.0791537902396921,-0.0412480059684063
"S2_A_20_39_vs_40_79",895,-0.01968692160446,-0.0562160917676805,-0.0106698066807557,-0.0552676532023932,-0.109375832793014
"S2_A_20_39_vs_40_79",896,0.00649243599300708,-0.0672785900154641,0.0308998623102273,-0.0336066273127305,-0.0915306776545549
"S2_A_20_39_vs_40_79",897,0.0012222239603969,-0.0793507072996285,0.00104882184230712,-0.0766701091853777,-0.0413206809052094
"S2_A_20_39_vs_40_79",898,0.0130677406721339,-0.0114357554574741,-0.000589194696215073,-0.0628970869322293,-0.0790586652992051
"S2_A_20_39_vs_40_79",899,-0.012362621730643,-0.0372346563770554,-0.00158084643694989,-0.00722439627786578,-0.110368741988531
"S2_A_20_39_vs_40_79",900,0.00328678680041597,-0.0135980181673145,0.00767678121977453,-0.0491407983904345,-0.0111901402731723
"S2_A_20_39_vs_40_79",901,-0.0131620367581962,-0.0151042608286608,-0.00643420989572832,-0.00885737661015096,-0.0271412664462959
"S2_A_20_39_vs_40_79",902,-0.00880979593462931,-0.0322081224911514,0.0125443593630228,-0.063219349470098,-0.117540779738248
"S2_A_20_39_vs_40_79",903,-0.00377571657920321,-0.08123851244348,-0.0507671641981898,0.0515514739747173,-0.0604662193884649
"S2_A_20_39_vs_40_79",904,0.0041387892373722,-0.0311168216420709,-0.0191619884069963,-0.11766532347865,0.00151936772876488
"S2_A_20_39_vs_40_79",905,0.00977489849976464,-0.0846112070168935,0.0286844964671158,-0.100204990442669,-0.076301826886281
"S2_A_20_39_vs_40_79",906,-0.0376224425727804,-0.0576961162471257,-0.0159601992143244,-0.0139727931994761,-0.0564453553438635
"S2_A_20_39_vs_40_79",907,-0.00197338189698935,-0.0687995768347053,-0.0309971607907328,-0.0114287895787168,-0.0792325928541975
"S2_A_20_39_vs_40_79",908,0.00234922842819148,-0.02987867539569,-0.0340317010672733,-0.0383634376085651,-0.00464471264239164
"S2_A_20_39_vs_40_79",909,-0.0057578334425562,-0.0135860755045246,-0.0325210576272764,0.00280793293341741,-0.0809753002895848
"S2_A_20_39_vs_40_79",910,0.010783463391697,-0.0642804456389931,-0.00907715526180733,-0.0518407595319448,-0.0946617608704106
"S2_A_20_39_vs_40_79",911,-0.0164770765655878,-0.0417223912230232,0.00432411572560157,-0.0373050736505488,-0.00702299020360514
"S2_A_20_39_vs_40_79",912,-0.0186769872909271,-0.0118492517866363,-0.0304385551845885,0.000708817480446433,-0.0399860312109733
"S2_A_20_39_vs_40_79",913,0.0283212225629849,-0.0283475351412482,-0.039301885993745,-0.0546816224350062,-0.0607002158302571
"S2_A_20_39_vs_40_79",914,0.0175839708538993,-0.0650749677688068,-0.00480706410807016,-0.0895013229784797,-0.0648599896310214
"S2_A_20_39_vs_40_79",915,-0.0265712870843041,-0.0129997316615177,-0.0159200562102317,-0.0448452333848176,-0.0929005276304277
"S2_A_20_39_vs_40_79",916,0.0085599278432331,-0.0424059959563443,-0.0308391300974164,-0.0428930798457484,-0.0341528563075604
"S2_A_20_39_vs_40_79",917,0.0240414586926272,-0.0194863735495615,-0.0240072843980528,-0.0953600728041842,-0.0284039875984413
"S2_A_20_39_vs_40_79",918,-0.00924712773268803,-0.0185521894108261,-0.032469972912415,-0.0306695567411817,-0.0799276872085394
"S2_A_20_39_vs_40_79",919,-0.004052865236451,-0.0273222684183529,-0.0476448029190223,-0.0642726607373491,-0.0743716319215916
"S2_A_20_39_vs_40_79",920,0.00264604906064714,-0.0564462409354707,-0.0222465696837068,-0.0407928158219686,-0.0498738261833672
"S2_A_20_39_vs_40_79",921,-0.00952837493462296,-0.0804907955866032,0.0138899504288051,-0.0213115721208628,-0.0601309256592732
"S2_A_20_39_vs_40_79",922,-0.0204402581701084,-0.0191903584023465,-0.0150005115666211,-0.0743567375699399,-0.0906269838963279
"S2_A_20_39_vs_40_79",923,0.0200401601866094,-0.0295607325001833,-0.0141331852397859,-0.0217429302459095,-0.0565269829175099
"S2_A_20_39_vs_40_79",924,-0.00746831993716492,-0.0439947570266572,-0.0116577175471354,-0.0385916356198905,-0.0877360994634613
"S2_A_20_39_vs_40_79",925,0.0148407748663109,-0.0527998627300795,0.00711624488611215,-0.0743071061915673,-0.0416589881014819
"S2_A_20_39_vs_40_79",926,0.0159014938988424,-0.0220067379765208,-0.00198238904810774,-0.00757754005074077,-0.0539775304086261
"S2_A_20_39_vs_40_79",927,0.00610591435113336,-0.0460482599605322,-0.00679060504386453,-0.0055489623055702,-0.0371985572582341
"S2_A_20_39_vs_40_79",928,-0.00508955951979922,-0.0201246151027829,-0.0678658542129686,-0.0887615359652985,-0.0506208030111493
"S2_A_20_39_vs_40_79",929,0.00252986325053291,-0.0179213301354488,-0.0355039048033634,-0.0779641327974099,-0.0965216302224313
"S2_A_20_39_vs_40_79",930,-0.00141182645854084,-0.046601474665774,-0.0249530769063009,-0.0364518993660166,-0.076583521458838
"S2_A_20_39_vs_40_79",931,0.00295369480604669,-0.0179578296438076,-0.00688526155900004,-0.0167198988605216,-0.0371968508130058
"S2_A_20_39_vs_40_79",932,-0.00191980692851864,0.00904920322778474,0.0452221015743659,-0.00157007685839566,-0.0746418031481452
"S2_A_20_39_vs_40_79",933,0.00408713598558093,-0.0475756972484466,0.0232991615875333,-0.0212097738657815,-0.0814145970766398
"S2_A_20_39_vs_40_79",934,-0.0114285097947539,-0.05736227140085,0.0100458931414947,-0.0433954137030164,-0.0737139758136685
"S2_A_20_39_vs_40_79",935,-0.000897384481220932,-0.00228161675012782,-0.079820955347343,-0.0148712369344329,-0.0803447608742194
"S2_A_20_39_vs_40_79",936,0.00969435453044779,-0.0831159302890993,-0.026336254613674,0.00087595626188075,-0.104693375628892
"S2_A_20_39_vs_40_79",937,0.0183821438167768,-0.0274167345005302,0.00306790077212826,-0.0292224716533249,-0.0476192581897765
"S2_A_20_39_vs_40_79",938,0.0101247792730295,-0.0305724829194145,-0.0379470586844609,-0.0812578189350997,-0.0462945610797495
"S2_A_20_39_vs_40_79",939,-0.0230078573352555,-0.054453993981197,-0.0258718665182542,-0.0428552644473922,-0.122540564347734
"S2_A_20_39_vs_40_79",940,-0.0107174811298457,-0.00659623142699158,-0.0270443537408061,-0.0476355067044991,-0.0754016393572821
"S2_A_20_39_vs_40_79",941,-0.0235019653908107,-0.0128446428384889,-0.0248435645365385,-0.0488558362482181,-0.0232225470477222
"S2_A_20_39_vs_40_79",942,0.0151575243080031,-0.0282651744015642,0.0123815996120403,-0.0377042972548573,-0.0618577946325695
"S2_A_20_39_vs_40_79",943,0.00365300474310221,-0.0411102664803489,-0.023379293861683,-0.00884381108183002,-0.0954501062787032
"S2_A_20_39_vs_40_79",944,-0.00230297553458632,-0.0284147098577302,0.00257818442551677,-0.0459837432754505,-0.0604237517541382
"S2_A_20_39_vs_40_79",945,-0.00729303926688204,0.0140371096591511,-0.0544030928106846,0.00597370201912947,-0.0107855775565077
"S2_A_20_39_vs_40_79",946,0.0137369816996927,-0.0272503998276907,0.0118577117889102,-0.0102499080462889,-0.0442111877220395
"S2_A_20_39_vs_40_79",947,-0.00103222940173085,-0.0563988517673964,-0.00572514254634438,-0.0128846317987983,-0.0749551293498622
"S2_A_20_39_vs_40_79",948,-0.013481299133213,-0.00649793673023072,0.0137489687988037,-0.00603779549133501,0.00116267936997683
"S2_A_20_39_vs_40_79",949,0.010607521000558,-0.0223701582871357,-0.0115650376914744,-0.0522165706920137,-0.07758897782633
"S2_A_20_39_vs_40_79",950,-0.00365104053320747,-0.0538543838241403,0.0356346623802567,-0.0553649138398468,-0.0647878301638734
"S2_A_20_39_vs_40_79",951,0.0144112416758484,-0.0830913195654494,-0.00622344319767573,-0.0371518194321971,-0.103394348306226
"S2_A_20_39_vs_40_79",952,-0.00175283649778769,-0.0455985217469016,-0.0473926773576764,-0.0130686408118562,-0.0520514953792225
"S2_A_20_39_vs_40_79",953,-0.00291377474638753,-0.0157267083418357,-0.00954266089296812,-0.0136854335447592,-0.124704770254287
"S2_A_20_39_vs_40_79",954,-0.00167640612610695,-0.0664726207506753,-0.0523810387475582,-0.0301056775753063,-0.0180378031358774
"S2_A_20_39_vs_40_79",955,0.00124303533403208,-0.0179189377166324,-0.0244168487215334,-0.0794680912103091,-0.0414703401813173
"S2_A_20_39_vs_40_79",956,0.0300112543410955,-0.0515356374729257,-0.0156628000006489,-0.0567792541749524,-0.0563124413116867
"S2_A_20_39_vs_40_79",957,0.0193859452397992,-0.0140657826705374,-0.0504770554441535,-0.0648612703173612,-0.0931671375188537
"S2_A_20_39_vs_40_79",958,-0.0223124876402281,0.00158894388897649,0.00559891874366947,-0.0116750760504694,-0.0580577522616718
"S2_A_20_39_vs_40_79",959,0.000540627998599684,-0.0285484005411371,-0.0173990279571536,-0.0156759487745652,-0.102899507764077
"S2_A_20_39_vs_40_79",960,0.0284815766741136,-0.017382594247378,0.00860003629609613,-0.0567210045818273,-0.063145678830471
"S2_A_20_39_vs_40_79",961,-0.00896296151624112,-0.0391623423427186,-0.0287354708998422,-0.027286848510749,-0.0735578420189352
"S2_A_20_39_vs_40_79",962,-0.0230055148649812,0.00907908924486994,0.00174986938780181,-0.0669040489571713,-0.0628539587155794
"S2_A_20_39_vs_40_79",963,-0.0133433248281075,-0.0613218920580372,-0.00634043924804523,-0.0470625894462848,-0.0666072165976804
"S2_A_20_39_vs_40_79",964,0.00532502852586841,-0.0329877785590822,-0.00807208810596211,0.00663318694546333,-0.0608394417206932
"S2_A_20_39_vs_40_79",965,0.0014518513090205,-0.010320202705757,0.022985413475353,-0.0360287130224717,-0.119221139013854
"S2_A_20_39_vs_40_79",966,-0.00808078797401506,-0.0356215408521976,-0.0472934164688437,-0.0466367227082432,-0.0629157143350985
"S2_A_20_39_vs_40_79",967,0.0145659719525435,-0.0510636319336575,0.00759600563942098,-0.0949725614878036,-0.064857299944698
"S2_A_20_39_vs_40_79",968,-0.000179641492256702,-0.0545772299753939,0.0144445535776703,-0.0577324015124734,-0.0703089040521732
"S2_A_20_39_vs_40_79",969,0.022976178613612,-0.0100344965557264,0.00529989594325531,-0.0532605832376367,-0.0407038000084138
"S2_A_20_39_vs_40_79",970,-0.00990302856254358,-0.0220197628593317,-0.0242257745035913,-0.0293692196061814,-0.0402311388864808
"S2_A_20_39_vs_40_79",971,0.0126184754687464,-0.0360905728035098,0.000142736139922717,-0.103079170212779,-0.0842956945080723
"S2_A_20_39_vs_40_79",972,-0.0032337161345272,-0.0594578275538394,-0.0279568501470402,0.0342050336063257,-0.0353583361360982
"S2_A_20_39_vs_40_79",973,0.0146463392315607,-0.0241377189993428,-0.0217502312217193,-0.0709381363028833,-0.0684532426739227
"S2_A_20_39_vs_40_79",974,-0.00893489122819249,-0.0257268556623627,-0.0262981980063585,-0.00301021683079661,-0.082579704363225
"S2_A_20_39_vs_40_79",975,-0.0131600222086877,-0.0644457550625925,0.0168905590010024,-0.0269767549222297,-0.0311615666803348
"S2_A_20_39_vs_40_79",976,-0.0320173596846553,0.00732199064146438,0.0182878026339616,-0.0456969934588091,-0.0708631674310857
"S2_A_20_39_vs_40_79",977,-0.0201325856019445,-0.0303645085208341,0.003569897423497,-0.0665270053151302,-0.0684657782506082
"S2_A_20_39_vs_40_79",978,-0.0196564241054502,-0.0473042405796064,0.0478741383232906,-0.0106173551955097,-0.0768038284769123
"S2_A_20_39_vs_40_79",979,-0.0109518619093299,-0.0466818594456907,-0.0349394642927545,-0.0385392823052338,-0.0134997296557446
"S2_A_20_39_vs_40_79",980,0.00965227450766276,-0.0217430916075024,-0.0171939393609823,-0.0446042872054392,-0.0781662720405021
"S2_A_20_39_vs_40_79",981,-0.0220906073310985,-0.0229058359971466,0.0327964868708047,-0.015257947797502,-0.0617399826354684
"S2_A_20_39_vs_40_79",982,-0.0111164392439312,-0.0363826525419137,0.0594042274984106,-0.0656474388361112,-0.0310282213030915
"S2_A_20_39_vs_40_79",983,0.0178988108054181,-0.0629990654187989,0.0388479808959089,-0.00282641627755686,-0.107580797380107
"S2_A_20_39_vs_40_79",984,-0.00767715881669714,-0.0466184214526419,-0.0338030730241055,0.00499354614757491,-0.0605522044324272
"S2_A_20_39_vs_40_79",985,-9.35739554872445e-05,-0.0345767629992088,0.00528272683305014,-0.0493748054743204,-0.0124463999716405
"S2_A_20_39_vs_40_79",986,-0.0243179597778796,-0.0265658835864982,-0.0138998417563128,0.0143933917138103,-0.103922897804739
"S2_A_20_39_vs_40_79",987,0.00856589395924769,-0.0235819579563901,-0.0328649279773217,-0.0682367984735531,-0.0934574147036958
"S2_A_20_39_vs_40_79",988,-0.00313376080280851,-0.0502237733124839,-0.0325407660285701,-0.0617050203316145,-0.0617209695840414
"S2_A_20_39_vs_40_79",989,-0.010597839857684,0.00793628858749283,0.0279715947215803,-0.0943914911820836,-0.0245587458041963
"S2_A_20_39_vs_40_79",990,0.00111391801305958,-0.0269699938626974,0.0494940568754297,-0.0525057103156456,-0.048006144716943
"S2_A_20_39_vs_40_79",991,0.00919948409794754,-0.035615720267987,-0.0971395464613224,-0.0209060718435949,-0.0715954828114824
"S2_A_20_39_vs_40_79",992,0.018237693941412,-0.0434442306051786,0.0342650214257867,-0.0415076214564287,-0.0820522730815592
"S2_A_20_39_vs_40_79",993,0.0137776980701306,-0.0417571222134474,-0.00480205612167006,-0.0425304886278773,-0.0829264150436742
"S2_A_20_39_vs_40_79",994,0.00048201234304257,-0.0683323986253353,0.00432640861863864,-0.0332007458987382,-0.0694344058167594
"S2_A_20_39_vs_40_79",995,-0.00798742752965952,-0.0203726703468908,0.0108550739667483,-0.0105961615745398,-0.0853770792488344
"S2_A_20_39_vs_40_79",996,-0.00356240951879674,-0.0576269588452601,-0.0734508999489858,-0.0290056927381003,-0.0786464202342549
"S2_A_20_39_vs_40_79",997,0.0115869435368836,-0.0243795846234669,0.0304653754507365,-0.0554284153086759,-0.0332775055407467
"S2_A_20_39_vs_40_79",998,-0.0188120778860563,-0.0437120232529499,-0.00411395386496929,-0.0271806825584403,-0.068927161016095
"S2_A_20_39_vs_40_79",999,-0.0143733863029833,-0.0215540064347418,-0.00880806566244363,0.00469838727603358,-0.080816573818882
"S2_A_20_39_vs_40_79",1000,0.0023393068047282,-0.0228677692546858,0.0460180095113494,-0.0156359907940332,-0.064358224829473
"S2_B_exclude_code32",1,-0.0100397922630926,-0.0463424347364671,-0.0139888890560468,-0.000877309860498027,-0.10947356455736
"S2_B_exclude_code32",2,0.0229763753771017,-0.0467246144077605,-0.0509871557292794,0.00613097522769354,-0.0320505124396648
"S2_B_exclude_code32",3,-0.0234661870918732,-0.0287436859214222,-0.0138451915186685,-0.0106695034616695,-0.040333326653594
"S2_B_exclude_code32",4,-0.0203278226951305,-0.0500197660926834,0.00968942569355677,-0.025145677215956,-0.001764502742995
"S2_B_exclude_code32",5,-0.0126418361919301,-0.000895244669303435,-0.0166871600055669,-0.00770597827889985,-0.0348607230927262
"S2_B_exclude_code32",6,-0.021707144381989,-0.0683562539802591,0.00414190529008765,-0.00946839317176329,-0.060806619689054
"S2_B_exclude_code32",7,0.0281493393706823,-0.0577327756168645,-0.0477848859876589,-0.0124627647671616,-0.0894544659902873
"S2_B_exclude_code32",8,-0.0410838541857725,-0.0524044906261018,-0.0176073598783646,-0.0707817327066541,0.00366137885195794
"S2_B_exclude_code32",9,0.00325567783178131,-0.0551670758891252,-0.00751646060514186,-0.0147443188710548,-0.00348370823650007
"S2_B_exclude_code32",10,-0.025542301160665,-0.0649245590978454,0.0163749820041291,-0.0266580372334912,-0.0464502670849565
"S2_B_exclude_code32",11,0.0329022991610177,-0.0356979094070067,-0.0261478634678144,-0.0143666735605534,-0.0540909111644075
"S2_B_exclude_code32",12,0.0203935053610145,-0.046459746154871,0.00366828120691534,-0.0123703738885522,-0.0907604912028679
"S2_B_exclude_code32",13,0.0223907135418564,0.0313274528252136,-0.0594941998577642,-0.00529509983932117,-0.0546438033790541
"S2_B_exclude_code32",14,-0.0231972448385333,-0.0445077887681566,-0.0099609827249221,-0.0450836428798287,-0.111463435977606
"S2_B_exclude_code32",15,0.0117383958691946,-0.00976689132833762,-0.0226975169832398,0.00189629797307711,-0.0921214801823623
"S2_B_exclude_code32",16,0.033085927782732,-0.0362957089369746,-0.0754593768526775,-0.0280120143904248,-0.0495349230944507
"S2_B_exclude_code32",17,0.00586208246889482,-0.0300054272782136,0.00268354161374727,-0.0176578214497817,-0.0624477109844402
"S2_B_exclude_code32",18,0.0390632087917465,-0.0207656043774026,-0.0386782898111857,0.00490291249930735,-0.0458281881817302
"S2_B_exclude_code32",19,0.0123880666209603,0.00657233389338525,-0.0673773463431494,-0.07200213674104,-0.0317239445723231
"S2_B_exclude_code32",20,-0.0189592304597717,0.0105831547920625,-0.0637436664506133,-0.0312039635727365,-0.0661601255897171
"S2_B_exclude_code32",21,-0.00317083208481836,-0.0257910474845765,-0.0109707292438222,-0.0690196961469752,-0.0199238055766896
"S2_B_exclude_code32",22,-0.0204665903262998,-0.0176738571211151,-0.0138368477945082,-0.0242007732957847,-0.125916458431383
"S2_B_exclude_code32",23,-0.0222189888652285,-0.0397490196279016,-0.00829154633251536,0.00906566872323047,-0.0907914828507977
"S2_B_exclude_code32",24,0.00828857568870922,-0.0132973231540484,-0.0146053309098217,0.011208112093956,-0.00603940963344257
"S2_B_exclude_code32",25,-0.00535566171227957,-0.0302734504077196,-0.0327560799669191,-0.0760820956139079,-0.0454965018047047
"S2_B_exclude_code32",26,0.0239815744892219,-0.0335848366650544,-0.0363995004980746,-0.0399174670133113,-0.07513489388876
"S2_B_exclude_code32",27,-0.0215039806577475,0.00246990973245066,0.00679261781128634,-0.0793500298938756,-0.0810723352849952
"S2_B_exclude_code32",28,0.00750754288573256,-0.0563528931327143,-0.0439716290255363,0.0376873873592163,-0.0822212909547666
"S2_B_exclude_code32",29,0.0148650054164633,-0.0468517883512049,-0.0501382234755398,-0.032033122114282,0.0165001130419321
"S2_B_exclude_code32",30,-0.000648134696898728,-0.0410943082403387,-0.0482801840977136,-0.019676419866075,-0.0600150232312958
"S2_B_exclude_code32",31,0.0115810819428574,-0.00626999481426664,-0.036384652424789,-0.0380006913659575,-0.0133897928518752
"S2_B_exclude_code32",32,-0.0148280086997304,-0.0131406046254187,0.0239185426846833,-0.0442160386782211,-0.0116965376671956
"S2_B_exclude_code32",33,-0.00673191597072878,-0.0529702373934368,0.0216113123735866,-0.0339734289992799,-0.129822776230551
"S2_B_exclude_code32",34,-0.00233985258579517,-0.0253700060036244,-0.0209286688388746,-0.0166740507433495,-0.0419749579850268
"S2_B_exclude_code32",35,-0.00212051476560664,-0.0454886278083484,-0.0763545600087881,0.0249630767762681,-0.0757583364101227
"S2_B_exclude_code32",36,-0.00138733574820693,-0.0285664054017346,-0.0531309340521422,-0.031773766308958,-0.0573736481036242
"S2_B_exclude_code32",37,0.00533974477565876,-0.0430595722492071,0.00923859776955391,-0.0208028382895891,-0.00234417226239808
"S2_B_exclude_code32",38,0.0137773352109482,-0.0364762623393941,0.0280400144680573,-0.0601101642547198,-0.0129049478293243
"S2_B_exclude_code32",39,0.0180638144302935,0.00898789863008036,-0.0156493998328397,0.00114173494489883,-0.00936494000148097
"S2_B_exclude_code32",40,5.32281273299545e-05,-0.0750314970992349,-0.0108657171036512,-0.024419898039178,0.00246956761742473
"S2_B_exclude_code32",41,-0.00769009847579447,-0.0281140581347679,-0.0120906891074481,0.0274708235761877,-0.0592194830622143
"S2_B_exclude_code32",42,0.00210661543573316,-0.0541981991482979,-0.0458163158607793,0.0123089763349947,-0.113200909383447
"S2_B_exclude_code32",43,-0.00832127831963271,-0.0249264728487315,-0.0576877851225113,0.00197224228542844,-0.0729457561273255
"S2_B_exclude_code32",44,0.00465065370729296,-0.0275432881718515,-0.0206462030440208,-0.0770678449902245,-0.0530604879529751
"S2_B_exclude_code32",45,0.0140292529299599,-0.0297982870316902,-0.0218145676608392,-0.0712770774098445,-0.0181441398638515
"S2_B_exclude_code32",46,0.0175422613190337,-0.0976738969497366,-0.0416476652654918,-0.0104469957374034,-0.105783208467277
"S2_B_exclude_code32",47,-0.0168435786976408,-0.00867453734075167,-0.00450827750231492,0.000653818281431073,-0.105583754739729
"S2_B_exclude_code32",48,-0.0261472081242124,-0.0422195879494841,-0.0277265749239604,-0.0675123584381852,-0.125641631416662
"S2_B_exclude_code32",49,-0.00912118581258656,-0.0175556907718668,-0.0412925844523163,-0.00738258354824195,-0.0264222260733623
"S2_B_exclude_code32",50,-0.0134106631234565,-0.0253249008625083,-0.0651005793824087,-0.0531256270099805,0.0181899060519127
"S2_B_exclude_code32",51,-0.00249850694081448,-0.0200005120326247,0.0110233315764901,-0.0522767236094079,-0.0488645868425892
"S2_B_exclude_code32",52,-0.0203008764931773,-0.0559327945633844,-0.0359207018975638,-0.0169410563652263,-0.087367017524797
"S2_B_exclude_code32",53,-0.00654343219406044,-0.00691045372088681,-0.00375557846673835,-0.0580042235203427,-0.088606724741944
"S2_B_exclude_code32",54,-0.0284992084121044,-0.0239409257402085,-0.0337261960207668,-0.0897361619906344,0.00260283162478275
"S2_B_exclude_code32",55,0.0114007835505543,-0.0275620644618589,-0.0137078743245327,0.00163955820395043,-0.0629062483669538
"S2_B_exclude_code32",56,0.0162963511367429,-0.0205720745329924,-0.0338394646403578,-0.0548073190334333,-0.0437989321689665
"S2_B_exclude_code32",57,-0.018756327516129,-0.026759607577947,0.00440205336506064,-0.00148891146374933,-0.0861764644108328
"S2_B_exclude_code32",58,0.00555889464657192,-0.0357121082966872,-0.00675122538635611,-0.0299528694269003,-0.0805539198203758
"S2_B_exclude_code32",59,0.0343509177378975,-0.073552079448617,0.000253388060627441,-0.102411481971735,-0.0966908862038321
"S2_B_exclude_code32",60,0.0395603689409566,-0.0455602615083091,0.0224271976288982,-0.0265836429894854,-0.0097536025691326
"S2_B_exclude_code32",61,0.00153512275394875,-0.0362686615462935,-0.0170279832348827,-0.0322834536125344,-0.0818581510436132
"S2_B_exclude_code32",62,-0.00994196696166729,-0.0477335827289844,0.00346322156686893,-0.0414834862699624,-0.0188233889907622
"S2_B_exclude_code32",63,0.0169661186290583,-0.0207665252305888,-0.0328108362150056,-0.0516450138388791,-0.11188971322444
"S2_B_exclude_code32",64,-0.00413978474877202,-0.0568789700392617,-0.00300786446562121,0.0302454518157447,-0.061972642214685
"S2_B_exclude_code32",65,-0.0136296833254536,-0.0197514115903204,-0.00128974943166271,-0.0480945036294624,-0.0469192708422049
"S2_B_exclude_code32",66,-0.0105245899622506,-0.0829568081781726,-0.0630943426754428,-0.0121541558679383,-0.092383686547252
"S2_B_exclude_code32",67,-0.0123101138619528,-0.0334456427646098,0.000445871536349174,0.0262011940299308,-0.0195741878219173
"S2_B_exclude_code32",68,-0.00831442274911453,0.0258764661889728,-0.0509986776054595,0.0627161743833635,-0.0619971922424236
"S2_B_exclude_code32",69,0.000171422894884476,-0.0858873465860151,-0.00345125218240697,-0.0202440912249282,-0.0220879893346045
"S2_B_exclude_code32",70,-0.0189900073645402,-0.076710168226542,-0.0565015340455978,-0.0317291190935491,-0.0912075316215238
"S2_B_exclude_code32",71,-0.0154267116057122,-0.0301741793489956,-0.0279080750633959,-0.04532785297826,-0.0305378646381328
"S2_B_exclude_code32",72,0.0140228720607661,-0.0265986903580216,-0.0592841380324298,-0.0462449413078495,-0.0634257365465454
"S2_B_exclude_code32",73,0.00798684130552642,-0.0805813414950153,-0.0528611346774022,-0.00729143741854651,-0.0781768660362986
"S2_B_exclude_code32",74,0.0122429828713581,-0.0477472585887048,-0.0168266349401577,-0.00497224272037136,-0.0863357029111738
"S2_B_exclude_code32",75,-0.00433333571749926,-0.0712950336243169,-0.0731489781758781,-0.00775121294213307,-0.0743945475013457
"S2_B_exclude_code32",76,0.0198832798809241,-0.0544028572383569,-0.0567834335816296,-0.0511520076750663,-0.0198784152199284
"S2_B_exclude_code32",77,0.018895791565802,0.024255817630234,-0.0403323510844172,-0.0620737281812326,-0.034599036530332
"S2_B_exclude_code32",78,-0.00625023970179377,-0.0484874179699648,-0.0689609967672587,0.0078762509345609,-0.0856244323816279
"S2_B_exclude_code32",79,-0.0105863344773202,-0.0624282525241317,-0.0559733261503291,0.00530288530398784,-0.0278327809309817
"S2_B_exclude_code32",80,-0.0103401403257295,-0.0297331711999841,0.00692100623878014,-0.0594973663325294,-0.0152894667163911
"S2_B_exclude_code32",81,-0.011768435200432,-0.0122078959057163,0.0242209044662503,-0.0456664521372067,-0.0509582481381286
"S2_B_exclude_code32",82,-0.0055999997317501,-0.0476183195573979,0.0410332590759319,-0.0466138198646204,-0.0801729877503798
"S2_B_exclude_code32",83,0.00902106678428333,-0.0798911554810782,-0.0224116459248752,-0.0480824235710459,-0.0639206536911439
"S2_B_exclude_code32",84,0.00908309689231072,-0.020600503578633,0.0274364554536468,-0.0534190222877951,-0.0511984249143834
"S2_B_exclude_code32",85,0.01898662576803,-0.0437684646052759,-0.0169728406157365,-0.0405970491243061,-0.0470932949753647
"S2_B_exclude_code32",86,0.0011257169273951,-0.0356741420581257,-0.0546703375496619,-0.0474356864072827,-0.100471950300147
"S2_B_exclude_code32",87,-0.0110545233785228,-0.00709578073830842,-0.00880546221762882,-0.02283020150217,-0.0370353049414965
"S2_B_exclude_code32",88,0.00204331181428576,-0.0781751294532223,0.0411646728713005,-0.0345649565615031,-0.0554613990902472
"S2_B_exclude_code32",89,0.0327023003156221,-0.0155404422539334,0.0301279594223244,-0.0446323501415599,-0.119073944019633
"S2_B_exclude_code32",90,-0.00647986487427311,-0.0671276983155376,0.0194094579668285,0.00725097444741946,-0.137158155982459
"S2_B_exclude_code32",91,0.0180937641702073,-0.0496271587341147,-0.0092683192716452,-0.00850020904733195,-0.0820682657588477
"S2_B_exclude_code32",92,-0.0154596446623536,-0.0369750998587552,-0.032096870739009,-0.00620222932505465,-0.0775648292674764
"S2_B_exclude_code32",93,-0.0227790344810623,-0.0260945873148907,-0.0400104416824554,-0.025705008005684,-0.0363704238117709
"S2_B_exclude_code32",94,-0.00618677018917155,-0.0195033883182219,-0.0221346279732284,-0.041209034302874,-0.138111065626674
"S2_B_exclude_code32",95,-0.0235715743061897,-0.0433151570151643,-0.00315293520654011,-0.00809611904915039,-0.079687701235042
"S2_B_exclude_code32",96,-0.0140686683466201,-0.0205142043922002,-0.0199735610339635,-0.0458000004779994,-0.066971504180382
"S2_B_exclude_code32",97,0.0214047728335917,-0.056250516864428,0.043194083239929,-0.0428944469855085,-0.0570946154010947
"S2_B_exclude_code32",98,-0.000862061775480275,-0.0220142339608919,-0.0110001378724252,-0.0349636762937743,-0.0228562165223962
"S2_B_exclude_code32",99,0.00251757800075417,-0.0312694041488478,-0.0285861383969921,-0.0310463624596904,-0.074277173790483
"S2_B_exclude_code32",100,-0.00833586041814663,-0.023789467220075,-0.0710494495784101,-0.0279483377721869,-0.0411338696200796
"S2_B_exclude_code32",101,-0.0111733676437503,-0.0382951080754185,0.0478244928049656,-0.0440919760049544,-0.0620329718255958
"S2_B_exclude_code32",102,-0.00620747816495316,-0.0538275275676678,-0.0244059672141697,0.0066007971790768,-0.066982686528009
"S2_B_exclude_code32",103,-0.0127432382129214,-0.0271910836045951,0.00224784066637321,-0.0563237585915464,-0.0534890384703631
"S2_B_exclude_code32",104,0.00258597422360481,-0.0296112995324145,-0.0740196957364527,-0.00408063378895587,-0.0294032677353454
"S2_B_exclude_code32",105,0.032239484773538,-0.0704854551937241,0.00206399018918989,-0.0665493514799454,-0.0684215464903506
"S2_B_exclude_code32",106,-0.01044879750573,-0.0372667539833208,0.0189809994341309,-0.00195240836310695,-0.00743858785941964
"S2_B_exclude_code32",107,0.0214842029148456,-0.0258387048413056,-0.0399253850539758,-0.0732170372267418,-0.0316227700059964
"S2_B_exclude_code32",108,-0.029251584266317,-0.0416492875558606,-0.00282147351924805,-0.0160975664054085,-0.0551887392730888
"S2_B_exclude_code32",109,-9.58867546443642e-05,-0.00431733134084246,-0.0385295933214678,0.0307848671599366,-0.0890088803341129
"S2_B_exclude_code32",110,0.0107568067321388,-0.00632313409150674,-0.0427554273986281,-0.0485335839090441,0.0284745800337517
"S2_B_exclude_code32",111,-0.0064703071733106,-0.0138134666247695,-0.0505303776683298,-0.0604271588065641,-0.0939507886882706
"S2_B_exclude_code32",112,-0.0212189040182796,-0.044007272013394,0.00436197307728081,0.0212318863567229,-0.0020205210814796
"S2_B_exclude_code32",113,0.00583584902192822,-0.0155027573112995,0.0353247087868243,-0.038400723457274,-0.0888005860811119
"S2_B_exclude_code32",114,-0.00561604343384295,-0.0628655558692521,0.0185081290692526,-0.0107054579189261,-0.100283314722879
"S2_B_exclude_code32",115,-0.0122677873210006,-0.075429830502328,-0.0315103881718994,0.0222906351698949,-0.114079514178709
"S2_B_exclude_code32",116,0.0125261966210895,0.00771152805088682,-0.0588644182118173,-0.0105095768158662,-0.0414691991495171
"S2_B_exclude_code32",117,0.0245379538939408,-0.0273845328167532,0.00482561103737078,-0.0879236427117034,-0.0904919620457431
"S2_B_exclude_code32",118,0.00345731694003594,-0.0889463932086685,-0.0517374113623785,-0.0211397860801036,-0.0137449784019376
"S2_B_exclude_code32",119,-0.0131996272683834,0.0110472266163676,-0.0130580391070031,-0.0189438080787287,-0.0908528541433309
"S2_B_exclude_code32",120,0.00104949206585814,-0.0420719601487383,0.00287897562901951,-0.00137762567953678,0.00898319548124704
"S2_B_exclude_code32",121,-0.00673537613852769,-0.0624634444325671,-0.00504208172838363,-0.110600564580632,-0.0234941717666188
"S2_B_exclude_code32",122,-0.00587133428806735,-0.0868702986763855,-0.0624336740710143,-0.0249515956172873,-0.0992105202253327
"S2_B_exclude_code32",123,0.00217097246278605,-0.00668766197919676,-0.0129365569718112,-0.0312233512749822,-0.0726709302373095
"S2_B_exclude_code32",124,0.00818823995849958,-0.00494543265497793,-0.0509790515897129,-0.0101326216928648,0.0377599108363815
"S2_B_exclude_code32",125,-0.016632028797143,0.00700416259676727,-0.0634568561336124,-0.0519583786729732,-0.123017743877578
"S2_B_exclude_code32",126,0.0280637997194461,-0.0679899699408469,-0.0482249086481502,-0.0135204605961391,-0.0114433346724604
"S2_B_exclude_code32",127,-0.00353399408721676,-0.0590746636243202,-0.015849337879098,-0.0232796790373855,-0.0680548527828299
"S2_B_exclude_code32",128,-0.00820656314890649,-0.036725623723929,-0.0572931334957966,-0.0211337562914286,-0.0545764496513515
"S2_B_exclude_code32",129,-0.0186379208486252,-0.033043491493644,0.00818123068995745,-0.0221700127583976,-0.084286823149869
"S2_B_exclude_code32",130,0.0120854747422778,-0.0398630622622736,-0.0253590045578438,-0.0212041998354555,-0.0526689016108127
"S2_B_exclude_code32",131,0.0111968252534987,-0.037872099122178,-0.0604955961396878,-0.0435366634184173,-0.0616758323854186
"S2_B_exclude_code32",132,0.0181703188260471,-0.00218716776388704,-0.0341893635899097,0.0010265031227446,-0.0190305822612563
"S2_B_exclude_code32",133,0.0213801067712228,-0.00119443147087492,-0.0254300400806422,-0.038654139027256,-0.153947061840294
"S2_B_exclude_code32",134,-7.06727206804675e-05,-0.00793931844159462,-0.0760701877512314,0.0285373785658932,-0.0594260304430654
"S2_B_exclude_code32",135,-0.0196609925834521,-0.028117804905681,-0.0409143532727111,-0.0251251701741288,-0.0501366448331927
"S2_B_exclude_code32",136,-0.00449692550511178,-0.0542074084882645,-0.0681865028771404,-0.0187198741987208,-0.0460774159959985
"S2_B_exclude_code32",137,-0.0357833384213474,-0.040911795748252,-0.0139531050156394,-0.0384953267151924,-0.0412087145117663
"S2_B_exclude_code32",138,-0.0155726424489938,-0.0353361872409595,-0.0259281287422173,-0.00399459026054061,-0.0444504407677233
"S2_B_exclude_code32",139,0.0178865494985298,-0.0426253970278728,-0.0455503354365716,-0.0561698998117331,0.0051741067314709
"S2_B_exclude_code32",140,-0.00542162421687756,-0.0380428368797805,0.0158643554094013,-0.0126788852933256,-0.0664939398875785
"S2_B_exclude_code32",141,0.0184852641135906,-0.0386797748073672,0.0241779495526543,-0.0765477237449126,-0.0498231448419763
"S2_B_exclude_code32",142,0.00142928822979412,-0.0321906889133835,-0.0406341902336071,-0.0608550844725933,-0.0905580459764964
"S2_B_exclude_code32",143,0.0121679061387124,-0.0308946598315128,-0.0273769366616548,-0.0830499158465887,-0.024030306745053
"S2_B_exclude_code32",144,0.00199394426590345,-0.0727828764463282,0.0112121161276802,0.0172017040275073,-0.0735667180518808
"S2_B_exclude_code32",145,-0.0103741693849235,-0.0243921066889029,0.0105129374299468,-0.0310762735085659,-0.0736898065610092
"S2_B_exclude_code32",146,0.0279078300049409,-0.00815356105368119,-0.0232743416142324,-0.0178349233685302,-0.0812160539040648
"S2_B_exclude_code32",147,0.014687224215352,-0.0344624868538922,0.0149210905567512,-0.00787954293241841,-0.0299177301409556
"S2_B_exclude_code32",148,-0.00727315981850734,-0.0162373789646189,-0.0487415712951982,-0.0141893612260819,-0.0694822070990558
"S2_B_exclude_code32",149,-0.0215836030866783,-0.0230823201395512,-0.027850801159135,-0.0789015411105204,-0.0511064962669087
"S2_B_exclude_code32",150,0.0175118382712976,-0.0217887094733067,0.0598464025421207,-0.10275949522936,-0.0585491447005122
"S2_B_exclude_code32",151,-0.0223378054532651,-0.0712922676046262,0.00893715500441901,0.0160692265090655,-0.0636539941890155
"S2_B_exclude_code32",152,0.00188355543876526,-0.0152369848848463,-0.00254037157918854,-0.0354643290204974,-0.0993036566205327
"S2_B_exclude_code32",153,-0.00442046904753755,-0.0580807364179756,-0.0684703676560944,0.0119537171697714,-0.0282885619647989
"S2_B_exclude_code32",154,-0.0232540489015066,-0.0621410379508028,-0.0116138780521122,-0.0696053095031481,-0.0629583896778398
"S2_B_exclude_code32",155,0.0132347517297743,-0.00859387120412389,-0.0433925263254754,-0.0429111672779341,-0.0876173287814152
"S2_B_exclude_code32",156,-0.0372797485745051,-0.0255972702859223,-0.0368597291667553,-0.0622686977262248,-0.0400058014193312
"S2_B_exclude_code32",157,0.00831566226866118,-0.0464416802276804,0.0055742974344061,-0.05202320017461,-0.0372914445257038
"S2_B_exclude_code32",158,0.0122299009019287,-0.0350068868193263,-0.048607929761925,-0.00950600117275721,-0.0900078228565569
"S2_B_exclude_code32",159,0.0327175320668096,-0.0210577470317156,-0.0549915491072888,0.0456691271559991,-0.0711138557853624
"S2_B_exclude_code32",160,0.0149097775426053,-0.0465315025075585,-0.00523170030721448,-0.000164321294629843,-0.0379952742934209
"S2_B_exclude_code32",161,0.0114145023269654,-0.0704560201020325,0.00710172338662582,0.00740391243680516,-0.0750452281578177
"S2_B_exclude_code32",162,-0.00864543409340986,-0.0724196091610737,-0.0343809108184138,-0.0257475073659349,-0.0598362579783864
"S2_B_exclude_code32",163,0.00649782039474312,-0.0686994747556532,0.00669353168582335,-0.00799365896383139,-0.0950499880025686
"S2_B_exclude_code32",164,0.0294409910152985,-0.0260906240996708,-0.0416156680067916,-0.0380516763880535,0.012276353397241
"S2_B_exclude_code32",165,-0.0125927964121285,-0.0701134642965249,0.00583779691890157,-0.0714948928879579,-0.0873446748635973
"S2_B_exclude_code32",166,-0.032294102361575,-0.0202528966811129,0.0135315316679102,-0.00405675702179351,-0.0997265185415376
"S2_B_exclude_code32",167,-0.010450170477102,-0.0692407296783785,-0.0122518351138916,-0.0202755221408036,-0.0809098026970085
"S2_B_exclude_code32",168,0.00904484309970766,-0.0341875128259497,0.00306532310854488,-0.0252201480834688,-0.0287715918017443
"S2_B_exclude_code32",169,0.0306062863757325,-0.0418982825490161,0.0167612708255009,-0.0862541248829478,-0.0222845456818267
"S2_B_exclude_code32",170,0.00699896173922171,-0.0559090610884689,-0.0228730108682955,-0.0447885542309941,-0.0787945478113669
"S2_B_exclude_code32",171,-0.0130199174657557,-0.0332963469165904,-0.0421173204898782,-0.00781075303033121,-0.0313225018973766
"S2_B_exclude_code32",172,0.020860410227059,-0.0712961946326583,0.0129725519848625,-0.0489070841091134,-0.0758396975635949
"S2_B_exclude_code32",173,-0.0220052757204503,-0.0560431621229589,0.0260811695955835,-0.076899642267949,-0.0625722165097268
"S2_B_exclude_code32",174,0.00514614944792197,-0.00565173587331699,-0.0574636880184564,-0.0300841164404478,-0.0803467710270002
"S2_B_exclude_code32",175,0.0142815466281747,-0.0256879961504823,0.000481784676202274,-0.0532556582463894,-0.0703980590600726
"S2_B_exclude_code32",176,-0.00912889133177874,-0.0260808795729092,-0.0719683616419323,-0.0296717950478945,-0.102362018139369
"S2_B_exclude_code32",177,-0.0200940572448262,-0.0449330389921799,-0.0134404052739735,-0.0585320850127039,-0.0696017787790032
"S2_B_exclude_code32",178,0.0350069162985941,-0.0582690557308824,-0.0139522363469329,-0.0223367368898767,-0.0860523563515719
"S2_B_exclude_code32",179,0.0448040678853226,-0.022226985336161,-0.0517155261358677,-0.0998413827001051,-0.0242452604004344
"S2_B_exclude_code32",180,-0.0263427129857794,-0.0301282753515077,-0.0178133790818672,-0.0425590449018291,-0.0539631898376065
"S2_B_exclude_code32",181,0.0110853806485071,-0.043109628656088,-0.0356129979941831,-0.0481847858999415,-0.0627856536399297
"S2_B_exclude_code32",182,-0.00364546054945162,-0.00693420899247697,-0.00815375521960493,0.0208790298244408,-0.00926123548351809
"S2_B_exclude_code32",183,-0.00741673489323316,-0.0315703601426754,-0.0540823736584814,-0.0590574446177815,-0.0707580879526501
"S2_B_exclude_code32",184,-0.0041691593153946,-0.0299346707238187,-0.010265077683688,0.00836606688601338,-0.0824797166633638
"S2_B_exclude_code32",185,0.00236405541149189,-0.0551283167337093,0.0516188291990788,-0.0134739204285172,-0.0266057491424452
"S2_B_exclude_code32",186,-0.0064847056654002,-0.0172159818085699,0.00693931202741838,0.00426332297699955,-0.0635302473397243
"S2_B_exclude_code32",187,0.00137989677690134,-0.0392160548678751,0.014753045341605,-0.0515321929682069,-0.0389673342076047
"S2_B_exclude_code32",188,-0.0289107273414184,-0.00635857766991269,0.00895755311990343,-0.0818455574427991,-0.0284873124764493
"S2_B_exclude_code32",189,0.0147605408713502,-0.0230889806846764,-0.0491746450980773,0.0110107895403079,-0.0984245688104045
"S2_B_exclude_code32",190,0.00652676640125469,-0.0340390580130535,-0.0383481308396314,-0.0382182015818102,-0.0594809111608151
"S2_B_exclude_code32",191,-0.00693315871129107,-0.0296343333673302,-0.104802858859028,0.00486426645695331,-0.0464668393001645
"S2_B_exclude_code32",192,-0.0155054217350255,-0.020278504787996,0.00375007273082972,-0.0492219549762484,-0.063136830034999
"S2_B_exclude_code32",193,0.0144885240758821,-0.0296145313888292,-0.0123434347800082,0.00476976215656721,-0.135124240765531
"S2_B_exclude_code32",194,0.00162711582764558,-0.0368369977971017,0.0177548591372704,-0.0432345288044542,-0.0500823914957529
"S2_B_exclude_code32",195,-0.0177777491574854,-0.0361107957128335,0.0127965211529429,-0.0334881019560885,-0.0608919582206638
"S2_B_exclude_code32",196,0.0130271290994064,-0.0495618593991108,0.0296597546014907,0.0601748228477297,-0.0328074871103653
"S2_B_exclude_code32",197,-0.00811947197657223,-0.0318242156520944,-0.0283175979477754,-0.00448621262956753,-0.000456178123523721
"S2_B_exclude_code32",198,0.0276675650670158,-0.0378670999803849,-0.0392443869081542,-0.0339502875594975,-0.0814833886599323
"S2_B_exclude_code32",199,-0.00900796069993308,-0.0464589824647523,-0.00582185298195104,-0.107209410802393,-0.0233903757094089
"S2_B_exclude_code32",200,-0.00963281082460995,0.0142167387325471,-0.00571071567371348,-0.129998438751336,-0.0344773311355023
"S2_B_exclude_code32",201,0.0195690155086237,-0.0425451898285618,-0.0173815334698929,0.0122437681856958,-0.0544935812535933
"S2_B_exclude_code32",202,-0.0292085894582614,-0.067452418841978,0.0298761054376008,-0.0663259398636602,-0.100096858242213
"S2_B_exclude_code32",203,-0.00964211967758997,-0.03326077299719,-0.0249602933915406,-0.0823420426550507,-0.0525523002707736
"S2_B_exclude_code32",204,-0.00518640652674396,0.00519932568404581,-0.0569782324340892,-0.0643692164153619,-0.135623338460044
"S2_B_exclude_code32",205,-0.0020268419427639,-0.0384229379254075,-0.0568365479497503,-0.0310279244302937,-0.113349146035127
"S2_B_exclude_code32",206,0.00868783735228338,-0.0558609059829554,-0.0226158625533083,0.0232616942938566,-0.0116391524652089
"S2_B_exclude_code32",207,-0.0391044584056505,-0.0543606260490171,-0.0470478013980063,0.0189378428669835,-0.084430984082606
"S2_B_exclude_code32",208,0.0209440416511326,-0.0106444135683472,-0.0718485963488579,-0.00802179075953804,-0.117310553813319
"S2_B_exclude_code32",209,0.00760447909042171,-0.0505157361508035,-0.0302873647715912,-0.0440589876120272,-0.0635663208612937
"S2_B_exclude_code32",210,-0.0201567852363961,-0.036841638775552,-0.00825631671179891,-0.0155567189180734,-0.0921944632414982
"S2_B_exclude_code32",211,0.000604428208515931,-0.0574640406119531,-0.0240116848343358,0.00315258645117483,-0.0563436200921703
"S2_B_exclude_code32",212,0.00897761639269754,-0.0484286071412039,-0.0242035730964869,-0.028184223988552,-0.0262524756543636
"S2_B_exclude_code32",213,0.0262417627841145,-0.0258424933269061,-0.0655911204435557,-0.0451426514522482,-0.0313519605408015
"S2_B_exclude_code32",214,0.0211990074735904,-0.045010871454735,-0.0211734979054261,0.0245463294643298,-0.112629586746128
"S2_B_exclude_code32",215,0.00374411856230819,-0.0102054223394054,-0.00339107061111457,-0.0350978383855843,-0.0655033923492646
"S2_B_exclude_code32",216,0.0154917041393027,-0.0312962178887618,-0.00693778261706235,-0.0199794976855968,-0.0509567434928826
"S2_B_exclude_code32",217,0.00589312383009545,-0.0404422040937058,-0.0431179607906624,-0.0356425110265045,-0.0524080023694977
"S2_B_exclude_code32",218,-0.00376533771227427,0.00996119507807236,-0.00602814286391237,0.00548268583073444,-0.0226747760163689
"S2_B_exclude_code32",219,-0.0259563032004062,-0.0476910853151541,-0.0437860181645531,-0.0270962648057955,-0.0842970353672933
"S2_B_exclude_code32",220,0.0171195367175328,-0.0252602004195561,-0.0138542651386081,0.0195776182875887,-0.0646120216827929
"S2_B_exclude_code32",221,0.00739522733976615,-0.0284830755621574,-0.0426856454502709,-0.0269986663503785,-0.0853897235826241
"S2_B_exclude_code32",222,0.0183943809256877,-0.0374298372433633,-0.0201201119840859,-0.0326936513062314,-0.00429276611038865
"S2_B_exclude_code32",223,0.010233987833064,-0.025711629626251,-0.00261831308571631,-0.0352054740542973,-0.130563151697994
"S2_B_exclude_code32",224,-0.0329835358515081,-0.0260939202189526,-0.00610435812015767,-0.0113766609410256,-0.0591988886318557
"S2_B_exclude_code32",225,0.0102327410636637,-0.0587790382787891,-0.000936113209960537,0.0156820514515469,-0.0486360006425569
"S2_B_exclude_code32",226,0.0158490489489924,-0.0496145336449359,-0.0221632463140605,-0.00503840082353957,0.00578327977070414
"S2_B_exclude_code32",227,-0.00537467661991014,-0.0683575225596036,-0.0426463087480782,-0.0185611130439156,-0.0617556493400166
"S2_B_exclude_code32",228,0.0203179797693101,-0.0468992631806763,0.00379949473147168,-0.0189613644750299,-0.113146196042637
"S2_B_exclude_code32",229,0.0107305428157677,-0.0505269971301404,-0.0590589269017549,0.0101464941607552,-0.0890783442600786
"S2_B_exclude_code32",230,0.00270350583253327,0.00599887863568076,-0.0172850455183082,-0.0536497394957023,0.0118387762635808
"S2_B_exclude_code32",231,-0.000470122662079062,0.00124741295575991,-0.015794857336983,-0.0423342196827231,-0.0941935158431541
"S2_B_exclude_code32",232,0.0233148397116638,-0.000345551837002717,-0.0161293395732911,-0.00040467278960421,-0.0509866163886351
"S2_B_exclude_code32",233,-0.0247498787509603,-0.0321069988742044,-0.024027205758636,-0.0510464912899749,-0.0509138445293517
"S2_B_exclude_code32",234,0.0168506195687261,-0.0613492520072704,-0.0516406748803606,-0.00558903079412004,-0.00101557920242606
"S2_B_exclude_code32",235,-0.00155313368896788,-0.0178874642838016,-0.0275432210961357,-0.0601721006376482,-0.0280531233676511
"S2_B_exclude_code32",236,0.00663539106246955,-0.0108900021761836,0.0143377947182654,0.0107855775943752,-0.119034876982482
"S2_B_exclude_code32",237,-0.0375842455730458,-0.0359471165724189,0.0219597512747952,0.0314374703849088,-0.069727569535157
"S2_B_exclude_code32",238,-0.00648273900859028,-0.00408451755072278,-0.00204070301749182,-0.0570771784111877,0.0100519882619076
"S2_B_exclude_code32",239,0.0338244516725145,-0.045464222551824,-0.0363233512369353,-0.0052278071716538,-0.0489297699681488
"S2_B_exclude_code32",240,0.0154009714629402,-0.0398513497944263,-0.0816749178313456,0.00995052516695888,-0.0168712328706444
"S2_B_exclude_code32",241,0.0131491738149877,-0.00491260823619138,-0.00479621161932201,-0.0306342520721714,0.00439563288307665
"S2_B_exclude_code32",242,0.0198815641650255,-0.0271241216073907,-0.00746321228688351,-0.0282034525730433,-0.0707244181506363
"S2_B_exclude_code32",243,0.011016435906271,-0.00706754647389925,-0.0241385762556099,-0.0496411192269355,-0.0544354161475334
"S2_B_exclude_code32",244,0.00790430501051119,-0.0337470177912958,-0.0435506835667868,-0.10480616828736,-0.0300135265840003
"S2_B_exclude_code32",245,0.00618216345559672,-0.0327789277364743,0.0226568965041905,-0.015080034015498,-0.0964770738176428
"S2_B_exclude_code32",246,0.0288881187499014,-0.0387500768274566,0.0215170047845866,-0.0661157550992324,-0.114634931743208
"S2_B_exclude_code32",247,0.0349226975764629,-0.0420940309020727,-0.000665131091000831,-0.042280706600544,-0.0665968284844627
"S2_B_exclude_code32",248,0.034012740806038,-0.0213854115227815,0.0499860312621692,-0.0382528391421005,-0.0506928918801681
"S2_B_exclude_code32",249,0.0073557730136058,-0.0459289683917049,-0.0749324575572977,0.00426156942067993,0.000982632916379178
"S2_B_exclude_code32",250,0.00223303596285673,-0.0442372998435185,0.00707401312096373,-0.0911217713645722,-0.0631909226614761
"S2_B_exclude_code32",251,-0.0504275566024783,-0.0155570220172864,-0.0227562138519911,0.00875180877455814,-0.0304967747682696
"S2_B_exclude_code32",252,0.00875111254175576,-0.060255518709154,-0.0459262641422683,-0.0692438892470621,-0.0785754717893768
"S2_B_exclude_code32",253,-0.000518352341761341,-0.0495778362151143,0.0377099429692741,-0.0128166470514159,-0.0834983098070629
"S2_B_exclude_code32",254,-0.0121340561464642,-0.00818274595014745,-0.0316199515750615,-0.071736636715374,-0.0330533610729422
"S2_B_exclude_code32",255,-0.0123582444034263,-0.0130273375011515,-0.0510968375265154,-0.00469131397083353,-0.0140479400063925
"S2_B_exclude_code32",256,0.00079028699976684,-0.0728502136073798,0.00646443295358951,-0.00558522203565573,-0.0838339379182122
"S2_B_exclude_code32",257,-0.00854794495208029,-0.0385920214892566,-0.0104977743584945,-0.0169748346951008,-0.0353201586975253
"S2_B_exclude_code32",258,-0.00923116164269971,-0.0475712535116148,0.0340192624316415,-0.0617679081195288,-0.0401898268661433
"S2_B_exclude_code32",259,-0.0211260482179337,-0.00648105807825389,-0.046182691685396,0.0265301320590322,-0.105413695143538
"S2_B_exclude_code32",260,0.00401570777124731,-0.0359609838931689,0.00850151011405212,-0.0617742069442859,-0.0995010934059881
"S2_B_exclude_code32",261,0.0194326202823997,-0.0251976336880116,0.0169971893838009,-0.0233014102704387,-0.0129994810586675
"S2_B_exclude_code32",262,0.00945072981175991,-0.00751283971890367,0.000623582981630899,-0.0425749023315154,-0.040940136472506
"S2_B_exclude_code32",263,-0.000285693146274364,-0.00506980612924242,-0.0427935964239047,-0.0835909279515543,-0.0527007136513348
"S2_B_exclude_code32",264,0.00956616764020604,-0.0515787456020375,1.64269184755872e-05,-0.0108064633623402,-0.0236327063901509
"S2_B_exclude_code32",265,0.0099442182119439,-0.0699931944617592,-0.0371848855163423,-0.0326619574723785,-0.0180905389882184
"S2_B_exclude_code32",266,0.013252828935594,-0.0827832646404093,0.0139092211437848,0.0178430030538443,-0.0409946805019091
"S2_B_exclude_code32",267,0.0194877736386503,-0.0309457837348658,-0.0281298243732542,0.0303970364455816,-0.10497050052427
"S2_B_exclude_code32",268,-0.0034663003636403,-0.0335546136802504,-0.0351550306421471,-0.00374336046279028,-0.0701393532658131
"S2_B_exclude_code32",269,0.0187197293610308,-0.00191135884036005,-0.0290044406116281,-0.00817821467132113,-0.0358605829193199
"S2_B_exclude_code32",270,0.019031023876191,-0.0446213739093722,-0.00778957560694693,-0.0941555049421064,6.86147527602654e-05
"S2_B_exclude_code32",271,0.00486320460210064,-0.0036808834522485,-0.0749405819788015,-0.00837591481499858,-0.0314861166043599
"S2_B_exclude_code32",272,-0.0193741700756956,0.0108635537920283,-0.0329856035128029,0.0136460142524179,-0.0853378986942359
"S2_B_exclude_code32",273,0.0206270379211871,-0.0470513889438477,-0.0196915114830742,-0.0597641378274197,-0.0489768350379842
"S2_B_exclude_code32",274,0.00367889977795061,0.0220025210351173,-0.0225804021014477,-0.0555425872598619,-0.0567741934275202
"S2_B_exclude_code32",275,-0.00379196425098055,-0.0105228216704713,-0.0528767391114295,-0.0411666504371996,-0.112790141631777
"S2_B_exclude_code32",276,-0.0163792771174609,-0.0231084585310563,-0.0432370781895637,-0.0374096968121636,-0.0826907002911398
"S2_B_exclude_code32",277,-0.00336511842804334,-0.0789092686342072,0.0237451793032256,-0.0153137516554452,-0.00189649122811392
"S2_B_exclude_code32",278,-0.0306431630001185,-0.0419588420970013,-0.0188437569055421,-0.0388212953645558,-0.026825359786879
"S2_B_exclude_code32",279,-0.00227780662402141,-0.0243166046670431,-0.00424324453540681,-0.0897783197293087,-0.135454141764474
"S2_B_exclude_code32",280,0.00766681210803048,-0.00884144327027762,-0.0487435602909984,-0.057435135971278,-0.077658808659106
"S2_B_exclude_code32",281,0.0149289346744836,-0.0362633676526124,-0.0349377965098566,-0.0626421863690048,-0.0710609580768049
"S2_B_exclude_code32",282,-0.040687534037329,-0.0371146757756615,0.00310141959614024,-0.0339227692019908,-0.0305210508575943
"S2_B_exclude_code32",283,-0.0118825533959333,-0.0222149969373454,-0.0437630003150301,-0.0131206288235687,-0.0519587462585566
"S2_B_exclude_code32",284,0.00736794458055192,0.00244376866772208,-0.0436627773323179,-0.0686215672096016,-0.0626054706583369
"S2_B_exclude_code32",285,0.00905629731850804,-0.0406970719863877,-0.0437387871393304,-0.0888978489663481,-0.021766029944297
"S2_B_exclude_code32",286,0.000993500989632586,-0.0175810242074008,-0.0132882947764397,0.00404348954382996,-0.125465751796789
"S2_B_exclude_code32",287,-0.0169579303724561,-0.0421010707336012,-0.016007963774393,-0.0309890634753319,-0.0484686343800273
"S2_B_exclude_code32",288,0.0124117259198187,-0.0327513834722546,-0.0520809451757972,-0.0169398945773261,-0.131630198643565
"S2_B_exclude_code32",289,-0.0158520095226719,-0.041190256207131,-0.0271530479320944,-0.0256422651324578,-0.0484827097191445
"S2_B_exclude_code32",290,-0.0166764918045766,-0.0593237803088345,0.0433415472071547,-0.00953053668785647,0.00218586655239544
"S2_B_exclude_code32",291,0.014826762510993,-0.023981532441953,-0.0590820388462839,-0.0245922652195478,-0.0619756638509701
"S2_B_exclude_code32",292,0.0041346828683565,-0.0316632473976665,0.0116465687422758,-0.0771948514989904,-0.0905941576660996
"S2_B_exclude_code32",293,0.00597203391177695,-0.00812637842474502,-0.0507065736664975,6.39296264601796e-05,-0.044618966341642
"S2_B_exclude_code32",294,0.0137189052162631,-0.0119978754172645,-0.060209057821148,-0.0433093123173014,-0.132693699064845
"S2_B_exclude_code32",295,0.00716323080463271,0.00536068550799913,-0.0387339447978765,-0.0346282341751931,-0.0435284423192949
"S2_B_exclude_code32",296,-0.00310462111492274,-0.00732409114972575,-0.0376391200988874,-0.00260028504640664,-0.078942609553914
"S2_B_exclude_code32",297,-0.0124124744094189,-0.0314368235687531,-0.0301327457053855,-0.0612014686993995,-0.0951683445489396
"S2_B_exclude_code32",298,0.00111751773499277,-0.0872733160950878,-0.00976113045488053,-0.0526630494524811,-0.0132516416517079
"S2_B_exclude_code32",299,0.00118623665098855,-0.04328831230108,-0.0127132032605101,-0.0394370267473793,-0.0685715644785307
"S2_B_exclude_code32",300,0.0242855920618011,-0.0768431252381827,0.027032739718509,-0.00377943793342345,-0.0807618897479703
"S2_B_exclude_code32",301,-0.00827672205320694,-0.046548241706749,0.0142876574358546,-0.0364141619590877,-0.0731113789794693
"S2_B_exclude_code32",302,0.00236320528623653,-0.0246696986817617,0.00097608110101835,-0.0222673814648092,-0.0690709973806182
"S2_B_exclude_code32",303,0.0151186096331131,-0.0549870316436715,-0.0375627129749994,-0.0765182567090389,-0.0475548252479611
"S2_B_exclude_code32",304,0.0062545118767561,-0.0371476444107352,0.00435217669019328,-0.0436368252286845,-0.0682633446350453
"S2_B_exclude_code32",305,-0.0218215884458858,-0.0429824974424822,-0.00551155557658597,-0.0194021075626422,-0.0250311553455588
"S2_B_exclude_code32",306,0.00514646727657869,-0.0349792344838952,-0.032284605470963,-0.0415526527346901,-0.0874891526389592
"S2_B_exclude_code32",307,0.0283282618276743,-0.0276467044955228,-0.00594511728986694,-0.0200840807484117,-0.0662823983468356
"S2_B_exclude_code32",308,-0.00755381399183051,0.00284845990313774,-0.0495627254431919,-0.00582498957043848,-0.0448385055273958
"S2_B_exclude_code32",309,0.0247122195348511,-0.0315157169871782,-0.00963402345937669,-0.0613106166520419,-0.0941207766059224
"S2_B_exclude_code32",310,0.00928230322441032,0.0037146586989841,-0.0540894760995826,-0.0218633579799372,-0.0152402617983846
"S2_B_exclude_code32",311,0.00957585664602573,-0.0185007656227938,0.0330895031284223,-0.0915067420030617,-0.0700027448123494
"S2_B_exclude_code32",312,0.0165632588562732,-0.034496987873946,-0.0225329013419054,-0.0351219435354626,-0.100485014031872
"S2_B_exclude_code32",313,-0.00407011458768406,-0.0340504964863511,-0.0282582414507895,0.00517479146793992,-0.0649578070490412
"S2_B_exclude_code32",314,0.01438437101361,-0.0463717537750227,-0.0316032391169804,-0.0249036882534803,-0.0322026709919169
"S2_B_exclude_code32",315,-0.0295638469429312,-0.0322040771754433,0.00805036572609905,-0.0627934256935461,-0.0767490650951789
"S2_B_exclude_code32",316,0.00348316066032703,-0.0579867617100194,-0.0332728159810989,-0.00697108961039489,-0.126301002059125
"S2_B_exclude_code32",317,-0.00512381037966329,-0.00773966434997767,0.0243134732918004,-0.00667871425621319,-0.0102373045987993
"S2_B_exclude_code32",318,-0.0049799510472203,-0.0455329178935379,-0.0549446921771446,-0.0238068545007966,-0.0598206450701066
"S2_B_exclude_code32",319,0.00553195258235009,-0.0186192414012818,-0.0195283069267868,-0.0150522709309599,-0.0321652239123948
"S2_B_exclude_code32",320,0.0152365431924477,-0.0407333660204724,-0.0726695739438841,-0.0244946849109557,-0.0103643488737245
"S2_B_exclude_code32",321,-0.011691163899308,-0.0401696427175388,-0.0200345170236593,0.00617848488417522,-0.0602802080426829
"S2_B_exclude_code32",322,-0.00189080770481244,-0.0496634791398764,0.0243838439429576,-0.00758383034638682,-0.0714028292857163
"S2_B_exclude_code32",323,0.0170851605817526,-0.0611411035709315,-0.0204466865522872,-0.0662297672902874,-0.0623011839460142
"S2_B_exclude_code32",324,-0.0234751299759209,-0.0366646466773177,-0.0143215777174459,-0.016183249653137,-0.0168701206763383
"S2_B_exclude_code32",325,0.00134150081877534,-0.0199014687300156,-0.0420601221726589,-0.0108144446742718,-0.0682128155831738
"S2_B_exclude_code32",326,0.0227248393637981,-0.0148705500819359,-0.0405247007209437,-0.0144828242526983,-0.0659283338994778
"S2_B_exclude_code32",327,0.0115362359487725,-0.0685518478447926,-0.00789837734025106,-0.0309499176252671,-0.0447667402438718
"S2_B_exclude_code32",328,-0.0099765674521829,0.0141110380562319,-0.0452681332430089,-0.0451199185236379,-0.0535608001818555
"S2_B_exclude_code32",329,-0.0065904534556424,-0.0378567516733886,-0.0411728250010316,-0.0561711062170129,-0.0151407844629771
"S2_B_exclude_code32",330,-0.0275691844652721,-0.0485069240742843,0.0102788055340819,-0.0237119096359447,-0.042899062895399
"S2_B_exclude_code32",331,0.00480491348269664,-0.0678972715038345,0.00722182136353824,0.0102022858498445,-0.0678843609749695
"S2_B_exclude_code32",332,-0.0148055978286119,0.0138606298874422,0.00747983159695104,-0.0786057430647828,-0.0243892261145152
"S2_B_exclude_code32",333,-0.0120193437040582,-0.0158107163244876,0.00947903159805913,4.85243986763639e-05,-0.0876757730105363
"S2_B_exclude_code32",334,0.0283996558085052,-0.0219289587366967,-0.0207929108238772,-0.00696867051589689,-0.023793927795995
"S2_B_exclude_code32",335,-0.00602671357200661,-0.0437540117163738,-0.00322992597832242,-0.00865905105074546,-0.0529005919790331
"S2_B_exclude_code32",336,-0.0491829918765147,-0.0448449954627638,-0.000368198440296758,-0.0275581318664287,-0.0467213029726464
"S2_B_exclude_code32",337,0.00907580807446393,-0.0219560911757287,-0.0166719524155993,-0.0405617276279603,0.0120854521123973
"S2_B_exclude_code32",338,0.00519794298371495,-0.0605912560826229,-0.00720842613336004,-0.0247082741680931,-0.0104755112381825
"S2_B_exclude_code32",339,0.0254019266132184,-0.0269267717908841,-0.0770171776146451,0.000233468003124071,-0.0887355785896834
"S2_B_exclude_code32",340,-0.0158858179764182,-0.012768849829984,-0.0370832591323814,-0.00835469332764047,-0.05014030817922
"S2_B_exclude_code32",341,-0.034125243319824,0.00986070115910727,-0.0650722311890113,0.00387605035987615,-0.0848748298271967
"S2_B_exclude_code32",342,0.0201915020071724,-0.0333511169722833,0.00339348623092731,-0.0292245091407322,-0.0601834047748788
"S2_B_exclude_code32",343,-0.0096544665161112,-0.0558991975162889,-0.0133714734005172,-0.0418668682572232,-0.0520188087137921
"S2_B_exclude_code32",344,-0.00964551932632637,-0.0348037455884527,0.0144559760733655,-0.0720007764888521,-0.0406642095829574
"S2_B_exclude_code32",345,0.00330278011991698,-0.0453028492601188,-0.00878494219462295,-0.0221827574768547,-0.037749588556451
"S2_B_exclude_code32",346,0.00121562461107572,-0.0238323185301605,-0.0121463741429839,-0.0517001453641959,-0.0770682091194791
"S2_B_exclude_code32",347,0.000360238268564982,-0.00599551668155938,-0.0156607682813575,-0.0134856973522862,-0.0726748407153574
"S2_B_exclude_code32",348,-0.00568282949328677,-0.00799983405096039,-0.0148696062053502,-0.0331475975964029,-0.101052944868378
"S2_B_exclude_code32",349,0.0114428932694362,-0.0154391636559797,-0.03322122457785,0.0212186660012727,-0.063403361969316
"S2_B_exclude_code32",350,-0.0166090762860732,-0.0388236823009916,-0.0122854876459046,-0.00605134691911705,-0.063334798600737
"S2_B_exclude_code32",351,0.00775595366810145,-0.0403399104301647,0.00211257370027855,-0.0605528364537136,-0.0580048877768241
"S2_B_exclude_code32",352,-0.0107085204678377,-0.0225323795753519,-0.0267648611301817,-0.00234118024078742,-0.0914789543712693
"S2_B_exclude_code32",353,-0.000802017476912664,-0.0411366081930509,-0.0468360060576594,-0.0218480038798725,-0.038594536180901
"S2_B_exclude_code32",354,0.000953071683175467,-0.00591199886395076,-0.0143684032023358,-0.0274090238406492,-0.0822272780255112
"S2_B_exclude_code32",355,0.0267993083420225,-0.051846975510726,-0.049527529182315,-0.04117449948849,-0.0661413770570137
"S2_B_exclude_code32",356,-0.0345587950348978,-0.0473388865224736,0.0200923604407466,-0.069185120602642,0.0141701562587029
"S2_B_exclude_code32",357,-0.0287479265595424,-0.0304550231314379,0.0184333425312581,-0.0137548137014757,-0.0927927404074084
"S2_B_exclude_code32",358,0.0213669804626757,-0.0175574540078725,0.0308813565573157,0.015242259930116,-0.104424881920957
"S2_B_exclude_code32",359,-0.0115714461137236,-0.0238327528507241,-0.0232119678456659,-0.0126002605240366,-0.0408015364183697
"S2_B_exclude_code32",360,0.0143723387636339,-0.0621421775006285,0.0113785808145667,-0.0231355020940211,-0.056200277703658
"S2_B_exclude_code32",361,0.013542213136966,-0.0363225447499815,0.0315163529260985,-0.0385261469243094,-0.0582962128013718
"S2_B_exclude_code32",362,-0.00477096963404142,-0.0670296055616877,0.0192111366791403,-0.0980996758067583,-0.0737105965336139
"S2_B_exclude_code32",363,0.00925595057440969,-0.0460427444185113,0.0183624298341883,-0.0290385034482079,0.0259146979359855
"S2_B_exclude_code32",364,0.00256938000510634,-0.0387083276335801,0.0303236099884401,-0.0378255048868816,-0.0896226725210121
"S2_B_exclude_code32",365,0.0148903802123868,-0.0533053698476419,0.0237589458666033,-0.0507206669115748,-0.0609917720217329
"S2_B_exclude_code32",366,-0.0170901773106185,-0.0555122709089355,-0.017857997435697,-0.0280688983250686,-0.0567256252520545
"S2_B_exclude_code32",367,-0.0205348859921779,-0.0216112380805564,0.0263069419892014,0.0277510503669286,0.0327552165971836
"S2_B_exclude_code32",368,-0.00665227707704501,-0.0590461703547215,-0.00742391894291716,-0.0580047226646444,-0.0278433865204812
"S2_B_exclude_code32",369,0.0125130250743985,-0.0605468927079266,-0.0298969757094332,-0.00327907844228442,-0.124387704036316
"S2_B_exclude_code32",370,-0.0181436017107966,-0.0353611802617314,0.016362676879195,-0.0460251185122407,0.0294582648341182
"S2_B_exclude_code32",371,0.0328210665549195,-0.0570680230441265,-0.0972164368823144,-0.00381698528882152,-0.0968043869443319
"S2_B_exclude_code32",372,-0.0080848073760527,-0.0103549232265751,0.00594729709476469,-0.0708734878385348,-0.0799227992380702
"S2_B_exclude_code32",373,0.00616878275764584,-0.00438473295478159,-0.0123488968326863,0.0062250915768424,-0.0732039818515528
"S2_B_exclude_code32",374,0.0100269786323113,-0.0672690090746064,-0.0199317565746533,-0.048383988170281,-0.107273693541966
"S2_B_exclude_code32",375,0.000357385033517371,-0.008842875431622,0.0242821096198185,-0.0337738979711268,-0.0111747118668147
"S2_B_exclude_code32",376,-0.0162148665313633,-0.0012400872444383,0.0123480888244484,-0.0152318138664103,-0.0766736951563144
"S2_B_exclude_code32",377,-0.00503737995253708,-0.0268147182822712,-0.0126996948099102,-0.031200698812314,-0.0874382173823561
"S2_B_exclude_code32",378,0.0230757096195896,-0.00955477885294082,0.0168154590617939,-0.00754173744729641,-0.0371432278844582
"S2_B_exclude_code32",379,0.0213443607840332,-0.0535027183078392,-0.0212058194960257,0.0311013093718981,-0.0488406350627558
"S2_B_exclude_code32",380,-0.00455376372776896,-0.0217713792679479,0.00252031380148951,-0.012872412816463,-0.0783586447835092
"S2_B_exclude_code32",381,0.00470644312895047,-0.00975556920369673,-0.0145579977572059,0.00404468144935929,-0.100516876525576
"S2_B_exclude_code32",382,0.000698247382625992,-0.0259109359212874,-0.0861877871562836,-0.0145426514499045,-0.0930543336810687
"S2_B_exclude_code32",383,0.0027282563848435,-0.0694749622463932,0.0247512332316308,0.000732785591445295,-0.145932388720974
"S2_B_exclude_code32",384,0.00274999588604383,-0.0625489971606442,0.0397561263698087,-0.036273097288801,-0.0476512508782852
"S2_B_exclude_code32",385,-0.0225851251588753,0.00400442830935245,-0.0236948586796824,0.00625944408624388,-0.037717073184742
"S2_B_exclude_code32",386,-0.00200033147231062,-0.0365340847119626,0.016910723622586,-0.0281498081361662,-0.0814832990652492
"S2_B_exclude_code32",387,-0.00633867424299846,-0.0809276709317403,0.0369794390079742,-0.0815248517698197,-0.0857916595446963
"S2_B_exclude_code32",388,-0.0256831341761511,-0.0161330130990435,-0.0398714529801944,-0.0595813423142122,-0.0750605265959
"S2_B_exclude_code32",389,-0.0159792129281478,0.00433054018076069,-0.0223307381633473,-0.0105019883967362,-0.0891064446856478
"S2_B_exclude_code32",390,0.0263432693296867,-0.0251469462767407,-0.0305570832825753,-0.0849312720903531,0.0080017600435815
"S2_B_exclude_code32",391,0.018417056955594,-0.0151987801586928,-0.0348358708427385,0.0218531818019331,-0.148302052758922
"S2_B_exclude_code32",392,0.0227136852419579,-0.0671941315656829,-0.028207988184311,-0.0592147566992075,-0.113776656027418
"S2_B_exclude_code32",393,0.00309919298054531,-0.075106675965301,0.0204580577168605,0.0056028873332182,-0.104411590380023
"S2_B_exclude_code32",394,0.0159691748762972,-0.0590527489068374,0.0105452935442903,-0.0356068562366298,-0.112874987526695
"S2_B_exclude_code32",395,0.0219402957513753,-0.0287944111798644,-0.101564678289155,-0.0313723488893199,-0.0724553336305994
"S2_B_exclude_code32",396,0.000997207753093171,-0.0361649975501492,-0.0476206258842826,-0.0690545772120732,-0.0725310779132902
"S2_B_exclude_code32",397,-0.00195209076608484,-0.0215496569281677,-0.0345678203551124,-0.0484515396470875,-0.0483476345940853
"S2_B_exclude_code32",398,0.022479826379829,-0.0276141537040902,0.0341530553916559,-0.0249118943806463,-0.0574308992197191
"S2_B_exclude_code32",399,-0.0188191647916803,-0.0209639762113202,0.0184378534580533,-0.00753004089760703,-0.0860026210825275
"S2_B_exclude_code32",400,-0.0171283281749426,-0.0368588212329454,0.0083317166128429,-0.0211820427469901,-0.0325356804564195
"S2_B_exclude_code32",401,0.00156694305005992,-0.0231306244634317,-0.0650316411565643,-0.0399815146714101,-0.0739943038835879
"S2_B_exclude_code32",402,-0.00289003633154603,-0.0011918149832963,-0.0153728279458335,-0.0305403623139379,-0.0936786532981251
"S2_B_exclude_code32",403,-0.0198342933488554,-0.0799240387437254,-0.0369453188086428,-0.0426070787271058,-0.0318546615289899
"S2_B_exclude_code32",404,0.00817353171080665,0.0205558901826547,-0.0583459938907914,-0.0171221053260705,-0.165895776617296
"S2_B_exclude_code32",405,-0.0130917888808618,-0.0422598249545339,0.0329270538672818,-0.0382357383477146,-0.103160973025801
"S2_B_exclude_code32",406,0.0284787712945542,-0.0520205595526123,-0.0393611302941334,0.054505067205264,-0.066426488178576
"S2_B_exclude_code32",407,0.0203024794377605,-0.048320613860878,-0.0187970756531958,-0.0304188782451455,-0.11020304019463
"S2_B_exclude_code32",408,0.0097136628789201,-0.0386859249002179,-0.0610170538405256,-0.0715120038343837,-0.0794525373052448
"S2_B_exclude_code32",409,-0.0140404383852695,0.000252712495957277,-0.0231775941588859,-0.0668923524044612,-0.0383656677287028
"S2_B_exclude_code32",410,0.00446848019276817,-0.0212979437669926,-0.0207567622726354,-0.0252450358528438,-0.0692303608435454
"S2_B_exclude_code32",411,-0.019879644683013,-0.0503986409676958,0.00140666286744576,-0.0118184377167025,-0.118881824030303
"S2_B_exclude_code32",412,-0.0361198921663592,0.0223385060200074,0.0371267590439679,-0.0732106063059768,-0.064646121507542
"S2_B_exclude_code32",413,0.00603001651961892,-0.0382419667834393,0.00134929602703693,-0.0304153486090233,-0.0470190392128107
"S2_B_exclude_code32",414,0.0360885408384721,-0.0767436154940004,-0.0292962718982513,-0.0732030383905199,-0.055333209160621
"S2_B_exclude_code32",415,0.0105988456200195,-0.0133933690752529,-0.0532474560867831,0.0315959448811357,-0.0913545801354904
"S2_B_exclude_code32",416,0.0262670506207897,-0.0309881171802546,0.00404194395990923,-0.000495820412730802,-0.0687608769977355
"S2_B_exclude_code32",417,-0.00187172968689155,-0.0511367353429367,-0.0050270762256143,-0.0276612474457407,-0.03218944710243
"S2_B_exclude_code32",418,-0.0162754620373055,-0.0321472843218028,-0.0286512071003004,-0.0476543756940966,-0.0156838429627303
"S2_B_exclude_code32",419,0.0299142047911534,-0.0999895956231309,0.0228798789059228,-0.0630538318346046,-0.0644060821797965
"S2_B_exclude_code32",420,0.00973592210062647,-0.0102635334431989,-0.0461864294708795,-0.0198799373435042,-0.113339912954627
"S2_B_exclude_code32",421,-0.0187734709825408,-0.0696623853384717,-0.00395128795591956,-0.00855519269480701,-0.0175359007482125
"S2_B_exclude_code32",422,0.0233049348561489,-0.00112565820637223,0.0234733366438177,-0.0668147774701826,-0.0155937179384688
"S2_B_exclude_code32",423,-0.0227525075217831,-0.00319368545276549,-0.047897579816492,-0.0126273485998584,-0.0505599021327426
"S2_B_exclude_code32",424,0.00354503585057661,-0.0314173543973946,-0.00993097820640138,-0.0151900539731527,-0.0737639930287173
"S2_B_exclude_code32",425,-0.0369444568380751,-0.0725960755471648,0.00251808987839197,0.0179564584353563,-0.00724217646600556
"S2_B_exclude_code32",426,0.000503696848407453,-0.00919826561055363,-0.0147951571291544,-0.00718719090714873,-0.0925362103177821
"S2_B_exclude_code32",427,0.00388284346500059,-0.0645292836553942,-0.0110062650078453,-0.0238538548562398,0.0100774157515612
"S2_B_exclude_code32",428,0.013177967269696,-0.0482383564595449,-0.0109052102386189,-0.0361428633500774,-0.0921437115830904
"S2_B_exclude_code32",429,-0.00472069551745376,-0.0408542867314885,-0.0544448517265328,-0.0532986070519367,-0.048553471861836
"S2_B_exclude_code32",430,-0.0064219362201485,-0.0296630030216874,-0.0147753667302358,-0.0599113421019846,-0.0498102430345649
"S2_B_exclude_code32",431,0.0286616399154624,-0.028263560138499,-0.0409976605663769,-0.0376286497511518,-0.0763897253510021
"S2_B_exclude_code32",432,0.0138705981128379,-0.0586910907929883,0.0347058122608983,0.0214227775788302,-0.0814034340272086
"S2_B_exclude_code32",433,0.0203486298572277,-0.0241551543941332,0.0117784688872551,-0.0483987300374886,-0.0945842187500385
"S2_B_exclude_code32",434,0.00757877757521745,-0.055498940884868,-0.0069746692441098,-0.0256829082572021,-0.0773883464268075
"S2_B_exclude_code32",435,0.00730356023315445,-0.0542084719165571,-0.0394296513441023,-0.0389169952925685,-0.0395104459153557
"S2_B_exclude_code32",436,-0.00584531142135353,-0.0320201457383129,-0.0167347883006191,0.00458502922148948,-0.051779968258327
"S2_B_exclude_code32",437,-0.0115122749619555,0.0158632150646652,-0.00809167324490689,-0.0775091922158588,-0.0503278493093677
"S2_B_exclude_code32",438,-0.00645948279042217,-0.0172697507273825,0.00566428120277521,0.0125471684958582,-0.119468506211102
"S2_B_exclude_code32",439,-0.0410698812225048,-0.0554848754553928,-0.0174325775429692,-0.0265596234345377,-0.0937091152647967
"S2_B_exclude_code32",440,-0.0139215725591753,0.00651224818355296,-0.0548497345155754,-0.00374657971056447,-0.0841257249540966
"S2_B_exclude_code32",441,0.0279667752976512,-0.0673427297573258,0.00508268030360569,-0.0746157282913531,-0.0529139594048804
"S2_B_exclude_code32",442,0.00273334064235119,-0.0471358533096887,-0.0422253256182126,-0.0297949319869459,-0.0751134255587538
"S2_B_exclude_code32",443,0.00550067881854527,-0.0705786497520356,-0.0234610032498092,0.000929646096436504,-0.0610483762830757
"S2_B_exclude_code32",444,-0.0270392879044423,-0.0220862601853747,-0.0276245820091128,0.0193804686666128,-0.0486365972839642
"S2_B_exclude_code32",445,-0.000945545887402199,-0.0239802773175714,-0.0346391243287692,-0.0146335414770558,-0.110065054362326
"S2_B_exclude_code32",446,-0.00845703095990872,-0.0794239500944616,-0.0441337205846383,-0.0954570815066227,-0.0730311080641758
"S2_B_exclude_code32",447,0.00178400864907879,-0.0343438526116816,-0.0375594559336421,-0.0254545245955699,-0.101863410372981
"S2_B_exclude_code32",448,0.00783117393431353,-0.0467708473216871,-0.0272991564690527,-0.0497638967191025,-0.0563583379358369
"S2_B_exclude_code32",449,0.0153475893340297,-0.003687808162589,0.0121980786984338,-0.104940826920418,-0.0602979499196422
"S2_B_exclude_code32",450,-0.0232558370635288,0.0133413700419392,-0.0231963910789817,-0.0433006008593123,-0.0661846661935258
"S2_B_exclude_code32",451,0.0294955698195705,-0.0292060677987599,0.0636709184532969,-0.098023656820214,-0.0632749726983049
"S2_B_exclude_code32",452,-0.0103702081141062,0.0311655439943565,-0.082675139677344,-0.0454725490718441,-0.0653944575386262
"S2_B_exclude_code32",453,-0.00139337664566239,-0.0453796117931581,-0.0174707043733352,-0.00493418524100336,-0.0584958649279597
"S2_B_exclude_code32",454,0.0248294183496952,-0.00473954113624525,-0.0108354526237797,-0.0429482873480983,-0.0228444746571042
"S2_B_exclude_code32",455,0.00576683827057932,-0.0231969011172899,-0.00577125983598717,-0.0728505412338786,-0.0828739568965941
"S2_B_exclude_code32",456,-0.0214777309513935,-0.0427137337733107,-0.0157447979573193,-0.0175849970146394,-0.0134543135589933
"S2_B_exclude_code32",457,-0.00314012894948516,-0.0504007069026142,-0.0412919619960938,-0.000328658852739083,-0.0954118683474373
"S2_B_exclude_code32",458,-0.000858910402886638,-0.00994485074609926,-0.026342572893028,-0.010213204869829,-0.0587271326990967
"S2_B_exclude_code32",459,0.00932813072126632,-0.0494191318531624,-0.0171713569439948,-0.0341037346112604,-0.0284799629082952
"S2_B_exclude_code32",460,0.0100160164744699,-0.0240003769131885,-0.0191135797381665,0.0445156314489239,-0.0643924221744004
"S2_B_exclude_code32",461,0.014274357414154,-0.0504162161902979,-0.0705663735979768,-0.0587158349391643,-0.0545290288382848
"S2_B_exclude_code32",462,0.0234208774190943,0.0231073518116091,-0.0304629119871992,0.00357744182161321,-0.0540104402123978
"S2_B_exclude_code32",463,0.00828341989140857,-0.0811843948905156,-0.03689791971103,-0.0284267909541132,-0.0870168597657097
"S2_B_exclude_code32",464,-0.0204060671390039,-0.0122486177235077,-0.00334447517070149,-0.0534814309253943,-0.0205478589194888
"S2_B_exclude_code32",465,-0.0137059598424241,-0.00700222067207074,-0.0489045929885243,-0.0168121507422509,-0.0801163492559002
"S2_B_exclude_code32",466,0.0106638343738041,-0.0122249073784142,-0.0233379280746623,-0.0333577275005726,-0.0774573779943248
"S2_B_exclude_code32",467,-0.00282919233874125,-0.0423739133259188,-0.0144803958101213,-0.0568361383278124,-0.0405930766061819
"S2_B_exclude_code32",468,-0.00171779696542954,-0.0296790099747214,-0.00606951925414076,-0.0112037455029579,-0.0529881051621319
"S2_B_exclude_code32",469,0.0178632265369642,-0.0325735841934684,-0.00330388038590393,-0.0208393375078642,-0.0559528615601573
"S2_B_exclude_code32",470,0.0045073492657049,-0.0276046298276993,-0.065384905782437,-0.0353018119387288,-0.0508868063645236
"S2_B_exclude_code32",471,0.0142684484254595,-0.0442755371790513,0.0151623979060932,-0.0379468153820627,-0.0462350167416762
"S2_B_exclude_code32",472,-0.0198458471588177,0.0178532095990337,-0.0364358833961247,-0.0312670873749382,-0.0248909861344893
"S2_B_exclude_code32",473,0.0163312725838159,-0.0154453679431653,0.0192996657813816,-0.050940156164261,-0.0607155268280122
"S2_B_exclude_code32",474,0.0173546932942658,-0.043865232046985,0.0733791682612605,-0.0298529754320563,-0.0998060650653828
"S2_B_exclude_code32",475,0.0134514851853954,-0.0287669032880047,-0.0159232704750498,0.00534000919803296,-0.0581307977564214
"S2_B_exclude_code32",476,0.00172771433399797,-0.0185956250196465,0.0363212622750327,-0.0557456136089092,-0.0926851777083275
"S2_B_exclude_code32",477,0.00476718706274573,-0.0386299081020348,-0.0126381477125716,0.0122245969893651,-0.0149269405831733
"S2_B_exclude_code32",478,-0.00889157722213915,-0.0719567776609808,-0.05027197556495,0.00769753034863097,-0.0353231769289638
"S2_B_exclude_code32",479,-0.0159276870704775,-0.0657545260286476,-0.0420979774495034,-0.0363740158649977,-0.0664214629431775
"S2_B_exclude_code32",480,-0.0164181661050322,0.0301890067348047,-0.0647005464146798,-0.014066569795208,-0.0933667512780508
"S2_B_exclude_code32",481,-0.0119554106148047,-0.0209532120308879,-0.0211083773230901,-0.00651684722469398,0.0130717588103538
"S2_B_exclude_code32",482,0.0109488418638413,-0.0327909462505592,0.00438542423606628,-0.0385393119868077,-0.12663144064209
"S2_B_exclude_code32",483,0.0102250307314294,0.00875014067959187,-0.063641975521785,-0.0537843961116412,-0.114562570475643
"S2_B_exclude_code32",484,0.0152293620859819,-0.00807465988255936,-0.0181657218191582,-0.0433698639848077,-0.0606947006066649
"S2_B_exclude_code32",485,-0.0020343697819012,-0.0252748528459935,-0.0315221244432911,0.0569101510719421,-0.0735083875008478
"S2_B_exclude_code32",486,0.0362702641471727,-0.0430732927523559,0.0168720374948258,-0.0123527735313453,-0.0663397419811659
"S2_B_exclude_code32",487,0.0124641742953444,0.000813395100832809,-0.0416235034750158,-0.0552786929671937,-0.0935775254164806
"S2_B_exclude_code32",488,-0.000779796456244514,-0.0213975706011718,0.0247602062852808,-0.0614599337370923,-0.0112060045865531
"S2_B_exclude_code32",489,-0.00385265327199363,-0.0670921711220893,-0.0407117849738609,-0.0649494923006837,-0.0752776211917177
"S2_B_exclude_code32",490,0.00207792224664476,-0.0706880408008899,-0.0342270212843714,-0.0597304037749967,-0.0363955584115279
"S2_B_exclude_code32",491,-0.0109071190971148,-0.00749085580060545,0.0060475157932679,-0.0333568833797468,-0.0182287949609474
"S2_B_exclude_code32",492,0.0114428213742042,-0.0109016461938259,-0.0282046562599088,-0.0317667335593902,-0.0497133114312406
"S2_B_exclude_code32",493,0.0233731573470518,-0.011201813868824,-0.0157537527979673,-0.0189794609393658,-0.054475636368263
"S2_B_exclude_code32",494,-0.00102336410848679,-0.0753650161242538,-0.0172329416629423,-0.0633071619719233,-0.0199201047144819
"S2_B_exclude_code32",495,0.0104781813936238,-0.0448008258189163,-0.0176582366233158,0.02858780457137,-0.0682540012593438
"S2_B_exclude_code32",496,-0.0403294797508087,-0.0597770455019514,-0.0209740618641599,-0.0239722651678116,-0.0246066167257896
"S2_B_exclude_code32",497,0.00358875595070257,0.00249846649944337,-0.0144197953550796,-0.0532504563272055,0.0134574826481965
"S2_B_exclude_code32",498,-0.0163759932119057,-0.0240309537276143,-0.0573021638719681,-0.0255151689323342,-0.0335062595478605
"S2_B_exclude_code32",499,0.00791746680325051,0.0181683458039081,-0.0568997703470989,-0.0209820299783984,-0.0537320396930223
"S2_B_exclude_code32",500,-0.0154927533270639,-0.0088271617307434,0.0103120594106801,-0.0388490932796556,-0.0916697531679426
"S2_B_exclude_code32",501,-0.00413097605439041,0.0090320227604174,-0.00162344075323256,0.00388041473664122,-0.105828741021478
"S2_B_exclude_code32",502,0.0110830646932574,-0.0170303722569854,-0.0132567269193646,-0.0810256667366679,-0.0742003970122459
"S2_B_exclude_code32",503,0.0073113479055498,-0.0403231951232306,-0.035048593255953,-0.0280604978801211,-0.0646986064493789
"S2_B_exclude_code32",504,-0.00111661081261734,-0.0540444485134701,0.00757566349137176,-0.0390620679127189,-0.144351778689632
"S2_B_exclude_code32",505,-0.0323169476210094,0.0103132067479738,-0.0197181440047043,-0.0567663777694549,-0.0847113595129681
"S2_B_exclude_code32",506,0.00255144332980005,-0.0413474869171069,-0.0597781864868571,-0.0119010581899169,-0.0921493838302897
"S2_B_exclude_code32",507,0.00149520085859401,-0.0574114170884261,0.00784343404618451,-0.0381707886805695,-0.0689577760401412
"S2_B_exclude_code32",508,0.015806304390518,-0.02598445720244,-0.0278080329496391,-0.0296810165378378,-0.0580631570943643
"S2_B_exclude_code32",509,0.00138200540372833,-0.00707216153140583,0.0271831507447589,0.00963967995834866,-0.0637561207619038
"S2_B_exclude_code32",510,-0.00873912324853428,-0.0115224919751582,-0.0610684716965121,-0.0405771721073635,-0.0333512833545233
"S2_B_exclude_code32",511,-0.0112190513049433,-0.0316480338684926,-0.0930578609537626,-0.0343077634188866,-0.0342637729777425
"S2_B_exclude_code32",512,-0.0124503304187684,-0.0364359730092074,-0.0054447750387599,-0.0402119820441364,-0.0654765154727891
"S2_B_exclude_code32",513,0.0368918103479036,-0.015417274999487,-0.0111996568302778,-0.0162660817404607,-0.0580714827215961
"S2_B_exclude_code32",514,0.00892370036085018,-0.0374062318425444,-0.0780892645655143,-0.0670258478868327,-0.121721709003978
"S2_B_exclude_code32",515,-0.0026260896236327,-0.0440329229581309,-0.0211187263333804,-0.0335938322068371,-0.111944807383685
"S2_B_exclude_code32",516,-0.0419475591504825,-0.0887559215649815,0.0140343212517119,0.00810476445145128,-0.0705512592645983
"S2_B_exclude_code32",517,-0.0263871080672862,-0.0486318098302748,-0.0249702526566833,-0.0510398717889835,-0.0236227752023367
"S2_B_exclude_code32",518,-0.0208365310443546,-0.0307314196579961,-0.0224556754544306,-0.0146879120067854,-0.117654110778457
"S2_B_exclude_code32",519,0.0234135756143552,-0.00837152544989128,0.00815274074662184,-0.0900249865923325,-0.0448231637491673
"S2_B_exclude_code32",520,-0.00742941100417159,-0.0321667522669563,-0.0081662719634078,-0.0399486615485599,-0.0321702221057067
"S2_B_exclude_code32",521,0.0151970909245941,-0.0506309347539752,-0.0108120058686952,-0.0695657214220548,-0.0296311443399062
"S2_B_exclude_code32",522,0.00537469276528513,-0.0559095350114644,-0.0301318861593076,-0.0324116130258955,-0.0845958264339541
"S2_B_exclude_code32",523,-0.0331039340884737,0.0358281154918397,-0.0124630581470689,-0.00254922840780389,-0.0621735241614392
"S2_B_exclude_code32",524,0.0290615753249442,-0.0650752876984326,-0.0159075582154495,-0.00181223899993158,-0.101350639501648
"S2_B_exclude_code32",525,0.0126403802840503,-0.0595250943318044,-0.0569245522820079,-0.0113251524690191,-0.0786982117623865
"S2_B_exclude_code32",526,-0.00867230836222727,-0.0185088191976617,0.00617156948621544,-0.099624707098114,-0.0297673463563913
"S2_B_exclude_code32",527,-0.0130501941418272,-0.0565907867193235,-0.0500805695080502,-0.0442632501040514,-0.0410093540684663
"S2_B_exclude_code32",528,0.00660174089895149,-0.0638536857513329,0.034556686923476,-0.0157922449041793,-0.0968564030145644
"S2_B_exclude_code32",529,0.00643973322234589,-0.0650320084422626,-0.0470635696053557,-0.0283563282018498,-0.0607238102562931
"S2_B_exclude_code32",530,-0.0302028188852946,-0.00908525150245545,0.0155210009903521,-0.0262456318808965,-0.0389523930000361
"S2_B_exclude_code32",531,-0.0206055635786689,-0.0308411264434566,-0.0472643889585107,-0.0124305746149279,-0.0232791506413355
"S2_B_exclude_code32",532,0.0341494579388013,-0.033229135599246,-0.0406138534346335,0.0151682460129399,-0.0912160815606927
"S2_B_exclude_code32",533,-0.0102907248709708,-0.0196896269867769,-0.0241299536861059,-0.0317013851922656,0.024380243502529
"S2_B_exclude_code32",534,0.0157604294770966,-0.0363808312152097,-0.0462566424188626,-0.10149161268408,-0.0585246063352657
"S2_B_exclude_code32",535,0.00903783665266345,0.00868038670198935,-0.0295485802173933,-0.0333100607976348,-0.0242900338261749
"S2_B_exclude_code32",536,-0.0219700019845687,-0.055976320690921,-0.0635850638403989,-0.0147217878389525,-0.0651803660139071
"S2_B_exclude_code32",537,-0.00229870531293274,-0.0310724541843203,-0.0607724782389738,0.0215079455880973,-0.0959444634303922
"S2_B_exclude_code32",538,0.00500454466575664,-0.020274207470873,0.00252704742154888,-0.0391268538842695,-0.057775412283062
"S2_B_exclude_code32",539,0.0236056291048412,-0.025915723831709,0.0178718898395317,-0.0201802799928239,-0.0402198572062581
"S2_B_exclude_code32",540,0.00270908173587912,0.0144310903129456,-0.0394089839534066,0.0355361821695729,-0.101770567086224
"S2_B_exclude_code32",541,0.00472368420371466,-0.0269944532116763,-0.0184310761235157,-0.0165400834102244,-0.0703458620093791
"S2_B_exclude_code32",542,0.000419131444790236,-0.00425864419285027,-0.0657542707663299,0.0159440984102624,-0.0742257239255482
"S2_B_exclude_code32",543,0.033429660350047,-0.0331216359623109,-0.00913919132719446,0.0415417248571611,-0.0977021797372463
"S2_B_exclude_code32",544,-0.0313760217235544,-0.0325908131237025,-0.0269149068326395,-0.0580042524050751,-0.104731819225419
"S2_B_exclude_code32",545,0.00178549868173028,-0.0242339864940069,0.00862904817621732,-0.0237156669888039,-0.0465842657277993
"S2_B_exclude_code32",546,0.0141006444143603,-0.0264921339127776,-0.0246258234451069,-0.0826565326264878,-0.0342156659646172
"S2_B_exclude_code32",547,-0.00279725448987715,-0.0267643516030147,-0.0365791698056359,-0.0463874351943595,-0.0948393590647555
"S2_B_exclude_code32",548,0.016221958126118,-0.065644509703723,-0.0227033959854708,-0.00420100115750727,-0.0338044008812787
"S2_B_exclude_code32",549,-0.0099133056483685,-0.0419760937498467,-0.0457809916894121,-0.0246767128643377,-0.0507684241091047
"S2_B_exclude_code32",550,-0.000139840849009455,-0.0284508428221856,0.0275331271197597,0.0306836765466237,-0.0886726815296738
"S2_B_exclude_code32",551,0.0153268223764984,-0.0250579066962293,0.0118870641660672,-0.0381405652478305,-0.0730103929056241
"S2_B_exclude_code32",552,-0.0115549353013456,-0.0115918330455086,-0.0247316242177549,-0.0113177394666618,-0.0306032767360436
"S2_B_exclude_code32",553,0.0181524557092278,0.00741228311136777,0.00304511208940561,-0.0653924007988825,-0.105843479319699
"S2_B_exclude_code32",554,-0.0398250077637651,-0.0434232583799984,-0.00421478418511601,-0.0141695150689292,-0.0354028720790914
"S2_B_exclude_code32",555,-0.0250293333226577,-0.0324169263618053,-0.0441513799515292,0.0188020369388965,-0.0382704275699292
"S2_B_exclude_code32",556,0.0075950768348858,-0.0650142445135561,-0.0148222617391722,-0.0373577612965571,-0.0395415018966128
"S2_B_exclude_code32",557,-0.010695267666906,-0.022800837037327,0.0311566325091871,-0.0686157089001722,-0.112358157611053
"S2_B_exclude_code32",558,0.0144074610827488,-0.0380317601678492,-0.0545247414860897,-0.0276451341819434,-0.0515720298383069
"S2_B_exclude_code32",559,0.0212574501146487,-0.0393275476783303,-0.0840496376192003,-0.00870699853301832,-0.0727618048788195
"S2_B_exclude_code32",560,-0.000900559320958699,-0.00795126076972409,-0.0264377695741008,-0.0461348842912637,-0.0685243799927897
"S2_B_exclude_code32",561,0.00590989764333723,-0.0295410299112339,-0.0280921389070865,-0.00760950892019829,-0.115909525356893
"S2_B_exclude_code32",562,-0.00485200909726567,-0.0184309507444003,-0.0205448815041332,-0.0122113515909949,-0.045658965787657
"S2_B_exclude_code32",563,-0.015700985099201,-0.020670831928153,-0.0193739737961625,0.00403445111289322,-0.0287701540719708
"S2_B_exclude_code32",564,-0.00500249486786884,-0.0540347677946088,-0.0211963880843927,-0.0310651809531583,-0.0983618238631628
"S2_B_exclude_code32",565,0.00806535298194657,0.0145705185170777,-0.0245894990610196,-0.0501493633223373,-0.0137824731649383
"S2_B_exclude_code32",566,-0.0236571189505921,-0.0131387867070616,0.0213764100410525,-0.0145239773611134,-0.0594196752459804
"S2_B_exclude_code32",567,-0.0171389492080302,-0.0141103384598794,-0.0133703704787644,0.0156098216387958,-0.0906519549835599
"S2_B_exclude_code32",568,0.00648354943631885,-0.0673184439068417,0.0291000209194318,-0.0706075629537578,-0.0792598969216715
"S2_B_exclude_code32",569,0.0139962939473652,-0.0145663381045541,-0.0314275492223032,-0.0240202588613544,-0.0462633818896311
"S2_B_exclude_code32",570,0.00968307596323045,0.00445605905784975,0.0429977650065188,-0.0635619416024507,-0.0382113052810654
"S2_B_exclude_code32",571,0.014523750748996,-0.0363676040441034,0.00517427837384285,-0.09110235669768,-0.0620188473152248
"S2_B_exclude_code32",572,-0.00859836363812567,-0.0512190239249369,0.0108927744873236,-0.0544367697873777,-0.140613593084653
"S2_B_exclude_code32",573,-0.021961011736206,0.0100107322805544,-0.0115526645273567,0.0109138615307839,-0.130197684025765
"S2_B_exclude_code32",574,0.0139387166443391,-0.0433154355664701,-0.0207932679080704,-0.0548878632621785,-0.0351813724478559
"S2_B_exclude_code32",575,0.0181647275114511,-0.0675121732766799,-0.00967670919732069,-0.044042733150392,-0.0847135339398445
"S2_B_exclude_code32",576,0.0159792659204474,-0.0419187690800371,-0.0207812549544946,0.00664245146664602,-0.0698234095887302
"S2_B_exclude_code32",577,0.0250004323146578,-0.0539348778978031,-0.0437254311696777,0.00499763414894991,-0.109192818226471
"S2_B_exclude_code32",578,-0.00423454656948016,-0.0354235749258625,-0.0196295423494674,-0.0497459452231735,-0.0449135356186297
"S2_B_exclude_code32",579,0.0192362309634267,-0.0239108117964416,0.0061524032826373,-0.044347221943442,-0.0536468983387783
"S2_B_exclude_code32",580,0.012346190914765,-0.0400855296792569,0.0395932595164812,-0.00803417225083966,-0.0560754311044914
"S2_B_exclude_code32",581,0.0109146908762991,-0.0116890181767228,-0.0191274288353829,-0.039487303529423,-0.00939741132310928
"S2_B_exclude_code32",582,0.00439230776588515,-0.0527520844885172,-0.0091297249320991,-0.00049397574396412,-0.0963916681555226
"S2_B_exclude_code32",583,-0.0180987550221806,-0.0172189692227443,-0.0071304080759983,-0.0728999684853634,-0.0227307691188005
"S2_B_exclude_code32",584,0.00263599175310276,-0.0159889196900445,-0.0385960207441715,-0.0855854384804099,-0.0773657971881374
"S2_B_exclude_code32",585,-0.0112083352735706,-0.000345821320215836,0.0111051539287065,-0.0509001556092727,-0.111076599880299
"S2_B_exclude_code32",586,-0.00123003037252758,0.00188022950455255,0.0120649573986182,-0.00359467658785201,-0.0291155015941095
"S2_B_exclude_code32",587,-0.0362406354285509,-0.0042242068686062,0.0103313699123325,-0.0798668095180158,-0.0321327376448077
"S2_B_exclude_code32",588,-0.0245973867541009,-0.00768286032280845,-0.0884407276286668,-0.0488148212264701,-0.003433309806538
"S2_B_exclude_code32",589,-0.0265736605571635,-0.0182930255024825,-0.0218249639903267,-0.041607913899879,-0.0843665233324211
"S2_B_exclude_code32",590,-0.00603542455718267,-0.000963699794430256,-9.14972998128094e-05,-0.0772140322817181,-0.0612918530393492
"S2_B_exclude_code32",591,-0.0103734658037254,-0.0391672056000984,-0.0276687756198743,-0.0429137885506138,-0.0711035176770757
"S2_B_exclude_code32",592,-0.0191729515811645,-0.0615785618497505,-0.0235143013348943,-0.0163112942188279,-0.0742308425048641
"S2_B_exclude_code32",593,-0.00247731383452582,-0.0236116542854073,-0.0424734252440964,-0.0703747635081203,-0.0804180946344125
"S2_B_exclude_code32",594,0.00480431488231331,-0.0292948604839758,-0.0626587492771472,-0.0304986118286052,-0.0562890385963027
"S2_B_exclude_code32",595,0.013116827293449,-0.0903449239798502,0.0133473403764863,-0.0524859333542644,-0.0422834114139994
"S2_B_exclude_code32",596,-0.0166235721565009,-0.0210997674603297,0.00600408840101646,-0.0643010874090608,-0.0545614452679722
"S2_B_exclude_code32",597,0.0115052321411761,-0.0380451179975272,0.00224478669204639,-0.0435927581737949,-0.00627975308258139
"S2_B_exclude_code32",598,-0.0408770373831263,-0.0123188093155767,-0.0812398077770264,-0.0587585219460721,-0.083051815659031
"S2_B_exclude_code32",599,0.0222543302255316,-0.0563463811366898,-0.0388561510612774,-0.0327985086282615,-0.0831846006515758
"S2_B_exclude_code32",600,-0.00690670929052327,-0.0559158112394691,-0.0099539360539872,-0.0637683384538999,-0.0589199406448613
"S2_B_exclude_code32",601,0.00297077372699783,-0.0377174398900488,-0.00387880172021232,-0.0449717481048619,-0.0685999603724901
"S2_B_exclude_code32",602,-0.00126121591436935,-0.0335094419421913,-0.0065026095968147,-0.0249492931460489,-0.072679941438858
"S2_B_exclude_code32",603,-0.00227543225284929,-0.0109288468628427,-0.0543579603661394,-0.0467622269906286,-0.138362177123225
"S2_B_exclude_code32",604,0.0189909969288821,-0.0797514992760861,-0.0848970870094129,-0.0416061832538664,-0.0508988164801256
"S2_B_exclude_code32",605,-0.0254418234461979,-0.0154290000515952,-0.034062554639547,-0.00130654430480667,0.00356830172962097
"S2_B_exclude_code32",606,0.0106254836332866,-0.0470610730710744,-0.0462136621641295,-0.0575623551228677,-0.0193653601409249
"S2_B_exclude_code32",607,0.00452835777791639,-0.0550288866784578,-0.0899653807749311,-0.0280110796839844,-0.042814064554616
"S2_B_exclude_code32",608,-0.0245325149811178,-0.0577828104447692,-0.0997563556531609,0.057724700566514,-0.0965527856061302
"S2_B_exclude_code32",609,0.0303834152295768,-0.0420125744454795,-0.0784160842062611,0.0212660009610889,-0.0842985973430402
"S2_B_exclude_code32",610,-0.00597584455826299,-0.0371797193189025,-0.026984871024487,-0.0199835318251903,-0.0065488834602313
"S2_B_exclude_code32",611,-0.00469616026992843,-0.0426585690823761,-0.00117966411146972,-0.00825841382475725,-0.0214344243569501
"S2_B_exclude_code32",612,0.0333358206553237,-0.0184096128251266,0.0053423821525693,-0.0576160163007135,-0.091157242148152
"S2_B_exclude_code32",613,-0.0443107890965703,0.00939745178785184,0.0199109845985398,-0.0616347761763286,-0.0238467218803566
"S2_B_exclude_code32",614,-0.00756886239114653,-0.0388731100980885,-0.0353958923588456,-0.0501678387998503,0.00863914447940733
"S2_B_exclude_code32",615,-0.00309259753921012,-0.00754336402010933,0.0102749498738481,-0.0265861362269533,-0.0699956509802347
"S2_B_exclude_code32",616,0.00912357293329191,0.00696892339684568,-0.0342905921367488,-0.0305079618221087,-0.080630714279801
"S2_B_exclude_code32",617,0.000598063673858097,-0.0268786211723527,-0.0234645290602466,-0.00808093170131732,-0.0109139475726954
"S2_B_exclude_code32",618,-0.00703248355092265,-0.0331915845065939,-0.0167340400487666,-0.0320031675830478,-0.0905354416255056
"S2_B_exclude_code32",619,-0.00450222854042606,-0.065107559919503,0.00149462201310238,-0.0249252761985167,-0.071664053224847
"S2_B_exclude_code32",620,-0.0131173251788548,-0.0221208474512262,-0.0227751992211586,0.0117508926309593,-0.0422399060104753
"S2_B_exclude_code32",621,0.0184938987624494,-0.0178868881011479,-0.0437419192286606,-0.0414002918500225,-0.0286920798874033
"S2_B_exclude_code32",622,0.00479750181624759,-0.0423565101319674,-0.0270773461338049,-0.0518672634958761,-0.0587223143621823
"S2_B_exclude_code32",623,-0.00041803368111757,-0.0431492632722378,-0.00096606557477677,-0.034928066014873,-0.0783776273425342
"S2_B_exclude_code32",624,-0.00873352325017338,-0.00415716033780145,0.0278004726756114,-0.0512289331078501,-0.00519767382473763
"S2_B_exclude_code32",625,-0.0033313599796605,-0.082040434787552,-0.0441021709312685,0.0522741988499345,0.013950115802584
"S2_B_exclude_code32",626,0.0113402989493325,-0.0481366149593257,0.0214538240215224,-0.0229653718060525,-0.0662563618335089
"S2_B_exclude_code32",627,0.0236112697950683,-0.0531833532806793,0.0117758891679382,-0.0374920817901396,-0.0931563255512209
"S2_B_exclude_code32",628,-0.0244516502720239,-0.0606409870287447,0.00435081070749971,-0.0371723465890739,-0.10172937911383
"S2_B_exclude_code32",629,-0.00226167459306337,-0.00929809376175908,-0.0219213460144472,-0.0793095383761304,-0.0773986058061453
"S2_B_exclude_code32",630,-0.00526618027717748,-0.0351605605381219,0.0140334799340189,-0.0315339658046541,-0.079270712406175
"S2_B_exclude_code32",631,0.0220756766061582,-0.0749228574719763,0.0197216901283095,-0.0162226681815734,-0.0483276742825679
"S2_B_exclude_code32",632,-0.00291359577470442,-0.0351232726082639,-0.00641539426747739,-0.0291486643878131,-0.0487887135005448
"S2_B_exclude_code32",633,-0.0215008814648211,-0.0512149302776534,-0.0484332969211105,-0.0565389848029303,-0.0620468297038055
"S2_B_exclude_code32",634,-0.00482351456893806,-0.0653058756112679,0.0194410665559094,-0.033245681734287,-0.0605262925926173
"S2_B_exclude_code32",635,-0.0275362821716971,0.00847177012536608,-0.0553171683152918,-0.0233931932338378,-0.027776333421902
"S2_B_exclude_code32",636,-0.00726970828789925,-0.0295747515408491,-0.00257502525437578,-0.0281648030421094,-0.0779133562094804
"S2_B_exclude_code32",637,0.00381232532540585,-0.0367032171843406,-0.059058225521412,-0.0130004609230581,-0.0418671996678284
"S2_B_exclude_code32",638,-0.0176187887778745,-0.0154180672182507,-0.0149522961717176,-0.0334501073082518,-0.0467122710559428
"S2_B_exclude_code32",639,0.000926246180518425,-0.0674534117087059,-0.0448999312647795,-0.0188044761160357,-0.0120682007298228
"S2_B_exclude_code32",640,-0.0184714683610595,-0.0216714178026961,0.000267180882295298,-0.0498759275868801,-0.020648001771355
"S2_B_exclude_code32",641,-0.0039489547854321,-0.0278416500913149,-0.0266341306204093,0.0110483902226799,-0.0870015958767219
"S2_B_exclude_code32",642,0.00336186412751191,-0.0581028137745923,0.0391989494185258,-0.0312166540944406,-0.0600537698477114
"S2_B_exclude_code32",643,0.00564785478945021,-0.00742384551264264,0.00017347932988887,-0.0758952392116693,-0.010710441463711
"S2_B_exclude_code32",644,-0.00769009791552719,-0.013177628290688,-0.0395798553543294,-0.0466467295507481,-0.174176936411782
"S2_B_exclude_code32",645,0.0167869134505254,-0.0175795493597036,-0.0292507176512886,-0.0262763616663633,-0.0318194808180741
"S2_B_exclude_code32",646,-0.0165273390457872,-0.0200609342032523,-0.0279202404963358,-0.0157802836519166,-0.084490741480713
"S2_B_exclude_code32",647,-0.0135861902479352,-0.06973338711798,-0.0131118226035837,-0.0463563398439699,-0.0526243354530167
"S2_B_exclude_code32",648,-0.0191162289372515,-0.0540234131242269,-0.0145859112068167,-0.0252356140768749,-0.0419912590486987
"S2_B_exclude_code32",649,0.0102744307356705,-0.0195441490722076,-0.0267618056236074,-0.0444694072023418,-0.0646734832057282
"S2_B_exclude_code32",650,0.0412923456423197,-0.0335573026400696,0.00429773387130056,-0.0156210845175461,-0.0596430259009735
"S2_B_exclude_code32",651,0.00832111145921292,-0.0511159660409637,0.000183409470654095,0.0239656463281465,-0.0854312229142922
"S2_B_exclude_code32",652,0.0100108771399578,-0.0354462634828524,0.0281925837105611,-0.0329455695763149,-0.0886973668089341
"S2_B_exclude_code32",653,0.00475851465851257,-0.0433411194379493,-0.0182262249955028,0.0135528693023206,-0.0882211332385592
"S2_B_exclude_code32",654,-0.0111213501482103,-0.0626628515034265,0.0118453285541069,-0.0393511637769568,-0.042982259441599
"S2_B_exclude_code32",655,-0.017527475374871,-0.036302804919463,-0.0447692902858243,0.0399817327735996,-0.0928381312730601
"S2_B_exclude_code32",656,-0.0096686675963718,-0.0492653342325154,-0.0381497156559464,-0.0431203152044962,-0.038265024122033
"S2_B_exclude_code32",657,0.0127707197978068,-0.0607653022239157,0.0130520657397998,-0.0710189485323294,-0.00932293224477976
"S2_B_exclude_code32",658,-0.00662002100205104,-0.0184167783479375,0.00248575068514925,-0.0455383159572854,-0.0565656458779593
"S2_B_exclude_code32",659,0.00736295210666131,-0.0073060933732068,-0.0172196156529257,-0.0511961179872548,-0.0617481013047623
"S2_B_exclude_code32",660,0.00461266113209945,-0.00414071177507289,0.0102941953945143,-0.0282386295024774,-0.13504532424665
"S2_B_exclude_code32",661,0.0202431241009801,-0.0404934300911682,-0.0142670769661016,-0.0411262402809079,-0.0616962066461682
"S2_B_exclude_code32",662,-0.0136869302417856,-0.0338689000941313,0.0164929778451214,-0.079859802494891,-0.0482471774674369
"S2_B_exclude_code32",663,0.0187912636936928,-0.0113736599046899,0.0168176321284905,-0.0505724309031485,-0.0857461656844394
"S2_B_exclude_code32",664,0.0272140852759658,-0.0184404800787689,0.0156150226014828,-0.00673347201065083,-0.0291117676877132
"S2_B_exclude_code32",665,-0.0140110443245395,-0.0520850638274874,-0.00714305673404464,-0.0451685053681612,0.00310025841837025
"S2_B_exclude_code32",666,-0.00277517520580678,0.00277375138147015,0.0143542095474984,-0.0161978790379361,-0.0959306674525999
"S2_B_exclude_code32",667,0.0181524014071443,-0.0267938880786248,-0.0642627746295964,-0.00134517548038393,-0.067731168537904
"S2_B_exclude_code32",668,-0.0140485168612541,-0.0373755552120539,-0.0326500526296125,-0.0811755972954808,-0.0617193621223662
"S2_B_exclude_code32",669,0.00521512143725095,-0.0162498614481104,-0.00781536601484323,-0.034869428405603,-0.0293280415337792
"S2_B_exclude_code32",670,0.0277316976180637,-0.0153425820835352,0.0112809342038195,-0.0178860209230759,-0.0840550239636741
"S2_B_exclude_code32",671,0.0177201490850947,-0.0222967941735661,-0.0425928491503522,-0.00425051509854291,-0.151513142502967
"S2_B_exclude_code32",672,0.0117844145255619,-0.0297258492095595,-0.0339457713068762,-0.0218132395849105,-0.123721549957924
"S2_B_exclude_code32",673,0.0347604197581117,-0.0866512216455015,-0.031077566051671,-0.0769952321558423,-0.0640395220182839
"S2_B_exclude_code32",674,-0.00784871864408881,-0.0333053680563167,0.0062000085684126,-0.0264469637879111,-0.0384839772452764
"S2_B_exclude_code32",675,-5.68245689391983e-05,-0.0737662936969145,-0.0324645470238589,-0.0139114062513738,-0.0416725945183083
"S2_B_exclude_code32",676,-0.00681906294801568,-0.0560366810397965,-0.0108127827006221,-0.0284714426158534,-0.0255887236510626
"S2_B_exclude_code32",677,0.00543731656781703,-0.0253355572274461,-0.0297704382973358,-0.0365009645941022,-0.0733942227373653
"S2_B_exclude_code32",678,-0.0115017683592295,-0.00245949137056277,-0.0444007032512718,-0.0162031844578769,-0.0452613068587313
"S2_B_exclude_code32",679,-0.0291040177267862,-0.0274975170641592,-0.0450835212469767,-0.0255184698618091,-0.0428100427774478
"S2_B_exclude_code32",680,-0.0287390604000777,-0.00865029857572087,-0.021081311139606,-0.0357381093882559,-0.0958670426767798
"S2_B_exclude_code32",681,0.00589807440868979,-0.0316933808561927,0.0321569156816984,-0.0640411915660178,-0.0773372137125132
"S2_B_exclude_code32",682,-0.00155140151920272,-0.0460144338822,-0.0224001496359016,-0.0198664837063874,-0.0489320927170037
"S2_B_exclude_code32",683,0.0113528756991719,-0.0614389785185171,0.0599713480924336,-0.0354171775593328,-0.0411043883372418
"S2_B_exclude_code32",684,0.0170946691510433,-0.0237700676561059,0.00499369085713927,-0.0489579691729438,-0.0884586878812426
"S2_B_exclude_code32",685,0.0149623259552772,-0.0449763291617882,-0.0211427919550276,-0.0051324670971605,-0.0271023448080508
"S2_B_exclude_code32",686,-0.0040581041605247,-0.00623069440278216,-0.00439131360161699,0.00153552205576218,-0.0441082531366957
"S2_B_exclude_code32",687,0.0143097263830465,-0.0397069822121898,-0.0563509047675618,0.0130640158304691,-0.11085203588687
"S2_B_exclude_code32",688,0.0349248356895551,-0.0319975065758664,-0.00704517295777843,-0.0679303744798434,-0.0300820108768198
"S2_B_exclude_code32",689,0.0012666868745838,-0.0386974762735994,-0.0850342083247289,-0.0297894884829817,-0.0109559091865004
"S2_B_exclude_code32",690,-0.00935715895856928,-0.0674177041958952,-0.00776783104851816,-0.0384631950310871,-0.0572889322205856
"S2_B_exclude_code32",691,0.0116901925573231,-0.0133981933441006,0.00623202778208232,-0.0182576094238245,0.0251883270236684
"S2_B_exclude_code32",692,-0.0247139290693129,-0.0490429451618852,0.0328278379182096,-0.0352779467667307,-0.0599817620336187
"S2_B_exclude_code32",693,0.00718817285268886,-0.0417157308676418,-0.0768930916760312,0.0101511978528312,-0.0340188842539647
"S2_B_exclude_code32",694,-0.0555536005198639,-0.0209487260964099,-0.0199995963220568,-0.0494633181219354,-0.111184882350541
"S2_B_exclude_code32",695,0.00240425409487501,-0.0161123506361669,0.00958720929470272,0.0188803937036277,-0.0899615165616453
"S2_B_exclude_code32",696,0.00661130519981681,-0.0031056571551997,-0.00804772219394057,-0.0694657649728689,-0.0729068386704811
"S2_B_exclude_code32",697,0.0106009476538105,-0.0538133380983702,-0.0594310567362185,-0.054078528182754,-0.0721735808530873
"S2_B_exclude_code32",698,-0.00434213377007148,0.0124686605876909,-0.0484273077263518,-0.0533247257637132,-0.073595906212669
"S2_B_exclude_code32",699,-0.00138621747545992,-0.0117283149730854,-0.00649630833205628,-0.0321250354818838,-0.04053039758822
"S2_B_exclude_code32",700,-0.0203076654051328,-0.0217361053992486,-0.0490457861491294,-0.0401920134268465,-0.081631040943859
"S2_B_exclude_code32",701,0.0171467363751471,-0.0352965272573326,0.0127714584958117,-0.0617059102649719,-0.0393442149853113
"S2_B_exclude_code32",702,0.0127194506938435,0.021231226671643,-0.00157617104685318,0.0297945825680043,-0.0901799639829263
"S2_B_exclude_code32",703,0.00661171256518316,-0.021069405941261,-0.0424297550862088,-0.0119404652015797,-0.0277918600904556
"S2_B_exclude_code32",704,-0.0163023528975376,-0.00187483839077436,0.00318880898826504,0.0171106343271167,-0.0462844260709441
"S2_B_exclude_code32",705,-0.00938157982981286,-0.0273488112165487,0.00276352976669811,0.00350084567650469,-0.00770481306946835
"S2_B_exclude_code32",706,-0.00382730213286569,-0.0133507754475094,-0.0319954591565991,0.0134923729107049,-0.0789439276495947
"S2_B_exclude_code32",707,0.00764015895991608,-0.0398648307064569,0.023835425243671,-0.0134544145847861,-0.0689793514125565
"S2_B_exclude_code32",708,0.0119822237876842,-0.052814953282179,0.000166528287132622,-0.10473951708044,-0.0190504554791242
"S2_B_exclude_code32",709,-0.0095137665844085,0.000890252427734869,-0.0211538606204229,-0.0761600186651869,-0.0651731765056401
"S2_B_exclude_code32",710,-0.0169745567686403,-0.0608660848660991,0.0238175143285925,-0.0577427572125468,-0.045160154630534
"S2_B_exclude_code32",711,-0.00139817768827484,-0.030898361450833,-0.0381942373030024,-0.0354023464728966,-0.0217795342556045
"S2_B_exclude_code32",712,-0.0052501282153303,0.00760355620478907,-0.0639022757494483,-0.0963776658069404,-0.0431859665316894
"S2_B_exclude_code32",713,0.02209382212566,-0.0314292329242254,-0.0233327838705638,-0.0311961758893003,-0.11241699319245
"S2_B_exclude_code32",714,-0.0111111433243089,-0.0332271234856014,-0.0392014343816086,-0.0482021011033857,-0.0492930886339487
"S2_B_exclude_code32",715,0.0224517092468522,-0.023559670693621,0.0221119278870392,-0.0497675594039347,-0.0441189000498308
"S2_B_exclude_code32",716,0.00842509627913575,-0.0580777642619532,-0.0449599997067089,-0.0643517756492409,-0.0923710872821624
"S2_B_exclude_code32",717,0.0195864044023616,-0.027543260584437,-0.0216576853613664,-0.019019567255439,-0.0076145277816122
"S2_B_exclude_code32",718,-0.0171786393426866,-0.0355615182950603,0.000872422917679749,-0.108411476673467,-0.0707566151187551
"S2_B_exclude_code32",719,0.0117117145012344,-0.0390084104456002,-0.0395178794728984,-0.0406302741043552,-0.0870145513100427
"S2_B_exclude_code32",720,-0.047723496542894,-0.00947703659021618,0.0173585600658109,-0.019251895748176,-0.076698955454182
"S2_B_exclude_code32",721,-0.0238558413575529,-0.0511222278756619,-0.0211861971902918,0.00159797573365941,-0.0325862015841084
"S2_B_exclude_code32",722,-0.00140093180206191,-0.00951018809162005,-0.045241694447646,-0.0349254683537948,-0.0750040173991069
"S2_B_exclude_code32",723,-0.00277632658174706,-0.0672678550216199,-0.0685378859643232,-0.054559394030903,0.0114938904610905
"S2_B_exclude_code32",724,-0.00943021758024083,-0.0369613075558353,-0.0176879624111415,-0.0554669969752166,-0.016577408214543
"S2_B_exclude_code32",725,-0.00640055934687202,-0.061069795787365,-0.00433533795054,-0.0431783712225422,-0.0900711806010271
"S2_B_exclude_code32",726,-0.0205857425137645,-0.0307650459503174,-0.0419102772793582,-0.0135927800929201,-0.06545620559838
"S2_B_exclude_code32",727,0.00028507433174968,-0.0223429549308029,-0.0296643796984165,-0.0261306627368749,-0.035960868488508
"S2_B_exclude_code32",728,-0.000282620627192698,-0.0115940598979719,-0.0484667633834673,-0.0233081185881073,-0.102354335287565
"S2_B_exclude_code32",729,0.0268781930499761,-0.0313624293909506,0.000399398113360039,-0.0582688086915988,-0.0624529091751689
"S2_B_exclude_code32",730,0.00500904060381342,-0.015467169477146,-0.0731086026044471,-0.0114779372902047,-0.000658946748507305
"S2_B_exclude_code32",731,-0.0305462141446996,-0.0484277728214537,-0.0640377845976766,0.0283988417482822,-0.0604784330586991
"S2_B_exclude_code32",732,0.0217902858004393,-0.02683672161577,-0.0313680584160552,-0.0749470315216423,-0.122662860630216
"S2_B_exclude_code32",733,0.0292864506901243,0.00667544826540402,-0.0284093835670203,-0.0247130612722444,-0.109404578815274
"S2_B_exclude_code32",734,0.00692657909963861,-0.0592660454240996,-0.0503783041403137,-0.028316691977366,-0.0776353601630702
"S2_B_exclude_code32",735,-0.0101257211026123,-0.0359649990170829,-0.0251295355617086,0.02115694188658,-0.035287431511293
"S2_B_exclude_code32",736,0.0216582638896634,-0.0484238333281146,-0.0906640525063594,0.0126492908051067,-0.025056359825843
"S2_B_exclude_code32",737,0.000428092634588623,-0.0240070446245803,-0.0342867040932929,-0.0224026964729288,-0.0461186428029812
"S2_B_exclude_code32",738,0.000426465489826514,-0.0714113599115793,0.0349513658199758,-0.000603692493466035,-0.11536525865776
"S2_B_exclude_code32",739,0.00392191886951842,-0.00776328650525179,-0.0184480812174176,-0.0626587461776235,-0.106661691721828
"S2_B_exclude_code32",740,0.00946912152369075,-0.0219554471760615,-0.00834813152390348,0.007207358231411,-0.051864150669104
"S2_B_exclude_code32",741,-0.000729610824406535,-0.0307347876222183,0.0165054555366823,-0.101916794305953,-0.0414223745439427
"S2_B_exclude_code32",742,-0.00181247139731049,-0.0332556884833366,0.00525892397099589,-0.0651236305405572,-0.0243065031670448
"S2_B_exclude_code32",743,2.3381846009099e-05,-0.0510736002270434,0.0286437404236387,-0.0211664917293096,-0.0682886967423691
"S2_B_exclude_code32",744,0.00554957562183563,5.7954039101249e-05,-0.0186935187930083,0.0133233783400214,-0.0591605091319132
"S2_B_exclude_code32",745,-0.0152572258589721,-0.0417531829591963,0.019943885659277,-0.0755424237648624,-0.112629110838439
"S2_B_exclude_code32",746,0.0241766138232019,-0.0192662212221297,-0.0313890298495224,-0.00570723202152038,-0.11719232639922
"S2_B_exclude_code32",747,0.00660341505892794,-0.00510581462828667,-0.0412751733676014,-0.0290767290952371,-0.0820861203323025
"S2_B_exclude_code32",748,-0.0166883689668185,-0.0166488645665763,-0.0499085129264427,0.0160819611544816,-0.0735711812538578
"S2_B_exclude_code32",749,0.00214287122727023,0.00993910815895069,-0.0209960336663536,-0.0463407008490327,-0.0647363284172219
"S2_B_exclude_code32",750,-0.00911129255024147,0.00947226687535151,-0.0881150056114082,-0.0177342681620608,-0.095727321229114
"S2_B_exclude_code32",751,-0.0292128251660861,-0.0109614516855607,-0.00732508589368988,-0.0148924371905911,-0.115910401234508
"S2_B_exclude_code32",752,-0.0210605142001655,-0.0568954076318112,-0.010581569619035,-0.0219822809491651,-0.107587525456615
"S2_B_exclude_code32",753,0.0254055480090651,-0.0248415494656264,0.0291820419635746,0.00619588059042128,-0.0549478316579049
"S2_B_exclude_code32",754,-0.0330674470287174,-0.00952565311832348,-0.0667355493382829,0.00514764867975148,-0.0559212699184827
"S2_B_exclude_code32",755,0.0143085916688359,-0.076351278027418,-0.060704231101413,0.0257474445703656,-0.0172929488119927
"S2_B_exclude_code32",756,-0.00511460241225431,-0.047862167179202,-0.0722241259485259,-0.0340149475734548,-0.0901813811941696
"S2_B_exclude_code32",757,0.0158817278085203,0.00924771853047862,-0.0478129504845409,-0.0438198380149218,-0.0734834843824571
"S2_B_exclude_code32",758,0.00834170453796118,-0.000448145407539138,-0.0453807341124982,-0.0342765815591799,-0.055584278732362
"S2_B_exclude_code32",759,0.00812829442557408,-0.051542674498853,0.0183238213809228,0.00367531226499315,-0.0712880416725029
"S2_B_exclude_code32",760,0.00830844030733736,-0.0532517537614995,0.0175657035056214,0.00216422097993338,-0.0789740643497387
"S2_B_exclude_code32",761,-0.0178961807227659,-0.0592460690766291,-0.026867638437119,-0.0475751416674659,-0.0325674859856477
"S2_B_exclude_code32",762,-0.00190527995294167,0.00930467866405926,-0.0731358172457325,-0.0264718739848488,-0.0763341654622672
"S2_B_exclude_code32",763,0.00966891370381383,-0.00146805930300702,-0.0245107406694499,-0.0617424708010945,-0.0645639940678856
"S2_B_exclude_code32",764,0.00344007289637985,-0.0435786531056521,0.0174611450938844,-0.0281826602410397,-0.0847954052414823
"S2_B_exclude_code32",765,0.0390772638944401,-0.0474998653068987,-0.0793363546545762,0.0372986037199738,-0.0619685039715241
"S2_B_exclude_code32",766,-0.0124973211814036,-0.0199039430400733,-0.029612954800515,-0.0626483611835556,-0.0258894395042107
"S2_B_exclude_code32",767,-0.00212944619982176,-0.00774023550214559,-0.01916615649546,-0.00311569967068645,-0.0437229958763546
"S2_B_exclude_code32",768,0.0159380986088475,-0.0415866624690474,-0.000739920706859076,-0.0276758263901971,-0.063285822151214
"S2_B_exclude_code32",769,-0.0259489498177183,-0.0468308136093295,0.00823513016422875,-0.0620546794624208,-0.0988649884718826
"S2_B_exclude_code32",770,0.0128528946721109,-0.0523853296169469,0.00395476037478898,-0.0671345474700354,-0.0680495467688476
"S2_B_exclude_code32",771,0.0156511761907909,-0.0346438087008235,-0.0193797469489906,0.0135679690799297,-0.0797353498124285
"S2_B_exclude_code32",772,-0.0291075347169128,-0.0492536883949654,-0.0350537904606291,-0.0682148862837801,-0.0219137673537913
"S2_B_exclude_code32",773,0.00105639384840812,-0.0735071647585897,-0.00755591544994663,0.0047304822107245,-0.0584623180642072
"S2_B_exclude_code32",774,0.0175962672842163,-0.0493394031404286,-0.0401159522058118,-0.0321171976309497,0.0213059547206269
"S2_B_exclude_code32",775,-0.0147315818362664,-0.0504518695503218,-0.00253749781309309,-0.0371696599197969,-0.0509094541930885
"S2_B_exclude_code32",776,0.0121660571534799,-0.053917734930368,-0.0300492295216748,-0.00221375387334083,-0.0839458140726897
"S2_B_exclude_code32",777,0.00726852481106851,-0.0191203278690748,0.0114465255788191,-0.0224443045383279,-0.101834437744025
"S2_B_exclude_code32",778,0.00503135783100227,-0.0584828933472202,-0.0126934367175137,-0.0559876044975808,-0.0551575071521849
"S2_B_exclude_code32",779,0.00621215596744207,-0.0215760193926216,-0.0301075916542283,-0.0485867643734185,-0.0180322366349046
"S2_B_exclude_code32",780,-0.00793651999184433,-0.0506625111867565,-0.0409874557753187,1.99409541060402e-05,-0.0549854952545467
"S2_B_exclude_code32",781,0.0218642925745281,-0.0213819661162541,0.0102700469079648,-0.00449446557709676,-0.132728418050851
"S2_B_exclude_code32",782,0.0169104188879604,-0.0385675231685905,-0.0515758639654544,-0.0101360288574652,0.000492382653702383
"S2_B_exclude_code32",783,-0.0141478028795877,-0.043870935994184,-0.0204433842989268,-0.0844549781841781,-0.0302190199646907
"S2_B_exclude_code32",784,-0.00754439100145821,-0.039167725459552,-0.0625743701466417,-0.0275142217086994,-0.0912349687750751
"S2_B_exclude_code32",785,-0.00324337720423069,-0.0281425628136686,-0.0688133116055446,-0.0351223033209318,-0.0481722899593652
"S2_B_exclude_code32",786,-0.00491825021462631,-0.0297186980837677,0.0309225062435038,-0.0113354190527017,-0.00999126685019769
"S2_B_exclude_code32",787,0.00908223009603931,-0.00478332320394685,0.00824480306442363,-0.0213214473656214,-0.100958727495376
"S2_B_exclude_code32",788,-0.00989530656927476,0.00315590375687087,-0.0625923107600089,-0.0638391527252229,-0.0738910442404619
"S2_B_exclude_code32",789,0.0136092545631704,-0.0631689928704822,-0.0341911977114706,-0.0122554748916037,-0.0985694596224728
"S2_B_exclude_code32",790,-0.00189536249688195,-0.00202078558194463,-0.012842180345595,-0.0445155136489168,-0.0213915118360724
"S2_B_exclude_code32",791,-0.00634499994911036,-0.0192651275300356,-0.0463700662491312,-0.0293413569043159,-0.0746873846292976
"S2_B_exclude_code32",792,0.00367777266657895,-0.0346957680433803,-0.0792004273970094,-0.0276627926314709,-0.0957435586946933
"S2_B_exclude_code32",793,-0.0296597930428086,-0.0626755134402801,0.0277321384267234,-0.0488382773917291,-0.0480982072348374
"S2_B_exclude_code32",794,-0.0156134158336883,-0.000952478125684386,-0.0161285453084986,-0.04183658778042,-0.0808610857220839
"S2_B_exclude_code32",795,0.00833371168051349,-0.0274128893961239,-0.00510140369818288,-0.0377159727986187,-0.121372830501268
"S2_B_exclude_code32",796,0.0284507287079791,-0.0281800662014211,-0.0332701941927006,-0.0270258441411145,-0.0282362218328029
"S2_B_exclude_code32",797,0.0121240818722024,-0.0478140547608269,0.00233580182689497,-0.0434228507804794,-0.0902202295283079
"S2_B_exclude_code32",798,-0.00448483717090249,0.0243181481179611,-0.0145973025007998,-0.0543886187543551,-0.0571058300176185
"S2_B_exclude_code32",799,0.00406526818454712,-0.0804750257167359,-0.00490169423835776,-0.0493299142376092,-0.107402399750244
"S2_B_exclude_code32",800,0.00949256748924593,-0.0223782548700472,-0.00929780968275015,-0.0453182725161544,-0.0573026989852605
"S2_B_exclude_code32",801,-0.00130637478067408,-0.0429777672232951,0.00389572292599624,-0.00577249232032795,-0.135678633963046
"S2_B_exclude_code32",802,0.00570473254515633,-0.0344289162723236,-0.0398143643537233,-0.0463653095226941,-0.0954631128830186
"S2_B_exclude_code32",803,0.0135834528966265,-0.0086941274818654,-0.00878626262838211,-0.0432748799451486,-0.0258465105071706
"S2_B_exclude_code32",804,0.0278629888313485,-0.0124519687898269,-0.003282978778887,-0.0326532653282677,-0.0719437122952774
"S2_B_exclude_code32",805,0.0165444731438064,-0.00628526494000393,-0.0203573353615352,-0.0769709852319928,-0.0284552521208586
"S2_B_exclude_code32",806,-0.0271701752959506,-0.0384711917538832,-0.0658767522362156,-0.0329432837489466,-0.0808067493731212
"S2_B_exclude_code32",807,0.00568109239462956,-0.0327380372048009,-0.0270660662822558,-0.0402056975982912,-0.0537291158189256
"S2_B_exclude_code32",808,-0.0193485878438406,-0.0172998901544031,0.0403332980735778,-0.0341744437800947,-0.0536668234616985
"S2_B_exclude_code32",809,0.00762869636534542,-0.0210128121000051,-0.0286186348799493,-0.069399383064745,-0.0334617323114804
"S2_B_exclude_code32",810,0.00537434779704418,-0.0227270266162734,-0.0433963768630517,0.00325245281238312,-0.0222950767298465
"S2_B_exclude_code32",811,0.0045183118093352,0.0200204101522863,-0.00555539947617362,-0.0265164976542452,-0.0487003850370925
"S2_B_exclude_code32",812,0.0107987818632618,-0.00814249648110524,0.00506659001413243,-0.0647870218336194,-0.0189633201682183
"S2_B_exclude_code32",813,0.0252355668721401,-0.0503074550092875,-0.0338044541441325,-0.0291051346068366,-0.0899068528401198
"S2_B_exclude_code32",814,-0.00673952125763556,-0.0533782094062809,-0.00604209508211731,0.000437540062537684,-0.0309482956725172
"S2_B_exclude_code32",815,0.0144565910689157,-0.0444526842501343,-0.0438823681570669,-0.0499020291748943,-0.0732039650048619
"S2_B_exclude_code32",816,-0.0246101978604261,-0.0243249911664712,-0.00869130726071335,-0.00644655204386557,-0.064105347582563
"S2_B_exclude_code32",817,-0.00315959033185637,-0.031166143062668,0.0199317597174647,-0.0507721950863667,-0.0204353542987117
"S2_B_exclude_code32",818,-0.0144099270679341,-0.0267487156730325,-0.0108585381020348,-0.00828816737373286,-0.0236831182887791
"S2_B_exclude_code32",819,-0.00195201320625104,-0.0423293056717049,0.0008851489330092,-0.0501724795070854,-0.0127967074359131
"S2_B_exclude_code32",820,0.0105279219844118,0.0125024038642337,-0.0350854553617888,-0.00913130178881449,-0.0998108773729672
"S2_B_exclude_code32",821,-0.0188145882877023,-0.0259252481879019,-0.0109669610576333,-0.0259652252621436,-0.0879032399325921
"S2_B_exclude_code32",822,-0.000912572774790038,-0.0323629014384863,0.00813627494751026,-0.0166295793370822,-0.103297607804552
"S2_B_exclude_code32",823,-0.013834962120316,0.00184349015901879,-0.0244626325336576,-0.0203414966462014,-0.00378580532823231
"S2_B_exclude_code32",824,-0.00578958204172617,0.000192681804821751,-0.0238788595295321,0.00181955807976031,-0.0297789337760264
"S2_B_exclude_code32",825,0.000389739765604198,-0.0235253266220428,-0.048273430366836,-0.00494565542375316,-0.00770066452050244
"S2_B_exclude_code32",826,0.00807102685756542,-0.0418582322138605,0.0496168183891536,-0.0666504817753864,-0.0665186537414115
"S2_B_exclude_code32",827,-0.0157478856246447,-0.0163850502002708,-0.105044294088205,-0.0592219733145481,-0.0369492399588891
"S2_B_exclude_code32",828,-0.00493662314555333,-0.0230268248685917,-0.00388494177009405,-0.0841634693652792,-0.0348482864936872
"S2_B_exclude_code32",829,-0.00666397592232155,-0.0225830577891291,-0.018456544594493,-0.053735006183319,-0.0420605180752929
"S2_B_exclude_code32",830,-0.0293469152549209,-0.00752644917173367,-0.016970555498202,0.0223540241779879,-0.01101965027327
"S2_B_exclude_code32",831,0.0132047493281645,-0.0474852152375758,-0.00460558794789512,-0.0182610240463325,-0.0526434319327834
"S2_B_exclude_code32",832,-0.00932995193112787,-0.0311288546821904,0.00704331269174635,-0.0145917731670384,-0.0547745729275866
"S2_B_exclude_code32",833,0.0203219869643443,-0.0649788206903628,0.0218241093577647,-0.0277219115863436,-0.03368849491532
"S2_B_exclude_code32",834,-0.0137739458833074,-0.0330057286382535,0.042763001387825,0.00165034469111131,-0.087976471299202
"S2_B_exclude_code32",835,-0.0157152891839475,0.00267882456331174,-0.0116115124081214,-0.0640270403775149,-0.0261422716784188
"S2_B_exclude_code32",836,0.011985567792488,-0.0677616749405025,-0.00078769073144408,-0.0298581956962173,-0.0586053860342513
"S2_B_exclude_code32",837,-0.0212617309970478,-0.0247324497869123,-0.0194987129633454,-0.0205753815999329,-0.0510352226199335
"S2_B_exclude_code32",838,0.00349822642812412,-0.00643708626060956,-0.0400726180413608,-0.0152515927459141,-0.0283908706853936
"S2_B_exclude_code32",839,-0.00104794328634591,-0.0573483220756881,-0.0341556551728919,-0.0400415980599478,-0.071092965402913
"S2_B_exclude_code32",840,0.0119950350247004,-0.0586434958063105,-0.012354155478932,0.00201423838707537,-0.0705470532843172
"S2_B_exclude_code32",841,0.000963085523261034,-0.0463322885914672,-0.0158556238659762,0.00785657968125641,-0.0374394381551145
"S2_B_exclude_code32",842,-0.00564806770814687,-0.0831841492856214,-0.00442647906121919,-0.0474847510645227,-0.135567326386323
"S2_B_exclude_code32",843,0.00625207080834884,-0.0542579049712634,-0.00303733319332666,-0.0716176969795737,-0.0254107029435223
"S2_B_exclude_code32",844,-0.00828781918170892,0.0268153345574042,-0.0594992094359345,-0.00455108574355012,-0.102951822528014
"S2_B_exclude_code32",845,0.00079562068419288,-0.0357285305652351,-0.0289154454396442,0.012923686818537,-0.0319267065962789
"S2_B_exclude_code32",846,0.0199062036779801,-0.013552497810559,-0.0530438735913023,-0.0661029171611723,-0.0607320608794372
"S2_B_exclude_code32",847,0.00928299751567446,-0.0184254703510822,-0.0430679113745629,8.07083290040034e-05,-0.131198191099419
"S2_B_exclude_code32",848,-0.0121570694345867,-0.0306587306766209,-0.0219749098541636,-0.058278351276622,-0.0780337907349961
"S2_B_exclude_code32",849,0.00124792241323862,-0.0406691775179557,-0.0238473892293103,0.00880271517472822,-0.111536335824627
"S2_B_exclude_code32",850,0.0196788016851772,-0.0206108962151662,-0.046038917657458,-0.0380865077699072,-0.0766763987560426
"S2_B_exclude_code32",851,-0.00160258233992203,-0.0429261448226246,-0.0425585132785411,0.0195217361712936,-0.125416608081152
"S2_B_exclude_code32",852,-0.0133189624275714,0.038850037452135,-0.0237134700008666,-0.0634033373280042,-0.0966652841494951
"S2_B_exclude_code32",853,-0.00601975649871786,-0.0154970142826157,0.0193017701941206,-0.0332073572471225,-0.0422285174669906
"S2_B_exclude_code32",854,-0.0106183480963929,-0.054557424034886,-0.00656842115015954,0.0196611424778087,-0.0572818632338892
"S2_B_exclude_code32",855,-0.0170426749066557,0.0069206261506338,0.00272524327503521,-0.056160957568182,-0.0205785335666656
"S2_B_exclude_code32",856,-0.00934887898006079,0.00096143730752285,-0.00314693126055596,-0.0602956385324689,-0.0365269450308787
"S2_B_exclude_code32",857,0.0216639995506387,-0.0284648404951065,-0.0754253076793911,-0.00771050921811978,-0.0282767788914488
"S2_B_exclude_code32",858,0.00898039572102396,-0.00922732718867383,-0.0469631831859189,-0.0280420997763763,-0.0564025500241151
"S2_B_exclude_code32",859,0.00866080495201036,-0.0437113616877017,0.0161280515966497,-0.0591197475882674,-0.0564760987544276
"S2_B_exclude_code32",860,0.0264100960702152,-0.0411172326930984,0.018466221421455,-0.00337641743418773,-0.0893234601507077
"S2_B_exclude_code32",861,-0.0170781268188267,-0.0408695692911552,-0.00902780447213777,-0.00723984554314266,-0.0460692798179964
"S2_B_exclude_code32",862,0.00237902089703902,-0.00363972991527899,-0.0639861317940192,-0.0417813052639252,-0.0299549199347003
"S2_B_exclude_code32",863,-0.0165350568745043,-0.0135188402441346,-0.0468144569980788,-0.0265333596743086,-0.0584272124464795
"S2_B_exclude_code32",864,-0.0119289122515572,-0.00711343859856019,-0.00915124357568489,-0.0317534623341481,-0.0648664509282971
"S2_B_exclude_code32",865,0.00728467515453081,-0.00286242290949056,-0.0049962833086401,-0.0573183943669148,-0.0970118497873462
"S2_B_exclude_code32",866,0.00465626977051335,0.0280879276345096,-0.0660016281649008,0.0121412829470279,-0.0534874585156918
"S2_B_exclude_code32",867,-0.0352946668836318,-0.0467257352761738,-0.0106977279482112,-0.0662775666579007,-0.0749448141301782
"S2_B_exclude_code32",868,0.00143802340006224,0.00781067440589703,0.0202094648511234,-0.0432570287612391,-0.0619598932981665
"S2_B_exclude_code32",869,0.00684629906393895,0.0185662762451332,0.00915691239711225,-0.0330971776436192,-0.0671164804769667
"S2_B_exclude_code32",870,0.00309158807261614,-0.0427257445044081,-0.0530539752594787,-0.0356767828923439,-0.0680678122669145
"S2_B_exclude_code32",871,0.0061456100313177,-0.0193906824173943,0.0387582564912664,-0.0602325678802301,-0.00936078843093779
"S2_B_exclude_code32",872,0.0152119898628788,-0.0574645737929316,-0.0369509099877868,-0.00330835787042139,-0.0865799317460517
"S2_B_exclude_code32",873,0.0142907940140073,-0.0684001139976169,0.0139436242327302,-0.0454051532638026,-0.0513366777717639
"S2_B_exclude_code32",874,-0.00355919802856691,-0.0674844696113486,0.000347741531317253,-0.0393825945221519,-0.0362353036880492
"S2_B_exclude_code32",875,0.0104255878390707,-0.0370819971773277,-0.0189474060887646,-0.0178378904447226,-0.0394164162196298
"S2_B_exclude_code32",876,0.0133269084866719,-0.0365836420382418,-0.0202857447540885,-0.0230160363889725,-0.0795736346598552
"S2_B_exclude_code32",877,-0.00140604888942044,-0.0187951543711309,-0.029970873218172,-0.0537009269343232,-0.0937898677903989
"S2_B_exclude_code32",878,0.00938980447127753,-0.0350392375037522,-0.0882226251306885,-0.0773873009246812,-0.0980490247331651
"S2_B_exclude_code32",879,0.011707660120595,-0.0613786889097214,-0.0189648918918093,0.054829164714424,-0.1394876511908
"S2_B_exclude_code32",880,-0.0143532991430484,-0.0416778614290775,-0.00541527842999856,-0.0352623840315844,-0.0573910630239381
"S2_B_exclude_code32",881,-0.00251865410295379,-0.0501986584242044,-0.0140459896417153,-0.0169141916371799,-0.0787658864886714
"S2_B_exclude_code32",882,-0.0154171176110445,-0.0104711716285157,-0.0714352768606711,-0.0681156765836043,-0.0589714548672377
"S2_B_exclude_code32",883,0.00527244466604031,-0.0173669763712783,0.00656645854888746,-0.0171220099543689,-0.030534143724893
"S2_B_exclude_code32",884,-0.0111838775160566,-0.0206471475374234,-0.0103193411334886,-0.032006781965145,-0.0862927358044548
"S2_B_exclude_code32",885,-0.0134602281082147,-0.0155120560401577,-0.0358521445959741,0.00392055713094636,-0.0317673674480623
"S2_B_exclude_code32",886,-0.0257515238152811,-0.0285956114399229,-0.00681047449650962,-0.0271829952778381,-0.0977881033097919
"S2_B_exclude_code32",887,0.0146921266447508,-0.0529294523945644,-0.0289084679839934,-0.0240314918511899,-0.0162529058862346
"S2_B_exclude_code32",888,0.00294092720565692,-0.0392949426140284,0.016441488815148,-0.0551803650225229,-0.041291934097518
"S2_B_exclude_code32",889,0.0190849065474469,-0.043666784984595,0.00284891885418681,-0.06079549607094,-0.117912124515167
"S2_B_exclude_code32",890,-0.00373339985249661,-0.0106256014209771,-0.0693534195030666,-0.0139673751786301,-0.0812176668453327
"S2_B_exclude_code32",891,-0.00242772645310643,0.00561289264936968,-0.0311861234503112,-0.0259616706932567,-0.0332792058433806
"S2_B_exclude_code32",892,-0.00762107126170062,-0.0534485340002695,-0.0286173930322056,0.0108707361930648,-0.0605539154727723
"S2_B_exclude_code32",893,-0.00281708002717204,-0.0384315246183491,-0.02473478072252,-0.0717325954614813,-0.0814150546826365
"S2_B_exclude_code32",894,0.0101933641688736,-0.0428317014358899,-0.0390148091613565,-0.024491074184366,-0.0813604448942575
"S2_B_exclude_code32",895,0.00929248984769068,-0.0528064976950302,-0.0422365976858451,-0.0598086967313757,-0.0662876915232627
"S2_B_exclude_code32",896,-0.0150628762799731,0.0145182544175341,-0.0199906571030536,-0.0521244267509045,-0.0698715069964598
"S2_B_exclude_code32",897,-0.0436845413717051,-0.0224867219562571,0.0058788288687518,0.0193547502823139,-0.074268655047704
"S2_B_exclude_code32",898,0.0216551145247429,-0.0394605162266098,-0.0135767880644284,-0.0129766084217458,-0.106725586329436
"S2_B_exclude_code32",899,-0.0195551733842921,-0.0804278372601135,-0.00988770609551157,0.0126825357006746,-0.0875244899576595
"S2_B_exclude_code32",900,-0.0274729799790641,-0.0163628849216873,0.0160957701648398,-0.00473596293983633,-0.0805465526179411
"S2_B_exclude_code32",901,0.000856485791509584,-0.0510116736125215,0.00364173035766377,-0.0167971535662052,-0.0743939872984907
"S2_B_exclude_code32",902,-0.00434868227954165,0.0132237076628439,-0.00834860068347298,-0.061626718938057,-0.0401194340830828
"S2_B_exclude_code32",903,-0.0093090465409266,-0.0279378655373124,0.00224502400688595,-0.00279221363986679,-0.0280837929203107
"S2_B_exclude_code32",904,-0.0164452487992297,-0.0341314208358643,-0.051010948500036,-0.00929769609530187,-0.0519031904116684
"S2_B_exclude_code32",905,-0.00354757641026981,-0.0533436225883681,-0.00715657038464959,-0.0734178825558266,-0.052493360401362
"S2_B_exclude_code32",906,-0.00150590743539519,-0.0784462268288497,0.036462003590114,-0.0390945416337029,0.027373228975904
"S2_B_exclude_code32",907,0.00223729336867259,-0.0534429865700679,-0.0489602438568486,0.0123723583558151,-0.0801760981672034
"S2_B_exclude_code32",908,0.0129155170009185,0.00310967977901862,-0.0189127727943424,-0.0171081397426859,-0.0555114924934131
"S2_B_exclude_code32",909,-0.00143873144880501,-0.0619129311218085,0.00275529150640688,-0.0167410846037398,-0.0655898067485184
"S2_B_exclude_code32",910,0.00603701053519198,0.00573393202518063,-0.0367340933619617,-0.032080937244936,-0.140163132983443
"S2_B_exclude_code32",911,-0.0184677453838002,-0.0509176589653666,-0.0143824679350257,-0.0256797473398992,-0.0939658853003693
"S2_B_exclude_code32",912,0.024608600036161,-0.023939025807412,-0.0109105855359986,-0.0591083132856999,-0.0882097141129
"S2_B_exclude_code32",913,-0.00263112801763367,-0.00237010960317872,0.0151174792748426,-0.0337454243974155,-0.103538226187451
"S2_B_exclude_code32",914,0.0162929690971576,-0.0141914638901426,-0.0404228902868608,-0.0117182984492484,-0.0311929592894616
"S2_B_exclude_code32",915,0.0184666449184045,-0.011915493544052,-0.0235900721612408,-0.0170610008927164,-0.0151174321847267
"S2_B_exclude_code32",916,0.00706045528723656,-0.0288998452163444,-0.0354386109820182,-8.44423526439875e-05,-0.0421637996306701
"S2_B_exclude_code32",917,-0.0149224179344968,-0.0547280669997275,-0.0469100697389574,-0.0683853785776661,-0.131437393485486
"S2_B_exclude_code32",918,-0.0293024862931188,-0.0616369483515275,0.00808349513250384,-0.0100741802166707,-0.108579980457087
"S2_B_exclude_code32",919,-0.0172928271883057,-0.0155494269503808,-0.0376822013897421,-0.0205304576477203,-0.073159823941661
"S2_B_exclude_code32",920,0.0153436763432074,-0.0216899825019716,0.00639169879805881,0.00479974260744556,-0.0666088508742395
"S2_B_exclude_code32",921,-0.0473722283963096,-0.0140191627896444,-0.0356685369681927,-0.0344397564912467,-0.0624168870669101
"S2_B_exclude_code32",922,-0.00612149922274969,0.00507550708997113,-0.0154459115965156,0.00814656693651244,-0.0370133389815747
"S2_B_exclude_code32",923,-0.0159142698194451,0.00488903338754071,-0.0128163547028669,-0.00626268851747919,-0.118188560158309
"S2_B_exclude_code32",924,0.00716424874545205,-0.0157969441367287,-0.00996003270939211,-0.0517922020633828,-0.0256564434756616
"S2_B_exclude_code32",925,0.00888399192047876,-0.0220401914801096,-0.0505137887045063,-0.006515310560883,-0.0786185914617855
"S2_B_exclude_code32",926,-0.0051192456324284,-0.00192774344910401,0.0142109177990307,0.0074507637192637,-0.0199092128433118
"S2_B_exclude_code32",927,-0.0267127011385034,-0.0247097898947474,-0.0149987717334713,-0.0110114845278826,-0.0354464019368911
"S2_B_exclude_code32",928,0.00267103398434775,-0.0412198981573961,-0.0337401174004997,-0.0399383234481498,-0.0373292960349323
"S2_B_exclude_code32",929,0.00415070045282787,-0.0536185760801334,-0.0224303390955232,0.0169460667986023,-0.0699359072030744
"S2_B_exclude_code32",930,-0.00140994531785621,0.0183804434239873,-0.0102583231648278,-0.024093481052673,-0.042885124301516
"S2_B_exclude_code32",931,0.0178253463473751,-0.0857743937499538,-0.0357440375536513,-0.0392407427146872,-0.065012013158614
"S2_B_exclude_code32",932,-0.0100579586947862,-0.0320099368351739,-0.0250527867896884,-0.0332183165336759,-0.0321366120247568
"S2_B_exclude_code32",933,0.00914370156042178,-0.0327028701795828,0.0248869895882029,0.0169514637088765,-0.0710725733796753
"S2_B_exclude_code32",934,0.00092255295632486,-0.0446720273004666,-0.0644443169201088,-0.0266506939009897,-0.0310938757669025
"S2_B_exclude_code32",935,-0.0061044022723926,-0.0184862003765271,0.0181932425854825,0.00909340206858406,-0.0984136623464765
"S2_B_exclude_code32",936,0.00353543529010579,-0.0136573119395804,-0.00606498013000958,-0.0284969155891918,-0.0102768970188355
"S2_B_exclude_code32",937,-0.00205834491132138,-0.0222884894366017,0.00814266550067066,-0.0154704366746166,-0.0151426319771884
"S2_B_exclude_code32",938,-0.0331824586185621,-0.0428243346477004,-0.0640596063291881,-0.0517911502249446,-0.113763538798901
"S2_B_exclude_code32",939,0.015104078578698,-0.0157638836541146,-0.00367184572829796,0.0171557240832817,-0.0782006161093527
"S2_B_exclude_code32",940,-0.0177777732695576,-0.0324513922144847,-0.0263537862280432,-0.0598522445751774,0.018002644384667
"S2_B_exclude_code32",941,-0.00502316530919111,-0.0115783832444744,-0.00342356937197372,0.0208015933308803,-0.132840162112325
"S2_B_exclude_code32",942,0.00516312237660765,0.00565930407085836,0.00231979353045089,0.00384849319490535,-0.051020393893952
"S2_B_exclude_code32",943,0.0100181433913031,-0.0657754261707137,-0.00880507391132748,-0.0940071545825431,-0.0963564964986445
"S2_B_exclude_code32",944,-0.0180924061529839,-0.0442018204389113,-0.0307721834104295,-0.0458263896787504,-0.025000076934985
"S2_B_exclude_code32",945,-0.0323690246152909,-0.0185262924666372,-0.0135017431588253,0.0211933467642696,-0.0457243465369847
"S2_B_exclude_code32",946,-0.0265151122133675,0.00280021345111749,-0.00607769683789844,-0.0209039789503702,-0.0791704379959964
"S2_B_exclude_code32",947,0.0362424655270936,-0.0391434507864599,0.00785644706835309,-0.0433069858944614,-0.0756850043380222
"S2_B_exclude_code32",948,-0.0111343252039919,0.0203148516838564,0.0225728695566557,-0.0440569295565219,-0.0697150081740009
"S2_B_exclude_code32",949,-0.0529403123867764,-0.0351582419683946,-0.00472390565040209,-0.0422197244817185,-0.00909888387672264
"S2_B_exclude_code32",950,0.00789912962244175,-0.0288014527023824,-0.0139586232120778,-0.0427474957566783,-0.0643635382788552
"S2_B_exclude_code32",951,-0.0179187943458189,0.00242914186581128,-0.035451581458237,0.0278679936542693,-0.0465666727554622
"S2_B_exclude_code32",952,-0.000633653579542162,0.0114457536889152,-0.0430802845618186,-0.00417407212494719,-0.0366224954225305
"S2_B_exclude_code32",953,0.00705343543165579,-0.0121035122502892,-0.0230125386626198,-0.0602713091623993,-0.105914070689532
"S2_B_exclude_code32",954,-0.012563992349848,-0.0324815888778858,-0.0124009531280436,-0.0621283109529226,-0.0620518490120296
"S2_B_exclude_code32",955,0.00804781447520821,-0.022544919664925,0.0119260478458037,-0.0454641422115863,-0.0231696394722844
"S2_B_exclude_code32",956,-0.00980860117149448,-0.0252457469512687,-0.00870489204577268,-0.0157071071967445,-0.0583927723913034
"S2_B_exclude_code32",957,-0.0151630253285073,-0.0212915025903652,-0.0317092778985792,-0.0510498129212549,-0.0585458394486469
"S2_B_exclude_code32",958,-0.0178362134800359,-0.00394517864965949,-0.0961714719627648,-0.0617989982261389,-0.0697047802982315
"S2_B_exclude_code32",959,0.00833014275065434,-0.0269527984912144,-0.0303118376415404,0.0159881473200103,-0.0421552930639297
"S2_B_exclude_code32",960,-0.0187534929768792,0.00417944628132878,0.0234606149823786,-0.0651159599735008,-0.00350376573471578
"S2_B_exclude_code32",961,0.0104232667751914,-0.0880400847891739,-0.00991599084192654,-0.0844048306338751,-0.084769078063933
"S2_B_exclude_code32",962,-0.0375548185627263,-0.0406572819057123,-0.00572044239989528,0.0112752323576898,0.0316562571109433
"S2_B_exclude_code32",963,-0.0199695510474052,-0.0413449923526318,-0.023874400685921,-0.0428668075966823,-0.0318492960308122
"S2_B_exclude_code32",964,0.0207967731683765,-0.0485970256290122,-0.0398583240706276,-0.033272166735772,-0.029210578240307
"S2_B_exclude_code32",965,-0.00226152207139556,-0.0190450834610855,-0.0553764963115443,-0.0288575901187234,-0.0318575120739769
"S2_B_exclude_code32",966,0.0208540661983082,-0.028882474764378,-0.0223163493947896,-0.0357524967426465,-0.0213847969700993
"S2_B_exclude_code32",967,-0.00789217292109459,-0.0644832477895213,-0.000375268264738576,-0.084478946533648,-0.015541118797879
"S2_B_exclude_code32",968,-0.00389198757258808,-0.0360645260267851,-0.0580539569346954,-0.0179373322550843,0.0128392930589806
"S2_B_exclude_code32",969,-0.0216444310276595,-0.0565363522814542,0.0223461925936443,-0.0322103954974492,-0.0991916067930718
"S2_B_exclude_code32",970,-0.0149089256118349,-0.0248993098532785,-0.0108461001064972,-0.0774835929497243,-0.122266817598993
"S2_B_exclude_code32",971,0.0151363816066895,-0.0185724290110622,-0.0173749524767961,0.0249232738379653,-0.0719658509235495
"S2_B_exclude_code32",972,-0.00236836257163109,-0.0828973943658568,-0.0081456179171209,-0.00037000966265191,-0.0515024228093315
"S2_B_exclude_code32",973,0.0127733122442389,-0.0280745702994542,0.0144774469651736,-0.0480159000735418,-0.0551911044168694
"S2_B_exclude_code32",974,-0.0300017999005143,-0.0414147532886127,-0.0161698852942187,-0.0429518291011371,-0.0497527029839943
"S2_B_exclude_code32",975,-0.004482148224505,-0.0374321869334656,-0.0793689088523742,-0.0122932554893812,-0.0984388093015388
"S2_B_exclude_code32",976,0.00256429733985727,-0.00087891830786499,-0.000168124979221973,-0.0628978547784073,-0.00529020143441078
"S2_B_exclude_code32",977,0.0174773577052719,-0.0548497022313868,-0.011289335922721,-0.0631471561171077,-0.0793112051726033
"S2_B_exclude_code32",978,0.0177550207309516,-0.0319832194548567,-0.0462898961023735,-0.036238445839975,-0.0446029570163141
"S2_B_exclude_code32",979,-0.0189271222933998,-0.0367580110977497,-0.0046296808787028,-0.0465309825964843,-0.0560792851747274
"S2_B_exclude_code32",980,-0.0287363265256966,-0.0430067416477242,0.00322867804202881,0.00856692747624241,-0.0381388964770148
"S2_B_exclude_code32",981,-0.00905526801116492,-0.0358507652371203,-0.00788445992341388,-0.0648767819219755,-0.101551462213188
"S2_B_exclude_code32",982,0.0284185205069883,-0.0506490567743909,0.023157732742374,-0.0490918659100432,-0.0467944567266931
"S2_B_exclude_code32",983,-0.0164250799442169,0.0131142962027972,0.00758417020042179,-0.0341050452703953,-0.124675728084948
"S2_B_exclude_code32",984,-0.00801153882151814,-0.036722586467664,-0.0452837624891475,-0.0239182902785841,-0.0413454536177298
"S2_B_exclude_code32",985,0.00475612230253496,-0.0443528333873185,-0.0147265244129646,-0.0173854191269913,-0.0681396889924
"S2_B_exclude_code32",986,-0.0314289226928553,-0.041124395207707,0.0151649640134363,-0.0134911282766998,-0.100097611411892
"S2_B_exclude_code32",987,-0.0123738313374475,-0.0513416327800626,-0.0157580980698965,-0.00417250152419257,-0.0275118787618797
"S2_B_exclude_code32",988,-0.0109344754091357,-0.0153806098893008,-0.0417968909236048,-0.0156041048188408,-0.0613932095806568
"S2_B_exclude_code32",989,0.00236885446991889,0.0129477951764551,-0.0235525536597292,0.00918732973590392,-0.0324779550470293
"S2_B_exclude_code32",990,0.0176611691186425,-0.0151815187160443,-0.0127985076732703,-0.0415292457868343,-0.0817465568949659
"S2_B_exclude_code32",991,-0.00821013496453146,-0.0277185102145998,-0.0616397714405674,-0.00081527048809954,-0.0510595298777169
"S2_B_exclude_code32",992,-0.0154261213186946,-0.0536001320356683,-0.0540403038860545,-0.028045518289226,-0.00838095578805936
"S2_B_exclude_code32",993,0.00556646441004251,-0.0186631610849969,-0.0371002185596631,-0.00376097485094096,-0.00149260561778608
"S2_B_exclude_code32",994,-0.00842529106303619,-0.0396741624010439,0.0148076757434361,-0.0171610506190849,-0.0588795253514756
"S2_B_exclude_code32",995,0.00328177515863354,-0.0361398478477332,0.0130159411941753,-0.0862348750691017,-0.00340414469431227
"S2_B_exclude_code32",996,-0.0107772208679897,-0.0158556751891137,0.0387035756284987,0.0346636079263664,-0.100491553099463
"S2_B_exclude_code32",997,0.00259096105765392,-0.0168100829827096,-0.0173613554863689,-0.0364726661763713,-0.0754201884984954
"S2_B_exclude_code32",998,0.0100232701964963,-0.028405310397183,0.0262247971203619,-0.0815107616276083,-0.0201450468615871
"S2_B_exclude_code32",999,-0.00921656438451709,0.0356496192775986,-0.0732440776838145,-0.00309635025554131,-0.0733945007489121
"S2_B_exclude_code32",1000,0.001530816150673,-0.0389469367769958,0.0059360059929342,-0.000966547199758694,-0.0802456956663728
"S2_C_colectomy_40_79",1,0.00430855423956723,-0.0125677653256442,-0.0359577235607012,-0.0393580444896786,-0.0679888207186422
"S2_C_colectomy_40_79",2,0.00971380468810766,-0.0362516506955746,-0.0427630649097058,-0.0416573595907369,-0.021498188287845
"S2_C_colectomy_40_79",3,0.00442331554575329,-0.0558163287442924,-0.017698461698737,-0.00389861218895807,-0.0498078722746089
"S2_C_colectomy_40_79",4,0.0406085058019016,0.0355836455875042,-0.0135047700179892,-0.00690000852001052,-0.0465019171021567
"S2_C_colectomy_40_79",5,-0.00380210615514939,-0.0468485583042335,-0.0524736077304022,-0.0513277413409872,-0.0262935733073549
"S2_C_colectomy_40_79",6,0.00994069142920508,-0.0291471595557532,-0.00228000632376243,0.0120764875698294,-0.0758427803212023
"S2_C_colectomy_40_79",7,-0.0178524464445091,0.00956201627183145,-0.0343718611301721,-0.0017797897222353,-0.0134787540560235
"S2_C_colectomy_40_79",8,0.00820529359476371,-0.0311241613930608,0.0446029221124257,0.00274023264883311,-0.0972900042216582
"S2_C_colectomy_40_79",9,0.00899034621691581,-0.0691282446652056,0.00290233335801204,-0.0210383116030751,-0.0709046124249236
"S2_C_colectomy_40_79",10,-0.0221104516489049,0.0136291160940232,-0.0306260715141185,0.00480380613550352,-0.0822143958283649
"S2_C_colectomy_40_79",11,0.00387132769839207,-0.0541144989356581,0.013998844671714,-0.0391669050974066,-0.065291458005701
"S2_C_colectomy_40_79",12,0.0277073179156962,-0.0425891505937184,0.000990012131585255,0.0189060529395862,-0.0381286175767369
"S2_C_colectomy_40_79",13,0.0200050027915846,-0.0257030032464258,-0.0155861188245404,-0.0344139899979518,-0.0823008935686456
"S2_C_colectomy_40_79",14,0.0394047914671229,-0.0377954063296301,-0.00713635039852634,-0.0268497641193949,-0.034609888544589
"S2_C_colectomy_40_79",15,0.00251538857656434,-0.0905446671353958,-0.00118567926942229,-0.0186792725968772,-0.0895474152621541
"S2_C_colectomy_40_79",16,0.00500168119766019,-0.041306935638709,-0.028210910026624,-0.0231779676941448,-0.0338656088672211
"S2_C_colectomy_40_79",17,0.0223382443458056,-0.0126337510147331,-0.0705345442233628,0.00545697618832081,-0.0447560100035825
"S2_C_colectomy_40_79",18,-0.0133073534056039,-0.0150847493203093,-0.067122370564574,-0.0149462538617418,-0.0544010820821558
"S2_C_colectomy_40_79",19,-0.00664961412095046,-0.0371336102378683,-0.0303628392807185,-0.011874241450665,-0.0803545677256373
"S2_C_colectomy_40_79",20,0.0012562414285605,-0.0280725923408636,0.00283823746639847,-0.0187803038591701,-0.00381213589911039
"S2_C_colectomy_40_79",21,0.00281504972068637,-0.0139234087689328,0.00637145452109322,-0.0814151895256239,-0.0482276252033756
"S2_C_colectomy_40_79",22,0.0173540251741846,-0.0522037013426165,0.0182988437544074,-0.0617812181570241,-0.0638395244209697
"S2_C_colectomy_40_79",23,-0.0116473386806737,-0.0128623835686146,0.000495416076176425,-0.0340834219439515,-0.0197515030327816
"S2_C_colectomy_40_79",24,0.00941787263978977,-0.00285865531810638,-0.024714194205721,0.00709023871477063,-0.0286137112851298
"S2_C_colectomy_40_79",25,0.0274251926559245,-0.00685277106382828,-0.0447816385281571,-0.0198647761010735,-0.074179958023794
"S2_C_colectomy_40_79",26,0.0178431515106222,-0.0126738837152232,-0.0314692653178066,-0.00308015293484032,-0.0457213404560267
"S2_C_colectomy_40_79",27,-0.0391329605380007,-0.00912944878433,-0.0243129491234384,4.54856427443695e-05,-0.0355405476175757
"S2_C_colectomy_40_79",28,0.0190668137136652,-0.0458459147377714,-0.00105570615532893,-0.0527947360737079,-0.0411242499125654
"S2_C_colectomy_40_79",29,0.00203818504230834,-0.0770159714443285,0.0469377818053416,-0.0503456945602601,-0.0837135712010614
"S2_C_colectomy_40_79",30,-0.00138989779589455,-0.0660732971312103,-0.0356619078164785,-0.0326188144845975,-0.0995301903215159
"S2_C_colectomy_40_79",31,0.00663743049956293,-0.0331447069104591,-0.0298011232668967,-0.0168345267830455,-0.148572310166088
"S2_C_colectomy_40_79",32,0.00498797615611613,-0.0178448542154133,-0.0183596603222382,0.0249614544053063,-0.0569461667751909
"S2_C_colectomy_40_79",33,-0.041731352661337,-0.0539883921850121,0.00749220944660869,-0.0510482053636759,-0.0719789001196294
"S2_C_colectomy_40_79",34,-0.00669414904206593,-0.0202341490441948,-0.00722041236938839,-0.041336973297548,-0.0807344078458094
"S2_C_colectomy_40_79",35,-0.0114968658883858,0.0110268568437133,-0.0136454867947995,-0.0288306218052038,-0.0732863218056737
"S2_C_colectomy_40_79",36,-0.00195696882126259,-0.0099962036215895,-0.0225270747225645,-0.00802169807706829,-0.0765100579773575
"S2_C_colectomy_40_79",37,-9.97110312303123e-05,-0.0179160371359567,0.00938755270606523,-0.0451229142902068,-0.0505791734846473
"S2_C_colectomy_40_79",38,0.0155283113332635,-0.00348911052961648,-0.0285341816275088,0.0281558419763881,-0.138294427641884
"S2_C_colectomy_40_79",39,0.0142141328934243,-0.0211576113624414,0.0103568897873129,-0.0275927095475932,-0.0705919167496896
"S2_C_colectomy_40_79",40,0.0116998737333815,-0.0573239871065143,-0.0247395170432752,-0.00691042691077623,-0.00353188357258172
"S2_C_colectomy_40_79",41,0.0106712575022277,0.00979851136634649,-0.0312872575033544,-0.00378269603595752,-0.0385754450972015
"S2_C_colectomy_40_79",42,-0.0291732446381642,-0.0146174731266507,-0.0432863450778411,-0.0396817408936558,-0.0349535508263947
"S2_C_colectomy_40_79",43,-0.0289068452177845,0.00834201411108554,0.00224432619388726,0.0063667941620924,-0.0531746754249329
"S2_C_colectomy_40_79",44,-0.00609354571837108,-0.0290027026395061,0.0117032916576331,-0.00195598581785847,-0.112596319547647
"S2_C_colectomy_40_79",45,0.0170830460695447,-0.0312481878952139,-0.0222819982739278,-0.0217302024956381,-0.0927741489966712
"S2_C_colectomy_40_79",46,0.0148406366773718,-0.051896546572274,-0.0311702112048308,-0.0253221851872396,-0.033492634931568
"S2_C_colectomy_40_79",47,0.00683131783630841,-0.0310154761718718,0.0405784787930579,-0.0893373724018441,-0.0150163744588846
"S2_C_colectomy_40_79",48,0.0058613701011638,-0.029270580940428,-0.0529625406304337,-0.0110856549239136,-0.0705319028108435
"S2_C_colectomy_40_79",49,0.00972192506399718,-0.00760231222413714,-0.0195092358531048,-0.0630306451639348,-0.0113368995797927
"S2_C_colectomy_40_79",50,-0.00224652004099529,-0.0307819060764509,-0.0162325885335807,-0.0487901310725238,-0.0776806309049626
"S2_C_colectomy_40_79",51,0.0145383800955094,-0.0364168595365805,-0.0134850019095226,-0.0393086734732317,-0.00204154502154524
"S2_C_colectomy_40_79",52,-0.0147711617084665,-0.027292966900418,-0.0173490483537067,-0.0655326160006027,-0.0464283265975937
"S2_C_colectomy_40_79",53,0.0283906864350271,-0.0516340302288424,-0.0081644157029846,-0.0542641117186154,-0.0410860790693417
"S2_C_colectomy_40_79",54,-0.0148408674753822,-0.0425321855816778,-0.0155792303522022,-0.0327124926196872,-0.0888396207247764
"S2_C_colectomy_40_79",55,0.00654230573327556,-0.0656257557944333,0.0198133750517418,-0.00104443768923287,-0.0607223629967103
"S2_C_colectomy_40_79",56,-0.0300704809099054,-0.0798590541992227,0.0101413313727312,-0.0128122602839969,-0.0832529583212661
"S2_C_colectomy_40_79",57,0.000968772290625169,0.0139421949880696,0.00875644615161139,-0.0581666148059374,-0.0177618133705109
"S2_C_colectomy_40_79",58,0.00529754024948856,-0.035980321855787,-0.053237592277739,-0.0104540554919217,-0.0709806638543589
"S2_C_colectomy_40_79",59,0.0247699392462051,-0.043961822444771,-0.0371996385772707,0.0171633199742207,-0.065248521399653
"S2_C_colectomy_40_79",60,0.00642581278244721,-0.0124039459703969,0.00522848657577912,-0.0391591535110852,-0.0700469468677435
"S2_C_colectomy_40_79",61,0.00904584064527685,-0.0079935104238015,0.0243125293828349,-0.0498627455126693,-0.0650331307134352
"S2_C_colectomy_40_79",62,-0.00106585963595882,-0.0499548974656885,0.00472912696386479,-0.0633749964602328,-0.0684673523768562
"S2_C_colectomy_40_79",63,-0.0199172010863032,-0.0613468368303964,-0.0287675079907574,-0.0332508132871695,-0.0596809233177403
"S2_C_colectomy_40_79",64,-0.0154689434891172,-0.0311078999577083,-0.024376279013436,-0.0388284165631686,-0.108154514726086
"S2_C_colectomy_40_79",65,-0.00219770894242826,-0.0322998924680645,-0.00109937160150342,-0.0791032906557772,-0.103750698246101
"S2_C_colectomy_40_79",66,-0.0108300046798057,-0.0243015506114299,-0.0208805904006675,-0.0743643960361798,-0.0786268142840107
"S2_C_colectomy_40_79",67,-0.0101408298445414,-0.0462322449683997,-0.0434228845255974,-0.0285581215901997,-0.0732695741781129
"S2_C_colectomy_40_79",68,-0.00399779732381839,-0.0238692172639341,0.00630838076451531,-0.0623817324112408,-0.0501776536261417
"S2_C_colectomy_40_79",69,0.0153307610016821,-0.0425714587728616,-0.0204351347881687,0.0156734830056739,-0.0821836205630336
"S2_C_colectomy_40_79",70,0.000400721653472574,-0.00130595072095747,0.0108924156798926,-0.0310148074234283,-0.0781395627172301
"S2_C_colectomy_40_79",71,0.0090735343373235,-0.0596019376638819,0.0289213742926095,-0.0469260837728288,-0.0397825223739628
"S2_C_colectomy_40_79",72,-0.00238285027083657,-0.078062188731505,0.00520202541165654,-0.0458112084099836,-0.0355696282551687
"S2_C_colectomy_40_79",73,0.00443928805543591,-0.0150225021734737,0.0236193552520535,-0.078185438202695,-0.0962292648668502
"S2_C_colectomy_40_79",74,-0.00289569526646676,-0.0292033516966864,-0.0549761688319139,-0.00225493234464186,-0.112898570346825
"S2_C_colectomy_40_79",75,0.00439450822784609,-0.0696526236732753,-0.0346945308290658,0.0483248762698698,-0.0676595233754771
"S2_C_colectomy_40_79",76,0.00629125080060839,-0.0596553956108632,-0.0326966394189417,0.023530207441369,-0.117354103063535
"S2_C_colectomy_40_79",77,-4.51875662645651e-05,-0.0271386021895293,-0.0125926273301856,-0.0525930244695304,-0.0925387288544978
"S2_C_colectomy_40_79",78,0.000483305387788915,-0.0232356069047302,0.0286619965991728,-0.0617793965382285,-0.0943279066737213
"S2_C_colectomy_40_79",79,-0.0273250966018308,-0.0632437774652867,-0.0455401660830546,0.0540846716001843,-0.0704044390574891
"S2_C_colectomy_40_79",80,0.0194629379262965,-0.0489915959642182,-0.00827270995357998,-0.0597950547087477,-0.0441292285633297
"S2_C_colectomy_40_79",81,-0.0175321260253455,0.00285272476100917,0.0127911251973072,-0.0601854507870181,-0.0766104508453543
"S2_C_colectomy_40_79",82,-0.024251063482008,-0.0323642379636106,-0.00117857057203771,-0.0753736217320732,-0.106525578597425
"S2_C_colectomy_40_79",83,0.00473814522183925,-0.0494577034580631,0.0150805245100524,-0.0812407549534419,-0.0365973136661688
"S2_C_colectomy_40_79",84,0.00458532413501395,-0.0412446979978636,-0.0516845548665349,-0.00953320690693452,-0.0653964881467108
"S2_C_colectomy_40_79",85,0.00615167238475006,-0.0141978224366713,-0.0379615011586423,-0.0871892307393604,-0.00861373201258031
"S2_C_colectomy_40_79",86,0.0138223019958204,-0.00176696614892359,-0.076042963979377,-0.0728864458482323,-0.0363986004899177
"S2_C_colectomy_40_79",87,0.0204019903989707,-0.0190261042080882,-0.00432103276404053,0.0209077732944498,-0.0587109901575746
"S2_C_colectomy_40_79",88,0.00371814879324721,-0.00960911865376987,-0.0369574826450886,-0.0332204537172549,-0.0321591793998885
"S2_C_colectomy_40_79",89,-0.00485998247456874,-0.0457351812754651,0.0493420935724723,-0.0299511770346167,-0.0721678450708527
"S2_C_colectomy_40_79",90,-0.0320707678736359,0.000726651756891794,-0.047668020549557,0.0148193019063926,-0.0564549103146369
"S2_C_colectomy_40_79",91,0.0119994741787084,-0.00480589964759487,-0.0220109976567308,-0.119391082364054,-0.00329508960596098
"S2_C_colectomy_40_79",92,0.00939578079009186,-0.0108641277644458,-0.0459011520693844,-0.0334636191776367,-0.0202746718687839
"S2_C_colectomy_40_79",93,0.0202587483851856,-0.009421951911937,-0.0265997570071638,-0.0508629553184838,-0.108133877244294
"S2_C_colectomy_40_79",94,0.00683243717832421,-0.0304732998913931,-0.0160367543489093,-0.0550706407168927,-0.0911721291008404
"S2_C_colectomy_40_79",95,-0.0137239350013118,-0.0114000928548016,0.00999675964362534,0.0195144596291236,-0.0345005552532935
"S2_C_colectomy_40_79",96,0.0153610264293671,-0.0402845506423524,-0.00969861243415454,-0.00562985812634775,-0.0276615187650869
"S2_C_colectomy_40_79",97,0.011210107620306,-0.0479647033434295,0.0225121774744264,-0.0454619888707511,-0.10439025929398
"S2_C_colectomy_40_79",98,-0.0310751360331603,-0.00329309550577463,-0.040800649505281,-0.0146800298795956,-0.104873715862751
"S2_C_colectomy_40_79",99,0.00621858282072198,-0.0247474486861461,0.00106822174501126,-0.0636756597781573,-0.0538464883750168
"S2_C_colectomy_40_79",100,-0.0219668936007135,-0.00597314301499517,-0.0288623059159782,-0.108176432926398,-0.0669464371420481
"S2_C_colectomy_40_79",101,-0.0066319331870912,-0.0143938036393911,-0.00543638241427202,0.000173151836517255,-0.0516319450956515
"S2_C_colectomy_40_79",102,0.0194141101645812,-0.0480610194862905,0.00834213414474425,-0.0106854387611794,-0.0554921560690938
"S2_C_colectomy_40_79",103,0.0125371935686788,-0.0253331654549098,-0.0540423562313073,-0.0468689329358929,-0.0146619457805091
"S2_C_colectomy_40_79",104,0.0138780589750519,-0.0211269689652319,-0.0149825092982202,-0.0619920737947096,-0.0300933846734977
"S2_C_colectomy_40_79",105,0.002695647303683,-0.017106171590922,0.00617395293745784,-0.0231075584433518,-0.112464438484762
"S2_C_colectomy_40_79",106,0.0328190056269687,-0.0421504792842719,-0.0138515281500317,-0.0529974879392019,-0.0727392128719829
"S2_C_colectomy_40_79",107,0.0117109121826118,-0.0248636513751548,-0.0369008464897315,0.00173661927924945,-0.0542119810113799
"S2_C_colectomy_40_79",108,0.0250651811212727,-0.0249868881091115,0.00231891509784976,-0.0767952703777953,-0.0976579910570576
"S2_C_colectomy_40_79",109,-0.00483482129995442,-0.0285686699058967,-0.0069545903169175,-0.0576052084936746,-0.138998055430079
"S2_C_colectomy_40_79",110,-0.0175018848714941,-0.0305828729017372,0.000933727452169214,-0.0828706656350761,-0.0992873955351612
"S2_C_colectomy_40_79",111,0.00173188420381325,-0.0186271330469336,-0.0145590271300149,-0.011383882096096,-0.0845338851954318
"S2_C_colectomy_40_79",112,-0.00548021270226109,-0.00240524871830101,0.0347817750667799,-0.082493770357248,-0.0395323744098034
"S2_C_colectomy_40_79",113,-0.0106926545914914,-0.0560776061062805,-0.00974773922451602,0.0143606662093986,-0.0667969318264556
"S2_C_colectomy_40_79",114,0.00213912336282325,-0.0540264848307006,0.00743027100781621,-0.0445641030216432,-0.0407887428540621
"S2_C_colectomy_40_79",115,-0.000834851770515455,-0.00107189889859528,-0.00635894905617843,-0.0685112835817505,-0.0909451880296875
"S2_C_colectomy_40_79",116,-0.01227944201192,-0.0261153394760285,-0.0602649106594996,-0.0194483380312488,-0.0667985468381874
"S2_C_colectomy_40_79",117,-0.016952906508982,-0.0579982456812091,-0.0277678999056108,-0.0107803126340505,-0.103888418486244
"S2_C_colectomy_40_79",118,-0.010963406641238,-0.0592800589745395,0.0215338203331474,-0.0583057491577195,0.000245111283004529
"S2_C_colectomy_40_79",119,-0.00998499835584379,0.0187515619258293,-0.0456155284870005,-0.0222939195339233,-0.106947400099288
"S2_C_colectomy_40_79",120,0.0155919260659654,-0.0862362992802487,-0.0183945687538116,-0.0944207682005575,-0.046732901518812
"S2_C_colectomy_40_79",121,0.0192378218960896,-0.0517306922304236,-0.00670738193011389,-0.0186685543556759,-0.0599058613582418
"S2_C_colectomy_40_79",122,-0.00222555915096423,-0.0284873837841882,-0.0255590565616023,-0.0883682305911517,-0.0701842099293359
"S2_C_colectomy_40_79",123,-0.018767995753847,-0.0365227446341583,0.00228209830907258,-0.0470107722008943,-0.00327304489903346
"S2_C_colectomy_40_79",124,-0.00672175944804639,-0.0320948204603571,-0.0203844295490168,-0.0380273065044378,-0.0418441995396394
"S2_C_colectomy_40_79",125,-0.0167817415717511,-0.0469641555170468,-0.0397410767330404,-0.00838168930651481,-0.0603986114274843
"S2_C_colectomy_40_79",126,-0.0117357091560533,-0.0133959592318911,0.00757233508830943,-0.0995035385629773,-0.0519871310682264
"S2_C_colectomy_40_79",127,0.0304352006038821,-0.0427481048121979,0.0119849434325937,-0.012105230607733,-0.107300979171175
"S2_C_colectomy_40_79",128,-0.0166104275720132,-0.0184997576804988,0.0156560549002138,-0.0520737773961701,-0.0462556713314978
"S2_C_colectomy_40_79",129,-0.00165429553424402,0.00423645378221037,-0.0463949871710463,-0.0279496962383464,-0.124429101449765
"S2_C_colectomy_40_79",130,-0.0169894835510801,-0.0264984684977955,-0.0500104996758291,-0.00807830522067882,-0.0319275911213611
"S2_C_colectomy_40_79",131,-0.0167902964088815,-0.0049950799060465,-0.0609698172197779,0.000725433755880245,-0.134028235028124
"S2_C_colectomy_40_79",132,0.000277095966738097,-0.00326906114750571,-0.0411424353139899,-0.068561655262764,0.0325758302327405
"S2_C_colectomy_40_79",133,-0.000873253644427294,-0.0705735242925715,-0.00665712219693063,-0.0339374460398613,-0.0722837825169693
"S2_C_colectomy_40_79",134,-0.0184691310601767,-0.00419340742681991,-0.00266864761746599,-0.0575949651899484,-0.0983681568017015
"S2_C_colectomy_40_79",135,-0.0150451754918476,-0.0433898338911852,0.0217444091825153,-0.0538673106321481,-0.00771228426258475
"S2_C_colectomy_40_79",136,0.00627851991634489,-0.0313224023757431,-0.00383796329264702,-0.0757907096449738,-0.108035922302502
"S2_C_colectomy_40_79",137,-0.0112816655162272,-0.017267934450658,-0.00690224457056793,-0.0357093997331722,-0.10555527180999
"S2_C_colectomy_40_79",138,0.00485605882181338,-0.0105750586679647,-0.0252323307280201,0.0265857574356086,-0.0749150515808777
"S2_C_colectomy_40_79",139,0.00653258562584388,-0.0114184380345675,0.0054082012998572,-0.031105860228181,-0.0217814937364155
"S2_C_colectomy_40_79",140,-0.00670493293352207,-0.0431208340454443,-0.0650864553480695,-0.0438612606116529,-0.0163142750839447
"S2_C_colectomy_40_79",141,-0.00410202933592162,-0.0400051929232482,0.0136339525584809,-0.0560251413053605,-0.077303194311218
"S2_C_colectomy_40_79",142,-0.00810590049466702,0.0170373824734955,-0.0218309190411515,-0.0228190634200276,-0.0309466696351838
"S2_C_colectomy_40_79",143,0.0214046099008223,-0.00819186662030384,-0.00499736749500909,-0.0960811734265223,-0.0931960594262853
"S2_C_colectomy_40_79",144,-0.0345636831343617,-0.0437044862620758,0.0399974478554467,-0.0239210087124002,-0.0211550906307317
"S2_C_colectomy_40_79",145,0.0351828700527358,-0.0382748790985431,0.00427813814763087,-0.0343015579512174,-0.0498079888348902
"S2_C_colectomy_40_79",146,0.00743616101830588,-0.0261426608095354,-0.0378687596659785,-0.0589946351829181,-0.0530017065442752
"S2_C_colectomy_40_79",147,-0.00689856746600992,-0.0376936571836717,-0.0098135931340439,0.0254883731909321,-0.052703448659406
"S2_C_colectomy_40_79",148,-0.0003665879845898,-0.0396659539578863,-0.0029702057585147,-0.0672491187488211,-0.044560397625351
"S2_C_colectomy_40_79",149,-0.0311348058395009,-0.00140574101864314,-0.0682574480170508,-0.0244193308826753,-0.0998013349767639
"S2_C_colectomy_40_79",150,-0.00421260180598047,-0.0166156450509896,-0.0520981126616755,-0.0228223152084497,-0.0401809755810089
"S2_C_colectomy_40_79",151,-9.95874877865247e-05,-0.0314212985694651,-0.0432771439186258,-0.00567608326284894,-0.0718510616544282
"S2_C_colectomy_40_79",152,-0.00594731728023247,-0.0579595601028256,0.00815237774848512,-0.0180434948184968,-0.0376611291564046
"S2_C_colectomy_40_79",153,0.00832218203375046,-0.0351030112482702,-0.0101901603968517,-0.0698963540388462,-0.0444296086362073
"S2_C_colectomy_40_79",154,0.0221765053341526,-0.0442230288695027,-0.0154822247704099,-0.024129309091177,-0.078980689857486
"S2_C_colectomy_40_79",155,-0.0133709894244709,-0.0338140352447752,0.0467891199947559,-0.0601812449407241,-0.0249072716780765
"S2_C_colectomy_40_79",156,-0.00504456775588887,-0.0127342147402384,-0.026048766427099,-0.00620482132214528,-0.149375688809289
"S2_C_colectomy_40_79",157,0.00333431700347419,-0.023490924590738,-0.000421054204479132,-0.0850746659213484,-0.0619059567118304
"S2_C_colectomy_40_79",158,0.00838427443831984,-0.104065176627702,0.0022126990991965,-0.0186835946851248,-0.0117091772109013
"S2_C_colectomy_40_79",159,0.0152378201205694,-0.0045607883720306,0.0136911912432284,-0.0952149147905227,-0.0331637772463636
"S2_C_colectomy_40_79",160,0.0119145734385608,-0.0319464353093479,0.0181928712764677,-0.0906215971278163,-0.0582974569922484
"S2_C_colectomy_40_79",161,-0.00313877179544446,-0.0336023049584272,-0.0029370583308356,-0.0238726842697266,-0.0579073852624575
"S2_C_colectomy_40_79",162,0.000775870086884269,-0.0124866367240724,0.0150204776327562,-0.0209619282026859,-0.0775761165448233
"S2_C_colectomy_40_79",163,0.0135036328804767,-0.0233266330497849,0.00891421256837879,-0.0347430591032991,-0.0674816972041976
"S2_C_colectomy_40_79",164,-0.00603426073562333,-0.0290265025957514,-0.0572792704680141,0.0125608651153392,-0.0686763659758432
"S2_C_colectomy_40_79",165,-0.0292607050691846,0.0117392099478508,-0.0569434993613541,-0.0266895734723421,0.00266963655987923
"S2_C_colectomy_40_79",166,0.00711349925726465,-0.0453599464587672,-0.00308029752746036,-0.046922501431066,-0.0920825961572022
"S2_C_colectomy_40_79",167,-0.0252245635120081,-0.0565359969280042,-0.0374271546730511,0.0100430638921059,-0.0861275952524153
"S2_C_colectomy_40_79",168,-0.0149631622160463,-0.0115171131607056,-0.042158745788665,-0.0903239956929145,-0.0392616697130026
"S2_C_colectomy_40_79",169,-0.0292466548795932,-0.0474753991376401,-0.00730050536627858,0.0173332447489571,-0.0635137015006224
"S2_C_colectomy_40_79",170,0.0179375509823391,-0.00439172143933536,-0.0241626462748173,-0.0353359298463707,-0.0394530515661581
"S2_C_colectomy_40_79",171,0.00442327637692919,-0.0195040289018751,-0.0151852140593707,-0.0603961747139435,-0.0396408447776178
"S2_C_colectomy_40_79",172,-0.0122713815164116,-0.0428412149791332,-0.0417695289663339,-0.092772642130234,-0.0251844581689321
"S2_C_colectomy_40_79",173,-0.0107767397466861,-0.0548884138631589,-0.0274607924348914,-0.0319835502011891,-0.0828819942609169
"S2_C_colectomy_40_79",174,-0.0158546793853132,-0.0341423404077274,0.00647517072170914,-0.00915034211608112,-0.0993711181762339
"S2_C_colectomy_40_79",175,0.0123003960827924,-0.0274422122751631,-0.0449978181974331,-0.0271999255827526,-0.0265890389995492
"S2_C_colectomy_40_79",176,-0.0193587323003167,-0.037433348734576,0.00213200187105922,-0.033856339827399,-0.0716079695718017
"S2_C_colectomy_40_79",177,0.0162368282617019,-0.00777512101054119,-0.0145148807671163,-0.0897177634134571,-0.0867854936196629
"S2_C_colectomy_40_79",178,0.0365193590646061,-0.0263620522691749,0.00923091608835383,-0.100661083451214,-0.109015512018734
"S2_C_colectomy_40_79",179,0.00583436178608992,-0.0523695262425821,-0.010197366898041,-0.0297907777193525,-0.0179191810699162
"S2_C_colectomy_40_79",180,-0.00344324023216196,-0.0524480452572157,-0.00706556419367219,-0.0881518960802022,-0.050686342251074
"S2_C_colectomy_40_79",181,-0.00239150366665972,0.0200118336752386,-0.0400205208185176,-0.0700929367124597,0.000738040917534322
"S2_C_colectomy_40_79",182,0.0154304395959661,-0.0331154095167129,0.0387254011116863,-0.0163902901894902,-0.020778625801212
"S2_C_colectomy_40_79",183,0.00399519067549047,-0.0535534680161681,-0.0116758407342244,-0.021211298832168,-0.0247211454260916
"S2_C_colectomy_40_79",184,0.0196316279137405,-0.0209424240962177,-0.00441463135986095,-0.0573783988710587,-0.0989639669060944
"S2_C_colectomy_40_79",185,-0.0280124275394874,0.0347548719696635,-0.0447033773021525,-0.0881914606319592,-0.0330921025609502
"S2_C_colectomy_40_79",186,-0.00183560278031602,-0.00668458659433814,-0.0108948127277114,-0.0126880829553627,-0.0720981912300666
"S2_C_colectomy_40_79",187,0.00247266139977285,-0.0394141852201984,-0.0379382823276395,-0.0420364983690781,-0.0532795975806122
"S2_C_colectomy_40_79",188,0.00129000964925398,-0.0719716750848652,-0.00636903787873089,-0.0650196768519777,-0.0811917242720428
"S2_C_colectomy_40_79",189,0.00567918614712289,-0.0631469284840688,0.0608279076526718,-0.00988473703492995,-0.0420603711763771
"S2_C_colectomy_40_79",190,0.022528370333014,-0.0163137812083886,-0.00520503911631345,-0.10934619838187,-0.0300143131879497
"S2_C_colectomy_40_79",191,0.00749615088979673,-0.0133109454736536,-0.0200353941120165,-0.0205673003916849,-0.0818677984214635
"S2_C_colectomy_40_79",192,-0.00953859966308582,-0.0233481876534918,-0.00377390183532664,-0.0588045339443952,-0.0841741129767871
"S2_C_colectomy_40_79",193,-0.0268221039202745,-0.00701824999414039,-0.0181341514179452,-0.0472721211886412,-0.0863454002669957
"S2_C_colectomy_40_79",194,0.00484206709375323,-0.0462249375731617,-0.0443515216733154,-0.0062755975437101,-0.045434006498855
"S2_C_colectomy_40_79",195,-0.00360706064248871,-0.0482548100671711,-0.0203618064964572,-0.00330879721456631,-0.0363945144866214
"S2_C_colectomy_40_79",196,0.0272810994564459,-0.0725341396949762,0.0100580076303983,-0.0197808284469294,-0.0953530177068682
"S2_C_colectomy_40_79",197,-0.00290788653066656,-0.030481235523635,-0.00469277344760027,-0.0675370178129882,-0.0899128097946219
"S2_C_colectomy_40_79",198,-0.0187603477248848,-0.0420694412120843,-0.0359416711007968,0.00401652473984779,-0.0372193347591289
"S2_C_colectomy_40_79",199,0.0190510872414595,-0.045832134279684,-0.0171610378788684,-0.0893561394919681,-0.0797285775848313
"S2_C_colectomy_40_79",200,0.00454768967191528,-0.0299456334781791,-0.00617000864091964,-0.021814705695458,-0.046285077617007
"S2_C_colectomy_40_79",201,0.0133344813331297,-0.0364277488106622,-0.00949192392893257,-0.0719462568530737,-0.110495883334819
"S2_C_colectomy_40_79",202,0.0287345831454705,0.000814749796774941,-0.00687218488303173,-0.014183353255202,-0.0921433302908307
"S2_C_colectomy_40_79",203,-0.0174356281960708,0.017993457142093,-0.00312494844354033,-0.0442406289060066,-0.148691051804432
"S2_C_colectomy_40_79",204,0.00151489107476512,-0.0183067330705744,0.00403863795739812,-0.0532931364974382,-0.0541339012836583
"S2_C_colectomy_40_79",205,-0.0123269667410176,-0.0476114297289778,-0.0439260171375276,-0.0467249190871917,-0.0808878960101815
"S2_C_colectomy_40_79",206,-0.00438439995574261,-0.0908852151943699,0.0389003794193141,-0.0521650330317927,-0.0172708567005967
"S2_C_colectomy_40_79",207,-0.0067663857923151,-0.0104559178534325,-0.015383878308371,-0.0191904763891436,-0.0477849761752991
"S2_C_colectomy_40_79",208,0.0135903811937344,-0.0376235399418177,-0.0214517963802607,0.00087834964232289,-0.0565931180955495
"S2_C_colectomy_40_79",209,0.019138372513657,0.00335712890806679,0.0119119465847474,-0.0979245709311032,-0.0514328448936481
"S2_C_colectomy_40_79",210,-0.00918419979959421,-0.0234219751809468,-0.0177286537474443,-0.0299939409945081,-0.0842096845448561
"S2_C_colectomy_40_79",211,-0.0208823047792471,-0.0512750645663787,-0.0289912851450112,-0.0613783059860654,-0.0351687600124841
"S2_C_colectomy_40_79",212,0.0254195085328804,-0.0294756718969556,-0.0577844794147558,-0.0545350027468978,-0.107848336225396
"S2_C_colectomy_40_79",213,-0.00641210639688664,-0.0584355995058279,0.00361459188007024,-0.0327355077839605,-0.100994775386461
"S2_C_colectomy_40_79",214,0.021552431350556,-0.0478271334501994,-0.00767746697443572,-0.0647498409413147,-0.0408870017043767
"S2_C_colectomy_40_79",215,-0.0136267869985342,-0.0426068341179077,-0.0189413585268289,-0.0380225306321033,-0.0154012477255364
"S2_C_colectomy_40_79",216,0.000801560239936085,-0.0100786153686653,-0.0166139538302154,0.00732357369633024,-0.0694033328940344
"S2_C_colectomy_40_79",217,0.00285766196185382,0.0217398335878955,-6.39270465453562e-05,-0.0442831385838368,-0.128498133182583
"S2_C_colectomy_40_79",218,0.00549874701266981,-0.0134880148164194,-0.0173756409843198,-0.0258748470275322,-0.0428512153009246
"S2_C_colectomy_40_79",219,0.00157473007950922,-0.0678859710785242,-0.0234107751244449,-0.0575509641648455,-0.053030743539159
"S2_C_colectomy_40_79",220,0.00896463631347548,-0.031500279295956,-0.00930415065905638,-0.0308910228884816,-0.00667902832161971
"S2_C_colectomy_40_79",221,-0.0107719616562631,-0.0243643730217825,-0.0229327481070488,-0.0270966722720319,-0.0389943253102704
"S2_C_colectomy_40_79",222,0.0307592285244354,-0.0141328587938972,-0.0390662379296444,-0.0138659437951084,-0.0729685098107168
"S2_C_colectomy_40_79",223,-0.0166279969787208,-0.0110229056748975,-0.0171411990368856,-0.00286850706201158,-0.0619028156335952
"S2_C_colectomy_40_79",224,0.0155599835566869,-0.0582714330383408,-0.00209718600463413,-0.0651399593058101,-0.081155107033967
"S2_C_colectomy_40_79",225,-0.0160547125692854,-0.0191597165701678,0.00195472961177715,-0.0476267254772295,-0.019905838993937
"S2_C_colectomy_40_79",226,0.0120956366128644,-0.0480778808005286,-0.0278105498590243,-0.0460733480768648,-0.0380412113298216
"S2_C_colectomy_40_79",227,0.00533288191616577,0.0238565062615646,0.00310082990295887,-0.0639586883905889,-0.0393024826467125
"S2_C_colectomy_40_79",228,0.00634143119071635,-0.0215625821262232,-0.0106368321622726,-0.0174125033070424,-0.040355593963481
"S2_C_colectomy_40_79",229,-0.0115320196963711,-0.0276196316298505,0.00724392638892218,-0.00664269830957059,-0.0718545820823589
"S2_C_colectomy_40_79",230,0.0229173952199456,-0.00262651259912099,-0.00180286581810554,-0.0495966992939496,-0.0627037240992807
"S2_C_colectomy_40_79",231,-0.0114832504646354,-0.0370523199720702,0.00630166820838846,-0.0370161943523379,-0.065959738490884
"S2_C_colectomy_40_79",232,0.0258229536615817,-0.0617136054457943,-0.0422948264277234,0.00294466850037892,-0.0212437913315016
"S2_C_colectomy_40_79",233,0.0164477946857896,-0.0450150536798168,-0.0118991387997271,-0.0347670695171393,-0.0593939212753506
"S2_C_colectomy_40_79",234,-0.00877396086374679,-0.00186151012862905,-0.0435509053771092,-0.135622453250823,-0.121899077821804
"S2_C_colectomy_40_79",235,0.00821363770987838,-0.060745439856631,-0.000251441615426617,-0.0143398590857792,-0.0953993377759682
"S2_C_colectomy_40_79",236,0.00760995003650798,-0.0312294391346102,-0.0132005057266249,0.00203032395031102,-0.0740368092188953
"S2_C_colectomy_40_79",237,-0.00640642879141881,-0.0289301536845914,-0.0146302943263009,-0.0690231335619751,-0.0929523973075842
"S2_C_colectomy_40_79",238,-0.000588753148438696,-0.0493017744483831,0.00989970458452455,-0.0225512940811431,-0.0863259957028715
"S2_C_colectomy_40_79",239,0.0102604359716582,-0.0799388905576807,0.0212961315349327,-0.0436780391284459,-0.110866171708191
"S2_C_colectomy_40_79",240,0.00719648375515305,-0.0360205204530981,-0.034482952387081,-0.029818923816037,-0.032207303271616
"S2_C_colectomy_40_79",241,0.0469221665549216,-0.0177124823071355,0.0590739499411432,-0.0119727722310115,-0.0376870654485703
"S2_C_colectomy_40_79",242,0.0269599347166662,-0.0229624009159261,-0.0138470558498791,-0.039218994500814,0.00185178449765855
"S2_C_colectomy_40_79",243,-0.000826214634176987,-0.0180434499429551,-0.00230880025569555,-0.0516051920272665,-0.0634608067595497
"S2_C_colectomy_40_79",244,-0.00590745292922562,-0.0257672940235952,-0.0540480716368098,-0.046865250207914,-0.0672039605786644
"S2_C_colectomy_40_79",245,-0.00446726136859552,-0.0392853875584828,0.022358320082823,-0.0382808630323741,-0.0989301125898272
"S2_C_colectomy_40_79",246,-0.00472504117525328,-0.0281096570229352,0.0520875468855838,-0.0293016254543008,-0.0602295747094471
"S2_C_colectomy_40_79",247,0.00189640475070778,-0.0258365288852493,-0.00155076306336493,-0.0117718001593014,-0.0846809346970321
"S2_C_colectomy_40_79",248,0.0365221941714765,-0.0955314846263766,-0.00681125319209622,-0.0339021592816449,-0.051236369798821
"S2_C_colectomy_40_79",249,-0.0282400448303081,0.000239482441023342,0.0180099599674308,-0.0271531783977753,-0.121795313583435
"S2_C_colectomy_40_79",250,-0.0232535219846647,-0.0377905253468371,-0.00718430072919832,-0.0880472953641133,-0.0640108119468583
"S2_C_colectomy_40_79",251,0.0242601066165756,0.0017235643966569,-0.03249965938682,-0.0796151849431331,-0.0656786935936766
"S2_C_colectomy_40_79",252,-0.000908381116790397,-0.0155335204280607,0.000742665413157567,-0.0142858791419206,-0.0361818695257347
"S2_C_colectomy_40_79",253,-0.00361010894923706,-0.0325344036133338,-0.0691760016338215,-0.0534978816471021,-0.0157724051730276
"S2_C_colectomy_40_79",254,0.00506590527073331,-0.0261352442303688,-0.00598557247291009,-0.0201162614927486,-0.0383436099757159
"S2_C_colectomy_40_79",255,0.00746251479509066,-0.0336657512260656,0.0279501827632592,-0.0519619830869542,-0.0874780008108813
"S2_C_colectomy_40_79",256,0.0120429662408111,-0.00743937292530153,-0.0687020441115839,0.0165904298993063,-0.0882027045223607
"S2_C_colectomy_40_79",257,0.0162734333090326,-0.0551951091304401,-0.027767482048782,-0.0168698405227017,-0.0436760446291308
"S2_C_colectomy_40_79",258,0.0131400425834226,-0.0150565024760329,-0.0503151194879439,-0.129630885591866,-0.0681098962178359
"S2_C_colectomy_40_79",259,0.0203019922322249,-0.0147668921094987,-0.00264042513889626,0.00231971881695553,-0.112464483760983
"S2_C_colectomy_40_79",260,-0.0212243051771643,-0.0225422676195204,-0.0640480923608287,-0.0479803322273825,-0.0318468774135505
"S2_C_colectomy_40_79",261,-0.00902388229705008,-0.0366279710319618,0.0274420978773401,-0.0662036639302917,-0.0266817789129969
"S2_C_colectomy_40_79",262,0.00330728853553966,-0.0215301169650498,-0.0801003027211356,-0.0130591798891164,-0.0809863586563371
"S2_C_colectomy_40_79",263,0.00641057915220568,-0.00754033610094074,0.0173926101257663,-0.0305106710910535,-0.0346553109465703
"S2_C_colectomy_40_79",264,0.00344228948553851,-0.0578460748882921,-0.0326403340236573,0.0465422043436424,-0.0225070933209633
"S2_C_colectomy_40_79",265,0.0219876420850643,-0.0309994395535939,-0.0268586652216448,-0.0462909440373755,-0.024287486898914
"S2_C_colectomy_40_79",266,0.0305882164629007,-0.0396498818576318,-0.0318831841383118,0.00792006467840659,-0.0812700041144577
"S2_C_colectomy_40_79",267,-0.0101547562184717,0.00279321781809404,-0.0429204356619293,-0.0455527378298586,-0.0809278408213508
"S2_C_colectomy_40_79",268,-0.0175487271114193,-0.0117226309986781,-0.106905652806305,-0.0481774146312687,-0.0362123153985887
"S2_C_colectomy_40_79",269,0.0035107508463709,0.00291536178253034,-0.0493575825941041,-0.0608051523479932,0.00536880877445323
"S2_C_colectomy_40_79",270,0.022133837861188,-0.0269384897757944,0.0127098903648668,-0.0308671240436065,-0.0966811306744459
"S2_C_colectomy_40_79",271,0.00129925377272884,-0.0619130604744263,0.0193015371804516,-0.0238729954639919,-0.0592369009711788
"S2_C_colectomy_40_79",272,0.00891290198758393,-0.0377008781853822,-0.0182654786607193,0.0138471482847284,-0.010531954128193
"S2_C_colectomy_40_79",273,-0.0154748759571832,-0.0342519944188187,-0.0120719599577148,-0.0509574787719907,-0.0807646681487734
"S2_C_colectomy_40_79",274,-0.00103121482507071,-0.0134833695931862,-0.010765259759287,-0.034362329437149,-0.077069706392098
"S2_C_colectomy_40_79",275,0.0136074141346936,-0.0386665919097549,0.000617766734894332,-0.0588823213794488,-0.0295538523178269
"S2_C_colectomy_40_79",276,0.0261835342872121,-0.032639641820925,-0.044167986012542,-0.00397626732472731,-0.0516681142069163
"S2_C_colectomy_40_79",277,-0.0222442612666863,-0.0302617361880972,0.0651947588951047,-0.0317231005900253,-0.0136376958819352
"S2_C_colectomy_40_79",278,-0.0244864988522917,-0.00487667087918818,0.0319221746004188,-0.0138305907451587,-0.0776159820608522
"S2_C_colectomy_40_79",279,-0.00171141320662566,-0.00900683260502584,-0.0247121484424004,-0.00153654333682993,-0.0638950848219656
"S2_C_colectomy_40_79",280,0.0149936961572078,-0.0548371851347353,0.0118373216502028,-0.0887005637583684,-0.0576078159341332
"S2_C_colectomy_40_79",281,-0.0169482050172644,0.0133953172075446,-0.0340424077298406,0.00597547759868733,-0.0558516805071769
"S2_C_colectomy_40_79",282,0.0142000850718329,-0.0102472738005922,-0.00141629888448447,-0.0169182688696297,-0.0912191332031265
"S2_C_colectomy_40_79",283,-0.0152333967635246,-0.0381278712988959,-0.00427560332431409,-0.0489074928156447,-0.0578076447376897
"S2_C_colectomy_40_79",284,0.00391051876612762,-0.0440837673758096,0.00661284699322948,-0.0154172701038813,-0.0645936940050012
"S2_C_colectomy_40_79",285,0.00234561403446695,-0.00917091797981706,0.00184269796573308,-0.0455658803126419,-0.103998067204208
"S2_C_colectomy_40_79",286,0.0137410508686105,-0.0611633267852414,0.000172502306934885,-0.0161770787568332,-0.0792949916556318
"S2_C_colectomy_40_79",287,-0.0123098331421497,0.0067955101334418,-0.0320839408621352,-0.00180824316868225,-0.0535595508789463
"S2_C_colectomy_40_79",288,0.0154195862727314,-0.0267614359469393,0.0342720402112834,-0.030074028911793,-0.0720291750906354
"S2_C_colectomy_40_79",289,0.0091241127314222,-0.0313602738252582,-0.0357336444054317,-0.0402922281482345,-0.0806307982775631
"S2_C_colectomy_40_79",290,-0.0346417979631591,-0.00589603563462333,0.00380002006531668,-0.0255519777243588,-0.000692344713200732
"S2_C_colectomy_40_79",291,-0.00320195225389241,-0.0347379589152803,0.0212742933269519,-0.0478479389087718,0.00837125689062901
"S2_C_colectomy_40_79",292,0.0287300018333663,-0.0600272587468259,-0.0408256016137691,-0.089214451519179,-0.0458643000259404
"S2_C_colectomy_40_79",293,0.0199871206043961,-0.0458696473517965,0.0235696666530067,-0.0346566300668687,-0.0867146919241409
"S2_C_colectomy_40_79",294,-0.0181331665819069,-0.00532157623686071,0.0151784412317614,-0.0862927404155713,-0.0855108917164509
"S2_C_colectomy_40_79",295,-0.0148696995576929,-0.0757999372234001,0.0129839640620729,-0.0470245659731438,-0.0378266085585413
"S2_C_colectomy_40_79",296,0.0204917469426311,-0.0514079199243767,-0.0075934969442904,-0.0237080286588179,-0.078228339350084
"S2_C_colectomy_40_79",297,0.0126087528834011,0.01511718244494,-0.00604906800808724,-0.0488559529362347,-0.0470615498258219
"S2_C_colectomy_40_79",298,0.0153154394686664,-0.051255792307928,0.0168105179271083,-0.033986790730584,-0.0890729991568215
"S2_C_colectomy_40_79",299,0.00433559460881949,-0.00880942490108694,-0.0369554222701593,0.016920566060907,-0.0993512064823243
"S2_C_colectomy_40_79",300,-0.0170973926994697,-0.0469195923300029,-0.048218641048978,-0.0705215324133746,-0.0865887000521964
"S2_C_colectomy_40_79",301,0.000575444254724541,-0.0133406563425697,-0.0290349228418384,-0.0401580640225611,-0.0495433814263849
"S2_C_colectomy_40_79",302,0.0129738529677236,-0.0545655871639723,-0.0307546544530258,-0.0404930501474068,-0.0443228070560032
"S2_C_colectomy_40_79",303,0.017364408810206,0.00275692739170698,0.0126272615352172,-0.0099213040057981,-0.0674404086623128
"S2_C_colectomy_40_79",304,-0.00267783060461334,0.0143949402723469,-0.0248644463581169,-0.0222308385262523,-0.0316711558885457
"S2_C_colectomy_40_79",305,0.00815936077447168,0.0032371172057624,0.00952387460705592,-0.00254165811016288,-0.034062693018296
"S2_C_colectomy_40_79",306,-0.000827105775055847,-0.0375324708596051,-0.040396804863129,-0.0499331744457349,-0.0517783553959353
"S2_C_colectomy_40_79",307,-0.0283098855554155,0.0311715193695891,-0.00807637708387429,-0.0184327806520586,-0.128259616362817
"S2_C_colectomy_40_79",308,-0.00329528158241769,-0.0250611514558701,-0.00517316146251881,-0.0108520669945508,-0.108218483594988
"S2_C_colectomy_40_79",309,-0.011198643887108,-0.0567268574922531,0.0474227861862496,-0.0964877298846543,-0.0506325938603803
"S2_C_colectomy_40_79",310,-0.000896825712835329,-0.0546847602795854,0.00909531734258842,-0.024909697657092,-0.0675531255406732
"S2_C_colectomy_40_79",311,0.00699781660542412,-0.0129267381100557,-0.0444062800808187,-0.0565778985574073,-0.0299306672433916
"S2_C_colectomy_40_79",312,0.00378839221911632,-0.0405670406447039,0.0164085023874721,-0.0671042878317652,-0.056916819098828
"S2_C_colectomy_40_79",313,0.00652802792337582,-0.0466047214471649,0.00613769071754183,-0.0660247413075989,-0.0568195138533104
"S2_C_colectomy_40_79",314,0.00534792015130074,-0.0570729071754961,0.0133054035823057,-0.0694821954939756,-0.0469147562057609
"S2_C_colectomy_40_79",315,0.00207807255844675,-0.036423960115652,-0.0114065158536709,-0.0123003030375144,-0.0760947509256493
"S2_C_colectomy_40_79",316,0.00164053232797109,-0.0198760149165199,-0.0129312891056916,-0.0848349184670725,0.00999435327627957
"S2_C_colectomy_40_79",317,-0.0190479577324462,-0.0448583656981045,0.00757455905009857,-0.0991978775515602,-0.0727160219396845
"S2_C_colectomy_40_79",318,-0.016344181992304,-0.00344175942159675,0.00311965178013326,-0.0569753964806399,-0.0402029436309234
"S2_C_colectomy_40_79",319,0.0088159092922615,-0.0122177160998698,0.0106004679551009,-0.0276245962835092,-0.0877464211929989
"S2_C_colectomy_40_79",320,0.0113965362578083,0.0187158356707713,0.00417710053810422,-0.00536526971387941,0.0154568364083787
"S2_C_colectomy_40_79",321,0.0187325304364266,-0.0289244189449069,0.0524538315057503,-0.0340344147226938,-0.059698243859104
"S2_C_colectomy_40_79",322,0.0144466297117829,-0.02675861495533,0.0442570750328791,-0.0468537694917352,-0.0525614071622282
"S2_C_colectomy_40_79",323,0.000932804363006579,-0.0875155531955315,-0.00384011611595644,0.000987862977577969,-0.0268758102193782
"S2_C_colectomy_40_79",324,0.0165568084690529,-0.0560778429146676,0.0450461256126138,-0.0921522439831496,-0.0217596847028171
"S2_C_colectomy_40_79",325,-0.00631353265802225,-0.0141732963546781,-0.0216637277656592,-0.004141928295125,-0.067035495097321
"S2_C_colectomy_40_79",326,0.0314589772041391,-0.0589126076379986,-0.0180499604732178,-0.0105381661165576,-0.015917662055522
"S2_C_colectomy_40_79",327,0.00413563426476915,-0.0340681745037617,-0.0332260328051591,-0.041923226210818,-0.091858222861676
"S2_C_colectomy_40_79",328,-0.018068232257566,-0.0166347758710454,0.00852267144203014,-0.0369924720701353,-0.0506537292973426
"S2_C_colectomy_40_79",329,0.0112031907608152,-0.0485039935537228,-0.0172258154326818,-0.0272315589222913,-0.0790925258836923
"S2_C_colectomy_40_79",330,0.0102360355339797,-0.0265527629325878,-0.0310513981662968,-0.0239746257691711,-0.064435163364117
"S2_C_colectomy_40_79",331,0.0114641188461086,-0.052353663457125,-0.0421231394829117,-0.000380370047519063,-0.0314070094501166
"S2_C_colectomy_40_79",332,0.00692140985595414,-0.0499536498334494,0.0301368555009834,-0.0509744909108112,-0.0688670535793251
"S2_C_colectomy_40_79",333,0.00132254441678531,0.00415090087748037,0.0188400318478328,-0.0233346401503305,-0.00483472334960089
"S2_C_colectomy_40_79",334,0.0221985684653194,-0.034951008569346,-0.0444425889747322,-0.0307750788587476,-0.0576148823052679
"S2_C_colectomy_40_79",335,-0.0160701194944085,-0.0188322461490391,-0.0120748472462316,-0.010447354144398,-0.0604276420961866
"S2_C_colectomy_40_79",336,0.0041540713165915,-0.032308432636181,-0.0504480273308931,0.0214724823786232,-0.0608116985713231
"S2_C_colectomy_40_79",337,-0.000814524929986959,-0.0591127734226408,0.0444954163589574,-0.0348669956662554,-0.0916280445823
"S2_C_colectomy_40_79",338,-0.0036865839045047,-0.0101417017469978,0.00236828765574348,0.00818139965595083,-0.0922080682246257
"S2_C_colectomy_40_79",339,0.020232042241697,-0.0545056084986721,-0.0285168528342598,-0.013032612102596,-0.0453105615165435
"S2_C_colectomy_40_79",340,0.0178483301841348,-0.00308356687432795,-0.0231417801324411,-0.036995140664223,-0.115292943655705
"S2_C_colectomy_40_79",341,0.0107602686246544,-0.0575255092232583,0.0491151205192764,-0.0182293574218034,-0.0387656440451463
"S2_C_colectomy_40_79",342,0.00508962772716771,-0.0256006162562396,0.00148652983869946,-0.0497090507446145,-0.104046883055897
"S2_C_colectomy_40_79",343,-0.00528642534931839,-0.0180340960424136,-0.000561839154991445,-0.0253777629510359,-0.087012237161371
"S2_C_colectomy_40_79",344,-0.0117252118616892,-0.0105603543202173,-0.0321179375433678,-0.0356938622679678,-0.101336772778383
"S2_C_colectomy_40_79",345,-0.00934564728187397,-0.0254677393033307,-0.0304664463788734,-0.0392647130776642,0.0110062335945295
"S2_C_colectomy_40_79",346,0.0123195576249488,-0.041277343943539,-0.0406507629781697,-0.0401131835571367,-0.0405988809598151
"S2_C_colectomy_40_79",347,0.0140691121346662,-0.0162633540992497,-0.00452799551598224,-0.00763579999271438,-0.105086181897217
"S2_C_colectomy_40_79",348,0.0115310053091105,-0.0654097585002205,-0.0345178258986153,-0.0578437459188295,-0.03203031967486
"S2_C_colectomy_40_79",349,0.0230544082609418,-0.0168333686004043,0.0125902890333376,-0.0693446585349415,-0.0576694004889683
"S2_C_colectomy_40_79",350,-0.000559645119350187,-0.00982612204574901,-0.0382883677569777,-0.0054899904057587,-0.0920165132121021
"S2_C_colectomy_40_79",351,0.00668644513609589,-0.00826340858499687,-0.0316810273259953,-0.00843583303228823,-0.0881895501741888
"S2_C_colectomy_40_79",352,0.0100821145387238,-0.0377742632868563,-0.0219936678785568,-0.00779904979292712,-0.132394796130897
"S2_C_colectomy_40_79",353,-0.0168205646340055,-0.0163689841031887,-0.00411004358068645,-0.00980724470892233,-0.016482284114273
"S2_C_colectomy_40_79",354,-0.0015523323426433,-0.00299116060961176,-0.0126603391462677,-0.0375746610460397,-0.0545874495575356
"S2_C_colectomy_40_79",355,0.00645361792014899,-0.0437666893094906,0.0309247402556514,-0.0806942461786606,-0.0895614707343022
"S2_C_colectomy_40_79",356,0.00521595478697635,-0.0429839234482507,-0.00576121319626874,-0.0131512536568222,-0.11013922670903
"S2_C_colectomy_40_79",357,0.0467027372633323,-0.0838413817854849,-0.0665197549141202,-0.0550811477062601,-0.0786352790439674
"S2_C_colectomy_40_79",358,-0.0134502020626132,-0.0937021979994782,0.0145167775144114,-0.0688123662962342,-0.0631690482079643
"S2_C_colectomy_40_79",359,-0.00228757655350445,0.00109572992757556,0.0148022915522329,-0.0431799007024311,-0.0125455600354142
"S2_C_colectomy_40_79",360,-0.0156649857613477,0.00753820125860383,0.0180292021646317,-0.0835212804342005,-0.0684560954665672
"S2_C_colectomy_40_79",361,0.0108964224290336,-0.0480959884924121,-0.0619286060144519,-0.062537644182965,-0.109862699343045
"S2_C_colectomy_40_79",362,-0.00398182976889063,-0.0160327177236769,-0.00393542388912103,-0.0827505857623702,-0.0558257241843078
"S2_C_colectomy_40_79",363,0.00610847776496373,-0.0365041478603947,-0.0361134349256489,-0.00553700417193637,-0.0283043461177063
"S2_C_colectomy_40_79",364,0.0106570666586863,-0.0086138141545179,0.0150290860939589,-0.0966775166898552,-0.0354001436403563
"S2_C_colectomy_40_79",365,-0.00735199845233889,-0.0447910791004995,0.00805341506997348,-0.0486099149659674,-0.0805083668991012
"S2_C_colectomy_40_79",366,-0.00299107313115721,-0.026258224139217,-0.0396425062776734,-0.075950820921912,-0.0308044466766794
"S2_C_colectomy_40_79",367,0.00965799746730235,-0.031465304626387,-0.028960041779889,-0.032527323010329,-0.0793643928356953
"S2_C_colectomy_40_79",368,-0.0212846612692615,-0.0475925153742907,-0.0042682393944537,-0.0618227940565573,-0.0851866779690112
"S2_C_colectomy_40_79",369,-0.00380174261265438,-0.0250721744634178,0.0396206724191288,-0.0329236463034696,-0.0160175441763394
"S2_C_colectomy_40_79",370,-0.00730371328451755,-0.0522764152776655,0.015206623317316,-0.0662627098967656,0.00307606103129393
"S2_C_colectomy_40_79",371,-0.0324512091666289,0.00970663485251752,-0.0485393667179922,-0.0606702688119257,-0.0170055302157569
"S2_C_colectomy_40_79",372,-0.0147226268181254,-0.0291089863481001,-0.0302200815154648,-0.044993016627039,-0.0394158878990965
"S2_C_colectomy_40_79",373,-0.0193588987138904,-0.0619025685813521,0.0685962989815583,-0.0409435913668303,-0.124175455844075
"S2_C_colectomy_40_79",374,0.00453143723571998,-0.0168412392457419,-0.00200308191575524,-0.0278619875012606,-0.0578703433478678
"S2_C_colectomy_40_79",375,-0.0095997861234936,-0.016259502500909,-0.0479971565081453,-0.0256440853755548,-0.0191146784203241
"S2_C_colectomy_40_79",376,-0.016067589121661,-0.0580917399717115,0.00286232524622651,0.0124152778593239,-0.056554409897635
"S2_C_colectomy_40_79",377,-0.0142802676160377,-0.00493591390761162,-0.0205128844434678,-0.0235969877210312,-0.0557094730574782
"S2_C_colectomy_40_79",378,0.00331756900424492,-0.0649628133995691,0.0531525359341379,-0.0332711819182335,-0.104110506896621
"S2_C_colectomy_40_79",379,0.0107288268049905,-0.0471967098036342,-0.00345040048275866,-0.0517505901088088,-0.0971353694248932
"S2_C_colectomy_40_79",380,0.00369391961400246,-0.019100121590565,-0.00752401121460752,-0.0500161828157566,0.00131562855735318
"S2_C_colectomy_40_79",381,-0.00460648074937924,-0.0343774600411339,-0.00215479574641295,-0.0680953609709407,-0.0891005659126469
"S2_C_colectomy_40_79",382,0.0123124768712277,-0.0241102581748352,-0.0339672373059072,-0.0935257506882654,-0.0916796820410749
"S2_C_colectomy_40_79",383,0.00812011819340086,-0.0539790826873079,-0.0340142121576477,-0.0102044253121061,-0.0251645044404585
"S2_C_colectomy_40_79",384,-0.00942357778625837,-0.0465890401206227,-0.0188533030681553,-0.00671242269157302,-0.08147059733741
"S2_C_colectomy_40_79",385,-0.0297176179494251,-0.0292387656297036,-0.0459154453384117,-0.0523090492761184,-0.0711277872060951
"S2_C_colectomy_40_79",386,0.0179762962000204,-0.0421446405154826,-0.0103161715422827,-0.0336390928540183,-0.0591537861845997
"S2_C_colectomy_40_79",387,0.0322919639178616,-0.0246810606884821,-0.0191480699086164,-0.0735076023616038,-0.0460710057913193
"S2_C_colectomy_40_79",388,0.00582775244801344,-0.0407297861350685,-0.0163247714638156,-0.0632047644250247,-0.0542088645403672
"S2_C_colectomy_40_79",389,0.00307452423002232,-0.0163741389625386,0.0147625741777435,-0.0225321171080032,-0.0254788635988077
"S2_C_colectomy_40_79",390,0.00548468854772901,-0.0481469509921461,-0.00562138592632186,-0.0303120751022887,-0.0502337666391716
"S2_C_colectomy_40_79",391,0.0264009160852275,-0.0246397169517003,-0.0107066765487716,-0.0313715488222622,-0.0821999591790606
"S2_C_colectomy_40_79",392,-0.0226307583120378,-0.0127122436100731,0.0303871011966118,-0.0789487299646274,-0.0123708375954324
"S2_C_colectomy_40_79",393,-0.0150733327533392,0.00557196018964788,0.00391315821224297,-0.0696974654576572,-0.116967393800959
"S2_C_colectomy_40_79",394,0.00345424363408171,-0.0734635005857954,0.00253443425890221,0.00577602691296183,-0.0388865852893133
"S2_C_colectomy_40_79",395,0.00366485160294609,-0.0110883114228189,-0.0336802876361744,-0.0591345538813197,-0.00632042251544507
"S2_C_colectomy_40_79",396,0.00497832154347028,-0.0713006618464629,-0.0104854704878418,-0.0320455141018422,-0.0501707027824565
"S2_C_colectomy_40_79",397,-0.00754622147015533,-0.00751478582436255,-0.0659036519111841,-0.0161423501148982,-0.0216766100326856
"S2_C_colectomy_40_79",398,-0.0129247998337512,-0.0569617342639816,-0.0308875128558838,-0.0437717004510551,-0.0880741116081468
"S2_C_colectomy_40_79",399,0.0236696261206008,0.00358943269488278,-0.0923924405363573,-0.015686023012981,-0.121629644133063
"S2_C_colectomy_40_79",400,0.011701875319999,-0.0394346996214516,0.0225245480721009,-0.0520295596768642,-0.0572059415577718
"S2_C_colectomy_40_79",401,0.0194510967292905,-0.0232473329804948,-0.0635205571383184,-0.0480191544781756,-0.0171127840560936
"S2_C_colectomy_40_79",402,-0.0106815822353868,-0.0198411201627331,0.0217336654910373,0.0199410088621136,-0.114849607617082
"S2_C_colectomy_40_79",403,-0.00569898983239757,0.000421746528667638,-0.0509930281087688,-0.00931096428239572,-0.0136485262940368
"S2_C_colectomy_40_79",404,0.0248680333855928,-0.0462431040439523,0.0149517079359769,-0.0259398848900741,-0.0100995565217486
"S2_C_colectomy_40_79",405,0.0156050062381247,0.0124429658247388,0.0517802258297137,-0.0467020046146576,-0.0685411360593356
"S2_C_colectomy_40_79",406,0.00063717464985303,-0.0356920363914192,-0.0338359031602292,-0.0240259357174802,0.0246768277361936
"S2_C_colectomy_40_79",407,0.0239972640859181,-0.0480187781128867,0.00250823939182838,-0.0369696358638373,-0.0726724858604754
"S2_C_colectomy_40_79",408,-0.00189439685039362,-0.0432559899232953,-0.0614224467897911,-0.0480918834437369,-0.124406599464075
"S2_C_colectomy_40_79",409,-0.0255198796183434,-0.0111317477801149,-0.00716657807500612,-0.031613298031914,-0.0234795644954844
"S2_C_colectomy_40_79",410,-0.00501643957815548,-0.0142101274991672,-0.0188963356845478,-0.0440146494933652,-0.082286063144796
"S2_C_colectomy_40_79",411,0.00404214211439254,-0.0345886639206261,0.0292093403308238,-0.0315478878168753,-0.0473208508596895
"S2_C_colectomy_40_79",412,-0.00190965146322183,-0.082445381961243,0.00998342000305108,-0.0130266573248548,-0.00308586192668481
"S2_C_colectomy_40_79",413,0.0258618975732915,-0.0162724018782041,-0.016735252077016,-0.0627777434135748,-0.102203094744143
"S2_C_colectomy_40_79",414,-0.00598405288447194,-0.0599198839962369,0.0139040960899802,-0.0400684796681929,-0.0817059037205738
"S2_C_colectomy_40_79",415,0.0119482030697935,-0.0362039181744652,-0.003927035621374,-0.0595590257244764,-0.0535619930492358
"S2_C_colectomy_40_79",416,0.0121952641332323,-0.0417402603971559,-0.0301002905836225,0.0163669440432946,-0.0261467833767203
"S2_C_colectomy_40_79",417,0.00576943464299162,-0.059880900769476,-0.00248001358206343,-0.0735527738762863,-0.0085591113720499
"S2_C_colectomy_40_79",418,-0.00670656119042998,0.00142526834671246,0.0156075439471939,-0.0606371010114724,-0.0740188195761459
"S2_C_colectomy_40_79",419,0.00103414787626377,-0.0188614954510163,-0.0140020406563154,-0.0481493831867225,-0.036452520173369
"S2_C_colectomy_40_79",420,0.00809421552013176,-0.052546233202337,0.00125228102754493,-0.0683590239614607,-0.0990802050181894
"S2_C_colectomy_40_79",421,0.0433933820161295,0.00931302085534672,-0.0280662253668927,0.00654499781060186,-0.062238977693588
"S2_C_colectomy_40_79",422,0.0234013914439527,-0.0295085277181842,-0.0546083640755891,-0.0583113823518616,-0.105137110607767
"S2_C_colectomy_40_79",423,0.0310346196185864,-0.0749663151575636,0.00953562141097186,-0.0220916471366494,-0.16239787696892
"S2_C_colectomy_40_79",424,-0.0160469302084173,0.0168581685843392,-0.0170894807762759,-0.00499865965738355,-0.0564091980901557
"S2_C_colectomy_40_79",425,0.0201241963454634,-0.0418734669809042,0.00998262846448184,-0.0730990739295859,-0.0507989607082507
"S2_C_colectomy_40_79",426,0.00959202558920887,-0.0220953751927625,-0.012838840649621,-0.053703636912661,-0.0652690390618889
"S2_C_colectomy_40_79",427,0.0163689156237212,-0.029430154239806,-0.00454160756870806,-0.0752773649388365,-0.0974913068621446
"S2_C_colectomy_40_79",428,-0.0258301664942036,-0.0314224945910596,-0.0734583578298949,-0.0656150976587402,-0.081345918083682
"S2_C_colectomy_40_79",429,0.0083899151161411,-0.0282884597770223,-0.0545531111677968,-0.086044749131091,0.0172239585583074
"S2_C_colectomy_40_79",430,0.0141678930763864,-0.0177680757779266,-0.0643689250477269,-0.022925476537736,-0.0676867552254981
"S2_C_colectomy_40_79",431,-0.00246838499989412,-0.0550648661013565,-0.037525367417821,-0.0501613852912383,-0.0648234052037475
"S2_C_colectomy_40_79",432,-0.00844540739845141,0.00510709794139103,-0.002665988002505,0.0107478591063078,-0.0783910417277798
"S2_C_colectomy_40_79",433,-0.00100838506308636,-0.0358963107606521,-0.0592134008060582,-0.060176473355008,-0.0716269963663866
"S2_C_colectomy_40_79",434,0.0272826924820573,-0.0298982069471786,-0.034883774322079,-0.0245006170305733,-0.0822123161120468
"S2_C_colectomy_40_79",435,-0.0179719190948537,-0.0332415828809125,-0.0339613080287274,-0.0522760926991682,-0.0880913355907125
"S2_C_colectomy_40_79",436,-0.0221387740822296,-0.0397898923376482,0.00957758798643699,-0.0790603042346449,-0.0982936352520788
"S2_C_colectomy_40_79",437,-0.0138228673548742,-0.0418559235050164,-0.0197114950794939,-0.0799157609720695,-0.122481638331099
"S2_C_colectomy_40_79",438,-0.0258902651765807,-0.0296599818401136,0.0210146237126153,-0.0444828097632677,-0.0257381281766176
"S2_C_colectomy_40_79",439,0.000366272594488397,0.0369440418451655,-0.0286684111555203,0.00422170174851297,-0.0476868505616175
"S2_C_colectomy_40_79",440,0.0127881748116716,-0.0804470697033318,-0.0507786858397823,-0.0222154760779342,-0.0849750186982601
"S2_C_colectomy_40_79",441,0.0106522521091248,-0.0224975047115222,0.00770302825428285,-0.0332267677644859,-0.0678389829601986
"S2_C_colectomy_40_79",442,-0.0076882239947309,-0.0578089050294327,-0.0079968243352109,-0.0222542188196513,-0.0883035956576237
"S2_C_colectomy_40_79",443,0.0151920076262364,-0.00431394297791457,-0.0158789492107552,0.00662420428796842,-0.115927700262689
"S2_C_colectomy_40_79",444,0.00925428983296042,-0.0406064298066631,0.00134150968128041,-0.0198761841179357,-0.0555679623804927
"S2_C_colectomy_40_79",445,0.0212506367287641,-0.0323533556371374,-0.0286791754635536,-0.0476215959276159,-0.0170458721448739
"S2_C_colectomy_40_79",446,-0.0387894639207657,-0.0319769017033375,-0.0469828617265571,-0.0298727487289047,-0.0413030805949122
"S2_C_colectomy_40_79",447,0.00870742194884808,-0.0240037496419153,-0.0205310778041562,-0.0402188770665486,-0.0675452787310026
"S2_C_colectomy_40_79",448,-0.00616346835562014,-0.0691253375519495,0.0530768605777343,-0.0696973359104315,-0.0762690332689251
"S2_C_colectomy_40_79",449,-0.0227768279434168,-0.0382010135597003,-0.00305265114954378,-0.0580195492437653,-0.00272251830902798
"S2_C_colectomy_40_79",450,0.00139774501874748,0.00165387430087241,-0.000723602776754484,-0.0348057175517092,-0.0774716906838622
"S2_C_colectomy_40_79",451,0.0169556204007977,-0.00405240628364133,-0.0216603621751925,-0.0304340314904493,-0.0757134228051042
"S2_C_colectomy_40_79",452,0.0274114255002408,-0.0334623661751551,0.0423416043740498,-0.0900999191018768,-0.0688483385424034
"S2_C_colectomy_40_79",453,0.0128675035583666,-0.0180251283721446,0.00562321185954928,-0.00875369651839411,-0.103053206156451
"S2_C_colectomy_40_79",454,-0.0207671735233401,-0.0189276796812539,0.0172082439160031,-0.0466861619980224,-0.043926500829203
"S2_C_colectomy_40_79",455,0.0116509854030768,0.0373078980885785,-0.032095573399783,-0.0431385774523899,-0.0418510961044078
"S2_C_colectomy_40_79",456,0.00905208756439165,-0.00757356404258426,0.0166720279345786,-0.034790399897065,-0.116580884209372
"S2_C_colectomy_40_79",457,-0.0307083010791424,-0.00321169536297572,0.0239660478796535,-0.050701385556335,-0.0105706571097272
"S2_C_colectomy_40_79",458,0.0382534290999373,-0.003147987080523,0.0194788032351372,-0.0261661280455294,-0.0927874470803785
"S2_C_colectomy_40_79",459,0.0253676394994964,0.0347770734395453,-0.0462955869239039,-0.0575646312917904,-0.0317691920779994
"S2_C_colectomy_40_79",460,0.0117760117761451,-0.0255143818119466,-0.0689108305985127,-0.0351557904319359,-0.0411278609213153
"S2_C_colectomy_40_79",461,0.026487239306692,-0.0494649719753501,-0.0367951637153474,-0.0362057025168888,-0.0614388487979984
"S2_C_colectomy_40_79",462,0.00598075229094312,-0.0180237884714018,-0.00212484886876188,-0.0234108605954707,-0.0406504626883785
"S2_C_colectomy_40_79",463,-0.00336467800602437,-0.0228075705441298,-0.02618038683216,-0.0848906931973439,-0.0562760221467369
"S2_C_colectomy_40_79",464,0.0096988590796908,-0.0119828082961064,-0.0481977760913192,-0.0556485165369279,-0.00493695198019012
"S2_C_colectomy_40_79",465,0.0183888552160434,-0.0732865763523681,-0.0299493391025335,-0.0245116455254057,0.0120756901556123
"S2_C_colectomy_40_79",466,-0.0111227277344288,-0.0203263933610042,-0.017414739892423,-0.0854061657895756,-0.0632245253269926
"S2_C_colectomy_40_79",467,0.0234436915956263,-0.0713639069906023,0.0200313502181176,-0.0563637100277254,-0.102723723319208
"S2_C_colectomy_40_79",468,0.00125849100063825,-0.027618058860284,-0.0194338598094515,-0.0671937749400961,-0.0849816301443887
"S2_C_colectomy_40_79",469,-0.0042272044108315,-0.044282372643045,0.0112042013405262,-0.0230548489428648,-0.114244610026582
"S2_C_colectomy_40_79",470,-0.00284840233374913,-0.0480278829268948,0.0228796675357053,-0.0375322424844656,-0.0538957044807297
"S2_C_colectomy_40_79",471,0.0233428785253226,-0.0451221986007574,-0.0283425159556181,-0.0601849011157119,-0.0334905885697919
"S2_C_colectomy_40_79",472,-0.00447001296221521,-0.0413860756110528,-0.00344770160508145,-0.0538570026674852,-0.0384558611942921
"S2_C_colectomy_40_79",473,0.0326073096351587,-0.0166786063180083,-0.00749570563012758,-0.0867747717612243,-0.103800793312208
"S2_C_colectomy_40_79",474,-0.0071115597704825,-0.0220156373228862,-0.0219805308985143,-0.0968759986818621,0.017352450850975
"S2_C_colectomy_40_79",475,-0.0190702548971455,-0.0303908939260509,-0.0478430014926022,-0.0558371594648061,-0.132545362715258
"S2_C_colectomy_40_79",476,-0.000354754579099066,-0.00347500778233988,-0.0451945407095114,-0.0648273686423712,-0.0406392814250487
"S2_C_colectomy_40_79",477,-0.00707798722765133,-0.0431272837028178,-0.0324479012353374,-0.016478832589995,-0.0175770268135611
"S2_C_colectomy_40_79",478,0.00439842985440542,0.00138515116233746,-0.032122397478462,-0.0631655085512244,0.00998955734798618
"S2_C_colectomy_40_79",479,0.00955034424100975,0.00519943927149605,0.00551942792112647,-0.0898202083324706,-0.00509324375939962
"S2_C_colectomy_40_79",480,0.0329088031564933,-0.0668110966730738,-0.00703885286647879,-0.0344257722880754,-0.045057975868204
"S2_C_colectomy_40_79",481,-0.0116848938924078,0.00394731185272623,0.00329949375787415,-0.0866492563245351,-0.035789124633015
"S2_C_colectomy_40_79",482,-0.00079159340493784,-0.0182598328572663,-0.0324261242649674,-0.0483992586151293,-0.0509330122892794
"S2_C_colectomy_40_79",483,0.0173186093317018,0.00326530657090239,-0.00983654757304891,-0.0755938108957305,-0.0629062478207748
"S2_C_colectomy_40_79",484,0.00705317475443383,-0.01573811759426,-0.0321338219725369,0.0106783750346966,-0.028173888095702
"S2_C_colectomy_40_79",485,0.00191887382284603,-0.0306742686383808,-0.00229498073618545,-0.0685158506675669,-0.065459905180562
"S2_C_colectomy_40_79",486,0.00622032467676236,-0.0236660118374521,-0.00530519320921086,0.0069214586223765,-0.0664250066773782
"S2_C_colectomy_40_79",487,0.00132807814857587,-0.0527385993716613,0.0177457609140128,-0.0513537984325528,-0.0537418689077716
"S2_C_colectomy_40_79",488,0.0232249343963683,0.00545794826092819,-0.0301922767280749,0.0172113125252085,-0.011246255394873
"S2_C_colectomy_40_79",489,-0.0151217661901244,-0.00546108718967626,-0.0341836366775707,-0.0300337952958421,-0.0509711493658542
"S2_C_colectomy_40_79",490,0.0207719348571791,-0.0506773102811036,-0.0164677945557967,-0.00212391506286,-0.0692279827947287
"S2_C_colectomy_40_79",491,-0.0117653388342748,-0.0396536738056025,-0.0144247491349224,-0.0462154927839125,-0.0325867764834125
"S2_C_colectomy_40_79",492,-0.010988710936994,0.000448127997895356,0.00383952159912154,-0.064488975080081,-0.110510370577653
"S2_C_colectomy_40_79",493,0.00218538522411772,-0.0449544410229824,-0.0152156420131763,-0.0315546928754286,-0.067371988636119
"S2_C_colectomy_40_79",494,0.0120173089976374,-0.0536879077253908,0.00861405517529727,-0.0273592268421302,-0.0797053560765936
"S2_C_colectomy_40_79",495,0.011690642867006,-0.0566365034892063,0.0130006163866222,-0.0659091141399722,-0.0280422456625901
"S2_C_colectomy_40_79",496,-0.0364266202297153,0.00137252527499025,-0.0111134501142213,-0.0201022319965744,-0.0549717002769776
"S2_C_colectomy_40_79",497,-0.00900545877770055,-0.0508853019648036,-0.0374095171962605,-0.00348724857835597,-0.0884707981437597
"S2_C_colectomy_40_79",498,-0.0114378076601933,-0.0495867372427207,-0.0334120820935783,-0.00538702666480392,-0.0827430268729038
"S2_C_colectomy_40_79",499,-8.96646864063239e-06,-0.00962415222863897,-0.0483953750253593,-0.018449268425757,-0.0439213596614054
"S2_C_colectomy_40_79",500,-0.0102485768678173,0.00778866480020979,-0.0172842652373762,-0.0257681526536685,-0.105684753383396
"S2_C_colectomy_40_79",501,0.0305624078159217,-0.0477145663751251,-0.00587477652211429,-0.0964837324232237,-0.111088638295964
"S2_C_colectomy_40_79",502,0.0163979765073586,-0.0281843801096733,-0.0364665685391579,-0.0166781409235333,-0.126741722937572
"S2_C_colectomy_40_79",503,-0.0317453248865094,-0.0139657953955098,0.00152638353875331,-0.0334954877838777,-0.0569025629684531
"S2_C_colectomy_40_79",504,0.0437364128552452,-0.0437265942281943,0.00760456981629523,-0.0526279395773254,-0.075986718897611
"S2_C_colectomy_40_79",505,0.0124012114410757,-0.0398500044236663,-0.0312553093501943,-0.0663838085661768,-0.0506487110694392
"S2_C_colectomy_40_79",506,0.0167215539546258,-0.0383551159875014,-0.0450812374993308,0.0137182282574354,-0.0782493513288528
"S2_C_colectomy_40_79",507,-0.0175384959765098,0.0265934558620874,-0.0267327739863798,-0.0739017513227149,-0.0958693506963943
"S2_C_colectomy_40_79",508,-0.00341959326770168,-0.0240783948546534,-0.0475588690016685,-0.0174249120552246,-0.0803860058357644
"S2_C_colectomy_40_79",509,-0.00233199161843203,-0.00529189756686993,-0.0435050047543988,-0.0482586654185661,-0.0436959734276822
"S2_C_colectomy_40_79",510,-0.00684336105517099,0.0246261924678937,-0.00886253402880235,-0.0566125756014564,-0.136310757082294
"S2_C_colectomy_40_79",511,0.000929724715768077,-0.0395250367242679,-0.0260183170619417,0.0222580613792493,-0.0837440652433291
"S2_C_colectomy_40_79",512,-0.0012397417194825,-0.0581595546341341,-0.0402653931519631,-0.0186112577583162,-0.0273705038621575
"S2_C_colectomy_40_79",513,-0.0110096829768593,-0.0099163462169609,-0.0314707104229623,-0.0559631190034462,-0.0598453491770018
"S2_C_colectomy_40_79",514,-0.0196828724196782,-0.0372543099772756,-0.0139805907622994,-0.113474516146847,-0.010919523604169
"S2_C_colectomy_40_79",515,-0.0240859145574552,-0.0537827350452282,0.0302073046206473,-0.0348432222631194,-0.0450910803634169
"S2_C_colectomy_40_79",516,-0.0114967096485766,-0.00277344775144052,-0.0649426176478181,-0.0546296934696668,-0.0492756247213625
"S2_C_colectomy_40_79",517,0.0194671923890474,-0.0565910405155077,-9.82932216779808e-05,-0.0169773963851428,-0.0517090455375824
"S2_C_colectomy_40_79",518,-0.000506128521402985,-0.0265954667034604,-0.00412608806845344,-0.00200667569285362,-0.11339271652623
"S2_C_colectomy_40_79",519,0.0159458868352956,-0.0345217991292954,-0.0221398054440596,-0.0422913959695958,-0.0733168354871378
"S2_C_colectomy_40_79",520,0.007307237546971,-0.00893914113624306,0.00725369666977441,-0.0230412263220872,-0.0385401721031656
"S2_C_colectomy_40_79",521,0.00203256185564479,-0.0216118893019073,0.0383669139514851,-0.0474672795733847,-0.039392275554659
"S2_C_colectomy_40_79",522,0.0156772894274749,-0.0390844726251529,-0.0320490630003852,-0.0386472298342968,-0.00189962182122622
"S2_C_colectomy_40_79",523,0.0106483626691272,-0.0356188231210542,-0.0320282736552835,-0.0372069404934574,-0.121298082558612
"S2_C_colectomy_40_79",524,0.00251583973039706,-0.0562142300442351,-0.0586648348179016,-0.0418347506828043,-0.0518842050403022
"S2_C_colectomy_40_79",525,0.00542136932920845,-0.0197087285896326,-0.00904892399645332,-0.103415276319714,-0.0687541435237091
"S2_C_colectomy_40_79",526,-0.00859702463041373,-0.0141547429952829,-0.0183366766364256,-0.0484137005117242,-0.0857285052308085
"S2_C_colectomy_40_79",527,0.00121402208029623,-0.0257278715079405,-0.0272783646968977,-0.027210044335241,-0.00461022434999475
"S2_C_colectomy_40_79",528,0.0158766940087155,-0.045710436596904,0.0089400935985261,-0.0367519140485527,-0.0825093451284076
"S2_C_colectomy_40_79",529,0.00568145813016248,-0.00886245978032106,0.0251703247142207,-0.043553747730756,-0.0437590648247374
"S2_C_colectomy_40_79",530,-0.0119559959728117,0.0278946653105669,-0.00326028893982508,-0.00971060755921682,0.00145063223527936
"S2_C_colectomy_40_79",531,-0.00775635412971427,-0.00867881893094044,-0.0323901880983215,-0.0220398253717707,-0.0825859442886261
"S2_C_colectomy_40_79",532,0.00970284569324451,-0.0390231644339878,0.0257789757356317,-0.0105617357696577,-0.0995233883508966
"S2_C_colectomy_40_79",533,0.000740991464381453,-0.0261243610895547,-0.016198407658848,-0.0246193907826173,-0.0674021150670222
"S2_C_colectomy_40_79",534,-0.0318742233235616,-0.0288795813328913,0.0139010253657271,-0.0154942027641654,-0.141791263643881
"S2_C_colectomy_40_79",535,-0.0304034678186461,-0.00427515955896576,-0.0302948692724448,-0.0779672358870026,-0.0557291291449403
"S2_C_colectomy_40_79",536,0.0152335641689351,-0.0036566934978373,-0.0333607257331857,-0.0200527944706096,-0.0658412000879879
"S2_C_colectomy_40_79",537,0.0222918889272495,-0.0787277103745961,0.00523660009221136,-0.0386879236357809,-0.0882688891244549
"S2_C_colectomy_40_79",538,-0.012231966580412,-0.0108751723483918,-0.00677233186865775,-0.034345642161046,-0.0464078506685039
"S2_C_colectomy_40_79",539,0.00296290351622296,-0.00816493517816305,-0.0101413108302446,-0.0522060631959502,-0.0586645077084892
"S2_C_colectomy_40_79",540,0.0215558293332532,-0.0744574226894877,-0.0420922512909634,-0.0520720972759239,-0.0375299494383144
"S2_C_colectomy_40_79",541,0.0125984177470648,-0.0147388243422809,-0.0247203294894373,-0.0326282506636577,-0.0933941862170946
"S2_C_colectomy_40_79",542,-0.00707553735662235,-0.0420567403161853,-0.0151826601412332,-0.0206173576516961,-0.0899474226831438
"S2_C_colectomy_40_79",543,0.0101893577148147,-0.0274130376541176,-0.0101726405228426,0.000931229137811435,-0.0173710016822362
"S2_C_colectomy_40_79",544,0.0221689569986481,-0.051439195153818,-0.0171041155591775,-0.0183526995954376,-0.0880577740680704
"S2_C_colectomy_40_79",545,-0.0260399801662363,-0.0288496303014685,-0.0241537341353993,-0.0486422914875158,-0.0549718930705959
"S2_C_colectomy_40_79",546,-0.0253370789529218,-0.033583015341153,-0.0140858798873592,-0.00353893960356533,-0.0888670214377348
"S2_C_colectomy_40_79",547,0.0172023447818921,-0.0492129018713799,-0.032761073477606,-0.0384317567417553,-0.0690403549322691
"S2_C_colectomy_40_79",548,-0.012997563037514,-0.00702119005555434,-0.00216841806089679,-0.0719714653760201,-0.116613461257719
"S2_C_colectomy_40_79",549,0.0212431278844241,-0.022778570494411,-0.0187875680588053,-0.0296904268248431,-0.0548814088844972
"S2_C_colectomy_40_79",550,-0.0130827233306232,-0.0520860503810909,-0.0228147354611485,0.016903177185543,-0.0350686575699324
"S2_C_colectomy_40_79",551,-0.0200337392424979,0.000599129491311315,-0.0681099933631407,-0.00662859851397862,-0.104294554991161
"S2_C_colectomy_40_79",552,0.0194908128005208,-0.0379526350853346,-0.0212275455961337,-0.0078830752603769,-0.0591986082847717
"S2_C_colectomy_40_79",553,-0.00834038746414395,-0.0448071500428924,0.00771974365882197,-0.049923213034368,-0.0716102100929266
"S2_C_colectomy_40_79",554,-0.0121525058177452,-0.020216975816301,0.0412292762081765,-0.021361495897629,-0.104297074244055
"S2_C_colectomy_40_79",555,-0.00903661650482319,-0.0182732508605812,0.0179256052711288,-0.024747169620584,-0.0775219467138945
"S2_C_colectomy_40_79",556,0.00433712245949729,-0.039536219171994,-0.0109354279803091,-0.0404725326039847,-0.0428887813351101
"S2_C_colectomy_40_79",557,0.0150322001103008,-0.00915886244904326,-0.00690646915818641,0.0286302933900549,-0.0491100844517346
"S2_C_colectomy_40_79",558,-0.00323713280525111,-0.0452302371899922,0.00896874627990701,0.0115089351170692,0.000495567237685179
"S2_C_colectomy_40_79",559,0.0128583256980133,-0.00848347879528606,-0.0172356748057431,-0.0312134960409219,-0.0907414008152266
"S2_C_colectomy_40_79",560,-0.00873325871939204,-0.0349551209593429,-0.0223907751759107,-0.0462375039219363,-0.0831132213094219
"S2_C_colectomy_40_79",561,-0.00979171789411693,0.00520766973821889,0.00124835437688922,-0.0430298164461219,-0.033551878065024
"S2_C_colectomy_40_79",562,0.00260604103713294,-0.0179819412658685,-0.0164406808337795,-0.0592893805356027,-0.0351057283373426
"S2_C_colectomy_40_79",563,0.0129081609471259,0.0341604677488888,0.0314978979418374,-0.0685577189708988,-0.0454045831788347
"S2_C_colectomy_40_79",564,-0.00506803774924555,-0.0447197226684132,-0.0756629632889763,-0.0941231417860164,-0.0258817118372557
"S2_C_colectomy_40_79",565,-0.00403999584445152,-0.0336345338806148,-0.0252782600605828,0.00657965975469468,-0.0477818488371175
"S2_C_colectomy_40_79",566,0.00319105683377201,-0.0457457155321604,0.000684991355956038,-0.0170607137603022,-0.0257594592474907
"S2_C_colectomy_40_79",567,-0.00361155195203943,-0.0758799511036287,-0.0520306561848015,0.0212227033164112,-0.0615683720777059
"S2_C_colectomy_40_79",568,-0.0167374779273258,-0.0344167397929057,-0.0321889448242431,-0.0165030031594773,-0.102356848829405
"S2_C_colectomy_40_79",569,0.0129162364946256,-0.0380329210381423,-0.0204031568268798,-0.032550016407061,-0.00438157779709725
"S2_C_colectomy_40_79",570,-0.00716939626373918,-0.0607657317373549,0.00468232489560066,0.0111659914166436,-0.0717258905709749
"S2_C_colectomy_40_79",571,0.00937276694901423,-0.029292774647839,-0.0480255442400284,-0.060659418771852,-0.0618326334998578
"S2_C_colectomy_40_79",572,0.00322310310930375,0.00324742757172053,-0.0488507260985852,0.035510275414075,-0.046269963839347
"S2_C_colectomy_40_79",573,0.00117874050621568,-0.0501954019065978,-0.0151161360979113,-0.0591060398339465,-0.0321013363962758
"S2_C_colectomy_40_79",574,-0.0233124769119979,-0.00660859874509312,-0.0283833795638753,-0.022373647792879,-0.0447077901312013
"S2_C_colectomy_40_79",575,0.00739394390879139,-0.0444993433212851,-0.00383433656255505,0.00338162541205467,-0.112787109788026
"S2_C_colectomy_40_79",576,-0.0365584031223907,-0.0374719561208869,0.0262874616845367,-0.0569748536334454,-0.029086774683898
"S2_C_colectomy_40_79",577,-0.0102370521006086,-0.0146749104180909,0.0264007755266569,-0.0705914120610176,-0.0326468104293399
"S2_C_colectomy_40_79",578,0.0142899810358439,-0.00889436803261125,0.0268663556310533,-0.0504803797782538,-0.0942883894643003
"S2_C_colectomy_40_79",579,-0.0195859305533337,0.00166296256579192,0.0377521256902796,-0.0544805472712042,-0.0341701349889508
"S2_C_colectomy_40_79",580,0.00200942871168124,-0.0329644474459484,-0.0131272783100822,-0.0654929188795116,-0.102782811998101
"S2_C_colectomy_40_79",581,-0.00628062248919185,-0.0338754271090589,-0.00779305926992629,-0.0127797864741377,-0.11934430191504
"S2_C_colectomy_40_79",582,0.00273526913406807,-0.0322049364874548,-0.000509738532492421,-0.014136576419736,-0.119276828505196
"S2_C_colectomy_40_79",583,-0.0203942120417725,0.0342691723342692,-0.00306689476860106,0.00519659791649055,-0.0723883657396243
"S2_C_colectomy_40_79",584,-0.00683194227609057,-0.0422453176658185,0.0265447270657314,-0.0326919195215714,-0.0523841786808605
"S2_C_colectomy_40_79",585,-0.00158357142113499,-0.0335018259367192,-0.046727720809382,0.00218148402732898,-0.120760833960769
"S2_C_colectomy_40_79",586,0.0270773752524877,-0.0377483549259024,-0.0393215581222388,-0.0302402654985174,-0.0156876557669569
"S2_C_colectomy_40_79",587,0.0195755828628274,-0.0116043493984153,0.00339893480958117,-0.0319299846443695,-0.0616765052559997
"S2_C_colectomy_40_79",588,-0.00917822217039872,-0.0338854355574507,-0.00916154968621458,-0.0284550513228344,0.00600290089532418
"S2_C_colectomy_40_79",589,0.0274356170891145,-0.0640254471307828,0.0186320108050664,-0.0905255464388913,-0.0687152770124068
"S2_C_colectomy_40_79",590,-0.00311571134086856,-0.025391611741923,0.00573426726498141,-0.057686680024389,-0.0252523531548794
"S2_C_colectomy_40_79",591,0.0108109834686609,-0.0269627837989904,-0.0412628543114665,-0.0285102283758473,-0.0470059868192876
"S2_C_colectomy_40_79",592,0.00373717517013898,-0.0198336719204612,-0.0807484814767755,-0.100192627744137,-0.068377831342387
"S2_C_colectomy_40_79",593,-0.033586258667406,-0.0194358123995312,0.0105632455322299,-0.0395616328354457,-0.0258177638477499
"S2_C_colectomy_40_79",594,0.00561320585956957,-0.0546568393966289,0.0253108579227653,-0.0475735373712755,-0.0380263593035619
"S2_C_colectomy_40_79",595,0.00366812522610508,-0.0227140290870269,-0.0506516749642643,-0.0495311875233075,-0.0511872216482365
"S2_C_colectomy_40_79",596,0.00731676516555051,-0.0576046259289418,-0.00717630472916861,-0.0350041124652095,-0.0973396505447964
"S2_C_colectomy_40_79",597,0.00526739769954086,-0.0223533978345423,-0.00974072158902373,-0.124283501969717,-0.0225778624812819
"S2_C_colectomy_40_79",598,0.00423994979251923,-0.0391435773579145,-0.00794458739344492,-0.0283051707588364,-0.0884166231542459
"S2_C_colectomy_40_79",599,-0.0158239020201857,-0.0361739809614781,-0.0144406244856145,-0.0193687252885481,-0.0985901294378357
"S2_C_colectomy_40_79",600,0.0229102627393803,-0.0227047347479324,-0.0366311195119144,-0.0129051913882527,-0.0469313354632437
"S2_C_colectomy_40_79",601,-0.0200409481329253,-0.0231950536740618,-0.0211525760434884,-0.0768973333993958,-0.124786795556632
"S2_C_colectomy_40_79",602,0.0336449695413599,-0.0768190106497958,0.0116908392764932,-0.0594163666742097,-0.0563118928661899
"S2_C_colectomy_40_79",603,-0.00360639402605059,-0.0298193693722414,-0.0205127773121254,-0.0362634331957367,-0.0499024026687337
"S2_C_colectomy_40_79",604,0.000730376669710688,0.00050751541380463,-0.0246152594423625,-0.0431044580346205,-0.0511847642876811
"S2_C_colectomy_40_79",605,-0.0183671923127618,-0.0477433106848722,5.88227539846942e-05,-0.0268764420160433,-0.0103005464077534
"S2_C_colectomy_40_79",606,-0.00111536020185984,-0.013783597004141,-0.0104264905255519,-0.012950049981104,-0.0523812839333117
"S2_C_colectomy_40_79",607,-0.0157854917473009,-0.0254093215928964,-0.0473713324789038,-0.0598066864849137,-0.0213965033042854
"S2_C_colectomy_40_79",608,0.00559641788453018,-0.056717879711126,-0.00656580891545472,-0.0561432838461167,-0.0457585358718303
"S2_C_colectomy_40_79",609,0.00564610623505671,-0.0545923870023769,-0.00413395033173689,-0.0485722865046614,-0.064466151262592
"S2_C_colectomy_40_79",610,0.00355645797157734,-0.0421163423860173,0.036205938558099,-0.0431362501006489,-0.0547767518257855
"S2_C_colectomy_40_79",611,-0.0212450375551009,0.00192701641234172,-0.0118683850665981,-0.103019722486051,-0.0994860139231918
"S2_C_colectomy_40_79",612,0.0104349967773416,-0.0116788041261224,-0.0376677731448196,-0.0228437343194928,-0.0294382470806413
"S2_C_colectomy_40_79",613,-0.0127983074156094,-0.0336837259318167,-0.00677865692027424,0.00108710954880081,-0.0757471832164912
"S2_C_colectomy_40_79",614,-0.00814204603823766,-0.00652249706917313,-0.034517960928914,-0.0388728607538814,-0.0313967896197428
"S2_C_colectomy_40_79",615,-0.021191432609688,-0.0389075279075741,-0.0299757660821181,-0.0524815517072244,-0.08794610897257
"S2_C_colectomy_40_79",616,0.0165983925080222,-0.0196522451868149,0.00656225871860167,-0.0981611657106918,-0.0775491810184635
"S2_C_colectomy_40_79",617,-0.024810804706173,-0.0303673774847174,-0.021095674274581,-0.0652672431204903,-0.0756769601008804
"S2_C_colectomy_40_79",618,0.0344397041619325,-0.0466089973851559,0.0228170573623093,-0.010490009281283,-0.0411232516133335
"S2_C_colectomy_40_79",619,0.0144114755800375,-0.0397974121312111,0.00865239930968333,-0.056141840192981,-0.124247863005942
"S2_C_colectomy_40_79",620,0.0313105303688263,-0.0366900701282021,0.0313799826542042,-0.0315207471570998,-0.0374046520139967
"S2_C_colectomy_40_79",621,-0.00356962021872732,-0.0408656933205261,0.0166647336316321,-0.109413161246386,-0.0910092065940007
"S2_C_colectomy_40_79",622,0.0318657911210362,0.00543094946410666,0.00602309446690125,-0.0250074532761058,-0.0739010552214715
"S2_C_colectomy_40_79",623,-0.0122580446454058,-0.0121952898084178,-0.0384400460372814,-0.0396019057472702,-0.0686674448923312
"S2_C_colectomy_40_79",624,-0.00977178946598602,-0.061241359632787,-0.0252839582432074,-0.0699280691312831,-0.0880277254661112
"S2_C_colectomy_40_79",625,-0.00764676823486608,-0.000212901318024594,-0.0592794837905587,-0.0584726399320674,-0.029827463361321
"S2_C_colectomy_40_79",626,-0.0291886171217644,0.0212174790898764,-0.0509596566005243,-0.0275541540258005,-0.0552026007303257
"S2_C_colectomy_40_79",627,0.0357255986904076,-0.046348412436079,0.0347590112368849,-0.0614067559170114,-0.0549731847254706
"S2_C_colectomy_40_79",628,-0.00305334772404552,-0.00697471591393811,-0.027783956377157,-0.048726308776992,-0.0774342842353427
"S2_C_colectomy_40_79",629,-0.0230193238467947,-0.0514114419149455,0.00865600948731188,-0.0622508799205496,-0.0835083654878633
"S2_C_colectomy_40_79",630,0.0217865621317663,0.0215454712338772,-0.0307660289000888,-0.0115976531583206,0.011277116339627
"S2_C_colectomy_40_79",631,0.0185319319928319,-0.0726723863976698,0.0447283574097417,-0.117260529243086,-0.0311529001744884
"S2_C_colectomy_40_79",632,-0.00659346634259975,-0.0365197277590316,-0.00813770750916792,-0.0401960907989638,-0.0609213334579234
"S2_C_colectomy_40_79",633,0.00281908671469972,-0.0289262678893676,-0.019588856383994,-0.0785854115198802,-0.0276263281061019
"S2_C_colectomy_40_79",634,0.00560285690858445,-0.0431094348152142,0.0100942259055774,0.0167055943480641,-0.075982263459864
"S2_C_colectomy_40_79",635,-0.0142147794385802,-0.0135279154620074,-0.0390214449896453,-0.0597817385106237,-0.0543244445173932
"S2_C_colectomy_40_79",636,0.0260837069799859,-0.0651188343559767,-0.0155547549048586,-0.0461591874047389,-0.0828770995441073
"S2_C_colectomy_40_79",637,0.0101282344430869,-0.0276860586831006,-0.0190321402381863,-0.046967398401471,-0.0230901038394526
"S2_C_colectomy_40_79",638,0.00669869019848827,-0.0422689242275503,-0.00467791773326615,-0.0142410576251707,-0.0932348327443455
"S2_C_colectomy_40_79",639,-0.0175750853098812,-0.0254002153385875,-0.0421336409543669,-0.04395816081143,-0.138283833138173
"S2_C_colectomy_40_79",640,-0.00652420821675462,-0.0574998959294157,-0.0212174519930905,-0.0393788276330937,-0.124783695539089
"S2_C_colectomy_40_79",641,-0.0152677624210308,-0.0159867781069383,-0.0352693548926971,-0.0646738317672294,-0.0775551209951008
"S2_C_colectomy_40_79",642,-0.0232586424865152,0.0220543914903184,-0.0045215657007,-0.0602219762881645,-0.0321221552510229
"S2_C_colectomy_40_79",643,0.0241633669859245,-0.00655568564527159,-0.0660523428741697,-0.0122987831562676,-0.0740583634407416
"S2_C_colectomy_40_79",644,0.0188509905791415,-0.0248016649607389,-0.00104555371267598,-0.0852424616408816,-0.0409958301734419
"S2_C_colectomy_40_79",645,0.0059043415700675,-0.0185195405746123,-0.022321583812441,-0.0472043087722001,-0.0867745975933717
"S2_C_colectomy_40_79",646,-0.0217031523191253,-0.0200829670973039,-0.00221247802012647,-0.0948717396584958,-0.0380103499744063
"S2_C_colectomy_40_79",647,-0.0135201851816776,-0.06139506058238,-0.0131061986494155,-0.0165428737494308,-0.0449537504621366
"S2_C_colectomy_40_79",648,0.0123435080899226,0.000233779156133471,0.0148261061822114,-0.0323201327234384,-0.0107331846912286
"S2_C_colectomy_40_79",649,-0.0143669718227978,-0.0660790205382632,-0.0174551522195495,-0.0708033937317421,-0.0712894300666289
"S2_C_colectomy_40_79",650,0.0031617782350967,-0.0290905399452012,-0.0223791915171377,-0.0246912607181433,-0.0911140992739377
"S2_C_colectomy_40_79",651,-0.00284193138061675,-0.0206486361354395,-0.00133589971620704,0.00909073637654045,-0.0684857604922013
"S2_C_colectomy_40_79",652,0.006737588178183,-0.0510403776463847,-0.0596193146475677,-0.0205622353627427,-0.0331839849503357
"S2_C_colectomy_40_79",653,-0.0125275120799551,-0.0307002522460506,0.00249905529152616,-0.0251680949741848,-0.119574549776294
"S2_C_colectomy_40_79",654,0.00218926820159486,-0.0354184839022057,0.0196386099701744,-0.0626651916041556,-0.0622104035629883
"S2_C_colectomy_40_79",655,-0.0129856225331413,-0.0502238049446787,-0.0221942298754804,-0.0250257950906246,-0.0824333044202499
"S2_C_colectomy_40_79",656,0.00808318051896386,-0.0298827877232073,-0.00404205903877183,0.0121742549127867,-0.086195571074734
"S2_C_colectomy_40_79",657,-0.0229785939697028,-0.0235646372668374,0.0323930759146594,-0.0829371980307682,-0.0477455305386135
"S2_C_colectomy_40_79",658,-0.00518720225605246,-0.0569725220324847,-0.0017519727409149,-0.0627267533073593,-0.0513068284287355
"S2_C_colectomy_40_79",659,-0.00469154947187371,-0.019287566098273,-0.0123239137326399,-0.0442228511634183,-0.0821629406535588
"S2_C_colectomy_40_79",660,0.0011378693355366,-0.039897684054512,-0.00684570710400603,-0.0276760594763605,-0.0396931742406027
"S2_C_colectomy_40_79",661,0.019046430864235,-0.0510405993341634,0.0236874176230299,0.0234109203300433,-0.0897312299867051
"S2_C_colectomy_40_79",662,-0.0252044733413952,-0.027408115110705,0.00935431506008821,-0.0197205702833024,-0.0420873967113684
"S2_C_colectomy_40_79",663,0.0188142126841604,-0.0283421510598116,-0.0204372578200356,-0.0553159962178336,-0.110817928131383
"S2_C_colectomy_40_79",664,-0.0157730712376797,-0.00542772258483842,-0.0377524754547564,-0.0717551510634866,-0.108664514314712
"S2_C_colectomy_40_79",665,0.022851610233244,-0.0523843614991791,-0.0269267505901657,-0.0512116458006464,-0.0264546191067477
"S2_C_colectomy_40_79",666,0.00943029827975745,-0.00939081177159472,-0.0118846770978245,-0.0484426870609501,-0.0924939729937926
"S2_C_colectomy_40_79",667,0.0183486433600793,-0.0287703843811633,-0.0270907237110485,-0.0313164040768235,-0.0726756201765075
"S2_C_colectomy_40_79",668,-0.00963664238792605,-0.0527785025902436,-0.0280797755415328,-0.0715893867060797,-0.00436938141468263
"S2_C_colectomy_40_79",669,0.0141234251151328,-0.012292946819225,0.00456361740379993,-0.0536032370384368,-0.128528416713557
"S2_C_colectomy_40_79",670,0.00601361201143069,-0.0345856896648217,0.00455277894482289,0.0292842457393823,0.00129309915337128
"S2_C_colectomy_40_79",671,0.0533586873876458,-0.063240554426607,-0.0391632391205967,-0.0547086316974548,-0.0955426507895673
"S2_C_colectomy_40_79",672,-0.0129547437534366,-0.0873064392142063,0.0167024344785349,-0.103396153952309,-0.0675598257725769
"S2_C_colectomy_40_79",673,0.0173495987759608,-0.044446606465057,-0.0968337749376285,0.0142352528796429,0.00133385669989139
"S2_C_colectomy_40_79",674,0.020198664985983,-0.0326877309593422,-0.028280805663958,-0.0189900527608939,-0.0110356872592983
"S2_C_colectomy_40_79",675,-0.0312077980566684,-0.025181241692676,0.00400772813848704,-0.0470087241630364,-0.073356829828124
"S2_C_colectomy_40_79",676,0.0143929011781499,-0.0437015866277987,0.0128044913459323,-0.0760852961039621,-0.0872350165673711
"S2_C_colectomy_40_79",677,0.00397560200903763,-0.0183552229097585,-0.0211175836941489,-0.000588089785848317,-0.0903924713957694
"S2_C_colectomy_40_79",678,0.00430360560331552,-0.0107443164173392,0.00678373924378253,-0.0508633437373041,-0.0745062949395461
"S2_C_colectomy_40_79",679,-0.00852926023521885,-0.037805858577692,0.0025869216646412,-0.0537637541639408,-0.106081687954542
"S2_C_colectomy_40_79",680,-0.0218258304490812,-0.00685627548214963,-0.0206833068790802,-0.0897432555766565,-0.113310954523159
"S2_C_colectomy_40_79",681,0.0205159248713645,-0.0153231526691295,0.00663567980838642,-0.0538560545904607,-0.0922989834355987
"S2_C_colectomy_40_79",682,0.0162391405095459,-0.0171577707041547,0.00628314965348961,-0.0134132024779242,-0.0585108750811015
"S2_C_colectomy_40_79",683,-0.00153431991496764,-0.0136472040351518,-0.0469113730130579,0.0433772660384326,-0.0570568044936081
"S2_C_colectomy_40_79",684,0.00117354202107429,-0.0659978925289994,0.0602426634988996,-0.0156610005769238,-0.113874967441182
"S2_C_colectomy_40_79",685,0.00403232253553662,-0.00752020764382168,-0.0268102718796163,-0.045936169941768,-0.0890563277436118
"S2_C_colectomy_40_79",686,-0.00348385352427102,-0.0245782778966803,-0.0520022377389514,-0.0384549599076651,-0.0096306520193532
"S2_C_colectomy_40_79",687,0.0205467441310249,-0.0230937507839246,0.00303979521636802,-0.0173764117380624,-0.101175949832654
"S2_C_colectomy_40_79",688,0.0314786354849882,-0.0265268434890322,0.00101060131982483,-0.0704412947715509,-0.0959026427857881
"S2_C_colectomy_40_79",689,-0.0142423961766123,-0.0351068433184062,-0.0523888692519385,0.00880137248550794,-0.040603289528131
"S2_C_colectomy_40_79",690,-0.0181667084920898,0.00381390696697485,-0.0191033014118701,-0.0466662339454437,-0.0435615046954131
"S2_C_colectomy_40_79",691,-0.000570609010516768,-0.0212797833351323,-0.0156210594917875,-0.0402272032170431,-0.11425950003079
"S2_C_colectomy_40_79",692,-0.0140337475767372,-0.032642031764943,-0.017073350034898,-0.0897298979871158,-0.0575817972594496
"S2_C_colectomy_40_79",693,0.016897431085699,-0.0483615177163232,0.0048440510946938,-0.0651988562631736,-0.0768854307790144
"S2_C_colectomy_40_79",694,0.00480474842380788,-0.0333890252208247,0.00499651870284282,-0.100248808034223,-0.0495148044947678
"S2_C_colectomy_40_79",695,0.0184535947940271,-0.0460164955209612,-0.0182144271911352,-0.0740699316174316,-0.0937759632287055
"S2_C_colectomy_40_79",696,0.0270090907691884,-0.0494347596019762,-0.0449958636496774,-0.0261561030766982,0.0149184342460014
"S2_C_colectomy_40_79",697,-0.000321598469188437,0.0109757618811923,0.0101888218059894,-0.0822820002846811,-0.038461283870132
"S2_C_colectomy_40_79",698,0.00612409158078415,-0.0681551235766717,-0.00641656239637617,-0.0149993680066231,-0.0760442711624597
"S2_C_colectomy_40_79",699,0.0222949145015434,-0.0460166981907993,-0.0117305021822149,-0.071257605182159,-0.0868058971349385
"S2_C_colectomy_40_79",700,-0.00778152844297274,-0.0161007675029834,-8.02678018482217e-05,-0.0440877278345133,-0.0567134129318381
"S2_C_colectomy_40_79",701,0.0149649050103438,-0.0293620865138612,0.0165225999089569,-0.0979049575535997,-0.077119759340915
"S2_C_colectomy_40_79",702,0.0124811221823284,-0.0209043302756617,-0.0261363397053714,0.0143499035606021,-0.0402863873381676
"S2_C_colectomy_40_79",703,-0.00554060970236578,0.0113871400593571,-0.0155460294405527,-0.0957436309418241,-0.0757017027976954
"S2_C_colectomy_40_79",704,-0.0159865798778654,-0.00525032468498772,-0.0649958600069004,-0.0417304392174753,-0.0709049950743219
"S2_C_colectomy_40_79",705,0.0292042129709566,-0.0513835831108508,0.000372350791474088,-0.0623678324210982,-0.0664577342811372
"S2_C_colectomy_40_79",706,0.0507785608169714,-0.0867088338418972,-0.0219846856137504,0.0140985084648187,-0.0654086484435036
"S2_C_colectomy_40_79",707,0.00446684145180616,-0.043325051748391,-0.0344044276592091,-0.039391725026999,-0.055737270691376
"S2_C_colectomy_40_79",708,0.00197913302496135,-0.0171551103214363,-0.0122396753696464,-0.0397922809617425,-0.0663432117536782
"S2_C_colectomy_40_79",709,-0.0031301152700453,-0.0768262928924289,-0.0442247956149843,-0.0675778177626905,-0.0846620091515342
"S2_C_colectomy_40_79",710,-0.00122045107425557,-0.024372740663067,-0.0404247163221455,-0.0438948070011229,0.00786062900040974
"S2_C_colectomy_40_79",711,0.00860643142829517,-0.0754647096520499,-0.0287796800880472,-0.0562820104399644,-0.0708067806293267
"S2_C_colectomy_40_79",712,0.00230725820465075,-0.02153846407487,-0.037784077894256,-0.0592834559268279,0.0077555924640697
"S2_C_colectomy_40_79",713,-0.0106027202031779,-0.0354906018114108,0.0285530660881964,-0.0139616370783906,-0.0954587557040805
"S2_C_colectomy_40_79",714,-0.00806746120958403,-0.0215306392480302,-0.0151216062371385,-0.0154156602202185,-0.111710592561068
"S2_C_colectomy_40_79",715,-0.000732571849129636,-0.0268556510065066,-0.0647489839119267,-0.0205300976618798,-0.0277680409310084
"S2_C_colectomy_40_79",716,-0.0230369753624023,-0.0606538060723536,-0.00684115302570951,-0.0329876082259051,-0.00564626084508962
"S2_C_colectomy_40_79",717,0.000405850238672616,-0.0346809617787895,-0.0175931126977025,-0.0386552900170415,-0.102798042795991
"S2_C_colectomy_40_79",718,-0.0230509032678366,-0.0329198651598432,0.0337506616158195,0.00755424813870412,-0.0250675936372111
"S2_C_colectomy_40_79",719,0.0142328633771002,-0.026735922159323,0.0043336158857504,-0.0480915459120541,-0.0732326432417293
"S2_C_colectomy_40_79",720,0.00669172790123426,-0.0129476061418621,-0.00475557147169497,-0.0735004830337605,-0.0886569318031323
"S2_C_colectomy_40_79",721,-0.0181174040343082,-0.0392872104812422,-0.0717702719420071,0.031827360145546,-0.0720124565150105
"S2_C_colectomy_40_79",722,0.0351290098809625,-0.0528077766389843,0.000466319330435616,-0.047277601526565,-0.0473899468647802
"S2_C_colectomy_40_79",723,0.00819599403008905,0.00453244921731796,-0.0282956433703736,-0.0139858375019049,-0.0513858403451256
"S2_C_colectomy_40_79",724,0.0174599271284513,0.000508149395616456,-0.0342720607177072,-0.000664889897369347,-0.0394551346833107
"S2_C_colectomy_40_79",725,-0.0250087304710297,-0.00928580348417722,-0.0157310265908862,-0.0371080705637974,-0.0403052826874749
"S2_C_colectomy_40_79",726,0.00369760988357028,-0.0288824497390688,0.0454465893520343,-0.0172300886074242,-0.0683757647101773
"S2_C_colectomy_40_79",727,0.0187426801639664,-0.000300565758949795,-0.0356041577563146,-0.000447440870780497,-0.030816458316472
"S2_C_colectomy_40_79",728,0.000868696107661902,-0.00923224593114449,-0.0691790635860285,-0.0590867594598578,-0.0982381199848941
"S2_C_colectomy_40_79",729,-0.000716305869303505,-0.0118932594147411,-0.0295435638213938,-0.0499835120011216,-0.0760751129281469
"S2_C_colectomy_40_79",730,-0.00589578258959265,-0.00943860953587554,-0.0418147381687735,0.0205885224396359,-0.0963829950903059
"S2_C_colectomy_40_79",731,-0.00564175227239561,-0.0155887784463835,-0.0147380253626573,-0.034013776380727,-0.0752516438301753
"S2_C_colectomy_40_79",732,-0.00758337222648062,0.00856461958421119,0.0022916038860385,-0.0749821535904793,-0.0679048203848109
"S2_C_colectomy_40_79",733,-0.00252671516323059,-0.0262806823675486,-0.0344842724159215,-0.0421846831871621,-0.0486971503769154
"S2_C_colectomy_40_79",734,0.0298187604769709,-0.053453345658696,0.0185845274672421,-0.0883036414769421,-0.0575896510487345
"S2_C_colectomy_40_79",735,0.00959479965710883,-0.0253951873411809,-0.0552206296599304,-0.0673519150175206,-0.0246837349437432
"S2_C_colectomy_40_79",736,0.00602596018135667,-0.0336465700640443,0.0247831479116417,0.0351041362335733,-0.0943178726454165
"S2_C_colectomy_40_79",737,0.0286386055297679,-0.0301637694023088,0.00356189581827335,-0.0681767555900843,-0.0450298913516286
"S2_C_colectomy_40_79",738,0.00980170846028519,-0.0155178786023195,0.0181595791281726,-0.0193251985644055,-0.114435634836104
"S2_C_colectomy_40_79",739,-0.0242024402431774,0.00270834310034881,-0.0181362680141899,-0.0481462209166546,-0.0453611191675794
"S2_C_colectomy_40_79",740,-0.0101715175317021,-0.0649767205375762,-0.0591665846082895,-0.0331250336939667,-0.0867242644648753
"S2_C_colectomy_40_79",741,0.0175582290661481,-0.0487770557873432,-0.0229349021047949,-0.0518224243272811,-0.055612033359811
"S2_C_colectomy_40_79",742,0.0113297817567039,-0.0780992342225109,-0.0136535921989132,-0.0838026413999985,-0.0412702668216977
"S2_C_colectomy_40_79",743,-0.0130887954360249,-0.0404850289537279,0.0142151395162656,-0.0569754728159423,-0.0779424125860382
"S2_C_colectomy_40_79",744,-0.000595023991539642,-0.0301072380048138,0.0382986661124416,-0.0539162001797351,-0.0683408355030108
"S2_C_colectomy_40_79",745,0.00186146444724648,-0.01484678556086,0.0100046221099218,-0.0380261305886849,-0.065065197915049
"S2_C_colectomy_40_79",746,-0.00515251944512184,-0.0332303229644984,-0.0825945997586672,-0.0660795740532,-0.0342110656704454
"S2_C_colectomy_40_79",747,-0.0207525903676969,0.0072283720718203,-0.0177204797770017,0.00778735239752437,-0.113824176986092
"S2_C_colectomy_40_79",748,-0.00378290791211831,-0.0382589504510753,0.0140327543202306,-0.0269026016417952,-0.0751660774285254
"S2_C_colectomy_40_79",749,0.0237448152929251,-0.075115085128439,-0.0221533693491615,-0.0296664955891335,-0.0549139332407986
"S2_C_colectomy_40_79",750,-0.00789443128658898,-0.0281140795234807,0.00347400339774856,-0.0691373542181094,-0.0197045321011247
"S2_C_colectomy_40_79",751,0.0190986264210898,-0.0503462288814406,0.0305280894267788,-0.0385951637196991,-0.094316617339233
"S2_C_colectomy_40_79",752,0.0141857964293797,0.0321486489552835,-0.0149576884159369,0.00582492605911109,-0.108071557040543
"S2_C_colectomy_40_79",753,-0.000457705876096719,-0.0344512592134688,-0.0101401343201047,-0.0306441026558722,-0.0471170054393673
"S2_C_colectomy_40_79",754,-0.0276336982831007,-0.016141641224653,-0.0106952560816812,-0.0379734727999995,-0.0991620962484528
"S2_C_colectomy_40_79",755,0.0264907985904295,-0.0192909966969684,-0.0258914803992365,-0.039997098357593,-0.0572739543057985
"S2_C_colectomy_40_79",756,0.0270921301056222,-0.0299640469865479,-0.0354193953155483,-0.00921385011032225,-0.0640650128641836
"S2_C_colectomy_40_79",757,-0.00327511841797821,-0.0145484541455304,0.0128755936235872,-0.0499841085388667,-0.0302129120000534
"S2_C_colectomy_40_79",758,0.00619003325487596,-0.044827179262338,-0.00396332183776232,-0.0379893190423744,-0.0500503894338135
"S2_C_colectomy_40_79",759,-0.00947625241163707,-0.0886555587691497,-0.0492976398356779,-0.0274875579215468,-0.112603114630446
"S2_C_colectomy_40_79",760,0.00826413830560609,-0.0199009710105194,-0.0177196572967435,-0.0631203379929932,-0.067418319512273
"S2_C_colectomy_40_79",761,0.010905211716084,-0.00621072006427754,-0.0510874157018441,-0.0623993638241955,-0.100768843675491
"S2_C_colectomy_40_79",762,-0.0374217731655259,-0.0277258772774977,-0.0411681268680121,0.00701084538179425,-0.0388404148684397
"S2_C_colectomy_40_79",763,-0.00152848859960217,-0.0430666496677978,0.0168027312453461,-0.0963823808289425,-0.0831485465548464
"S2_C_colectomy_40_79",764,-0.0198347152747435,-0.0415153189513083,-0.0323615953020598,0.03745778431135,-0.039885841406506
"S2_C_colectomy_40_79",765,0.0212744708733838,0.014491511408635,-0.0258220014487885,-0.0611448773334366,-0.109582792122118
"S2_C_colectomy_40_79",766,-0.00691292706651271,-0.0355680016175207,0.00365996255777851,-0.0636944595457418,-0.0345616227616465
"S2_C_colectomy_40_79",767,0.00752794022565404,-0.0117176521891162,0.011193945213684,-0.00504687169001783,-0.0916824790069759
"S2_C_colectomy_40_79",768,-0.0113928682925915,-0.00487631166804285,-0.0372779937902354,-0.015817598383306,-0.14267632544799
"S2_C_colectomy_40_79",769,0.00758543455631427,-0.00154062565466653,0.0410137917328789,-0.0802089500233907,-0.116901146835934
"S2_C_colectomy_40_79",770,0.00779483882156364,-0.00636123389952764,-0.00831040673711858,-0.0211308344866999,-0.0868313411953366
"S2_C_colectomy_40_79",771,0.00204779920432372,0.00291772880402123,-0.022639626063427,-0.0514380556849969,-0.0568370087739175
"S2_C_colectomy_40_79",772,0.00543511540580338,0.0405393218311681,-0.0500362148694219,-0.0532625674878754,-0.0584032920633663
"S2_C_colectomy_40_79",773,0.00247087009166175,-0.0260440535320154,0.00280909781779676,0.0204850575750807,0.00420615640823313
"S2_C_colectomy_40_79",774,-0.0170522273174553,-0.0758465833759605,0.0139873112701857,-0.0188415305049124,0.0128289996021684
"S2_C_colectomy_40_79",775,0.0016596654076397,-0.0365397478433515,-0.0551553779471711,-0.0107269343451969,-0.0696589166036949
"S2_C_colectomy_40_79",776,-0.000693360827862421,-0.0149305285704953,-0.0121136951448294,-0.0162782643215829,-0.0625492067564596
"S2_C_colectomy_40_79",777,-0.0206329655289752,0.00599672523884878,0.00143460461944078,-0.00754743463930557,-0.101660828438043
"S2_C_colectomy_40_79",778,0.000781137187346563,-0.0599548954346579,0.0290123215746936,-0.0297128990973536,-0.0270749412540894
"S2_C_colectomy_40_79",779,0.00373242896250557,-0.0455504003234612,-0.0120409372630204,-0.0843113469577119,-0.0661006167498527
"S2_C_colectomy_40_79",780,-0.00570848457197604,-0.0441803099412557,-0.00207940624063377,-0.0454579097815429,-0.0527509766651668
"S2_C_colectomy_40_79",781,0.0218076447075817,-0.00745310579501753,-0.00108310609378548,-0.0601621950942649,-0.076290606830233
"S2_C_colectomy_40_79",782,-9.9713007137292e-05,-0.0568216790996985,0.00574578531968345,-0.098587435668163,-0.0788690451427146
"S2_C_colectomy_40_79",783,-0.0249234234516267,0.00639859350948851,-0.0224720951455807,-0.00544609150792655,-0.00389378836730891
"S2_C_colectomy_40_79",784,-0.0113142458449066,-0.0399167414151487,-0.0674260513121509,-0.0561637325611717,-0.0360979390553555
"S2_C_colectomy_40_79",785,0.0102415651957262,-0.0509998866432202,0.0192024243522479,-0.0802247764073996,-0.00741003703018533
"S2_C_colectomy_40_79",786,0.0380913387671669,-0.00857333750357368,0.00770389551234901,-0.0599187710368551,-0.0492962403480523
"S2_C_colectomy_40_79",787,-0.0070965326176655,-0.0155504100158876,-0.0035380058784685,-0.0291313475625664,-0.0736040521552738
"S2_C_colectomy_40_79",788,-0.00703923142308528,-0.0251035572801892,0.00333657707993082,-0.0179991986620281,-0.0250995666993283
"S2_C_colectomy_40_79",789,-0.00628985677837524,-0.0564171642759003,-0.0404876446555804,-0.0134287807310969,-0.0592931799350216
"S2_C_colectomy_40_79",790,0.0234600999464189,-0.0361860831066038,-0.00607712546171067,-0.0112939302839421,-0.0800999616611318
"S2_C_colectomy_40_79",791,-0.014025954796297,-0.0289957299389013,-0.0306239664752203,-0.0195057286132167,-0.0440965677129774
"S2_C_colectomy_40_79",792,0.0157547932224132,-0.0450526103412605,-0.0125961539913169,-0.0526723677013014,-0.0690634064665815
"S2_C_colectomy_40_79",793,0.00465704824072066,-0.0793223520764767,-0.020574501547,-0.0483727115251807,-0.0247883184749525
"S2_C_colectomy_40_79",794,-0.0211034334240965,0.000216817357592311,-0.00245692778190401,-0.0104534246357816,-0.116915509675637
"S2_C_colectomy_40_79",795,-0.00914271048803152,-0.0239893971612089,-0.0478907603433859,-0.0139081143439453,-0.0690443351934267
"S2_C_colectomy_40_79",796,0.0143801285531315,-0.0407898570316221,0.010317221378106,-0.0456361555485863,-0.0889680710098833
"S2_C_colectomy_40_79",797,0.0119500824012957,0.00647471869798014,0.0105038394919103,-0.0327263820579703,-0.027225067408373
"S2_C_colectomy_40_79",798,-0.00260825845329402,-0.0104422343090346,-0.00520782968453432,-0.0650668267216978,-0.0145741748016635
"S2_C_colectomy_40_79",799,0.00521272169856472,-0.073306173123656,-0.0301838913250468,-0.0229467349477379,-0.0971381611335276
"S2_C_colectomy_40_79",800,-0.00608584920422364,-0.0454973262567105,0.0248731737208373,-0.0219260131566956,-0.0736338866238149
"S2_C_colectomy_40_79",801,-0.00569451908835936,-0.0119589233647838,0.0146682136806736,-0.0358768708612391,-0.0177143767498512
"S2_C_colectomy_40_79",802,0.018788947345935,-0.00800959282630037,0.0121346193604596,-0.00675165158664917,-0.0429646740474167
"S2_C_colectomy_40_79",803,0.0206148846824017,-0.100633227309829,0.026347223866235,-0.0666127104814494,-0.0712441477635423
"S2_C_colectomy_40_79",804,-0.00904065777896437,0.00294000384438151,-0.0307928259387272,-0.0428272235651689,-0.0696309808076054
"S2_C_colectomy_40_79",805,-0.00823545114521941,-0.023664384098636,0.0279839996435164,-0.0158692249052752,0.00136768838795115
"S2_C_colectomy_40_79",806,0.0152735876653441,-0.0390476163132143,-0.0076288819084144,-0.0784498736659874,-0.0676368252015776
"S2_C_colectomy_40_79",807,-0.00902614453563841,-0.0485285640296965,0.0294354245493134,0.0141085452849796,-0.0642091391349335
"S2_C_colectomy_40_79",808,-0.0127380053508831,-0.00960537766056606,-0.0787540825335558,-0.0542086441492368,-0.091038315814347
"S2_C_colectomy_40_79",809,-0.00171580175549437,-0.029411717768397,-0.0117173767902197,-0.071464212199223,-0.041913437410445
"S2_C_colectomy_40_79",810,0.00887420269703184,-0.00966575336843474,0.0282102628075873,-0.0142188096795718,-0.0826535116571094
"S2_C_colectomy_40_79",811,0.0124324670232072,0.00800175330894025,-0.00822848987240243,-0.0488623317462587,0.031510354648033
"S2_C_colectomy_40_79",812,0.0236332145347854,-0.0702515850768986,-0.0574547979966604,-0.0143567016689577,-0.0392140733830031
"S2_C_colectomy_40_79",813,0.0161632370931035,-0.0355213456515124,-0.0103419770264304,-0.0443988183155446,-0.0863275852379124
"S2_C_colectomy_40_79",814,0.0523587609312597,-0.0302597279246935,-0.00155441196147676,-0.00773148578079275,-0.121581942273267
"S2_C_colectomy_40_79",815,0.0183164271969737,-0.0411660189313239,0.0116191370420353,0.0024104040839861,-0.0714284914077544
"S2_C_colectomy_40_79",816,0.0056582091185422,0.00923221343226337,-0.0295318408768007,0.00283545678495251,-0.0459406114453874
"S2_C_colectomy_40_79",817,-0.022438080481724,0.0017048564279797,-0.00242674813362234,-0.053241972701221,-0.0460786585667596
"S2_C_colectomy_40_79",818,0.00302317199085473,-0.044907489140947,-0.0103706084476115,-0.0754404010999756,-0.0635099501247475
"S2_C_colectomy_40_79",819,0.0344545181901047,-0.0508370546725289,0.00678731545951489,-0.0206902589010892,-0.0350617502122213
"S2_C_colectomy_40_79",820,0.0165494549194137,-0.0451685224193014,0.000873297351745794,-0.0357011859076779,-0.0907583688625997
"S2_C_colectomy_40_79",821,0.0158395770926539,-0.0307817735104187,-0.0158014722539262,-0.0290049578198386,-0.0125916971433158
"S2_C_colectomy_40_79",822,0.00869013761895499,-0.00871893393943873,0.0129667091095305,-0.0505495056164807,-0.0786777617956773
"S2_C_colectomy_40_79",823,-0.0161278406905491,-0.044252814142231,-0.00712169810154081,-0.0363837020054391,-0.0596370274793235
"S2_C_colectomy_40_79",824,-0.00142976520854432,-0.0833464938816158,0.0335153136880323,-0.0526403128053505,-0.104213921177561
"S2_C_colectomy_40_79",825,0.00443007371813396,0.0252103004620399,-0.0373020542860047,-0.0273784405001865,-0.082908862313018
"S2_C_colectomy_40_79",826,-0.0134903780463218,-0.0613611689351109,-0.00350451835503812,-0.0341118740217189,-0.0702837755290306
"S2_C_colectomy_40_79",827,0.00261503966100693,-0.0038688466185977,-0.000841915637715296,-0.0266116663486085,-0.0914492931985713
"S2_C_colectomy_40_79",828,0.0206801358734765,-0.0519370307463189,-0.019414665361272,-0.102363783876737,-0.0647153979498599
"S2_C_colectomy_40_79",829,-0.0022554129890501,-0.027942491389523,0.0198379523280002,-0.00613449300767255,-0.0484679424056226
"S2_C_colectomy_40_79",830,0.00535626701068784,-0.0388194806632509,-0.0236398627887631,-0.00990025957231111,-0.0945012504035928
"S2_C_colectomy_40_79",831,0.0151023791833654,-0.0471858660284656,-0.0490105828867683,-0.0316750225933498,-0.123954667337519
"S2_C_colectomy_40_79",832,-0.0171507569041584,-0.0442159326423194,0.00395749864616915,-0.0838964981237324,-0.0924337613288554
"S2_C_colectomy_40_79",833,0.0145928452007788,-0.0604121476126838,-0.0306038556843308,-0.0395758430199969,-0.0467870555542794
"S2_C_colectomy_40_79",834,-0.00438031555897198,0.022466920796415,0.0121939218649133,-0.0511819495333559,-0.0676334190441328
"S2_C_colectomy_40_79",835,-0.00352527063458622,0.0139310735055077,0.00488755701871257,-0.0317863841794564,-0.060980662255617
"S2_C_colectomy_40_79",836,0.0199415911595283,-0.0816599781153854,0.000143588646720094,-0.108130494647273,-0.0583417562707506
"S2_C_colectomy_40_79",837,-0.000273944513099839,-0.0406972696718319,-0.050820674818828,-0.0415538586515184,-0.0500839411334744
"S2_C_colectomy_40_79",838,-0.0229037866937498,-0.00301048791852467,-0.0276226517524223,-0.0487864019309118,-0.0741923198888085
"S2_C_colectomy_40_79",839,0.00473976444464763,-0.0179660191232641,-0.00266104113511598,-0.0166311920732797,-0.0460100743259617
"S2_C_colectomy_40_79",840,-0.0157851429260403,0.0106395692561615,-0.0378589634213563,-0.0758013013388185,-0.0769664188673832
"S2_C_colectomy_40_79",841,0.0116467938476469,-0.0431010366201275,-0.0468706903813633,-0.0846912006062576,-0.061184355843417
"S2_C_colectomy_40_79",842,-0.0179323523827846,-0.0318732350723517,-0.0480889567947092,-0.0431259883435411,-0.0305824404135062
"S2_C_colectomy_40_79",843,-0.00904559910384291,0.010954300622235,0.00405515304631521,-0.0197722161290321,-0.0924809252380657
"S2_C_colectomy_40_79",844,0.000217009711178072,-0.0840239984308889,-0.0304424978280791,-0.0142079867977762,-0.112109940863853
"S2_C_colectomy_40_79",845,-0.0128260348568155,-0.0390595990255893,0.0213587302493718,-0.0131050276407603,-0.0589193256024739
"S2_C_colectomy_40_79",846,0.00497261183932148,-0.0385019293270535,-0.0431553166961475,-0.0150915624418009,-0.113077158814782
"S2_C_colectomy_40_79",847,-0.00555792070588715,-0.0365598101153443,-0.0458380661684971,-0.0410994847039198,-0.0098596715989086
"S2_C_colectomy_40_79",848,0.0143592846093564,0.0160280814837558,-0.00833434899986227,-0.057420267888668,-0.0625861428494549
"S2_C_colectomy_40_79",849,0.00771742335582097,-0.0359094767471893,0.0198990247891291,-0.0275090657263126,-0.0852115795787351
"S2_C_colectomy_40_79",850,-0.00599947990978627,0.00261413547286736,-0.0266366000014721,-0.0321960828131117,-0.0581623664138915
"S2_C_colectomy_40_79",851,0.00347019802489132,-0.0407849805263423,-0.00556012117598673,-0.00514784257300566,-0.0505569250804588
"S2_C_colectomy_40_79",852,0.00431207798841505,-0.0313614950020431,0.00887196577227917,-0.0427541671581443,-0.0812905976512309
"S2_C_colectomy_40_79",853,-0.00585543945970265,-0.0222959764852995,0.0193885939856061,-0.0707689561471037,-0.074179050940493
"S2_C_colectomy_40_79",854,0.0351186098169959,-0.0258102039021052,-0.0383721135802632,-0.0558536979401461,-0.0264220376449034
"S2_C_colectomy_40_79",855,-0.00199472333328447,-0.0510238555450003,0.02392298579139,-0.0334015140011959,-0.00137424639209333
"S2_C_colectomy_40_79",856,-0.00633194065328679,-0.0502197228665416,-0.0221854782719398,-0.0684299899587451,-0.00812788866451469
"S2_C_colectomy_40_79",857,-0.000762618411453315,-0.0599229706328767,0.0145931403417579,-0.0363241234389393,-0.0451491502531806
"S2_C_colectomy_40_79",858,-0.00314326667707064,-0.0492952451031066,-0.00351215342407296,-0.00438333952042225,0.0149289516319792
"S2_C_colectomy_40_79",859,-0.0060541870186726,-0.0269795339638008,-0.071113349931592,-0.0444323467033049,-0.117355844249456
"S2_C_colectomy_40_79",860,0.0101989450038412,-0.0667264268208962,-0.0392823039079371,0.00177614914191451,-0.0364371621928922
"S2_C_colectomy_40_79",861,0.00638688763333085,-0.021968799131813,-0.00426950887520347,-0.0704440227942766,-0.0212301084367962
"S2_C_colectomy_40_79",862,4.89019904403309e-05,0.00480999420187204,-0.0437960309157077,-0.0116921808422737,-0.0139996434656633
"S2_C_colectomy_40_79",863,0.028971086427638,-0.0644998455215807,-0.00727175702518654,-0.0612338269997834,-0.0508456527944837
"S2_C_colectomy_40_79",864,-0.0009913010595725,-0.021179133337786,0.0147490662773673,-0.0282544438143719,-0.0668552235935049
"S2_C_colectomy_40_79",865,-0.0102829854626097,-0.0616359190321413,0.0100648514734691,-0.0623763415784692,-0.0752282611960231
"S2_C_colectomy_40_79",866,-0.0142034830617507,-0.0167212251390119,-0.0419111923260181,-0.0926084647461558,-0.0811240245003972
"S2_C_colectomy_40_79",867,0.00960634023793761,-0.0813417762323346,0.0058335690462577,-0.0206614560854907,-0.0530712412305585
"S2_C_colectomy_40_79",868,0.0179956945861589,-0.00697199728231958,0.0106815035904415,-0.0621886862608324,-0.064602046360506
"S2_C_colectomy_40_79",869,9.18113251598615e-05,-0.0115207849450284,5.98611165204821e-05,-0.0475464746295947,-0.0275761551020969
"S2_C_colectomy_40_79",870,0.0165306046710159,-0.0500034477368102,-0.0241073580434592,-0.033000910597933,-0.0450764888766937
"S2_C_colectomy_40_79",871,0.0151017178485785,-0.0210960096009917,-0.00810999166615617,-0.0243739909292553,-0.069264281101886
"S2_C_colectomy_40_79",872,0.00765512276355372,-0.0235864738902252,-0.00693281720643704,-0.0769002885639005,-0.0591132051041299
"S2_C_colectomy_40_79",873,0.0274028406088881,-0.0233885474581491,-0.0558224959938239,-0.0555129798245093,-0.0231670268936672
"S2_C_colectomy_40_79",874,-0.00983477599246753,0.0192843352782355,-0.110299122927025,-0.0585768759048081,-0.123606227493429
"S2_C_colectomy_40_79",875,0.0334329896692996,-0.0364359813969451,-0.00606644882491753,-0.0334229064894757,-0.115954321786336
"S2_C_colectomy_40_79",876,0.00181169711512107,-0.00331355066933899,-0.0104064031124498,-0.0872704324456248,-0.0986720584632408
"S2_C_colectomy_40_79",877,0.00323674588754581,-0.0552936359719878,0.0346482738029255,-0.0328336988426535,-0.109211064270859
"S2_C_colectomy_40_79",878,0.004197564587546,-0.0184403112506895,0.011669910083753,-0.0660542918385009,-0.0643269969661075
"S2_C_colectomy_40_79",879,0.029514998229345,-0.0556354352532075,-0.0236800260943332,0.0157614972359094,-0.0651312454390961
"S2_C_colectomy_40_79",880,-0.00432771477472196,-0.0349885824721245,-0.0546301734173515,-0.0291080651416001,-0.0789742297697076
"S2_C_colectomy_40_79",881,0.0172884852079999,-0.0414113346740784,-0.0475420912307831,0.0114634719415005,-0.0493298364114262
"S2_C_colectomy_40_79",882,0.00108560264962305,-0.0430098703925819,0.0229932620234504,-0.091520509161652,-0.0849479306110131
"S2_C_colectomy_40_79",883,0.00357543331585654,-0.0318583581828221,0.00136946645793931,-0.0107230653905618,-0.0721838856992508
"S2_C_colectomy_40_79",884,0.0125561909880965,-0.00311111619658028,-0.0111370989564238,-0.0734235708431102,-0.0362025569335024
"S2_C_colectomy_40_79",885,0.0194379569782138,-0.0278159012513302,-0.0247958374901241,-0.056227468696989,-0.0728296062356131
"S2_C_colectomy_40_79",886,0.0344340750226959,-0.0529981457679057,0.0450253759605242,-0.0800762646866963,-0.0364160181724004
"S2_C_colectomy_40_79",887,-0.00223922541216567,-0.0501027195803653,-0.0153894719033865,-0.0131481674314055,-0.12550443884813
"S2_C_colectomy_40_79",888,-0.0051763648413885,-0.0489719821738425,-0.00728246010741029,-0.0287821679738956,-0.0474957498366625
"S2_C_colectomy_40_79",889,-0.0022793361630397,0.00384331195600568,-0.0156136928700187,-0.0224892247095842,-0.139341263646836
"S2_C_colectomy_40_79",890,0.00495232290025417,-0.0451767783424366,-0.0110059784183734,-0.0195953490934368,-0.0611454283761104
"S2_C_colectomy_40_79",891,0.0143069170378052,-0.0546286183158982,0.0280969235822676,-0.0205044798471393,-0.0721033083533003
"S2_C_colectomy_40_79",892,-0.0387042575876449,-0.00698179510398135,-0.00099954223777507,-0.0458343106646538,-0.0716617274188672
"S2_C_colectomy_40_79",893,0.000899663444270685,-0.0472622634865929,-0.0642323795549668,-0.0212117969409965,-0.0534583261240628
"S2_C_colectomy_40_79",894,0.000434427682157013,-0.0271116590588509,-0.0810331200847851,-0.0465583556776795,-0.0383042473455132
"S2_C_colectomy_40_79",895,0.0245023414026597,-0.0439108552925132,-0.036414160112886,0.00166951959551703,-0.0888646643194837
"S2_C_colectomy_40_79",896,-0.0304084786505782,-0.0139097295201021,-0.0241072744044734,-0.00231743881037214,-0.0578279091503674
"S2_C_colectomy_40_79",897,0.014342468071683,-0.0110497553204387,-0.0322056046813988,-0.0556085522197982,-0.0455073407423171
"S2_C_colectomy_40_79",898,-0.0166851006620487,-0.00637214797328525,0.00119096769520485,-0.073772935052526,-0.0976094968975492
"S2_C_colectomy_40_79",899,-0.00600192402838384,-0.036814403552917,0.0382872727125352,-0.0184830872489559,-0.0445839010840108
"S2_C_colectomy_40_79",900,0.00952787238771813,-0.0696940100134869,-0.0112165336162815,-0.0419974130001697,-0.0763804827293112
"S2_C_colectomy_40_79",901,-0.0163120823081195,-0.0476130002487533,-0.0186386814868093,-0.0340996803179166,-0.124922449410399
"S2_C_colectomy_40_79",902,0.00603616334631208,-0.0139002006107059,0.0260065521152805,-0.0187069521267215,-0.0615751329958393
"S2_C_colectomy_40_79",903,-0.0166197282915875,0.00126117968377315,-0.0372761041399965,-0.0458881655462915,-0.0762767409095944
"S2_C_colectomy_40_79",904,-0.0158566205098038,-0.0443791081817555,0.0368318701570375,-0.0818018498215929,-0.0140257701401838
"S2_C_colectomy_40_79",905,0.00256496695130577,-0.0327581075722242,-0.0500285365448047,0.00768907975332378,-0.0701317366082294
"S2_C_colectomy_40_79",906,0.00418131611677877,-0.0318289852533187,-0.0554356069992329,0.0189990927038689,-0.0636077325919213
"S2_C_colectomy_40_79",907,0.000895836522840462,-0.0417896857255375,-0.0207679011699674,-0.0207177312323984,-0.0591125060756493
"S2_C_colectomy_40_79",908,0.00204299030516911,0.00936578737906632,-0.00520728759360595,-0.0251238864297496,-0.076444184336711
"S2_C_colectomy_40_79",909,-0.0109920056867521,-0.0113244817394971,-0.0292314288770321,-0.00125246303485685,-0.0278538125592625
"S2_C_colectomy_40_79",910,0.0294194332920007,-0.0731868262843081,-0.000432636165862754,-0.0186179782535845,-0.0368390758010501
"S2_C_colectomy_40_79",911,0.0131438426050015,-0.0356937189476298,-0.0100068498629224,-0.0596582482528134,-0.0686951042515392
"S2_C_colectomy_40_79",912,0.0181906293331226,-0.080268270343724,0.017482859881945,-0.0482292377773035,-0.0533719680841853
"S2_C_colectomy_40_79",913,-0.0137145967498291,-0.0418509787761125,-0.0443568541280977,0.0286866224463946,-0.0680597224912373
"S2_C_colectomy_40_79",914,-0.00380518063792014,-0.0568399007277878,-0.0524239010417822,-0.0374617945892328,-0.0417647118824552
"S2_C_colectomy_40_79",915,0.00890331759222696,-0.0256620125223316,0.0028643777578056,-0.00766161358805537,-0.0830623817129802
"S2_C_colectomy_40_79",916,-0.0176668878196646,0.0052063259713467,0.0315769601272409,-0.0550190238051357,-0.057178236755294
"S2_C_colectomy_40_79",917,0.00462904151553995,-0.0404946986485819,-0.0523576412192754,-0.0242461583102972,-0.0562190908083561
"S2_C_colectomy_40_79",918,0.00530627983631051,-0.0314993826156246,-0.0289962209766959,-0.025162077588472,-0.0135139867726688
"S2_C_colectomy_40_79",919,-0.00867722123442975,-0.00579746867806659,0.0105658651296924,-0.0772190293333035,-0.0238987642920088
"S2_C_colectomy_40_79",920,0.0125171827730991,0.000571374491467561,-0.0378466546867076,-0.00733230977795232,-0.0798789723427235
"S2_C_colectomy_40_79",921,-0.00965998518413265,-0.0417358205657606,-0.0155001831202378,-0.0583872351022064,-0.00455362051160707
"S2_C_colectomy_40_79",922,-0.0113321234713085,-0.0220933341572008,-0.0549480271714408,-0.0633346487475371,-0.0330031053541698
"S2_C_colectomy_40_79",923,-0.0112389421569283,-0.0640652828573893,-0.031379644042284,-0.0548383525980232,-0.0634616291368191
"S2_C_colectomy_40_79",924,-0.00012792634467166,-0.00906204821711211,0.00128940008800418,-0.013890659407497,-0.00852294246921415
"S2_C_colectomy_40_79",925,0.00656098353372336,-0.00667652956279836,-0.0155674813577222,-0.063402008570183,-0.0283745143696531
"S2_C_colectomy_40_79",926,-0.00690497361168228,0.027994608318249,-0.0129382522744556,-0.101633270496142,-0.0436274697379923
"S2_C_colectomy_40_79",927,0.0129654846288613,-0.0245984206334916,-0.0544614783107639,-0.052781962823775,-0.0327803597513119
"S2_C_colectomy_40_79",928,0.0258946197937662,-0.00683665473249263,-0.00528540925910348,0.00881479801192669,-0.147028782418922
"S2_C_colectomy_40_79",929,0.00575545063087597,-0.00648847192143553,-0.0122159346709867,-0.080898894277916,-0.096720149448225
"S2_C_colectomy_40_79",930,0.0123907077132607,-0.0717618365074055,-0.0134231850559214,-0.0192616634141631,-0.1049975040024
"S2_C_colectomy_40_79",931,0.00696954969414353,-0.00890371809772518,-0.00640882414595428,-0.00087057684434147,-0.0962017226333053
"S2_C_colectomy_40_79",932,0.00608332200508066,-0.0248943460811383,-0.0395031706481919,-0.0132188403435786,-0.103189043599978
"S2_C_colectomy_40_79",933,0.00313520172068466,-0.0409374158864124,0.00186414934556411,-0.0809602873026574,-0.0794028191602606
"S2_C_colectomy_40_79",934,-0.0259365625898095,-0.0367238760885234,-0.0578059780579218,-0.0566834604843157,-0.0727275220408694
"S2_C_colectomy_40_79",935,-0.0312163600821994,-0.0190187671595082,-0.0299409886344577,-0.0290581351858569,-0.0504598001712059
"S2_C_colectomy_40_79",936,0.0190566840158748,-0.0718697970876362,0.0314458503669941,-0.0368616396937754,-0.0193965226303447
"S2_C_colectomy_40_79",937,0.00669964348709896,-0.0298714158503181,-0.0106845880698523,-0.00607351870009448,-0.0293557371604404
"S2_C_colectomy_40_79",938,0.00157851177349839,-0.0429637618028518,-0.0407035400109053,-0.0203607078299609,-0.0327711910828696
"S2_C_colectomy_40_79",939,0.00926800268888518,-0.00998784367614751,-0.0373296969363255,-0.0358893804305636,-0.044623943420331
"S2_C_colectomy_40_79",940,0.0105328148491928,-0.0552833483922042,0.00846036069071715,-0.0194570084478677,-0.0454764848724419
"S2_C_colectomy_40_79",941,-0.00602594019449297,-0.00774411384882844,-0.00242532175179677,-0.0934851322581866,-0.0599364477099377
"S2_C_colectomy_40_79",942,0.00529326394422037,0.0110136521468431,-0.00343211964264586,-0.038595018240974,-0.080447319092562
"S2_C_colectomy_40_79",943,0.00169382832016469,0.0155115373820227,0.0116343117630455,-0.0303350945246304,-0.0184433407149347
"S2_C_colectomy_40_79",944,0.0339125851214679,-0.039784128689344,-0.0116674370656266,-0.0450982704882825,-0.0659518581595592
"S2_C_colectomy_40_79",945,-0.011200015130807,-0.0297124727557277,-0.0131957642410104,0.000549542178242102,-0.0914413650921186
"S2_C_colectomy_40_79",946,0.000753811729008388,-0.0396197807678027,0.00734815462604091,-0.0865439652462349,-0.0418717218448583
"S2_C_colectomy_40_79",947,0.0097170541240611,-0.0685215637790836,-0.0320050593915663,0.0283647063956504,-0.0920573968737073
"S2_C_colectomy_40_79",948,-0.00272659760591486,-0.0391476633357102,-0.0055165091886146,-0.0647411348339579,-0.0579725041038132
"S2_C_colectomy_40_79",949,0.0045223594529297,-0.0237385042433513,0.0552557411061108,-0.0209831142913975,-0.076805208992348
"S2_C_colectomy_40_79",950,-0.00428718282805596,-0.0478352946583921,-0.0194648342979483,-0.0281029839949195,-0.0374615782026697
"S2_C_colectomy_40_79",951,-0.00889393861629324,-0.00904660663293283,-0.0204841370817503,-0.0265148192497802,-0.0963209752434867
"S2_C_colectomy_40_79",952,-0.00132305827277301,-0.0378083806961543,-0.0229393505772335,-0.0462685694566672,-0.123753120204309
"S2_C_colectomy_40_79",953,-0.0231624205943188,-0.0351277353319824,-0.0413777000523876,-0.0536221231018567,-0.0305990683963674
"S2_C_colectomy_40_79",954,-0.00367743623547361,-0.0131615446389207,-0.0187987037315078,-0.0284989734363353,-0.0395118646872099
"S2_C_colectomy_40_79",955,-0.0123303650629142,-0.036195606047699,-0.00678052014056149,-0.00626857100632414,-0.0249883919527367
"S2_C_colectomy_40_79",956,0.0249734637399122,-0.0472888164214969,-0.0376528511706738,-0.00408395811462794,-0.0758648594988348
"S2_C_colectomy_40_79",957,-0.0156325279816077,-0.0308619910684702,-0.0125049200905565,-0.0400271364797357,-0.098741476034641
"S2_C_colectomy_40_79",958,0.0199025689159888,0.00971920797927804,-0.00208864400749248,-0.0434755978075673,-0.0487981013316547
"S2_C_colectomy_40_79",959,-0.00464801384410505,-0.0370424952167219,-0.00357756210572838,-0.0709046357309975,-0.0414445261410007
"S2_C_colectomy_40_79",960,0.0249220537277895,-0.0480507210078188,0.0225522616054435,-0.106942168852271,-0.0580505205709974
"S2_C_colectomy_40_79",961,-0.000969491575786428,-0.0253888906372315,-0.0127532255097045,-0.0449495192699808,-0.0943543511173473
"S2_C_colectomy_40_79",962,0.0245371817404208,-0.0218766003849295,0.0331951616353848,-0.0685926188892412,-0.0704869516331256
"S2_C_colectomy_40_79",963,-0.00202068299823299,-0.0438391346625218,-0.0456791150864042,-0.0149279518703811,-0.0454601548083969
"S2_C_colectomy_40_79",964,-0.0167997236725684,-0.0538983661794266,0.0131574662033935,-0.00148230300605798,-0.0943171490651977
"S2_C_colectomy_40_79",965,0.00125663161830056,-0.0548063996816197,0.00490739185840908,0.00635833753633466,-0.0572741215056342
"S2_C_colectomy_40_79",966,0.0203845310367877,-0.0261959893318267,0.0171760992728263,-0.0628961045126268,-0.117509299436045
"S2_C_colectomy_40_79",967,-0.0285294621716393,-0.0301930858465042,0.0139214594251199,-0.033582283335207,-0.0355466820359967
"S2_C_colectomy_40_79",968,-0.0116697614855253,0.00812044436354951,-0.0344063196498968,-0.0727672016390979,-0.115047062678544
"S2_C_colectomy_40_79",969,-0.0339905437883554,-0.045110049980079,-0.0200407973232325,-0.0999804377307736,-0.0190383355959194
"S2_C_colectomy_40_79",970,0.00222296170381679,-0.0423581760761251,-0.00499666091492745,-0.0482271285612048,-0.0710473794934864
"S2_C_colectomy_40_79",971,-0.0093884585382541,-0.0340390184056929,-0.0044990984831339,-0.0511392754289979,-0.068573592730722
"S2_C_colectomy_40_79",972,-0.00512479872182924,-0.0195423910472173,-0.012331645188066,-0.0249418425801297,-0.0809644355519497
"S2_C_colectomy_40_79",973,-0.00693372946305238,-0.00465581819283628,0.023387025007766,-0.0475170510531433,-0.0811491660527252
"S2_C_colectomy_40_79",974,0.033880526102963,-0.0619814251012744,-0.0257392512059413,-0.0814035196957725,-0.052824019410755
"S2_C_colectomy_40_79",975,0.0532376201606092,-0.0370743754633352,-0.0373712421294545,-0.0232083120998842,-0.0210549317583393
"S2_C_colectomy_40_79",976,-0.0499964017396453,-0.024935556250209,0.0293083292987569,-0.0546096940240121,-0.0568030027370581
"S2_C_colectomy_40_79",977,0.0167910684477192,-0.0243408871064134,-0.00816289451724159,-0.0502914136340991,-0.0975666463938412
"S2_C_colectomy_40_79",978,-0.00338228982969867,-0.0242553878595307,-0.0675507938144425,-0.0399453254901779,-0.0936021934982829
"S2_C_colectomy_40_79",979,-0.0169048097420956,-0.037232746211463,0.0109069735714118,-0.0201812592797817,-0.0523807418219686
"S2_C_colectomy_40_79",980,0.0072464632524968,0.00244104737534838,-0.0380328753777793,0.00121115362111851,-0.0167019347829037
"S2_C_colectomy_40_79",981,-0.0104565243317661,-0.0477857811542775,-0.00936384759040124,-0.0707895847191872,-0.0502000331153416
"S2_C_colectomy_40_79",982,0.000319679959415585,-0.0767284788074705,-0.00705694837550341,-0.0477160625465017,-0.0888044784952293
"S2_C_colectomy_40_79",983,-0.00680774450448818,-0.0267146910914814,0.00970663438967376,-0.05507292042765,-0.0655967696827486
"S2_C_colectomy_40_79",984,-0.0163005068295371,-0.0439836581569321,-0.0509941723054894,-0.0206398182427109,0.00019842895635247
"S2_C_colectomy_40_79",985,-0.0118303714609509,-0.0424452913751162,-0.0245971690181069,-0.0267353086101934,-0.0392926111311152
"S2_C_colectomy_40_79",986,0.017804812777405,-0.0258350650381794,0.0137222764132385,-0.0307066170591451,-0.0911471625309615
"S2_C_colectomy_40_79",987,-0.0286816684908248,0.00552412269521856,-0.0225668294146006,-0.0587715010234859,-0.0470020651994276
"S2_C_colectomy_40_79",988,-0.0101813768985791,-0.010195064476035,-0.0362914685311624,-0.0273845924864094,-0.0759216076308234
"S2_C_colectomy_40_79",989,0.0151399558036079,-0.075442566563858,-0.0886379098528823,-0.031643960391802,-0.0606985480044974
"S2_C_colectomy_40_79",990,-0.0100905488003181,0.00418994756348215,-0.0527383112709242,-0.0583662971320812,-0.0826861466824697
"S2_C_colectomy_40_79",991,0.0159905823453452,-0.00767810099523801,0.0258151474542096,-0.071332446736374,-0.0752988036121695
"S2_C_colectomy_40_79",992,0.00838769677778108,-0.0287671884024855,-0.032022453906751,-0.0841786236136444,0.0455974779633755
"S2_C_colectomy_40_79",993,0.021222645168131,-0.0497758141576655,-0.00734667473375816,-0.0639642954403538,-0.0814498715329221
"S2_C_colectomy_40_79",994,-0.0264866989409195,-0.00755639641745752,-0.018178369553952,-0.104781654625006,0.000431412487509886
"S2_C_colectomy_40_79",995,0.00127750234638653,-0.0181560339971684,0.0419804845209795,-0.0589422940286356,0.00122556728665235
"S2_C_colectomy_40_79",996,0.00346501525021783,0.0175272983135707,-0.0474818307509341,-0.0948442338153839,-0.0200976986406429
"S2_C_colectomy_40_79",997,0.0376804164263631,-0.0281031642348222,-0.00245841669072799,-0.062793591619344,-0.0669541524091473
"S2_C_colectomy_40_79",998,-0.0282250067894956,-0.00254628040989141,-0.0252849194233223,-0.0118748484018493,-0.0560200157754633
"S2_C_colectomy_40_79",999,0.018104996316602,-0.0676125080525427,0.0126585505788715,-0.0682046665568613,-0.078898715659218
"S2_C_colectomy_40_79",1000,0.00810963376243574,-0.065003828811751,0.0210467463581051,-0.0235426321021133,-0.100141788546583
