"nonmucinous_low","nonmucinous_high","mucinous_low","mucinous_high","GCA_low","GCA_high","SRCC_low","SRCC_high"
-0.0148098609494614,-0.0767010189052456,-0.0306682686347343,-0.015611590390304,-0.00359469514125217,0.0870429829575417,NA,0.0821979774196806
-0.0779663214908878,-0.0597636630717479,-0.0220528537821783,0.04275576768675,-0.0082576613277268,0.0262730104605339,NA,0.0851554414920732
-0.00418744630673812,-0.0788958359509921,-0.0302431598570306,0.0461037090343253,-0.00998607158468718,0.0336270295582255,NA,0.13596896866221
-0.00477191030037066,-0.0790912440457537,-0.0192015605022734,-0.0276963102462938,-0.019173155514152,0.0652014913292314,NA,0.149728635265639
0.0461357070978817,-0.0534416156365847,0.0262176913556232,0.0299820303107347,0.0129043795517629,0.0430607900688221,NA,0.0361820626833946
-0.050810002428302,-0.0806759377209825,-0.0241953402948791,-0.0380027260440838,-0.0197598597102706,-0.03402369023421,NA,0.0256965019587462
-0.0179071143297385,-0.0885528815204446,-0.00780005296569383,-0.00111073739661144,0.00501002208923207,0.0373220281443881,NA,0.0274967952999088
-0.0255247334448894,-0.056992666972064,0.00689095184541533,-0.0377749070679508,-0.0267433071165404,-0.0401780894767018,NA,0.0460931873360513
-0.000270772663092722,-0.123289703061475,-0.0103826657071931,0.0175143831799141,0.00259830172156912,0.057098821117761,NA,-0.00698501732710655
-0.0533400487995227,-0.0678622327770677,-0.0399141631458783,-0.0352207437031481,0.0161610100247427,0.0306548977859686,NA,0.0975619245132517
-0.0347958438825003,-0.0895844642872952,-0.0393237696290953,-0.0559150120575164,0.0118135570417126,0.0331611391666326,NA,0.158515311174366
-0.0751140191801069,-0.0922754220692265,-0.0164000521207381,-0.082884308870065,-0.00454341985298452,0.0142250992588817,NA,0.0113032404189248
-0.0466276894456107,-0.0862434187737502,-0.00028033136933911,-0.0303532490603327,0.00677022911226022,-0.0343757045709168,NA,-0.0333385628084829
-0.0218123755778369,-0.0502794179876872,0.0227840735883419,0.000433038045308087,-0.0283881074476686,-0.0123908595206134,NA,0.0494524355077921
-0.0315757820904382,-0.0713747472409917,-0.000263833944734448,0.00527062724726013,-0.010338744099843,0.047731024176669,NA,-0.0374856085714792
-0.0421148842153745,-0.0504821657405041,-0.0129559278894711,-0.0408192844175101,-0.00861298139851077,0.00838022865433541,NA,0.0875178569295453
-0.0296438791026573,-0.0227978371631858,-0.0173025103455,-0.0433345545208818,-0.0153029404740799,0.0191131866038803,NA,0.042401435197364
-0.0446906946332314,-0.0471111289646743,-0.0113713706103432,-0.0658191904934285,-0.0367413762758308,0.0604719583778642,NA,-0.0208033392067355
-0.0453896084102205,-0.063831296491675,0.0163707437547502,0.00306965022814504,-0.0255689323344899,0.0603245886009037,NA,0.0847453956153531
-0.125882707176816,-0.119431021927902,-0.0234289301371036,-0.0596608373395273,0.0127183766008656,-0.0401859972756771,NA,0.015319417033087
0.0599096097629082,-0.0637911477653932,-0.0332489185877545,-0.0429260004236079,-0.0158052635801335,-0.00640947434463471,NA,-0.094629751389623
-0.0535520687354689,-0.0628865083378745,-0.0274818205425739,-0.052785410897376,-0.0175135281543094,-0.0302603372932924,NA,-0.00953809269303119
-0.0156412448617539,-0.126269554732378,-0.0194961499384172,-0.0465353773379295,-0.0246630983577488,-0.0191316731939926,NA,0.131211911646415
0.00846027562354898,-0.030598644353312,-0.0249044372302974,-0.0474968844814601,-0.0151416746531163,0.0162389987201383,NA,-0.0377713177096036
-0.0414452631561588,-0.103616916575057,-0.0226506627162239,-0.0440986359309994,-0.0200897810865521,0.0245297953351234,NA,0.0700572723516432
-0.00549233123594572,-0.087554910916469,-0.030914484165991,-0.0450684464522502,0.00390962411808039,0.0744742318983808,NA,0.0978768609064177
-0.039659854430417,-0.0962589054040194,-0.0214829458201176,-0.0655922337753482,-0.0294670965136734,0.00970450710429474,NA,0.0141099926645462
-0.0119757800701079,-0.0791284998011987,-0.0336268268669973,0.0219801646063126,-0.0329328377616924,0.00903185608265847,NA,0.0368012879069018
-0.041063589346917,-0.096033921021224,-0.0437544668732255,-0.10413560368159,-0.011918149167114,-0.00132658503256908,NA,0.0188747768148753
-0.0156742790114336,-0.132206688060057,-0.0360242590909518,-0.0419434593758873,-0.0505651889279786,-0.0398982330097521,NA,0.0657150478184256
-0.00567220888774506,-0.0772373892265538,-0.0398424862276411,0.0289809494451018,-0.0126765307907518,0.0328517025410064,NA,0.171777831183828
-0.00617029753604684,-0.0941255283522936,-0.0448290533456951,-0.111012585186096,-0.0155034731435588,0.00802990981146716,NA,-0.0802096468772082
-0.029900468364514,-0.117314113828603,-0.0314086723737424,-0.0674625899393616,-0.0223869799366678,0.00685858365004804,NA,-0.0662453459789389
0.0115039767483453,-0.0705189656476842,-0.0211251807400814,0.0309494078204669,0.00360371256457753,-0.0107559079465627,NA,0.0671411595056121
-0.0238336731515166,-0.0484898936916521,-0.0281765340342621,0.0147364101242839,-0.0336414955742926,0.0370189435732706,NA,0.0463903375277626
-0.0352967018963683,-0.130405845604893,0.00190158025498491,-0.0601169956179104,-0.00299415785022458,0.0188557268975901,NA,0.0473879847720532
0.0504573563211857,-0.0357202681212768,0.0103306420862629,-0.0497211277594919,-0.0229383359458252,0.0861501554704144,NA,-0.0301774816555862
-0.0405310264546667,-0.101571751691033,0.00177265474234295,-0.0271760276832221,-0.0287008667162926,0.0614266051621808,NA,0.00761865532891232
-0.0620058456694055,-0.0651808183021935,-0.0188089334523649,0.0230172772087362,0.013529308716908,-0.0067540141935955,NA,0.0255875030137646
-0.068165609661175,-0.11335496497285,-0.0242656657681169,-0.0180238509218023,-0.0138093838136974,-0.028017614347728,NA,-0.0450779395563576
-0.0405993396500989,-0.0766736417391942,-0.049907816893718,-0.0671295387696648,-0.0277564554482977,-0.0177366253308796,NA,-0.0161172196366381
-0.0641106353472135,-0.0521794772776088,-0.025967757372766,-0.0136399993300763,-0.00216130850350425,0.0657391910808531,NA,0.0151732546418922
-0.0433458286294992,-0.113005566708312,-0.00995654260793447,-0.000848682067924489,0.00289232130078605,-0.0414956479931791,NA,-0.0151721690828672
0.0156179397081882,-0.100359005898795,-0.0522568085920273,-0.0239083529285059,-0.0132030462129482,-0.0314578853399324,NA,0.169420900373514
-0.0250501446882951,-0.0943447016410615,-0.031175336146605,0.0376296951123085,-0.00534981715037337,0.0860745085601008,NA,0.14054585550664
-0.0469577091558803,-0.0317629107688602,-0.00840139037567317,0.00456764496113493,-0.0186071832367088,-0.0139619040051904,NA,0.0771889653266402
-0.0598880115998544,-0.0511563613052314,-0.0711181328085909,-0.0624153678403325,-0.0274532371719894,0.0383223537191265,NA,0.0340078039494685
-0.0924511795060139,-0.0793610856666587,-0.055123442235426,-0.034656007678911,-0.0203791126483649,-0.017835880895948,NA,0.0278828441350388
-0.0246005238187411,-0.0799058512486844,-0.0401194183161016,-0.0139853098886643,0.00637342556060983,0.040992813174345,NA,0.0470992460363224
-0.0401734677722632,-0.0341926666595537,-0.0149805768380483,-0.030678991118438,-0.00720999093756371,0.0376974725628184,NA,0.0389530791926914
-0.0786751651848087,-0.0587248666061667,-0.0339967772524066,0.0278406424044574,-0.0156287436769826,-0.0149595758697165,NA,0.0573580680599032
-0.0552454171796842,-0.10931577403547,-0.0462975915757297,-0.0243058729197076,-0.013704559870776,0.0200877519534705,NA,0.0228954325023819
-0.00991772252844597,-0.0901301994655753,0.000020386930960764,0.03654882788659,-0.00157044255146084,-0.00756450444430043,NA,-0.0264365486017637
-0.0403003481533776,-0.0447902548308299,-0.00872431648886045,0.001105838747404,-0.00166107760790655,-0.0017326793442804,NA,-0.034910437658518
-0.0319567415603901,-0.11464207246439,0.000484157415047967,-0.011582959358987,-0.00493343657247838,0.0216451210824588,NA,-0.0935593707590268
-0.022434154485873,-0.101718636677228,-0.0361625998449415,0.0113825922967575,-0.0273038364073607,0.0812912796027032,NA,-0.0037345319278177
-0.0836078113644388,-0.058388421682143,-0.043773198393312,-0.0420354940575875,-0.0202310107802498,0.0396953129383059,NA,0.00623710898920743
-0.0729228100279978,-0.082922403840566,-0.0756523078969343,0.0320510105626868,-0.0411795377439402,-0.0267702426361429,NA,-0.0195038619776403
-0.0799204483321336,-0.0717074455273201,-0.0578490250344681,-0.0699575925028751,-0.0146445991780261,0.00748400967914953,NA,-0.0873768765381135
-0.00254397341897108,-0.102647293869232,0.0100836023415721,0.0340341120123733,-0.0224450973800193,-0.010215252498005,NA,0.11845527092504
-0.0701948833587727,-0.0767875369938355,-0.0320119603140016,-0.0702496282500332,-0.01275130828373,0.0429238513601536,NA,0.020187272595296
0.000318283521612756,-0.0034914090989776,-0.00195879526384354,-0.0375136101012767,0.00816359704169774,-0.0607963545581697,NA,0.0771217527588124
-0.0215786941992611,-0.0541675876550425,-0.0450278977189273,-0.00876470856888434,-0.0219844556067547,0.0424180862898665,NA,-0.00582155619762359
-0.0288899055539114,-0.078817084696489,-0.04341042932381,-0.116469827309335,0.0220630164309947,0.0586214277288777,NA,0.0441047583732731
-0.0700364572293281,-0.0593761337166096,-0.0321620804552048,-0.0120169896560371,-0.00197764354283628,0.0716417262214397,NA,0.00810752563529155
-0.0545865616103803,-0.0965647324274841,-0.00345332780590039,-0.00187340226472568,-0.0231835814993439,0.0229651106481317,NA,0.0221212645898715
0.00500303673600677,-0.0751732225824888,-0.040063848455132,0.000215928331256721,-0.00756014816585786,0.0428626856531347,NA,-0.0198817540216063
-0.00692816365303983,-0.10025928766082,-0.0141158422486134,-0.0462454925976971,-0.0196070754365985,-0.000325951466376095,NA,0.0581131547378251
-0.023055618014435,-0.0432037016638387,-0.0318552196613189,-0.0260006032295675,0.00656176767507477,0.0565199330850425,NA,0.143127993080401
-0.0229043742786111,-0.0492813977245081,-0.00824461794045013,-0.0534368055313226,0.00376183653178137,0.0459250689311517,NA,-0.00428240341061054
-0.0179486660883802,-0.0959600660780275,-0.019049104687109,-0.0039363228620094,0.000247859460035117,-0.0303112415786864,NA,0.00390250767876732
-0.0442045204054514,-0.0713189940593593,0.00637194876743444,-0.0803446466702271,-0.0141785861878002,0.0204584911208233,NA,0.0995361056324445
0.00923020166520125,-0.0834126661731156,-0.0292221753949921,0.0245708971121824,0.00640021118731492,0.0333242182364212,NA,-0.0196484248371925
-0.0218595817803318,-0.158075097130838,0.0273523807749295,-0.00854491579462924,-0.000201430839501915,0.0269904834659631,NA,0.0222173664376602
-0.043957259845071,-0.121995480118121,-0.0553522221011122,0.038754550311914,-0.0208616248941388,-0.0339801886857958,NA,-0.0294919103459033
-0.0463356437513804,-0.0782208374266883,0.0020942130517647,-0.0619096198736762,0.0000110578008494511,-0.0335556476833229,NA,0.0298934031441482
-0.0141757214752554,-0.0562634795639892,-0.0486867688767845,-0.0213890918619477,-0.017016869274081,0.00579548575390049,NA,-0.0222728953177879
-0.0446242983928188,-0.0884488937679737,-0.00854679317489444,-0.0241421770847433,0.00646972336903977,-0.0484455655651916,NA,0.022110538565249
-0.0090084830451303,-0.0970624237507866,-0.0161351835264984,-0.0576464883094547,-0.0531341734752747,-0.025365794605944,NA,0.110747131084309
-0.0537007951518641,-0.0829571915895876,-0.0300281546792372,-0.029289970117265,-0.00840154735892059,0.0763819304322132,NA,-0.0437575818163976
-0.0240869145397474,-0.0419590902656086,-0.0590987689798276,0.00350785844942803,-0.0310831031237211,0.0466094822882243,NA,0.0559079135303757
-0.0375339738173665,-0.092975876300235,-0.071433693128094,-0.0522264681726351,-0.0149125413792801,0.0109536665096575,NA,-0.0170849535420128
-0.0399458531061876,-0.0574289266910747,-0.0297450008574927,-0.0280810567080897,0.00462667424564323,0.0193601007103627,NA,0.0602851266342288
-0.0521915121928081,-0.0620893379375825,0.0163787358900123,-0.0483924563669837,-0.0327445377389527,0.0735521228812642,NA,0.0884749537706186
-0.0166042373960182,-0.0692295313787448,-0.0642693282137194,-0.0409660957943553,-0.00897901500412881,-0.0502729188081444,NA,-0.0532319252445166
-0.0285936393105214,-0.082175704058649,0.0161862801355058,-0.0230279301391499,-0.0232683986742335,0.0330263019086158,NA,0.101021288949228
-0.0508134163632906,-0.122708781247172,-0.0346222599819495,0.0222386097434726,0.00242789577567912,0.0554938760254406,NA,-0.0406616557950817
-0.00940873070421816,-0.126077957839809,-0.0196825414791585,-0.0119270439111558,-0.0289479683675055,0.0278485093143077,NA,0.0773989826307204
-0.0513905877877326,-0.0711816887849093,-0.0178640503417896,-0.0424225848332264,-0.0184317562143017,0.0937421093014417,NA,-0.00853795639593058
-0.0442443068246333,-0.0534607424946794,0.00943248129047761,-0.0504854836483613,-0.00781933084397083,0.0592429235515148,NA,0.100401235133468
-0.0147804828870003,-0.0278775818091998,-0.000789238480105731,-0.0267705512686445,-0.013780744294847,-0.00524140409575319,NA,-0.0824829059730521
-0.0169625842599122,-0.0226092411605991,-0.0427997354902712,-0.0078716340825046,-0.0335514970702466,0.0482171179733444,NA,0.00800458531706388
0.000908892207722778,-0.142707679314006,0.0228887825480666,-0.0508252592653077,-0.0197194948358759,0.0687039567723292,NA,0.135938868182162
-0.0354851318765014,-0.0638117997456767,-0.0152479462111549,-0.0324066791014217,0.00629112278211888,-0.0148524608215558,NA,0.14016999552352
-0.040578899059416,-0.0832406246916674,-0.0255049842297246,-0.0330193895121329,0.00832600196972892,-0.0168856612888947,NA,0.111984161048188
-0.024684438231077,-0.076868360420491,-0.0363648300635135,-0.091249830875768,-0.00588158019153431,-0.0122553924877544,NA,-0.0234557069331767
-0.0300028264914903,-0.0897224858526305,-0.00978947090556063,-0.0542579962174538,0.00274678176125606,0.0789450148106193,NA,0.089936067769287
-0.0349263014681259,-0.0866457070639876,-0.0218680587915372,0.00475509209173461,0.00510917512207074,-0.00425825528066331,NA,0.0714461644007584
-0.0410191484831377,-0.0650875023890227,-0.0257362206531504,0.0127726166023509,-0.00403897800748818,0.00494750274503025,NA,-0.00593852580563153
-0.00558999842779667,-0.0587516620168859,-0.0386254185413512,0.00468655823221648,-0.016536064037149,0.0250021576579594,NA,0.079778631840822
-0.0454097159080328,-0.0769942976333535,-0.00967919883380081,-0.0232085694812278,0.00190906765679993,0.0629885082290863,NA,0.117981134519483
-0.045429047626653,-0.0635778402724831,-0.0193283586192694,-0.0339647504040158,0.0205164411276183,-0.00270936233497715,NA,-0.14260699541052
-0.0766743083668772,-0.118253894879397,-0.0230688094781536,0.0072416130054655,0.00179971004560782,0.0392239255908551,NA,0.0168743280781906
-0.0531046659084138,0.00251727692444936,-0.0404423209797126,-0.0454168691813194,-0.0166724426626261,0.0257350647375265,NA,-0.0275654158512597
-0.0285103644878873,-0.090229810338814,0.0179580683260975,-0.0711844805975667,-0.0176150374692376,0.0280371415576582,NA,-0.00832889792765285
0.00226919713698145,-0.0730089982353226,0.0185118696293675,-0.050153234333543,-0.0196940191735138,0.0646974820024365,NA,0.101060950545197
-0.0941521306090709,-0.0882339968082918,-0.00404868879995654,0.0188840392673527,-0.0249359566854517,-0.00786188376525634,NA,-0.0607101814988664
-0.0302211994657391,-0.0631334412446616,0.0245375918000396,-0.0486155164305572,-0.0146374032915434,-0.015664621938539,NA,0.0714700141281687
-0.0532169229262894,-0.0750592491959031,-0.0152356073556351,-0.0321968139197222,-0.0314902167842315,0.0270399269289114,NA,0.117268954423543
0.0242903099426842,-0.152628180435705,-0.0416741250603841,-0.0112604261177796,-0.0207479044556768,0.0604268392256282,NA,0.0167447482859623
0.0049665206828349,-0.100662781800996,-0.0118090448925615,-0.106030500205009,-0.0124555356346995,0.019508845131354,NA,-0.0665718696613092
0.0254346144303986,-0.0960473218154383,0.00712661767707305,-0.0206191619806282,0.00172625186849353,0.0729262664069439,NA,0.0188220293826418
-0.065487671372728,-0.0645180475507734,-0.0105485702787067,0.0183262073410351,-0.0218756714079929,0.00309869370626489,NA,0.0500602444406846
-0.0571978370291612,-0.100467459295782,0.00685574022802868,-0.000417566600786734,-0.00845424988146336,0.0567848356430102,NA,0.0811087926313857
-0.0158289066835528,-0.106820019463914,-0.0320813561838191,0.0283054460080323,0.00933104719825192,0.0179121816881943,NA,0.068281697046604
-0.0195559831336087,-0.0409713592484648,-0.011313726459099,-0.0998528212748731,-0.00274363740900813,-0.0423223360419709,NA,0.104030656252143
-0.0364832915829066,-0.102160971008768,-0.0056115369931264,-0.114960313735199,-0.00854897400485439,0.024721610212295,NA,-0.0492917653897967
-0.0495976870810224,-0.0814965282255222,-0.018765430549401,-0.0121228071470645,0.0211859479411511,0.0309694206375422,NA,-0.00397357617228172
-0.0427839195831373,-0.0303322537457177,-0.0160792079835915,-0.0146786972447346,-0.0236315656015445,-0.025460091233029,NA,0.0783068530895339
-0.0303491152756305,-0.0416245718376076,-0.0342335965856264,-0.00577290108355166,-0.00752664772086324,-0.0158537963980616,NA,0.0346367390129473
-0.053989915193573,-0.157391649419003,-0.0158672497278172,-0.0161726066787239,-0.0191873089738621,-0.000349149047265407,NA,0.0169517866664645
-0.0401053837990617,-0.0960463194143195,-0.0533158025380639,0.0396289283482669,-0.0121799781321804,0.03909426325982,NA,0.105024690295918
0.0597319459195176,-0.103075937636945,-0.0644173156782953,-0.00277519108971447,-0.0395429412652752,-0.0202185092364008,NA,0.0257750931880186
0.0152540017114377,-0.107434964699333,-0.0507223687803552,-0.0213335261331595,-0.0102526160071456,0.0120852359675891,NA,-0.00121210152362744
-0.0602314066608694,-0.0899463980839731,-0.0199408691307303,-0.0744824212507296,-0.00312552017079457,0.0241315663451337,NA,0.097972444014598
-0.0522948847244572,-0.107262708328259,-0.0368531610599434,-0.0108601600159532,-0.032142049173032,0.0362466694843804,NA,0.0095506078189565
-0.0695682676576694,-0.0661812233550968,-0.00854394109807864,-0.0230079869361522,-0.025827076323991,0.0200113618620321,NA,-0.0583198775900861
-0.0351728883758501,-0.0969842246118469,-0.0221196017219423,0.0388430880552973,-0.0328137093735166,0.0491516106390394,NA,0.0567225405800534
-0.0124785350260826,-0.0316252291239857,0.0314776203977591,0.00118829573195367,-0.026948351583943,0.0604841257840569,NA,0.0145132164410248
-0.106817100908893,-0.0830359113862069,-0.0429884921335508,0.00408084728198371,0.00202302200285838,0.0129664515071699,NA,0.00822253564480352
-0.0444421826583558,-0.0697356051349759,-0.0204425763005854,-0.0613128738491813,-0.0052967011512998,0.0800515977927155,NA,0.0317014812252693
-0.0015705837986512,-0.144446865416147,-0.0230995344721994,-0.0184537365052563,-0.0224846654006335,0.0459698255343183,NA,0.0979058282718528
-0.0115868421027169,-0.0607260884595723,-0.0480614913203739,-0.00781723407385954,-0.0220923105435628,0.0602050988624961,NA,0.0289694067157736
-0.0315549918387789,-0.0472665797724597,-0.0174380603976549,-0.0584321933092617,-0.0291209931269611,0.011975765095831,NA,0.213743535197347
-0.0219590900993425,-0.0892755407918743,-0.0294959157620347,-0.0966926245804415,-0.0170294209699031,0.0177755390855638,NA,0.0424446423158207
-0.0333129735266885,-0.0868414619587036,-0.0323753015985727,-0.0147006838475243,-0.011090613675067,-0.0233557194230708,NA,0.000943993243599284
0.00782909082340699,-0.0796971501964289,-0.0893990468071625,-0.0279730520549862,-0.015532145998079,0.0487406321789577,NA,0.0899339595514136
0.00487151780925021,-0.0867265903650352,-0.0349247337925878,-0.032765291707276,0.0110764075608824,0.0108744359087337,NA,0.0519655335403793
-0.0222693426175506,-0.0593943490753864,-0.0157559918355285,-0.0593000170959243,0.0063833120746569,-0.0373695100443645,NA,0.0219540112817898
-0.0191091797272551,-0.111214181498367,0.0305372150513607,-0.0663303488160463,0.00553864853806272,0.00586222586047869,NA,0.103705934260951
0.0143323181897869,-0.0284596188095516,-0.0863589043621077,-0.0399266055327223,0.00362569926398257,0.00526486815170749,0.399398223492456,0.0821256362511168
-0.0431329729603806,-0.0773711741729565,-0.0120603261913992,-0.0719662228743787,0.00479829203787157,-0.071158184318536,NA,0.0129325760767534
-0.0532304161856591,-0.0541585840300114,-0.0271743907076274,-0.0104513884675445,-0.0126480985752957,0.0343277819970528,NA,0.190787015659806
-0.0635949019051392,-0.0900420738961831,0.037298488673333,-0.0639595033985467,-0.00765527594357301,0.0225549824566491,NA,-0.0283900706744899
-0.0965371967569165,-0.128067101842898,0.00711769031826961,-0.0263765763032286,-0.0440637294739377,0.0542588505338389,NA,0.110342017373419
-0.0193771502900853,-0.0369388997925305,-0.0023503042854377,-0.0791832632497338,-0.00156704240195805,0.0423840956268088,NA,-0.0315962438713002
-0.0180088641324457,-0.122959774447117,-0.00652307890343477,-0.00631578309668329,-0.017379163452285,0.0245795352514538,NA,0.0449953080185257
-0.0481276623632011,-0.0521529419806852,-0.0175937961580694,-0.0185448104888203,-0.0174421903662162,-0.00587846752741236,NA,0.0379428931282932
-0.0275815296227246,-0.100565687353085,-0.0230354057356198,0.000265033358659628,-0.00712348855246673,0.0122271932524715,NA,0.0561345893463595
-0.00507347738160016,-0.113152542188481,0.00468878578903723,-0.0849678098549932,-0.00293047527755753,0.0661128764703868,NA,0.00714345551362716
-0.0177177073938863,-0.105638069160039,0.0121405781201674,-0.0551181532100031,-0.0406773332555393,0.0186661206989684,NA,0.0429739674841627
-0.0649971101576884,-0.0952488452927851,-0.0464018045815181,-0.0624534470921658,-0.0105368715682699,-0.028580546546192,NA,0.0793865247466432
-0.0464404729215837,-0.0965731421487365,-0.0492470026057149,-0.0173649989022125,-0.00597951219282913,-0.00713682665247792,NA,-0.0297855473277729
-0.0568946980263453,-0.0239088902443262,-0.0357995459194927,0.0345046212339036,-0.0304508211580964,0.0130864210524057,NA,0.0622060779234552
0.0012498861082651,-0.0307915941671631,-0.0480443502393089,0.0385352352548723,-0.0192941380338079,0.0297237184903595,NA,0.045621485389694
-0.00979675450561679,-0.0666074197878997,0.0100642629045944,0.0161563874378348,-0.0221179359617912,0.0104814769062065,NA,0.0742138830677853
-0.00768188637703218,-0.0858557341768563,0.00704655301976999,-0.00891071975641755,0.00696494145696699,0.0146562002498353,NA,0.0867477257368316
-0.044189053252954,-0.0666147815954837,-0.00703686351185741,-0.0137357130114357,-0.0167367399509671,0.0458382337877968,NA,0.0635698137971423
-0.0755232449649548,-0.11142179902922,-0.00618727173729869,-0.0526174867339747,-0.0294136505614418,0.0529712961395417,NA,0.016766298497039
0.0215373498173421,-0.0845440210906855,0.00131200773739829,-0.0604113270581046,-0.00894793259748631,0.0407098437939392,NA,-0.0189063267188895
-0.0393269571694489,-0.0868181899075504,-0.0191511629128469,-0.0657250991328533,-0.0183899805911724,0.0173443453388548,NA,0.0248028254393011
0.0307703609993932,-0.111197739926179,-0.0291801483995737,-0.0351882669725952,-0.0111633244231136,0.053376955184838,NA,-0.00669893970037
-0.00258176373824587,-0.0843439807319604,-0.00148088157492841,-0.0118102803546694,0.000555033694487506,0.0180436486271084,NA,-0.00636245876967567
-0.0844901928861397,-0.125923050523712,-0.0587581278701928,-0.0271682434688483,-0.000804195148715853,-0.0136427056362123,NA,-0.0710368329732815
-0.0577945453128643,-0.122637576984617,-0.00397225019698745,0.0402123857735818,-0.0146176387366773,0.00417401767361164,NA,0.073160961106074
0.0397605758971465,-0.098631665661216,-0.0512761145511697,-0.0490053369342283,-0.0183198097999778,-0.0177962709211235,NA,0.119087527300015
-0.03795892006103,-0.0903359072820941,-0.0149085361667488,-0.076338051696128,-0.00559766551607349,0.0685686039214305,NA,0.071309444498628
-0.0263537353628388,-0.0976342793786011,0.0122900007616232,-0.0508202827389915,-0.041062597306833,0.0103153287532115,NA,0.0781601471386308
-0.0923086964807881,-0.0535060014476674,-0.0138397065808723,-0.0502070881428924,-0.0339900752485862,0.0397594824922025,NA,0.0464420449060459
-0.00834324711968554,-0.0588323453273368,-0.0278058502651307,-0.0549262760810569,-0.0051645160972123,-0.0139795023222294,NA,-0.0113702524170669
0.00580355201511429,-0.0580455701009807,0.0127938603730071,-0.0171164252229452,0.00169251034485752,-0.0221017207244697,NA,0.0549496430085399
-0.0543649414691676,-0.0609048623660406,-0.0210564069294475,-0.0514880296489279,0.00186383928890904,0.00660964558443614,NA,0.0207191016360503
-0.111176980412724,-0.0513170439466668,-0.0478452211705642,-0.0189107294983778,-0.024460488254654,0.0689430831936832,NA,-0.0451383028154679
-0.0424741801248071,-0.0828004064311078,-0.00106411630866871,-0.0109221450227372,0.0103930289642995,-0.0017466476792726,NA,0.00800743557069988
0.00123590570486412,-0.0484504922936979,-0.0393338138751066,-0.00825688287343485,-0.000507993208337783,-0.0332925734958641,NA,-0.0146958257505161
-0.0714014514833067,-0.0592802696690692,-0.0131820172459439,-0.057784444174893,0.0223080512180905,0.0499111638983573,NA,-0.0656922917729172
-0.0530913160685031,-0.076246596880275,-0.0230064146277057,-0.0226679594585731,-0.00704159496068089,-0.0244588515857269,NA,0.110679278044503
-0.0163933365704937,-0.0714095160798173,-0.0184988127016717,0.0234933975690375,-0.0222038874460049,0.0399240329857642,NA,-0.0562163024127353
-0.00329989003255879,-0.0826114483955482,-0.0320518595094951,-0.0323004639342317,0.00449873838227004,0.0218414639315718,NA,0.0466599767333147
-0.0613836865329109,-0.0662299130763015,0.00971890051071755,-0.0872107189803148,-0.0263344413550642,-0.0333136430048488,NA,0.0139199919311792
-0.0174579665425988,-0.0687379808933143,0.00701769946055844,-0.0126176304070799,0.0158590951867038,0.0427817665744918,NA,-0.00384964553488787
0.0164558962348818,-0.0493339021121625,-0.0167757907472262,-0.101430280913501,-0.0445553252150186,0.0425840411748612,NA,-0.0200676190480877
-0.000070613248518564,-0.0405596214894486,-0.0252711388030239,-0.0849060460403688,-0.0290650819973944,-0.0725298988638045,NA,0.0080339657125546
-0.0457555108439237,-0.0958190966425695,-0.0620615160131753,-0.065518816083931,-0.0304338895463987,0.0261346248107819,NA,-0.099518829512353
-0.0170905591928989,-0.0862732268028158,-0.00579345098334753,0.00579752628532856,-0.0174486853690287,-0.0332883989780205,NA,-0.0553692147871593
0.0146023691401777,-0.0727459531338615,-0.0379856462933551,-0.0146871232158128,-0.00250654454223642,-0.00566209988793509,NA,0.0800059928666761
-0.0561039093597737,-0.031590156274631,-0.0309231266914114,-0.0462870313675876,0.0117587029324407,0.00841081884848865,NA,0.100430833423671
-0.0723864458997667,-0.127453990917221,-0.0223304003111768,-0.0352733832284181,-0.000797050482959617,-0.0343445113957366,NA,0.0528701304932107
0.0302894170870905,-0.0977409050413152,-0.0401660127633816,-0.0709124536513445,-0.0249711781407962,0.036635131463158,NA,0.117956351871482
-0.0872774378299116,-0.0680200247240111,0.0000405886349596901,-0.0299141318436763,0.00993647291508145,0.0612525556826464,NA,0.0523889102759363
-0.00913829055762899,-0.0650851269998571,-0.0164197908359712,-0.0808374365287461,0.0226019696931447,0.0415242149989063,NA,0.0558086146405358
-0.00366456093184112,-0.0811044003132029,-0.0700885378895065,-0.0670435279599862,-0.0186222711531846,0.12214972115336,NA,0.090636322607337
0.00321228933695475,-0.0616906408874562,0.00634883577290209,-0.0239595719814013,-0.0123687299117469,0.0477488770191268,NA,0.0418505329851814
0.00997287979351144,-0.143347745429205,-0.0534253557133217,-0.0367872088244651,-0.0149057513526659,-0.038289470224194,NA,0.0280518755101701
-0.0431195355657193,-0.118582183842857,0.0201650715587696,0.0484425762568677,-0.0134934528022473,0.0146966018705924,NA,-0.0604487366801145
-0.0616194057737452,-0.0443738795599228,-0.00903252764208329,-0.0514032779203834,-0.0287117514895323,0.0162250742830708,NA,0.00775720633239779
-0.0244456499910583,-0.0960114540608945,-0.0350738270288837,-0.000580901093803987,0.0129821745686529,0.0617594825992883,NA,0.0666206997288956
-0.000147311832059654,-0.0884278280160454,-0.0281426004959424,-0.0908631666362241,-0.0192909924737454,0.0336032718344837,NA,-0.0244469000308417
-0.0658608562149985,-0.115802846264708,-0.01775107962085,-0.00726259571837634,-0.00797997340077738,0.0328419732546779,NA,0.0257046973165934
-0.0223371992680508,-0.0504274826951443,-0.0418704133153761,0.027163395553869,0.010276182575061,0.0291138061316116,NA,-0.0313423016113955
-0.0353875106300887,-0.0630449457683737,0.00763977256070038,-0.025668842372104,-0.0107410597855935,0.0429615675712963,NA,-0.0123929429202239
0.00612782793508593,-0.0746195821336076,-0.0379352413294696,-0.0332173162243996,-0.0144780278640379,0.0160390736750037,NA,0.123175327654826
-0.0035533161200686,-0.0967425566397196,-0.0520254690087989,-0.0436022277076201,-0.00444049790671879,-0.0320533709468983,NA,-0.0331874844880314
-0.054702773908954,-0.0611424220555681,0.0124124506828945,-0.0279193872831717,-0.010529414163928,0.0302161122380523,NA,0.00886607707273729
0.0242573984587059,-0.0564442076291735,-0.0604080510878393,-0.058611370744543,0.000426720492510586,0.0637055815910519,NA,0.089924659903963
-0.0527310093398075,-0.118437743658506,-0.0101791056527831,0.00979787294351278,-0.018084042570311,0.0336470328947347,NA,0.0601387013052217
-0.0339875444050816,-0.0962028262987848,-0.05453163440726,-0.0230781976297443,-0.0375711235320704,0.0453845045888437,NA,0.0669597905332112
0.0163136893162587,-0.130436527165792,0.00374000479139439,-0.0443659143590247,-0.00446598397888494,0.00682297655077435,NA,0.103879187150719
0.00887500107094452,-0.0965244691699393,-0.0195936099293433,-0.0395567318842654,0.00145475886148108,-0.0039609341806755,NA,0.0402141296755048
-0.0447970578784523,-0.0598136780818678,-0.014780191286237,-0.0069765747230221,-0.0149403191087582,-0.00255273572471912,NA,0.0688662862905852
-0.0618677371083428,-0.0671739330265107,0.00308656571678569,-0.0463831981717388,-0.0212428132896612,0.0524533829183597,NA,0.115214607780567
-0.0221281129304145,-0.0654419515266529,-0.016700638953857,-0.0714997601760979,-0.0263234567700968,0.0266218054001614,NA,0.0262798815631203
-0.0579268402564142,-0.0308701192892252,-0.0443345533414106,-0.0205749041766217,0.00263945912456523,0.0131844813023999,NA,-0.0778424039133266
-0.0519073062707557,-0.109824090149661,-0.0080760599283573,-0.0167283633367854,-0.0176083930428717,0.00621695845206238,NA,0.0891334814679892
-0.00077158713088088,-0.032310694049494,-0.0381644807930245,-0.0619843001453891,0.0138363237698814,0.0383120892144134,NA,0.0178808048908188
-0.0434871723906837,-0.0198381280894118,-0.032424925721184,0.0137055049305675,0.0042801352266532,0.0347698467664702,NA,0.0686574614834713
0.0379580412219829,-0.0987938063274637,-0.0611034464226133,-0.0677332193551017,-0.0497687826000785,0.023844453449062,NA,0.148950018994915
-0.0222056306403592,-0.047626510777409,-0.0210699450677647,-0.00186102649593217,-0.0358807175353378,0.0444848379839828,NA,0.113888468315748
-0.0463289597235942,-0.0152091512865787,0.000772908046592274,-0.0139929644942758,-0.00878220052440279,0.00577907138678319,NA,0.0665947834035241
-0.00012876582099873,-0.100499371799128,-0.0320869884830039,-0.0539971947495375,-0.0354324592049808,-0.00314609707070454,NA,0.145355750671229
-0.0490722946048915,0.00236162743141038,-0.0156011344795496,-0.0669718959084765,-0.0129368115139764,0.00416429473646418,NA,0.0927810307413125
-0.0545768664042935,-0.0519431933461073,-0.0487561445707574,-0.00122605278478916,-0.0121986275845583,0.0446703257313242,NA,0.0527779855442554
-0.0195843665206649,-0.0858947382495515,0.0333018888840035,0.0137789313791121,-0.00402823528692098,0.0263055730657263,NA,-0.0952592656666661
-0.0448653977893034,-0.0545816635452561,-0.0488660592009504,-0.022365128162891,0.00488067400881237,0.0223648876935152,NA,0.0384414320644273
-0.00330494137946821,-0.0721091118696954,-0.0911818871298234,0.0149681668532269,-0.0386310636288381,-0.0421938384039803,NA,0.071137572693113
-0.0819587404794737,-0.0235090271658369,-0.0267544466708053,-0.0476849219300187,0.00585338983714815,0.00497038951237597,NA,-0.0383983720772845
-0.0133226183183014,-0.0844083594313541,-0.0262843739872434,-0.0663151162151936,-0.00619440741983526,0.00221462098246236,NA,0.200418104701777
-0.0387141280235853,-0.0878869132297856,-0.0407967955288215,-0.0969597339426864,-0.00820987419115848,0.0335375087981959,NA,0.106778620074243
-0.032995341358207,-0.108859891222399,-0.0208117724546674,-0.022505065338585,-0.0124141718916336,0.0106391882548551,NA,0.0845296129902346
-0.00957988159609896,-0.0579812936050421,0.00625966218916404,0.00822665340374645,-0.0174738617007838,0.0419473156113189,NA,0.0673496723791022
-0.00460298730968867,-0.0603885386148024,-0.028161419172241,-0.0043306003428531,-0.0340881968287037,0.0167892558773121,NA,0.102577093989514
-0.0226264831933688,-0.0620217951905394,-0.0475848988340493,-0.0520809665938806,-0.0111014435854661,0.0655195616224978,NA,-0.0369936295578615
-0.0350863258068891,-0.124901244659872,-0.00346502243436453,-0.0578293971414566,-0.0405211860537725,-0.0283816089176351,NA,0.0250844156319613
-0.00360563638113021,-0.0585055364335988,-0.0463496994644608,0.012497194713835,-0.0152980822639042,0.0935408093600018,NA,0.0347046258767987
-0.0778099428293186,-0.105163394650244,0.000663210963116057,-0.0882439384547864,0.00535188647686149,0.0866792459507648,NA,-0.13946040943397
-0.0316104786977076,-0.0561341176461819,-0.00809555845391567,-0.0400938948844752,0.00749716822596937,0.00880311677301285,NA,0.0395866911108158
0.0185381645172679,-0.0123880743477062,-0.048295497417191,-0.0208673492117425,-0.00885723891895555,-0.0095275324200226,NA,0.0908027815802722
0.0109497519957953,-0.0661607418702708,-0.0140065699360667,-0.0524514091385782,0.0108593783777158,-0.0223503937040806,NA,-0.0686725096654068
-0.0451593397616347,-0.107927903560894,0.0101084957091912,-0.0276449772251144,0.00216719850649203,-0.0521405920159837,NA,-0.0182658840777715
-0.0585218645667492,-0.0406346752495316,-0.0461417200113206,0.0662633538859363,-0.0257335518318368,0.0237839138643046,NA,0.0870769591052469
-0.0307133070756106,-0.0867396200659698,-0.0224084877116902,-0.0540060222328747,-0.0183223881714399,0.0617415868914657,NA,0.0465610423105803
-0.0419641534275969,-0.134647520820477,-0.0640957011473411,-0.0631304846406882,-0.00831213489630744,-0.0853877523592861,NA,0.0457053066766541
-0.0784067701354279,-0.0595678069960845,-0.0272539977094913,-0.0265327197051814,-0.0192882327504947,0.0649240053686182,NA,-0.133737231653721
-0.0772257356521882,-0.114770138226746,0.000284932582669539,-0.0731476491741395,-0.0121744927439422,0.0347072613196947,NA,-0.0363113455290409
-0.0380695407541315,-0.056625427181719,-0.0114194966295344,-0.0776684768658321,0.0101340068093245,0.0643504894844205,NA,0.0173663832893933
-0.0141369002168305,-0.106987312293676,-0.012742261845126,-0.128354204065215,-0.00661648699654593,0.087311116716464,NA,0.0511918453565312
0.0291207425397328,-0.134265039364086,-0.0307487725790859,0.0168459782678533,-0.0153254998351053,0.0000290397269589182,NA,0.00517089716424618
-0.0129376315084783,-0.0589297578589367,-0.033004080905125,-0.0757885614232078,-0.0279137334856453,-0.0224607957216977,NA,-0.0162582349195302
-0.0568860950983141,-0.109082530334801,-0.0541937152431735,-0.0346002278621149,0.0101522780779018,-0.0409062484778149,NA,-0.0386816661306474
-0.0609295660922831,-0.031747049759962,-0.00960506412510072,-0.00984361039536863,-0.00655864553730057,-0.0384106743105715,NA,-0.0814099292356893
-0.0361761613763354,-0.0582749212781227,0.00515639486928328,0.0151376487214513,-0.0275652726481055,-0.0521777234269282,NA,0.123726567157531
-0.0138776248052283,-0.107689080679762,0.0245742707314807,-0.00932328019207174,-0.0147312558969063,0.03149167767765,NA,0.158436241312236
-0.0330542901148624,-0.126942742389994,-0.0110411733695166,-0.0245798844769709,-0.033548265672184,0.058182455005868,NA,-0.0100343698916066
-0.0980016767074839,-0.0768318803098023,-0.0396854661999056,-0.00642822650335945,-0.0509727562379591,0.050568507579829,NA,-0.0210811807889161
-0.0523697985602511,-0.0715253402276441,-0.0360613423061958,0.00433431046971375,-0.0126977551204927,0.0602903661043732,NA,0.0235151813575121
-0.0462114311906427,-0.043135515865589,-0.0359110686961359,-0.0115180547592474,-0.00468614049176586,0.0594215145875115,NA,0.017539359559003
0.0172146783426411,-0.0705465863646349,-0.0182125728474805,-0.0143724522486632,-0.0350185630781928,0.0349135506702352,NA,0.110719152019129
-0.0373199956568293,-0.0338723093756208,0.0201031481913793,0.00192250761118556,-0.0310460418480801,-0.00346723798489851,NA,0.152305125390717
-0.0109526467843296,-0.0682013734459306,-0.0564716140039056,-0.0137898537458079,-0.0156189507874408,0.0147954058668899,NA,-0.0920369029712685
-0.0215642379689607,-0.0800837743331372,0.00229949170343521,0.0202142823449639,-0.00776562966423406,-0.0424608119954507,NA,-0.00419024825720693
-0.0265941476435734,-0.0784833849061379,-0.054805298358898,0.0175879237832526,0.00657838865853897,0.0936728059067166,NA,-0.00695956843709711
0.0307634393983467,-0.0827028593381421,0.0135607765192975,0.00918745197031443,-0.017432240250404,0.00758256885227621,NA,0.0532647284159475
-0.0067370510214648,-0.0409477743645527,-0.00153897946129893,0.0130383282078019,-0.0106882225965187,0.0481653027550591,NA,-0.0558536270442905
-0.0424702107440514,-0.0698981067035227,0.0107653414799173,-0.0234795459705643,-0.0172977522781025,0.085385733830206,NA,0.123418508182389
-0.0366872625792257,-0.100121177629659,-0.0443542752528105,-0.0118172626160076,-0.0271867078243918,0.00996315664872031,NA,0.0277536029235609
-0.013881132574067,-0.12064698625748,-0.0563132741018178,-0.0317066603738732,0.00795141234804056,-0.0192249645461141,NA,0.0024049760191362
-0.0476095733279445,-0.0527267776799484,-0.0153577184719836,-0.0454868701408733,-0.00389287238814644,0.0336446497604234,NA,-0.0700261797556072
-0.0367359738768175,-0.0401057198244721,0.000333449097401226,-0.0155095989921321,-0.0109606132303412,-0.00564269837415873,NA,-0.0457848881855966
-0.0172026572451516,-0.0837149392496303,-0.0185600374626038,-0.0139643081948557,0.0191398588196009,-0.0161505560089952,NA,-0.0475378717906642
-0.0374639984760275,-0.0522309105667683,0.00121854189343305,-0.00417886488247485,0.0189063056813864,-0.0377297468727311,NA,0.0668297733897991
-0.00530693876006461,-0.131106538704674,-0.00416359156743391,-0.051804339272582,-0.0357344431434146,0.0411136254891084,NA,0.018993234031442
-0.0690042033404605,-0.0502168561809185,-0.0247812343475728,0.000721195354892346,0.023875046595319,0.0507246834129785,NA,-0.0684547166862404
-0.0792860496621578,-0.0606272960839529,-0.0253239791755967,0.00608612589974075,-0.0126125800981523,0.027541719482907,NA,0.0914315468847697
0.0120107959626145,-0.0708918831218294,-0.00547396123375661,-0.0108830474101412,0.00492502163054356,-0.0174619672957791,NA,0.0721730315336515
-0.0386992518111638,-0.069004603697993,0.00498897091174839,-0.0733591727554188,-0.0264470505334025,0.0399874955012608,NA,0.0523629530554271
-0.053215387218393,-0.0501110976403712,-0.00562190316117477,-0.096235438722977,-0.0237334081235248,0.0164295218957818,NA,0.0795692860780323
0.0097077846554918,-0.0921930215817965,-0.00290409287733648,-0.0335922841542071,-0.000783564230910694,0.0330430453501032,NA,-0.0353194333943941
-0.04054320197914,-0.0789134644794056,-0.0238498956905381,0.000713068356759772,0.011587230533235,0.0287512444382748,NA,0.136061069310314
0.0229529747900093,-0.057758762070802,-0.0332017080706772,-0.0484992306171372,0.0000228089184926006,-0.0233458657881392,NA,-0.0638372734075089
-0.0343775117401931,-0.0514876432831647,-0.050326920954723,-0.0276466732974173,0.00439305773470029,0.0280719705242568,NA,0.0716679480216162
0.00803122230259548,-0.044679129308241,0.0048505901825124,-0.066895065000213,0.0111836073562183,0.0832374052525424,NA,0.0494335806157445
-0.0082424704878708,-0.0741018235823585,-0.0275565791630784,0.0114459992398144,0.00336299154676423,-0.0281804526180875,NA,0.0629247403752194
-0.049849021226292,-0.0497880614571309,-0.0192885791775466,-0.0201978125705121,0.0015095713955578,0.0361293710436656,NA,0.0787344421852304
-0.000397585816722362,-0.0431530023332772,-0.0167043762741663,-0.0909205828480995,0.00791383072207795,0.0548708202070348,NA,0.0470020932758614
-0.0154409960721562,-0.0695140261868857,-0.0400011546234823,-0.0190504748094873,-0.0327916777746546,0.0429689368442564,NA,0.0651433955171181
-0.0246717720583577,-0.105550616480747,-0.025602176914553,-0.0507327211494628,-0.0120652733895658,0.0128678192903606,NA,-0.0158862738271864
0.0187263109337468,-0.0625685800417919,-0.0618920403015491,0.018527863588455,0.00370734772605112,0.0353618311218515,NA,-0.0265931150419233
0.0277802115371001,-0.0759069946722921,0.0103061402000655,-0.0376914753374525,-0.0188384834534097,-0.0116044676507512,NA,-0.150338763215141
-0.0411353371543091,-0.0533250179273849,-0.0376227512894751,0.025498886139138,0.0129939682335644,0.0282176175274149,NA,-0.057498443873562
-0.0832700535749955,-0.0457215390505504,0.00405313845406799,-0.0475934612725812,-0.0180927245214711,0.0100011667581271,NA,-0.0160630992645402
-0.0808040007811272,-0.124509876217415,0.00188440716106869,-0.0533086683576132,0.00618044571667509,-0.0419576095585897,NA,0.0604486175251671
-0.0390358397133854,-0.0638585363037052,-0.0727546835979691,0.0362782946936013,-0.00028658776847694,0.00379553251533729,NA,0.0511198493035226
-0.0831138582662868,-0.062084737878851,-0.0406409567676262,-0.0166725812890344,0.00724809531182966,-0.00720962306373879,NA,0.110702089343455
-0.0760313563853003,-0.0787032751488035,-0.0010641920944609,-0.0219402022093355,-0.0121959368475338,0.0315666185980395,NA,0.042158020328426
-0.00847977341352543,-0.0892015425609108,0.0117503605397283,-0.040704487626251,-0.0128261500986217,0.0194046495758629,NA,0.0159319748476411
-0.0272454109934104,-0.128214279063102,-0.0677570422777791,-0.077514766016261,0.0049461132482487,0.0276809314784427,NA,-0.166534118551323
-0.0496674855888066,-0.146316543640934,-0.0154115477787697,-0.020541002318965,-0.0220589022928238,-0.015181783921093,NA,0.0797379713500532
-0.0167442941631276,-0.0736618386164526,-0.0491368817852217,-0.0192666508116803,-0.0168277361136449,0.0547267725744256,NA,-0.0830455260834725
0.0182665461055343,-0.0850974424504709,-0.0259541408814506,0.0193799265639896,-0.000919741252228615,0.0337051793773856,NA,0.0645245220018711
-0.0454236926121585,-0.00731030201249283,0.00812414629751276,-0.0922785275243734,0.0282645828271796,-0.0032407122005883,NA,-0.0310703395753129
0.0139590057077266,-0.0705153294171824,-0.0288058076554353,-0.100026413061057,-0.000169013306913858,0.0328359525051626,NA,-0.00765603524553365
-0.0300932509899011,-0.048790108889488,-0.0493882876262623,0.0283998078541294,-0.016404843806218,0.00938847942342594,NA,-0.00469300519774202
-0.0674287688980728,-0.0947654330918957,-0.0352805102477179,0.0256969058615423,-0.0093396488768673,-0.0352544037044885,NA,-0.0251415183538756
-0.0326344444500511,-0.107364434701178,-0.0508071198651156,0.0381374495242152,-0.0132710550091831,0.0122479771162138,NA,-0.00244513863793921
-0.0185076010845051,-0.118043314200414,-0.0226488168733796,-0.0145554698486562,-0.00912598028291764,0.0169809826686416,NA,0.0468792288849825
-0.00802136755064131,-0.128422673339666,-0.00497667044559769,-0.015568327449113,-0.000105417147698628,-0.0417515602604125,NA,0.0280496658381089
-0.0262303503571944,-0.0670514488364662,0.00428889333184694,0.0481759147863545,-0.0106553634416988,0.0416207300402495,NA,0.000633009847094135
-0.0166399425205783,-0.0997923987975236,-0.0242146765899735,0.00652879279171992,0.00281401345008687,-0.0218585881895904,NA,0.055551403687315
-0.0811187909713115,-0.0643250173578886,-0.0317855626429353,0.0479263771849475,-0.00505238773745505,-0.0229624676048604,NA,0.0613207431201871
-0.0327366575981093,-0.0594004403191619,-0.0333409942773157,0.00491045312941377,-0.0110452982986379,0.0410127712618502,NA,0.09134720721796
0.00599935427615025,-0.0603643892221583,0.0124431455033564,0.0156572333840516,0.00570601559834782,0.00786017939571676,NA,0.0901604129676851
-0.00893750171205396,-0.0883127206103137,-0.0660343156909505,0.00109396822610844,-0.0240506020474293,0.0227624561494215,NA,0.0647290365634433
-0.027247537415787,-0.0448710164964454,-0.0792708099707432,0.0182811800113356,-0.0163467160995788,0.0204313348883689,NA,0.0542645267909096
-0.0204333040702047,-0.117411328714431,0.0210492063734969,-0.0142890703440972,-0.023667475437905,0.0410973567443012,NA,0.00687313556570673
-0.0507884419484218,-0.0497645375029413,0.0397321892668634,-0.0562413688443143,-0.0178111143348644,-0.00316955018947229,NA,0.0243790977600719
0.0345122646891838,-0.0600997668971037,-0.00106943143639579,0.0163460407372765,-0.0145714198547461,-0.00868211753632112,NA,0.034558004058435
-0.0449748905305374,-0.0689771091265934,-0.0358388763621703,-0.0562232966656242,0.000394259242659185,0.0331013445755921,NA,0.0367876003517475
-0.00976928887794931,-0.0702745875853789,-0.0111794938595748,0.0273964758126388,0.0135715847213087,0.0597176753583194,NA,0.232141119047616
0.0071432683184946,-0.0835169044813851,0.0167994499415979,-0.0374677537637336,-0.00703767316155205,-0.0288724970372143,NA,0.0293691290310427
-0.0728523322972218,-0.0853340687794241,0.00654551176873056,-0.037479381882226,0.00553473135659254,0.0152559236106764,NA,0.0325200915804684
-0.0292621045903387,-0.0748535706271175,-0.021850682716748,0.0287885494466028,0.0086535196470752,0.0165027693543125,NA,-0.0416651938931171
-0.0194277285009507,-0.0773515820018676,-0.0205338997784852,-0.05236572887806,-0.018258738969707,-0.0410880753794991,NA,0.0378153623639083
-0.0078385723576245,-0.0759677671514406,-0.000797628955902727,-0.0560234551408016,-0.0214849294576671,0.0129732853756215,NA,-0.0849388292263224
0.00660502134661614,-0.111975023125976,0.00738972042422925,-0.0463384597010908,-0.00200429952083314,-0.0437388019019979,NA,0.117314835403068
-0.000655461101331495,-0.0387438620013834,-0.0134165864412302,-0.0840697907871236,-0.0030991118596236,0.0251648599303526,NA,0.045594130317293
-0.0352066382365425,-0.0439206514112647,-0.00750769579984961,-0.0495424958755681,-0.0193618186007432,0.0419512002199936,NA,0.0358691189713009
-0.0280611701050734,-0.0974639447464903,-0.0116550174125799,-0.0619191061779171,-0.035550791796213,-0.0167877074864069,NA,0.134287875137574
-0.031065437513056,-0.125245361782892,-0.0383307556856367,0.0242629806442305,-0.0195457970261066,0.0268508504162849,NA,0.0727124997948926
-0.0109188616909113,-0.0949435279441467,-0.0232720795423392,0.00757910216469665,-0.0125683511953918,0.00793929151505957,NA,-0.00505080645744777
-0.0526609325843528,-0.101020586992367,-0.0278999087173828,-0.00854255706858698,-0.0243875730491792,0.0500903881942479,NA,-0.0156510107628
-0.005384939118798,-0.0477402237702736,-0.0505161670356219,0.0179799749524504,-0.00419367240832005,0.0595933712026683,NA,0.057376737582842
-0.101636285709442,-0.102853926004015,-0.0522660933482797,0.00387989600241739,0.00366983867893338,0.0207414511687965,NA,-0.0554425532053516
0.0250702992827486,-0.116490829775445,-0.0250230325213359,-0.014753398442785,0.0237823724124073,-0.0154038471904673,NA,0.15039341088262
-0.0498385602566699,-0.0891269161827625,-0.056137145346498,0.0109790093939036,-0.0125794559640655,-0.0016836337568075,NA,0.0308885226065506
0.023902984039259,-0.142014779644554,-0.00938798424730151,-0.0847402356702495,-0.0137325743659169,-0.0330775158488273,NA,-0.0057775099343283
-0.018412296922331,-0.0399409249948416,-0.00037148972941721,-0.00386813291781246,0.000451390163861837,0.0628709167350338,NA,-0.0504190010876949
-0.0390003295715193,-0.0398786173061693,-0.0396950743591979,-0.00000641195657211102,-0.0142827070008487,0.0243058045566477,NA,0.18765329917378
-0.0330509471211503,-0.0773459376008587,0.010898092615967,-0.0848567679124447,0.0100751789445923,-0.0138682670568187,NA,0.117388057621142
-0.0234127223453172,-0.068496403006138,-0.0104639244540381,-0.0814110508912417,-0.031194215785592,-0.0164063711772144,NA,0.0137109356362657
-0.0316709780477443,-0.0436554293707969,-0.0371872646261875,-0.0373729729059061,-0.0248630327913438,-0.00957037281295078,NA,0.0695344135138104
-0.0351508589438048,-0.0867787321745715,-0.0197913415735684,-0.0181646149018004,-0.0177708891501242,-0.0409520314807986,NA,0.0486088421367482
-0.0215848674456497,-0.0967494526071688,-0.0122238438539524,-0.0887138462028762,0.000592691263590732,-0.0448006836626384,NA,0.0789105497768147
0.0132540931438076,-0.0882026184646493,-0.00988703465176113,-0.0280281685952203,0.00901873719738747,0.00910737817272744,NA,0.0502828649764234
-0.0163126849650396,-0.0776015852748798,0.0256113276700595,-0.0810969896080557,-0.00275775813087026,0.0184430231959446,NA,0.0181857904319787
0.00945571464354877,-0.106158528765212,-0.0381856238112301,-0.0418970230433044,-0.0115316771992694,-0.0471862832283951,NA,-0.00593861447391308
-0.0261467600450735,-0.0256223060317404,-0.0347640474939945,-0.000742265519112772,-0.01656858235126,0.00673250545130163,NA,-0.00635017140450428
-0.0839365408895217,-0.0382704831768507,-0.0169378687915872,-0.0424552771515391,-0.00271547062558866,-0.0200319075115271,NA,0.0104331441736106
-0.0142267712597831,-0.0215265736874461,-0.0166180333487797,0.0319348475728766,-0.00542911385611293,0.0188270993898546,NA,-0.0339170924977421
-0.0496037764614359,-0.0749129556151297,-0.0546239883376517,-0.0366084026704745,-0.0107980964970743,0.00817672732825298,NA,-0.00374599265616665
-0.0489294121028786,-0.050939394254732,-0.027195187305659,-0.0084427155505028,0.00734152505984337,0.0172803869133608,NA,0.0110369747222831
0.0350059920589922,-0.0963585270249407,-0.00468311518706649,0.0238661804333331,-0.00458506174181687,0.0438360566179351,NA,0.0143651267455554
-0.0144166952822292,-0.0845998835248193,-0.0432814973865603,-0.080895921147962,-0.0187043160451279,-0.0102894343160631,NA,0.0693726704771801
-0.0842217315297072,-0.0745024862447441,-0.0323063079482594,-0.0212583683924535,0.00652719475654317,0.0729780204269692,NA,0.0239147250081262
-0.0611384070640701,-0.0571733101761232,-0.0484265692933313,0.0251276273144004,-0.0243602088718811,-0.00531509128770982,NA,0.0655762274863967
-0.0250400192079621,-0.0503497059855855,0.0130316713493907,-0.0530386244892094,-0.0270804459626775,-0.0138139116356927,NA,0.110663083099002
-0.0444507451491487,-0.135244303448063,-0.0027014182634683,-0.0316396523810149,-0.0312409159590951,0.040079181195582,NA,-0.0124289339713621
-0.0188937750315308,-0.106007058203431,-0.0311862493919461,-0.0160273448174199,-0.0204776238030234,0.00978911742393473,NA,0.048324958967114
-0.00773882895477229,-0.1358309206947,-0.0358890577645691,-0.0181076745896836,-0.0187619995169211,0.0426042335850899,NA,0.0367274715006417
0.00326136549457184,-0.0851144938704839,-0.0237502427164284,-0.004704507743169,-0.0201746679831023,0.0325914028742401,NA,0.0902258639078927
-0.0806506328464131,-0.0911428157904473,-0.0465731143056161,-0.04274814355001,0.00748316494169841,0.0404882110110362,NA,0.0966671631414428
0.0024026809486771,-0.140011870695588,-0.0208164871708425,-0.0409838296654775,0.0126737770309727,-0.0324812309845257,NA,-0.046934090199239
-0.0886064358966254,-0.0415519858203117,-0.0319268030968146,-0.0774539127649002,-0.00223567703397512,-0.0393514522222332,NA,0.107971182816755
-0.031853365462273,-0.0759817316457331,-0.023524355988691,-0.0285537166436021,-0.0304748068012467,0.0427623288420412,NA,0.00490048997770826
-0.0970893156021278,-0.0931717074011861,-0.0299093276935092,-0.0848113663082031,-0.032179714058853,0.0495909767376688,NA,0.0683707845780275
-0.0498920067020952,-0.0532999336285033,-0.0346092613299654,-0.063494868928278,-0.0159187695170873,0.0674612936849415,NA,0.133758116656473
-0.0285255998820028,-0.110277689988739,0.00436656888323722,-0.0554290727819611,-0.0103376150863791,0.00822136256167189,NA,0.0765983304189509
-0.0436982937834516,-0.0712513213596783,0.0048478391918987,-0.0615443920414414,-0.00416422697905033,-0.0220751638176314,NA,0.0790243630072338
0.010016399130651,-0.0631053843752362,-0.0340162740208761,-0.0899810797920737,0.0186906873071399,-0.0164684085419084,NA,-0.0664061997457733
-0.0176661512200699,-0.0943668585036683,-0.0358574266644667,-0.0310907930565208,0.000250073650994317,0.0466467405510385,NA,0.0535562719355762
-0.0363162480976128,-0.0686082927455814,-0.0379339207173146,0.0136336814914104,-0.0449224935662413,-0.0133801239454221,NA,0.0746807806837568
-0.0342307051908005,-0.0722796980683065,-0.000139651108930119,-0.053885348165362,-0.00778456709714284,0.062684974629997,NA,-0.0507766628220256
0.0208298943835864,-0.171281169970281,-0.0253895272138982,-0.0450142723206183,-0.00404660639687311,-0.00493202479163665,NA,0.0576142529318825
-0.0745263815104233,-0.082584247780233,0.00498331962774867,-0.0244968809686066,-0.0198680894868483,0.045325179668355,NA,0.0518511755561478
0.00312120574535579,-0.0434090995410911,-0.0542591477263979,0.0118246309456068,0.0013757539064296,0.0152180658920064,0.0427365186332529,-0.0178165782817744
-0.0261962533296952,-0.0781357258581238,-0.035674414842175,0.00195305359945197,-0.00107678467206878,0.0149450674673825,NA,0.0786422781532772
0.012870798001353,-0.0968950984817578,-0.0154888477159838,-0.0627350325290413,-0.00181133790811991,0.0134183693124796,NA,0.139649314514287
-0.0127657154616244,-0.055247297074771,0.00401111381428931,-0.0235479229219336,-0.0395079818493358,-0.0160381035620248,NA,0.0605543051045755
-0.0690829762285709,-0.0567703439317502,-0.0414492048037172,-0.0376876903093653,-0.0103194649498608,-0.0320184974803382,NA,0.0460408399747918
0.000321852973683923,-0.0972854870054666,0.000399462721767357,-0.14745798255989,-0.0325000047309726,0.00984632909387165,NA,0.0430289763519189
-0.0279175195460475,-0.0506539010624907,-0.0172896747056966,-0.063644585422135,-0.02313925709569,-0.0316734645097196,NA,0.12761884042669
-0.0517472425402403,-0.120617088389591,-0.0272314813749331,-0.0157887612377836,0.00629804525351466,0.0466160212160979,NA,-0.00276575399333218
-0.033186602871263,-0.0496248350008347,-0.0190483908204322,0.00240891534701393,-0.0081387636411709,0.041983630376152,NA,-0.100519722892343
-0.042219048488606,-0.135934300108794,-0.000025584610065188,0.0253691236265704,-0.00858803076365001,-0.0157238095224897,NA,0.108873394893862
-0.0418381162940717,-0.0955821837793603,-0.057642169212322,-0.0678352000443041,-0.0317422410935871,0.0522465383887618,NA,0.108052998843576
-0.0499754608366241,-0.0948560271594397,-0.00618174185442982,0.00700633736368639,0.00255544700631566,-0.023391670517665,NA,-0.0475624895796433
-0.0421458984544324,-0.102481153157575,-0.00858318722237007,-0.0387022364151953,0.000135727580364273,-0.0474311798043751,NA,0.067678089735044
0.0126907174490236,-0.0988425308899036,-0.00412322915492011,-0.0140112808726182,0.003822853294227,-0.00365543765294893,NA,0.0647820116070271
-0.0450360399146713,-0.066094027567812,-0.00667135614485921,-0.0431514273130705,-0.00425851132968114,0.00234083513154329,NA,-0.0620767529853344
0.011030742552834,-0.0471678546118858,-0.00926996418997841,0.00383088600634068,-0.0396450164662061,0.0483692738643937,NA,0.0762178038330071
0.00497850974934305,-0.115280414163739,-0.0777695643456403,0.00687301823328718,-0.0161382007837601,-0.0234033988498916,NA,-0.0765160120320004
-0.031462325673149,-0.0451870313979373,-0.015087957597841,0.0140631011686813,-0.0139107750367608,0.0649261741830281,NA,0.0278127780026861
-0.0259848244978396,-0.0552193489329759,-0.0517178217259862,0.0317688220407356,-0.0075835312468407,0.0439026597835266,NA,0.0386980836425571
-0.0197667216679581,-0.0473698516032509,-0.0176826487185416,-0.0129339731644823,-0.0014859614413882,-0.0615099962420896,NA,0.0541628742900125
-0.00262574482726874,-0.0959793749514238,0.0416225872325989,-0.0385078839409392,-0.0190751011829366,0.0489867655965442,NA,-0.043074619237274
-0.0483451107631,-0.0955261653042242,0.022856939073325,0.011657261417979,-0.0386916240991309,0.0742479136515736,NA,0.0381874647443173
-0.000339266381346626,-0.116175062839475,-0.0225479931111442,-0.105011798304245,-0.0075194581015055,0.0767042859866011,NA,-0.0670705638734816
-0.0531402673516764,-0.0768318009084353,-0.0281760059077705,-0.0985153553305998,-0.0205134645498439,0.0294707989089237,NA,0.0636592773853824
-0.0278423345210781,-0.121237640290704,0.000979147821298265,-0.0645093891800701,-0.0138935468545092,-0.0171313997879428,NA,0.0743114703295994
0.0696454709896639,-0.099498084952815,-0.0398102265820855,0.00455945563678772,-0.00524059439557523,0.0175859439967914,NA,0.0265116165386282
0.0168901548357189,-0.105513818028778,-0.0605224275694971,0.0491580178807964,-0.0015268645578313,0.0234632201292089,NA,0.0147100116998194
-0.0205434072599285,-0.0227474228821057,-0.0580908662847846,-0.0385913248871502,-0.0310877304020277,0.0299031655898578,NA,0.0525898552229548
-0.0127775532960941,-0.088164735134658,-0.0502339366478117,0.0199263342670438,-0.0337480988424886,0.0598244827678363,NA,-0.00860477158651296
-0.0209514272870931,-0.066094445834951,-0.0034169761489893,0.0138168039385276,-0.0217007742893163,-0.00343397208594295,NA,0.0673130584698836
-0.0215781544737649,-0.0688264378773192,-0.0507648303777259,-0.0199426168658032,-0.0373829755678,0.0770131539613074,NA,0.0722538336426232
-0.0680455197135806,-0.0992874580634387,-0.0752911025673478,-0.0171965291983385,-0.00498781829832843,-0.00433785457419894,NA,0.0293616987569329
-0.00733287643648381,-0.100812149160991,-0.0520208143136797,-0.00456748203987578,0.00760020818563169,-0.0587077950379085,NA,0.00658620689753753
-0.0448879973941115,-0.107560677810897,-0.0338365794180272,-0.0435449527130217,0.00128734180462382,0.0141748755185573,NA,0.0441613665068356
-0.0405496081667479,-0.0961175954828014,-0.0676844519401767,-0.0209917590777474,-0.00698211114609659,0.0481213291290483,NA,0.0904653946520224
-0.0261559032979481,-0.0689973768505225,0.0143800211255232,-0.0696899092167715,-0.028413869157436,0.0666148854218279,NA,0.0380060708784574
-0.00665533790512318,-0.104537168253727,-0.0346612868649871,-0.0434447280576414,0.00777534722596764,-0.011842982159963,NA,-0.119375574872605
-0.0491725403341469,-0.0831187847659566,0.0185964384279498,-0.0158082986077969,-0.0301787833073572,0.0499071218154366,NA,-0.00423032941134455
-0.0202031614331029,-0.0741603162290319,0.0206021423378105,-0.0320703316808088,0.00313143700036331,0.000605449867227853,NA,-0.0914390694876134
-0.0131207147496637,-0.0654116389096612,-0.00909148710527015,-0.0369580921728373,-0.0232454109860388,0.0120060555617263,NA,0.018201176860216
-0.0515084464933878,-0.0526055276151223,-0.0162935373303443,0.0245951677643687,-0.0393664025665376,0.0561197839762664,NA,-0.00273097047253185
-0.0546151803608117,-0.0945373423123253,-0.00698430591964076,-0.0300494987288103,0.00047787303176957,0.0413277002985551,NA,0.0904992384491942
-0.0386827227855308,-0.0781394185066255,0.0141995990753808,-0.0728533578266891,-0.00473236949498013,-0.017665483305084,NA,0.108025925264498
-0.0566041250842182,-0.067776300216346,-0.0373573381510802,0.0159361880659503,-0.0160695086987495,0.0489254433279276,NA,-0.0274007335937254
-0.0569143602951607,-0.0322721710107541,-0.0355554662773548,-0.0297582588097403,-0.0214228761310694,0.0457594537532529,NA,-0.0834645299614736
-0.0347543977827805,-0.0818781990425939,-0.0257148783790477,0.00680700888644198,0.0210283411780361,0.00247135248730945,NA,0.0731021148991643
-0.095664188541287,-0.0977062264294701,-0.0224984857915648,-0.0748486735784292,0.00421387888890276,-0.0354985504196837,NA,0.0447400516429309
-0.0681272364960221,-0.120338719638487,0.001450919973954,-0.000961310450062258,-0.019506164545314,0.0377836519639013,NA,0.0511883892049576
-0.0692174866203844,-0.042869198356438,-0.0261816128246443,-0.0613415264869501,-0.000410140222957711,0.0143809502595983,NA,0.11974998951672
-0.0371339105948723,-0.0954416642144721,-0.0623410008816514,-0.0895816643961012,-0.0108140183822851,0.0500459904955101,NA,0.117225605141164
-0.0674724201344586,-0.101850848380393,0.0342363869377514,-0.0408392689328409,-0.00902637852812874,-0.00831269460582573,NA,-0.016263337059272
0.00727496279049428,-0.0941118765380461,-0.0115244915346724,-0.0313327346746199,-0.0294591728904755,0.0128983012780421,NA,0.012052716804422
-0.0211448632926203,-0.107456215439518,-0.0202274512155942,-0.00513875851977799,0.027150309146991,0.0555256691099573,NA,-0.121810681643773
-0.0641958141371032,-0.107006378194792,-0.0274834224195014,-0.0223705058497098,-0.0142755608089579,0.0375418307985592,NA,-0.0184634595973034
-0.0195728963771734,-0.0920083374251833,-0.0130629388419974,-0.0834996419249514,0.00655956672439361,0.0283480012391136,NA,-0.0110296039027541
-0.0388274691229641,-0.0514221764632492,-0.0768586611667267,-0.033139093607246,-0.0297169064574737,-0.000551118761358604,NA,0.185615002382414
0.00637712816923447,-0.0885024336738784,-0.0239254480922242,0.0112424061077641,-0.0131395896287991,0.00661738372479498,NA,0.0216874662044637
-0.0297587132057346,-0.0877326510051131,-0.0114346395690179,-0.0299137936035224,0.0102492279491525,0.0661101333822225,NA,-0.0190713263421962
-0.0652646564209217,-0.0846647633004253,-0.0030001372906542,0.00740761605246953,-0.0343212759557665,0.0128679976258037,NA,0.0622380771251979
0.0115598940198287,-0.0846393604712183,0.00623381438706058,-0.0557434124838427,-0.00953540769991566,0.0405280685411937,NA,0.180385138482943
-0.0593937533183646,-0.0669048857198535,-0.0679330827671237,-0.0400262654113967,-0.0106788825443378,0.0511137209929893,NA,0.0977205458513152
-0.0435063814202058,-0.0878902086417755,-0.0421614776123264,-0.033890873476582,-0.0126948546013517,0.0333598838531178,NA,-0.000522409345707353
-0.00422748977380238,-0.0745341443112119,-0.0120893330799949,-0.0425302151424537,-0.00338130093825435,0.00441637847008791,NA,0.116225482394234
-0.0123792766269664,-0.0738768548299487,-0.030620487079356,-0.0392866767981808,-0.0115193908534861,0.00760844072229253,NA,-0.0192061105333485
-0.00518003038219142,-0.118069547798527,-0.020386511818362,0.0101556201714602,0.00615536303391186,-0.00956487693429944,NA,0.00937166119165023
-0.0205018482787637,-0.103129246763747,-0.0475322066743865,-0.0398986229965106,-0.0140938120382372,0.00758225965937454,NA,-0.0236305945925795
0.00248874997018195,-0.0322242228429901,0.0217195443872771,-0.025137963333556,-0.00215988458749109,-0.00752247352415644,NA,0.0842050178256678
-0.0887393469130674,-0.0818537496481183,-0.0413736855293136,-0.0165130395368396,-0.0147725486818303,0.00925054675655465,NA,0.0437969935774221
-0.0173156310861859,-0.0378419128709165,-0.0706683933775696,-0.0336834832048445,-0.0335772189657264,-0.017888393390193,NA,0.0349863750068321
-0.0177044309676545,-0.110084803641378,-0.0316880890653158,-0.0326205762598748,-0.015323793435095,0.0363714202255012,NA,0.0753885861792168
-0.0119519617803109,-0.123285486078267,-0.0512517305534433,0.0323998866801322,-0.00882757110365807,0.0149653036627314,NA,-0.035662795205489
0.0155696580769397,-0.0717692404565587,-0.00662834179674519,-0.0669309284596016,-0.0376391301636588,0.0210695939087247,NA,-0.0272318460547873
0.000624324136027921,-0.0952823742166714,0.0301494061020673,-0.029649958079684,-0.0151428279108734,0.030971739426298,NA,-0.0017806585545137
-0.0546577876508895,-0.0633282640323444,-0.0692322197997015,0.00807876738460603,-0.00341383890951959,-0.0394563472933827,NA,0.0386924768283833
-0.0642844890966392,-0.0698305587064046,-0.0240307180237103,-0.0511823971645329,-0.021753560198758,0.00546346357314986,NA,0.0880357658270115
-0.0831603826583373,-0.066005694836732,-0.0384440752649292,-0.0372394499788391,-0.0225126682907242,0.0128698926170072,NA,-0.0306580576901784
-0.0396483002005517,-0.0610115538701933,-0.0270099611521064,-0.0392855077122485,-0.0169430684922903,0.0331149751458275,NA,0.0958858368034767
-0.0880561742931451,-0.0565485209437294,-0.0204571632306855,-0.00865078960261012,-0.0160140653844046,-0.0101160940837369,NA,0.108040178342805
-0.0194419321301155,-0.0919521150814808,-0.0248714553954448,-0.0507789839171684,0.0144890763742357,-0.00113814192515707,NA,0.0825243374648885
-0.0154435215033871,-0.161449406313975,-0.0428283281999041,-0.0292324947663631,0.00755890646196345,0.0161351903115306,NA,0.0678956828720368
-0.0041376600260014,-0.0880755869229914,-0.0524623282007341,-0.0375695310433746,-0.0279889728685593,0.0364639206675237,NA,-0.0360585051784073
-0.00304710502277283,-0.0608626982673614,0.00507874174124909,-0.049134231599391,-0.0196937099553306,0.0129289439355802,NA,0.047446834425677
-0.0294062273821144,-0.0871463100245685,0.0232466937317769,0.0318988561456712,0.000963019823397922,0.038024027851128,NA,0.0451630421454083
-0.043760133863577,-0.0986958250761304,-0.00367924069278089,0.00273716542675098,-0.0252532426657365,0.0757792542669107,NA,-0.0896919061247784
-0.0465345552928813,-0.116055975569542,-0.0248505480276548,-0.0609561963381983,-0.00832658027506977,-0.0000650486780867376,NA,0.154396258502939
-0.00924796360511296,-0.0624379894285095,-0.0247773921518793,-0.0297249340162414,-0.0164354301732136,-0.00452420318428559,NA,0.145631057484743
-0.0589500669360868,-0.0790771692311371,-0.0456456888339729,-0.112055954567128,0.010839113114495,0.0388371422063629,NA,0.0383275690180377
-0.0549727489186672,-0.0398476943926693,-0.00738522658613203,-0.00540371360259956,-0.00342362735480992,0.0534699551613371,NA,0.135992914147284
-0.025623876683866,-0.088119753766945,0.0238063090397771,-0.0936056190702647,-0.0510259419425699,0.000266031035531578,NA,0.0149805145536236
-0.0218075278280129,-0.0996635391069404,-0.039160268027719,-0.0613567529840869,0.003419383348812,0.00918022009732473,NA,0.048188537786671
-0.0222771409163077,-0.0504403046310261,-0.00101952078989004,-0.0635138617063615,-0.00484752572802956,0.0230955174618199,NA,0.158572359725876
-0.0241131890716655,-0.0941560061720993,-0.0129273601406802,0.020548590684154,-0.0144983635000781,0.0243288725498487,NA,-0.0194330011330384
-0.034026216862637,-0.0753679688156303,-0.00850206401063694,-0.0595645913131844,0.00112372677999668,0.0335340538910331,NA,0.031479248477224
-0.0247586314046171,-0.111491539212689,-0.0424676185816895,-0.0241917532017319,0.00063374963175504,0.0272805371140969,NA,-0.0734429731697701
-0.048149672245947,-0.0950648158250413,-0.0279038597494287,-0.00461810085833603,-0.00282494140905446,0.0723358860366159,NA,-0.0567236593798466
-0.0147645986338632,-0.0939737113514416,-0.0442905420891849,-0.10730364275327,0.00669364017980162,0.00327074244793904,NA,0.0972989958119829
0.00450232234930989,0.00563948043173634,-0.0351039837252078,-0.0461163924387249,-0.0357697359552823,0.0674863053953391,NA,0.0602214610188804
-0.0201815375578411,-0.10355491139903,-0.0180311147868704,-0.0220499082999029,-0.0227294123303313,0.0392376634776258,NA,-0.0279970174616331
-0.0424859245450597,-0.0732611396039219,-0.0278524142037645,-0.0855350293451207,0.0147046690151482,-0.00864259745110169,NA,0.0445537358217593
0.00405021838549355,-0.0504950434844517,-0.0384247474823048,-0.040343644816848,0.00405747848272348,-0.0113270171353115,NA,-0.00352292382134117
-0.0757353484824162,-0.0463148849022247,-0.00294443136025428,-0.00417487145286233,-0.021121929767777,0.0372521849980284,NA,0.0106817528600416
0.015402330051745,-0.0727526585121921,-0.0432161796289995,-0.0406408633035998,-0.00616788259324547,-0.0282757896668358,NA,0.134264897922156
-0.034049230409917,-0.0654489290912723,-0.00732584808590961,-0.0398293383718155,0.00223584701383098,0.040571155787624,NA,0.118748817496346
0.00481323984148924,-0.0657484095195866,-0.0136158769265282,-0.0744159128121414,-0.0284877778368363,-0.0392636841835589,NA,0.109965818316492
-0.0202058009742205,-0.06618165939328,-0.0466024684332167,0.0278999096363279,0.0168884599091295,0.0241170501934364,NA,-0.0747674971513078
0.0423841854022264,-0.0815984938889655,-0.0639022408471749,-0.0176650475337902,-0.0152897897310336,0.0452643682747574,NA,-0.0405116619601932
-0.057543812110451,-0.0730419045781748,-0.0462095696321399,-0.0265206255095417,-0.0246207107856391,0.0550950704189108,NA,0.0694485111633909
-0.0717698983557658,-0.0942470199587824,-0.0286264300925166,-0.032433593411647,-0.00918666472298982,-0.0000041891238397318,NA,0.00917999895382265
-0.0402531491596948,-0.053820918812422,-0.050440759434618,0.00421891956231668,-0.0120533374210893,-0.0155130868565746,NA,0.0901208613200468
-0.0478800352993645,-0.0969128949904364,-0.0379889842853077,-0.0132339536998074,-0.0241150245981503,0.0456930377943899,NA,0.0284444516922942
-0.0128513235807244,-0.0682687418857234,-0.0407851741188003,-0.0262220836736313,-0.0316309769656844,-0.0121253983074091,NA,0.107598200774274
0.033091364960169,-0.0662055734982248,-0.0485439622579074,-0.0746807410408677,-0.0110085703990543,0.0397645140715557,NA,0.124948140586967
-0.00552444959284476,-0.0606055641760767,-0.0443903822458223,0.0263238128429507,0.00769412782214893,0.00773059456367761,NA,-0.105648860512445
-0.0144645850522776,-0.0655792633618323,-0.0936638542956191,-0.0318551078899893,-0.0322155768967174,0.024425423323255,NA,0.0071904900906189
0.000718207357187667,-0.0909880915224408,-0.0214561593660132,-0.0237567486702929,-0.0134993219629718,-0.0324902948330293,NA,0.0946793474431954
-0.0256088618145784,-0.0602559622040333,0.0183095901832102,-0.0361941773742316,-0.00117148396107748,-0.0263150758714757,NA,0.0402319195467274
-0.0669955887055421,-0.096623932849155,-0.0410058573160607,-0.0440432404044065,-0.0171075798917974,0.0602681509491278,NA,0.100892978195661
0.0402586125809595,-0.075105439258927,-0.0717931289244156,-0.0698332720825253,-0.0282468456374639,-0.0143540829291893,NA,0.0118365662532721
-0.07973487075452,-0.060182685146591,-0.00487465034745108,-0.0710848876752912,-0.00958531506113654,0.0141485312328641,NA,0.106525771198173
0.00721793581952451,-0.0816622951974244,-0.0202562858707356,-0.0465681820687008,-0.0131034334357073,0.0339853884462924,NA,0.0545851985415198
0.00325722495970801,-0.0451155044847165,-0.0357300575891709,-0.0533919786207093,-0.0136995067477576,0.0188336974440867,NA,0.0459628386571859
-0.0272021183734201,-0.00621599784593063,-0.0399794055689652,-0.00383692004385516,-0.000910506106746742,0.03543846752381,NA,0.0139075945737774
-0.0243659620283746,-0.0965736616037177,-0.0772908048565904,0.0315719582721758,-0.0302016558484274,0.0289229459230482,NA,-0.146656994473265
0.00266657022105599,-0.0883564125220648,-0.017589904114588,-0.00843164782817479,-0.0160705936706328,-0.00677201338649053,NA,0.0432066317883228
-0.0579667953502032,-0.091668511995126,-0.0133408963829485,-0.0160528507556649,0.0128846815657922,0.0271283256135294,NA,0.0305159627722597
-0.0797154226727196,-0.152221687772965,-0.0130005823943687,-0.0292820567098815,0.00689548026699693,0.0423036323364895,NA,-0.0838534502026541
-0.0340820759429856,-0.0928639329053385,-0.0254782775444449,-0.0878244277328999,-0.0242546855609765,0.00947821866574217,NA,0.100421659553184
-0.00657696235436414,-0.0999736472113632,-0.0638143727355915,0.0645432582829221,-0.011128035507062,0.014177377345895,NA,0.101039981821451
-0.0237602289320621,-0.0596496407765921,0.0222538489961878,-0.0263188380098487,0.0162372407609625,0.0469915559586415,NA,0.022429034374511
-0.0727611511445247,-0.0911741502874717,-0.0249476749986669,-0.00275730209577024,-0.00708468747511141,0.0397352761590519,NA,0.0454640026524363
-0.0697932616846688,-0.0364990178481664,-0.048805114161827,0.0125907785701588,0.00463719687946414,0.0145876419169823,NA,-0.0216520049152765
-0.0162259220818589,-0.0670633664604189,-0.018253084311695,-0.0192027849849437,-0.00664825577092434,0.0453781657297231,NA,0.0814810321006137
-0.0602928917797553,-0.0323601935169074,-0.00552272953935291,-0.0080830344121241,-0.0110482195428441,0.0633800941124959,NA,0.00284717439477933
-0.0730915250939018,-0.0801983630318287,-0.0109479779789221,-0.0326806043103359,-0.0259109428126901,0.0473903928870879,NA,0.0603171693485183
-0.0296078182737918,-0.0823126041498644,-0.0204692464653796,-0.00936959344272176,-0.0189318299787668,-0.00358635517238892,NA,0.100862439414636
-0.00100976814495407,-0.0837737253905472,0.0286913207946932,0.00782854649742903,0.0147699288687957,0.0265090294403442,NA,0.0304389117871272
-0.0704058209475318,-0.145348095990533,-0.0171138545055614,0.00838825341603439,-0.0296607596895387,0.0116960742790556,NA,0.127397267143048
-0.0187640454180958,-0.0544222169063696,0.0068938781393728,-0.04204990152218,-0.0216495714387809,-0.00688169401060959,NA,-0.00786460555702162
-0.0298219287508559,-0.0383644769658827,-0.0504986284723455,-0.0812646633673135,0.00998146826496465,0.00231454132004297,NA,-0.0112612986192545
-0.0489730252914752,-0.0817114332718044,-0.0135788555884477,-0.037650966293892,-0.000837829877025187,0.0535412606071243,NA,-0.0774790220937872
-0.0166065037246867,-0.0968911341313654,0.0003409126136312,-0.00834035119391419,-0.0190590732264715,-0.0321129469496083,NA,-0.0551942996533029
-0.0346541474460463,-0.0739190301194758,-0.0293259307098871,0.0290854266302765,-0.0100458999987949,0.0373486097149076,NA,0.0702158319602242
-0.0258653159903995,-0.0623755099232585,-0.0253494361607869,-0.00049798392356537,0.00987601753325042,-0.0175473155514826,NA,0.116224317272687
-0.00244815554980204,-0.121319679794173,-0.0552136402021354,-0.0283618347102865,-0.00324065399774479,-0.0202829302891567,NA,0.076138200216448
-0.00418218705591936,-0.0439486770172223,0.00857870426577031,-0.00561200053658562,-0.0104665806306347,0.0386012121728743,NA,-0.0373228826920707
-0.0463093776565268,-0.0879771717088607,-0.0121409896422513,-0.0533921384031056,-0.00861885659614101,0.0329233533383849,NA,0.223217037260406
0.00652504363840498,-0.0579087474290634,-0.0383864513675763,-0.0359617169022088,0.0198264367381503,-0.017795502467631,NA,0.194754061657413
-0.0435982066611136,-0.143212689585867,-0.0593522559607314,0.0823525743653179,-0.000843342838479311,0.0458017277143218,NA,-0.0245190407202057
-0.0367967601749707,-0.0536697395318978,-0.0275354712416488,-0.0589987903759527,-0.0224234893338776,-0.0227552108794837,NA,0.0230876641387048
-0.0113508452759253,-0.0653290453947012,-0.00106665021125796,0.00386501104722736,0.00443345838007021,0.0334998951595688,NA,-0.0256334911533361
-0.0450605609508988,-0.0183988716918323,-0.0898237292769045,0.0122091934601221,-0.0220604600589579,0.0515917824513572,NA,0.0852352853548011
0.00238573565929703,-0.0785139842594476,-0.019150363721717,-0.154717252943836,0.014918907448731,0.0262655005617499,NA,-0.00487884646419984
-0.0342688262332864,-0.0768005576655821,0.00621256396814461,-0.0642026482047168,0.0080636622852482,0.0187005618240893,NA,-0.0275573047555256
0.0243442564037672,-0.110082708259304,0.0111058473068816,-0.00824265662395735,0.00653601076335593,-0.0455121773460707,NA,0.0491445801373902
0.00476246969575567,-0.0884051671253014,0.0313262341389183,-0.0600221027867197,-0.00471984596106633,0.0207913356664609,NA,0.0903377358390358
-0.0501609555620851,-0.0521828608025283,0.0045548835746563,0.00137714892216473,-0.0335472390021189,-0.00301226054663498,NA,0.0827139104259023
-0.0282105830440082,-0.0803499787023677,-0.0149461116769537,0.00160374370901561,-0.0161946870363333,0.00986621461094581,NA,0.0201131421289214
-0.0313120541930517,-0.145742190870445,-0.0411521109675071,0.0131286617769861,-0.0196332005067361,0.064977177941051,NA,0.0197187714264334
-0.0730923916040302,-0.0156905965405578,0.021256980082648,-0.0563799832482878,-0.000904938008616019,0.050833969818274,NA,0.0831177633449625
-0.0789528635555812,-0.0570511413861756,-0.00793181322123969,0.0244126923107175,-0.0260939393909065,0.051499810281601,NA,0.0718713466425997
-0.110975591201348,-0.058619097725622,-0.0239640333240496,-0.00418761073573531,-0.0133902122056221,0.00876727825350282,NA,0.0763833380609829
-0.0462825399493216,-0.111944488292037,0.0424042779560431,-0.0101760221555209,-0.00371013012842331,-0.043024465232573,NA,-0.0361491978222792
-0.016163532021064,-0.099375603845209,-0.0000332080733740497,-0.0197434442755502,-0.0215383233639086,0.039024654092352,NA,0.0389100182937755
-0.132066984858919,-0.0623481051862279,-0.041769721141189,0.0476497571150709,-0.00767934874165167,-0.0246202207521533,NA,0.0054541257583014
-0.078056797015076,-0.0429115963180397,-0.0159250765024655,-0.00857404856800908,-0.0397300090159058,-0.00736737092303157,NA,0.0678717777863991
-0.0770252993500523,-0.0544810858730053,0.0180703537928533,-0.121931389974732,-0.00190518294721063,0.00517562746673797,NA,0.0327372203277282
-0.0351044492178906,-0.0713091144877637,-0.0455743866773163,-0.0297931251261825,-0.0217111247300748,-0.0240980151698178,NA,0.175803092365817
-0.030682701127736,-0.116103408980916,-0.0445919499406572,-0.0849520761406319,-0.00941184315092804,0.0150617629169234,NA,0.0878641078076913
-0.0518192319056372,-0.0689870059283131,0.0498621371711515,0.0327751083987416,-0.0295679975892215,0.013028749520394,NA,0.0892407869638269
-0.0348456242202932,-0.120977494386847,-0.0410897029465493,-0.0625037544387039,-0.0163141037425423,0.0178287128128472,NA,-0.00753275919396301
0.0497939024292501,-0.0419536779775206,-0.0340295816943424,-0.106818595449938,0.010572389156536,0.021732267623672,NA,0.0349295584082736
-0.0602780311366754,-0.058003510655103,-0.0171596499657771,-0.127532983318892,-0.0144046707082926,-0.000961820385042195,NA,0.0809658993543219
-0.0479302420144971,-0.100433820024314,0.0238355801344392,-0.0500817477655645,-0.00302862040881764,0.0364651263221355,NA,0.132333550288936
-0.0455132452699357,-0.0345137583958334,-0.00739152427878978,-0.023259487966943,-0.0138426568834001,-0.0123743233190788,NA,0.0356402596738541
-0.0302251962077173,-0.0749193588373446,-0.00447812958930496,-0.0716944001648953,0.00512651276153699,0.0615301432307017,NA,0.0743081766341732
-0.0631054043277285,-0.0683092932891111,-0.000860677340171243,-0.0208963199511334,-0.00653860121308603,-0.018513740680115,NA,-0.0588922792509406
-0.05115304999679,-0.0368051094424878,-0.00397513718179408,-0.0101072244740167,0.0019340045338014,0.0354468386931657,NA,0.107471890684456
0.0122176928718825,-0.065114747817016,-0.0127538168432192,0.0226678104700089,0.00304209868788825,0.00649993426796275,NA,0.0471066715358039
-0.0473798547740869,-0.0927564365998462,-0.025664915563452,-0.0205902330465383,-0.0119198498798943,0.0702789136337116,NA,-0.1119124427725
-0.0773456356955506,-0.0638314102702227,-0.0110379973739882,-0.0154674227066536,-0.0119001180370969,-0.0131269537162371,NA,0.176243354150994
-0.0905206850137801,-0.0951480124596203,-0.01257226700339,0.0367565328775404,0.00953148241363152,0.0355804122935921,NA,0.0648263776547837
-0.0169572033410559,-0.0390149060309979,-0.0173136312352226,-0.0331263218629182,0.000581197138351371,0.0336405262355526,NA,0.0615284813712185
-0.00695479428246978,-0.0334234769153017,0.0588143360550002,-0.0274558872254226,-0.0483796320238344,0.0248143750132279,NA,0.085463330159709
-0.0647687649649062,-0.0342543877071372,0.0197054043297781,-0.089540408423363,0.0165735753048248,0.020261822828292,NA,0.0114412669769249
0.00806745754901883,-0.12143364451607,-0.0271465969446921,0.0156932064566787,-0.0168808726185417,0.0513033514349721,NA,-0.0545803603045986
-0.0160297797775417,-0.0409074623413067,-0.0446892690654307,0.00231334550546247,-0.0267683616107018,0.0270626800420173,NA,0.0209321770865042
-0.0761419905375126,-0.0609804111152266,-0.0308518512430917,-0.00660400274292011,0.01058284985569,0.0333425569719106,NA,0.034663478974216
-0.0210286579554768,-0.0823338604252826,-0.032230838440551,-0.0311610865657361,-0.0029261131320617,0.0132668582219988,NA,-0.106006365100369
-0.0202786937551698,-0.114237933307544,-0.0193293515339369,-0.0224099885222494,-0.0195264271191925,-0.0401915766119686,NA,0.0190894352231624
-0.0737765662578484,-0.0633323595954762,0.0217414579116577,-0.0426186579225572,-0.00143687938671401,0.0333999748632433,NA,0.000364051375224606
-0.0188830207619713,-0.134066011507807,-0.00635392493952137,-0.0438153645550173,-0.0146394426929816,0.0137999135378288,NA,0.0650423127906609
-0.0328414632974898,-0.07815321932196,-0.00568842726396403,0.0186352762973656,-0.0160673725833585,0.0568877261686289,NA,0.0564494298751205
-0.0330922212699737,-0.0680163800075963,-0.0225159037806388,-0.0135042426129021,-0.0115863100013869,0.0438827524193885,NA,-0.021233471206918
-0.046710350335342,-0.0656350868352107,-0.0226924727433285,-0.0597741475072425,-0.00948121819266184,0.0377860660691685,NA,0.120305217944301
-0.0158071846987804,-0.0835288386001636,-0.00262376363764982,-0.0241196448811868,-0.0189712646073231,0.0681331616384954,NA,-0.0689132793504191
-0.00616780623503632,-0.166030967488795,-0.0212177065780834,-0.00515849751706099,-0.0167220657697079,-0.0345485999642846,NA,0.017931984019451
-0.0281603066831538,-0.0775923298114754,-0.00115530605059706,-0.0587078793200246,-0.00479377431356884,-0.0181630039772809,NA,0.0919301081472335
-0.0141113292036023,-0.0598936548103267,-0.0335473114435775,0.0177610581060255,-0.030910380562808,0.0764658820542109,NA,0.131200237619277
-0.0200943086192088,-0.0712664701141115,-0.0242427131840894,-0.10278506222535,-0.0113031763530951,-0.0158484651985836,NA,-0.0233642310765461
-0.0343804122659385,-0.0441539221074135,-0.0538449049350913,-0.0724731973286588,-0.00855068231359811,0.0172153146449593,NA,0.0382650021910176
-0.026501652933844,-0.144581878261111,0.00319810989022296,-0.0129850654990646,-0.00698952698557162,0.0375236322096678,NA,0.0518031187451606
-0.00980486037717859,-0.0870492533287567,-0.0574645368322111,-0.0305473204015413,-0.0252486320791856,0.0431760918011422,NA,0.0375076810320852
-0.0231786788732609,-0.0840241257183338,-0.0132519336966537,-0.0257892110034349,0.00644350752419802,-0.0199635436356706,NA,0.0634569058449707
-0.0101512917621822,-0.0637580209139325,-0.0335141998218946,-0.0390392135456923,-0.0118882101155743,-0.0157702085853248,NA,-0.104210811972512
-0.04112542172984,-0.0800762116361189,-0.0355003021927136,-0.00618811970188238,-0.020798175897963,0.0624935045532552,NA,0.0649339468269163
-0.00157335610692558,-0.0736312493673763,-0.0229033672396253,-0.00720279434233911,-0.0247141753541882,0.0341438884942669,NA,-0.0423667117882949
-0.0344780309492503,-0.0963450090124371,-0.0178804270094976,-0.0413422691562282,-0.0335954174280998,0.00419249974067856,NA,0.0239703505028755
-0.0202781996984143,-0.0945342227899458,-0.079283032929962,-0.0522028603391659,-0.0228349950079801,0.00754385170939345,NA,-0.0235932162311677
-0.0653176989124987,-0.0506704914113359,0.000522402208859338,-0.0379396515898678,-0.00297421257828717,-0.0244133277810917,NA,-0.0000691369868721647
0.0318184925355558,-0.110687246391795,-0.0345730760447436,-0.0342133784780216,-0.00335853728920998,0.00607434272403079,NA,0.101054037820276
-0.0189519687934023,-0.122174626335394,-0.0239541516468119,-0.00336471627329413,-0.0275844203865362,0.0310386686311367,NA,0.100452048965674
-0.0483380574094551,-0.0677707576998763,-0.0568658025239618,-0.033095821338066,0.0227082883830599,-0.024785372697443,NA,-0.00691508381650685
-0.00649811597860059,-0.082465944038878,-0.0332662282049422,0.0231136126143078,0.00103606906757084,0.0456771190017894,NA,-0.0751065533303197
-0.0599010907234216,-0.0216831389947476,0.00852783335246865,-0.0470894146993908,-0.0145102017384596,-0.0277953787298631,NA,-0.0239317945377887
-0.0365894667089441,-0.12454656179011,-0.0240617353903578,0.0146038746672364,-0.0135716071150915,0.0380905162420344,NA,0.00632499132777781
-0.0105824472051279,-0.1153673328684,-0.0124344186618005,0.0125741611219311,-0.00111204413443557,0.0354025392711817,NA,-0.0158602983666797
-0.0543826308789201,-0.0765334932652888,-0.0160351001618263,-0.0465795521501082,-0.014331324891673,0.0287824970351115,NA,0.208906280325071
0.00471746331671566,-0.13302264748366,-0.0441018344185043,-0.0488480646174797,-0.0233329394250682,0.0212940780845396,NA,0.140005725815181
-0.00664589382614376,-0.0929016785971769,-0.0515235818827241,-0.03689726304375,-0.0128591820611166,-0.0299402268166213,NA,0.0518109673718928
-0.0573600542198612,-0.135620132785071,-0.00440337983673027,-0.0878782301028982,-0.00828593380255348,-0.000323320790536846,NA,0.0765261968819841
-0.0175418489092979,-0.089640133620835,-0.0143930197213242,-0.0708609152097033,-0.00264016142886318,0.0582451172031944,NA,0.00602774587637461
0.0097321179374184,-0.0621756426240896,0.028864486206805,-0.0255776827151483,-0.0189241423245051,0.0241384810713276,NA,-0.0031150677916203
-0.0416697181178215,-0.12822594155483,-0.0552391007781541,-0.0293264450791255,-0.007989076988469,-0.0349898824580191,NA,0.109434830247467
-0.024613335711304,-0.0370768255840184,0.0128720595033321,-0.06277550003042,0.000235643894105471,-0.0153520512394786,NA,0.0235490464803397
-0.0338641234655325,-0.110962930785624,-0.00403678671491467,-0.0467639088374568,0.0175686247459106,0.044140386324441,NA,-0.03301253540879
0.00941256625564263,-0.0975473904000007,-0.00858009396746631,0.00745738522032924,-0.0100250583302104,-0.0324609922414345,NA,0.0701647927660623
-0.0256941191691264,-0.0703313973876357,-0.0419594890000687,0.0120970782400728,0.00189000984150467,0.0230944036127975,NA,0.123906563100254
0.0161830122913845,-0.116161238912063,-0.0352338499090948,-0.0138759358193068,-0.0233243097369393,-0.00507655142515351,NA,0.0612387420581565
-0.0552403588005446,-0.0724992371496034,-0.0262469293157169,-0.00901261316975427,-0.023068186821748,-0.00612391961819764,NA,0.0116611015918789
0.0039216801029183,-0.0560607823425511,0.020702265551097,-0.0482053873920694,0.00238320330673454,0.0144827077680651,NA,0.0546787939714669
0.00413468924518012,-0.0835778586472579,-0.0324194393299715,0.00579029133343745,-0.0102740953710096,0.00300246772250359,NA,-0.056478699324721
-0.0355386082744176,-0.0380748324265275,0.00349559425381646,-0.0731560610009095,-0.0104915068190896,0.0162105909153399,NA,0.0436737294985059
-0.0783235068411998,-0.04880536270987,0.0314939654852478,-0.0408849825487595,-0.0185403291075622,-0.0128838627674896,NA,0.0742527131581326
0.0185747198279657,-0.0412041578449245,-0.00448766067444623,-0.0794744286429376,-0.00866337886420109,0.0451111107781091,NA,0.0580543796055389
-0.0035192819110556,-0.0562407739965609,-0.0108367037723848,-0.0616268104478696,0.0124538756119527,0.0643705495667977,NA,0.1235667809347
-0.0341675235327988,-0.0569946828240532,-0.035303472961623,-0.059793835977763,-0.00596797203065013,0.0155989813475295,NA,-0.0110098212012458
-0.0293897782769856,-0.0805318745129734,-0.0227653286704943,-0.107221603131687,-0.0242138087226123,-0.0172424358303269,NA,-0.0402421358798595
-0.0808229313664316,-0.0077330836172681,-0.0351557262498643,0.00622925047611783,-0.00278165475946418,-0.00413339164074047,NA,0.0926059322796808
-0.0163434622878011,-0.080790985132153,-0.0125860224736927,-0.0943776965972184,-0.00574410606070376,0.023027389531468,NA,0.113634257832169
-0.0493324609935581,-0.105115806795219,-0.0138079576033756,-0.0322369527134279,-0.0123705141238574,-0.00974917717089616,NA,0.0352755426442631
-0.027637496535283,-0.132121432835549,-0.0159682254185849,-0.00224676758287712,-0.00652110624086074,-0.00899057152170976,NA,0.0238685464581601
0.0113286116621749,-0.0860088157871943,0.0162570991791732,-0.0127737009841503,0.00550248506151791,0.0210109158611849,NA,0.0348563946535116
-0.04452997524977,-0.105382901606194,-0.00240653152784361,-0.00203132072015882,-0.00305090121832546,0.0264769937229384,NA,0.0862066107671911
-0.0432853443279434,-0.0492870794698083,-0.01632118560097,-0.0664589328273881,-0.0151882782494181,-0.00310873671456871,NA,0.165940602243722
-0.0732032008655006,-0.0642373571315438,-0.0179825754931474,0.010091538198582,0.00850267523973354,0.0536273544010556,NA,0.0516882279193442
-0.0652852745522597,-0.109986002691532,-0.0167305842941846,-0.068194482560207,0.00168869348307763,0.0192244229703659,NA,0.0654184303817962
-0.015388831162732,-0.0718749173363589,-0.0385003538989461,-0.0255749205808276,-0.0244656321691465,-0.0347821763662106,NA,-0.0240949444177138
-0.0165338962493577,-0.0360230831708588,-0.0173262770278295,-0.0739020198753114,-0.0249484409878607,0.030450768278226,NA,0.126387936532583
-0.0387154304286315,-0.0564766210550147,-0.0196161364357461,-0.0520633708760248,-0.0172218597739698,0.0118129610486074,NA,-0.0208554077126378
-0.0391921957077535,-0.097447215190376,-0.0282759938869652,0.00267861745939985,-0.00225053427152844,-0.014419043156703,NA,0.178602712203388
-0.0708307245813274,-0.0924393098481596,0.0200971565191879,-0.0201768085588524,0.00633734404849774,-0.00839996985339372,NA,-0.0157626347278972
-0.0478933579269188,-0.107909976794187,-0.0277823120452946,0.00593215450923551,-0.0376831005714303,0.0572052023238733,NA,0.106881566406796
-0.0579085770109808,-0.0328792132228452,0.0116579073093014,-0.0638673489707822,-0.0162265771315441,0.083565618108552,NA,0.0369007212845076
0.0120856231472346,-0.0911402475792398,0.0203990438883914,-0.0150927215436392,-0.00088445255026888,0.0276733412277365,NA,0.0811277461090518
0.0172034915427502,-0.0766656364043747,-0.0372878628424091,-0.0509493276453888,0.0125979112501958,-0.0189555529437159,0.000129754788087461,0.0566208918356089
-0.0203465341446371,-0.0990386549824149,-0.0152210348836676,-0.0384669524791484,-0.0109789991063745,0.0641277038469809,NA,0.0486962382897255
-0.0105611042763208,-0.0967630710689038,-0.0438487812602865,-0.0275473251604959,0.00819222576074038,0.0146257210242496,-0.130913475115418,0.0675356151326894
-0.0653874888870787,-0.0936113442437248,-0.0459528345755917,-0.0292285284382548,-0.0244816491781669,0.0360430106983809,NA,0.0512616565403544
0.017459552561896,-0.084186723566591,-0.0296096010860934,-0.0138048357507514,-0.00276660601691306,0.0287591851247015,NA,0.103771345964349
-0.084958525509514,-0.0648975806669081,-0.0281663991071109,-0.0320079455785983,-0.0220563752259913,0.0149122893282022,NA,0.0425071443493336
-0.0345129454595688,-0.0832833809545527,0.000794006258234364,-0.000618655568745297,-0.0167888983121783,0.0679006481250046,NA,0.116637859470667
-0.0357231855136485,-0.0847108425005309,-0.0164255986733366,-0.0189956095989028,-0.020242031654198,0.0252941308572341,NA,0.0925445237240899
-0.0734777951481134,-0.0861001485965175,-0.0628224367647475,-0.0523401102418662,-0.0262762173836982,0.00593575685600928,NA,0.0920098860150961
-0.0154712950485224,-0.090128450778876,-0.000455531666978939,0.00933551502920243,0.00545661269655338,-0.00341114745237542,NA,-0.000747737655934944
-0.00514470829702379,-0.0657697275871543,-0.0122035022390084,-0.0113120406902538,-0.0291926908981355,0.0836926411244274,NA,-0.0506161723194257
0.0211277604817831,-0.116126016678178,-0.0126965614987252,-0.121487053557811,-0.0314254972823287,0.0194764580740407,NA,0.172958149505283
-0.056917399517548,-0.115974445370219,-0.0518551071690733,-0.0399332661608273,-0.00785842518213908,0.0291900348878734,NA,0.0479527036443677
-0.0604611869532414,-0.0724964455895898,-0.0447047356548448,-0.011130629888167,-0.0231708077731308,0.0514925040964762,NA,-0.0339477726253917
-0.0106006203867632,-0.0708736025565552,-0.00900388354703006,-0.0594416477936235,-0.0265445618683798,-0.0480725476023806,NA,0.0563860359716231
-0.0302732941719609,-0.0885058908204726,-0.0457893980003877,-0.0438355368130359,-0.00641830207743284,0.0605722199408571,NA,-0.0343983439795122
-0.0345803663581445,-0.0751440724344884,-0.0723373673470443,-0.0473345260328329,-0.00763160763988344,0.0314642969470318,NA,0.0629072007914016
-0.054758171344417,-0.113823877281051,0.0172156287528554,-0.022582811945038,-0.0200781083113988,0.0216774981497046,NA,0.0129332514389131
-0.0111819248062382,-0.102950245028356,-0.0253804315520721,-0.0651494394963408,-0.00992461564591174,0.0756125676577185,NA,0.0603782447886687
-0.070529408348664,-0.0413163616485023,0.00274995882333028,-0.0665233449105088,0.008895353097301,-0.0078864642040955,NA,0.0169232220803857
-0.0528475315525242,-0.0721057929392801,-0.0635915759319416,-0.0259180168283636,0.0237319412595679,0.00507854973452257,NA,0.0564594296893568
-0.0602686739595768,-0.0937549668825512,-0.0270836543267188,-0.0810804780512116,-0.00957196755078367,0.0242819806908447,NA,-0.116077993507543
-0.0158171171291741,-0.0503399328221216,-0.0300986543107537,-0.072797169144707,-0.0125806614727592,0.0253151179947262,NA,0.0674777627482561
0.0276272837888781,-0.0839071950667324,-0.0318783408899455,-0.0542549769459122,-0.0212888683276147,0.0234275397288176,NA,0.0459238082140452
-0.0202013596093165,-0.0599850683701326,-0.0452065648994412,-0.00536423107090905,-0.00385943651108944,0.00873483991574836,NA,0.117335989287333
-0.0258939989682401,-0.0905818346700743,-0.00426551648547334,-0.093405392558774,-0.0140252675040687,0.100399846783325,NA,0.0633237714333718
-0.082005365709032,-0.0389822754515769,0.0144195439221722,-0.0698788603310915,0.00542219860363017,0.035510338261148,NA,0.108569174471242
-0.0572001687126981,-0.0604143290513807,-0.0097393297932754,-0.0224373357683397,-0.0396132505606137,-0.0276336898805151,NA,0.0183664493999291
-0.0189336082746298,-0.052392744926032,-0.00650798251514843,-0.078455369314283,-0.021236175953571,-0.0546611449444611,NA,-0.0300399206729136
0.00627503630787252,-0.0557006077331426,-0.0323900369231365,-0.0240611737313474,-0.0149395758694036,-0.0636438402673216,NA,0.0665841950706832
-0.0292343252516248,-0.0677383330048715,0.0157396663235857,-0.0864937395263589,-0.049129914008042,0.0224935233598567,NA,0.104791128654729
-0.0606978332474563,-0.0914597999999265,-0.0213562539497625,-0.0426309501157305,-0.0237614386125782,0.0173525266666746,NA,-0.146064183195174
-0.0378748961732494,-0.113778357878825,-0.00778354940430498,-0.0424673122200255,0.00197380915355897,-0.0114552784168905,NA,0.0579459593143079
-0.0563280040372783,-0.0725585630574387,-0.00675837403569465,0.0117021693961267,-0.0187354313714235,0.0630059553498191,NA,0.117114993772477
-0.0229216405197225,-0.0793693840689119,-0.0124653229991599,0.00300237298799194,0.0012588192044076,-0.0190494480306919,NA,0.104349950090567
0.00924701610520595,-0.0876082749582259,-0.0485358931644017,-0.00177961422508369,-0.0223986620410798,0.0719949808028333,NA,0.00394955189857693
-0.0178780183754204,-0.0455999441744069,0.000848715710077802,-0.019318520257893,-0.0141536034688835,0.0124673384254055,NA,-0.00317902046207974
-0.062396130340882,-0.14990435579586,-0.0156463027587416,-0.0831053971787317,-0.0220727192162746,-0.00620308816292395,NA,0.0850865637017478
-0.0197711174494032,-0.135431092954435,-0.0118384432512,-0.0427121435145559,-0.00364140383815911,0.0047573617190898,NA,0.0410293427618581
-0.0370282969442796,-0.0637572556796346,-0.0618007205963753,-0.0302050476425817,-0.0314425758667723,0.0122259266024988,NA,0.0112564746136282
-0.011078813998363,-0.108148374936011,-0.0151483616515517,-0.0804334968541739,-0.013167648154935,-0.0159917303644314,NA,0.0135338956600136
-0.0194434347396824,-0.0618316181791577,0.0245088701287853,0.0181725650723313,-0.00627289702176718,-0.022814775583552,NA,0.10653995858894
-0.0352785008089264,-0.0416258523327365,-0.0298889977061813,-0.00725240828137758,-0.0215319618671711,-0.00860268444025084,NA,0.0997111178707189
-0.0125052389116898,-0.0614122560417264,-0.0350759696513327,-0.0103123572854727,0.0114060493762424,-0.00511172739796531,NA,-0.00772598051785428
0.0511068062405595,-0.0700423244233307,-0.0209035113489667,0.00203534072873662,0.0151454345901069,0.0179376941050283,NA,0.0852034537517318
-0.0078295305181976,-0.0618587168773479,-0.0695743999751072,-0.0168087413103391,-0.00327083290287006,0.0583863571945957,NA,0.0662470403234154
-0.0379792648977656,-0.0689646884485232,-0.00861453786579312,-0.0439467969515643,0.0220483806769744,-0.0043686163786939,NA,-0.0498873233371262
-0.0397504664083577,-0.103914947089211,-0.0210053723951265,-0.0291919135426607,-0.00844103841956834,0.0289499241749837,NA,0.146062300531453
-0.0445657848901603,-0.124013716572516,-0.0423676811373586,-0.0118201003147916,-0.0194690104202112,0.0571554920593348,NA,0.0549157097288245
-0.0261991737850509,-0.0744673541311082,-0.0888630908869514,0.00396882916893279,-0.0464734056033729,0.0322190370688733,NA,0.0592642369396362
0.0502383878422546,-0.0769199068289549,-0.00579630542940088,-0.0516213911074827,-0.0106232074584769,0.0630378295625456,NA,0.0377076638427138
-0.0591332479175066,-0.0404699653484158,-0.0748488901766688,-0.00064838982906687,-0.00672496314408457,0.0167705519764239,NA,0.0528394517476269
-0.0354443697004163,-0.0516994501508324,-0.0514951349099682,-0.0599662638102391,-0.00999489866850634,0.0609775095476176,NA,-0.0317651679226414
-0.00683553934151904,-0.0811340006740044,-0.0358503495730823,-0.0624582641868002,-0.0266655813070041,0.0453708412564808,NA,0.122048353469885
-0.0752569493986325,-0.0752063947642262,-0.0017869017085419,0.000430535896451589,0.0260391395834265,-0.00180657001788767,NA,0.006262037920295
-0.0361929438865361,-0.0705855533659011,-0.0466189340978776,-0.0578521460671631,-0.000797688441759543,0.0147301154183828,NA,0.167325542830926
-0.0544257316548152,-0.0881329322583034,0.0104710031529437,0.00368160510767995,-0.0120116312535516,-0.016924297635842,NA,0.0712329417766496
-0.0089801032215211,-0.07097763647407,-0.0617461822924824,-0.0889792394439865,0.0126772029351092,0.0392344922049774,NA,-0.0469532831452854
-0.0860251061443992,-0.109788088350684,-0.0442692699136063,-0.0396787290369778,0.00931234887967318,0.0086406380980219,NA,0.0787157427138648
-0.0207806480779844,-0.0920732186299527,-0.00761648960180687,0.064716873000728,-0.00995003710403681,-0.000694830146212522,NA,0.118774769942425
0.0482437247403736,-0.0955678993665619,-0.0110971717149336,-0.117362077966721,0.0185178191923835,-0.0437437955335191,NA,-0.0392535821744019
-0.0217166979148501,-0.137145816974607,-0.00970688446244115,0.0282362386227671,-0.046101380705715,0.0332054672181376,NA,-0.0287684475734224
0.0134225497441594,-0.0592145228219457,0.00620879123925958,-0.00800627005049204,-0.015397545460587,0.0585366392963069,NA,0.144650615919511
-0.0840197438931482,-0.052396872496978,-0.0339689042654338,-0.0453952915569657,-0.00744623569915806,0.00339388838557583,NA,-0.0426832071936365
0.00578547827070927,-0.0613533558125445,-0.0214880210295084,-0.0257682023765196,-0.0407767959905485,0.00379252413901909,NA,-0.00416973266994358
-0.0183696985246408,-0.0467073988169232,-0.0227736429806947,-0.0652910687373738,-0.00899554282637411,0.0367784014541609,NA,0.00138180811921229
-0.0459073106684058,-0.0934686210903526,0.0304929071002182,-0.062094881479241,-0.0256170825941154,0.0113354433528882,NA,-0.000655836329552739
-0.0692278948098215,-0.0349885081155696,-0.0208917751353115,-0.108128235357482,0.00108438857881419,-0.0291532240303864,NA,0.0921969859657118
0.0117854959513166,-0.0864590463464444,-0.0068869356376338,-0.0290894979478612,0.00304714711657258,-0.038275621860672,NA,0.0666279698797658
0.00159048356656351,-0.0500185191512318,0.00732708778710225,0.0291297432263032,-0.0048731282041004,-0.0212294261448774,NA,0.0910602055652534
-0.052494716153572,-0.0713969989936552,0.0254653162895039,0.024114672222716,-0.00618848159894899,0.0062933552821999,NA,0.0700114398291665
-0.0175452992799301,-0.0737455736888346,0.00721429696431247,-0.000072412491360585,-0.0114070830769041,0.0224605335190218,NA,0.0585099824016347
-0.0360547637302478,-0.083857041738751,-0.0512688209567899,-0.00499416701272246,-0.00318966908230866,-0.0233100647556228,NA,0.052341342092567
-0.0466545770355741,-0.0574539821094683,-0.0136746458497318,-0.0502833542672428,0.00158663648253968,0.0790426275757983,NA,0.026018339177741
-0.0237827187438567,-0.104858479903394,-0.0112226655423335,-0.0678176337093045,0.00274661509525745,0.00405111013694498,NA,-0.0189550011165291
-0.0412686950198388,-0.11058287585405,-0.0660899304523755,0.00889222698791614,-0.0274997623109399,0.0762907150810027,NA,-0.0102269821355931
0.0277650089480054,-0.0988650295154075,-0.00110133398277543,-0.0296157631403154,0.00581486046284627,0.0127756270075998,NA,0.00778032971295645
-0.0477078400899109,-0.0329232300006309,0.0375625780805405,-0.0437507929520718,-0.00741445537023935,-0.0211751565645046,NA,-0.122641610864673
-0.0388745736042296,-0.0996215039409609,-0.0221851104249118,-0.052616109848813,-0.00958969972680152,0.0632760693405143,NA,-0.0229379342725203
-0.00618989278317925,-0.126842825562541,-0.0721076998315188,-0.033330410116404,0.000442131984397402,0.0604330264502378,NA,0.00418303079329913
-0.0163049992348322,-0.11994761998046,-0.00625206826795688,-0.0115809807375925,0.00590452344748612,0.0171498541585082,NA,0.0096857918041241
0.0105881637126229,-0.0849268485519287,-0.0298312218696647,0.0540630569875061,-0.0028167698098442,0.0378309830822071,NA,-0.00628190322665217
0.0228024655814514,-0.0736845326533894,-0.0245360259180213,-0.0510047982946117,0.0122288810776763,0.0197247331828586,NA,0.026106983464709
-0.0657203155987367,-0.0403309469563906,-0.0709820420655291,-0.0397839546098962,-0.057510416082795,0.0176352631000395,NA,-0.0802469079896254
-0.0105296755381984,-0.0577360762491365,-0.0119589693904187,-0.0182948882929593,-0.0116303784627165,0.0319054266460148,NA,0.00308968869388221
0.00649608158345859,-0.00931272961508534,-0.0346509724048939,-0.0531901509391689,-0.0069726039610428,-0.00592481016480176,NA,0.0322795416091872
-0.0440391609873823,-0.063445735597158,-0.0127661211490306,-0.0837801717934179,-0.00456923976115167,0.0242553600837067,NA,-0.00212207617358079
-0.0461461503739458,-0.0595458431770324,-0.00405401037991347,0.0450853683677697,-0.0147995176746151,-0.0283619907586845,NA,-0.0221153249318174
-0.00225525879532817,-0.0593343688898566,-0.0203342020695011,0.00173270920958807,-0.0182708288891623,-0.00537398144005707,NA,0.0432123501077798
-0.074274508330125,-0.12123267062322,-0.0339325337342653,0.0147213858819996,-0.00831570507321445,0.0159608811888881,NA,0.0627608647405568
0.0198511361647294,-0.100778677764407,-0.0277208147953649,-0.0534352371611294,-0.00757064225863189,-0.00741480057237981,NA,0.0461349544821723
-0.0169436358931702,-0.0796297987751757,-0.0297124782564964,-0.0235558691521991,-0.0220941133577311,-0.0101334088763217,NA,0.0756733630939649
-0.0396943527079887,-0.0395161694685546,-0.0136625924170122,0.0224409467827565,-0.00648678518574646,-0.0186700805736265,NA,-0.0837486122557495
-0.00987138966207671,-0.115719954773708,-0.0217688595556948,0.0199756018516284,-0.036746115503047,0.0140926629276823,NA,0.0702704762471177
0.00964230855697576,-0.0922294935482855,0.0186007080369847,0.0457952226357123,0.00319540011660183,0.0459673673991921,NA,0.0417795020579695
-0.0970493579470932,-0.0426314015551714,0.0262118657985717,-0.00654374017281589,-0.012359741813966,0.0472397338142665,NA,0.037027085807008
-0.0270233170665263,-0.0772190450307997,-0.0440796273325774,-0.0486231802578493,0.0149359310147486,0.0559250245477096,NA,0.0459264165979632
-0.0038736500686109,-0.0538086878831462,0.0029162499077257,-0.109739630294712,-0.0284948921417378,-0.00378118735284727,NA,0.0647107163528827
-0.0380476360790639,-0.0678156529794351,-0.0169599864251048,-0.0159909083590909,-0.00859693830338957,0.0251219898679982,NA,-0.0696856252170235
-0.0384555495113416,-0.0349099189482343,-0.0106154463714774,-0.0724284745680108,-0.0259727913065512,0.0354726010427439,NA,0.19147422600703
-0.0349202808051524,-0.0480737186130501,-0.0410742288287446,-0.0463879998190783,-0.00610363258023312,0.0657454108326969,NA,-0.0570179759243231
-0.0340552647514929,-0.11697965855826,-0.0497180752463881,-0.0100048439374911,-0.0318830666344996,-0.0449055736629172,NA,0.0657110384323674
-0.046434688405045,-0.104153459581444,0.0363743918647235,-0.0970482985327703,-0.02125105940977,0.0514354967156448,NA,0.0327901163275089
-0.032986350693341,-0.0902381174611793,-0.0219417656965372,-0.0824568562507523,-0.0307577983909703,-0.0164801191496313,NA,0.0127296515545374
-0.0357663222589977,-0.104860469605409,-0.0198830256650401,-0.0294954009215535,-0.0365959633269875,0.026095702196774,NA,0.0567825970278275
-0.0535418599898562,-0.0523484545320617,0.0470213140409271,-0.100941092298961,-0.0134579996680274,0.031786830956992,NA,-0.0202972080527879
-0.027305080569733,-0.089704702994396,-0.0536368555907254,-0.0530410969158663,-0.0196331582684029,0.0916565603742366,NA,0.0609524533843979
-0.017290353520373,-0.0971810487083095,-0.02852100695439,0.00808994950738184,-0.00426133535086776,0.0240136490739251,NA,0.0434423445223189
0.0110806123083127,-0.0843824390024605,-0.0244658922741888,-0.0624002793203826,-0.00249280023992782,0.0616283425690623,NA,0.0656961838158747
-0.0446487365010767,-0.088235878388229,-0.0183304678859898,0.0603187532127653,0.0169808699548957,0.0330881955735643,NA,0.027818157602652
-0.0566277326946515,-0.136842432704253,-0.0280621603030481,-0.0342463939348635,-0.0271915386367266,-0.0261977331321482,NA,0.0358164377895101
-0.0342243285076778,-0.0924984095512181,-0.0211404047704769,-0.0249676645736971,-0.00508887125715667,-0.00563155289482414,NA,0.0655028506312499
-0.0343826998186168,-0.0691383890635891,-0.044123168843605,0.0149419226141246,-0.017260262442817,0.0265386773374288,NA,0.243900409614485
0.0193821229465262,-0.0997033544407835,-0.0401596906460542,-0.0884794259934769,0.000842396570962384,0.104872061494671,NA,0.138736566381742
0.0423946047397684,-0.0554091446975088,-0.0385038224079125,-0.0357550941571017,-0.00924028405580422,0.01724752007198,NA,-0.00667142335374205
-0.03001074968859,-0.0900004988331988,-0.0349611703104782,-0.00813696505516004,-0.00358177317437165,0.0176269156103448,NA,0.0637368752408354
-0.0794254799931565,-0.0697532736814718,-0.0402708371321885,-0.0920255882463806,-0.0265136838832963,0.0578841586892978,NA,0.0736558344217874
-0.0649819893896284,-0.07285060588557,-0.0115077624986608,-0.0682464879228314,0.00238036727725287,0.0526941761664691,NA,0.0358758370366402
-0.059948575074423,-0.0887115059372327,-0.0607410851407729,0.0607106252302131,-0.00368186803733844,0.0177296134888688,NA,0.138564926524218
0.0177582157339695,-0.1159303341706,0.00171357351613831,-0.0151168770951678,0.0234564766044283,0.0673469267838515,NA,0.0238291779074962
0.0153963457166377,-0.0852054776015905,0.000944976207610151,-0.0286456427252863,-0.00121945059096665,-0.00517331649532896,NA,-0.00742037870185364
-0.0229063536916799,-0.0687155158855592,-0.0579710273037349,-0.0305826063466384,0.0107667376173165,0.0694426658661582,NA,0.00904332622266207
0.0106335859136667,-0.109411267613628,-0.0718964593007001,-0.0627849414144788,-0.0186755094287108,0.0122137905932799,NA,0.0580701700451388
-0.0873505294097946,-0.0591455335672064,0.0124014845477046,-0.0456470059030032,0.0109068446175639,0.0627349241063225,NA,0.150947032465246
0.0120349406186785,-0.0748257672742859,-0.0360496147752713,-0.0476047228208332,0.00825370941125793,-0.0115369470160906,NA,0.0971783550545998
-0.0493225163802745,-0.111173294577971,-0.0786520630145614,-0.0333348514687327,-0.00226459401264999,0.0154246528383882,NA,0.127888384743236
-0.040237883094322,-0.0738612882147928,-0.0222701940795424,-0.0613308269868928,-0.0365632718570161,0.106211859126028,NA,0.0334960820939556
-0.0457162039894575,-0.0715020662416847,-0.0218795036257487,-0.0131476368595483,-0.00535426558706814,0.0513915020077682,NA,0.084511234376765
0.0179273501104261,-0.0532286456798795,0.00249610145687783,0.00869443125939123,-0.0324832092497158,0.0000478084167953863,NA,0.0395827782595654
-0.014374872825415,-0.0458031097461075,-0.00231389516438131,-0.0408441681706873,-0.0235573175082448,0.0271560248667336,NA,0.0409907076195331
0.000919440859564136,-0.00344906737776474,-0.000813878213747787,-0.038283907311732,-0.0275993018043551,0.0697754091711894,NA,-0.0130103085593083
-0.0467253627081955,-0.0531667800289133,-0.0331557050646044,-0.0337212540875942,-0.0140367187496893,0.0609873141299464,NA,0.066857531778243
-0.0634740301350584,-0.0669817877261933,-0.0220438992640973,-0.0512882045625138,-0.0223246454185661,0.0674032779884601,NA,-0.0548607237955812
0.00117350562745722,-0.0462135597222329,0.0110026289026615,-0.0989248243870537,-0.0420571509848744,-0.00939449303358386,NA,0.0460322780564126
-0.0363448457840578,-0.0713283787399192,-0.00770904303800439,-0.0315625858664387,-0.00316659791503941,-0.0148388976306859,NA,-0.0077622307499498
-0.0282422081395515,-0.0613629556158797,-0.0348384998895253,-0.0383937216420879,-0.0124235316267846,0.00582585256233861,NA,0.006278664351936
-0.039747227699086,-0.0413505034264985,-0.0626205538318381,0.0102824036753825,-0.00923059737689239,-0.0274340626806646,NA,0.0910156509154587
-0.030554094500229,-0.112113965414899,0.00380941699454293,-0.00880392492586601,-0.000825585275256425,0.0207197337624353,NA,0.0375668207156351
-0.0492654616564762,-0.0752561522084487,-0.0345900771944644,0.0344572026787277,-0.037399106599011,0.0556607867645873,NA,0.123456892614823
-0.00820634910162771,-0.0615565950871257,-0.0155375564678752,-0.0305627154881856,0.00265964280138716,-0.00707974844394171,NA,0.0506490453733731
-0.00587553475607883,-0.0613626016243566,-0.0183403376759986,-0.0474589105555732,-0.0344204230924671,0.0223330324313266,NA,-0.00994438133068704
-0.063166305997157,-0.0865943925671676,-0.00567432476401401,-0.026012764175299,-0.0224240738320597,0.0779480799767504,NA,-0.021105265143507
0.0267490584263151,-0.104092849068572,-0.0195636949826719,-0.00257632652979342,-0.0267387873104671,-0.00245343331760037,NA,0.00107800542041209
0.026481654829065,-0.0313316079334536,-0.0292296541303305,-0.00931593882882814,-0.0192947425414031,0.024036950946034,NA,-0.0364056298088279
0.0060689672069818,-0.0892556037804124,0.0318219218046711,0.0106168860224151,-0.0165280883933272,0.0393623749241877,NA,0.000802801974658263
0.00281849481461605,-0.132388696958921,-0.0285516266308071,-0.0548151667840151,-0.0161760499358188,0.000992642498065993,NA,-0.0277333091152473
-0.0635406324584129,-0.0671112873016855,-0.018903609540929,0.0185323323155503,-0.00439282614133795,0.0321878359356057,NA,0.0996036767804194
-0.0386201093617941,-0.0887972335308504,-0.019241496619792,-0.0549751536608391,-0.0346645436742115,0.00976858519301747,NA,-0.134706376269037
0.0295605860486085,-0.0414268998659758,-0.0778280904913323,0.0287154026360664,0.00102413724732064,-0.00111573503260218,NA,0.0525926068521503
-0.00909356417801199,-0.129418562085071,-0.00432962279744618,-0.0588247033315628,-0.00666272805706339,0.0426405614998037,NA,0.0538828265761052
-0.0261728892645114,-0.137678275020455,0.0155640361731886,-0.11297648000954,-0.0126607689005304,0.096366239717131,NA,-0.108166519760858
-0.0584767081351737,-0.100886350015269,-0.00495508127642695,0.0237634939003868,0.00430878645634476,0.0779445801246601,NA,0.0528215126969488
-0.0564038731309553,-0.0525855588843867,-0.0491135545430233,-0.00945997710605262,-0.0150089607159256,0.0309537722862457,NA,-0.019279642331932
-0.0159490409990316,-0.0475878873109734,0.0293868537577712,-0.055419129090715,-0.0207572190956511,0.0274152405643862,NA,0.0958339145117019
-0.015193341090125,-0.0770343579702615,-0.0247490157411119,-0.0836736361106595,-0.0286554476414942,0.0143491748781393,NA,0.066591862918055
0.00361416921654206,-0.050489190916175,0.0343566989303542,-0.0433036969260711,-0.00092361749330349,-0.0113928659732385,NA,0.0819717066945902
-0.0606247456724379,-0.0191626997677005,-0.0909908549468805,-0.00851912662206211,-0.0282273926474829,0.0421879648330682,NA,-0.00120980917557528
-0.0237410652323556,-0.0348166376378072,-0.0469288016786403,-0.0465680670981874,0.0181081259956443,0.0416147978022584,NA,0.0594255757109323
0.0195559276572661,-0.0665774011553896,-0.0499621675918634,0.0145861756181187,-0.0138493586420744,0.0237227871194724,NA,0.0189445217435266
0.0100538309151536,-0.0575394117202103,-0.0045955552325028,-0.0230674396183111,0.0106194401538168,-0.00592915248875284,NA,-0.084286837536717
-0.0584936705769516,-0.0166793032699092,-0.0182363164044924,0.019796938804724,-0.0252405678772619,0.0569995713279717,NA,0.0187006716002553
0.00123038200974759,-0.0407498006549353,-0.00922339804842832,-0.0778158782335835,0.0117866845908241,0.020010999872238,NA,-0.0299804436585113
-0.0551202375844122,-0.0352799281354348,-0.00356436879533602,0.0113423007885477,-0.039909789694898,0.0393288645021198,NA,0.126364422791852
-0.107300194298114,-0.0861328455868634,-0.0309936632902789,-0.0948381814817072,-0.00270091094047446,0.0257615245704585,NA,-0.075340989487623
-0.0385713456671688,-0.0700846953605761,-0.0104923926032553,-0.0519919125083351,-0.0122640892542001,0.0657798311538784,NA,0.0395836180679149
-0.0656588553410856,-0.0922124005298366,-0.0690003797927546,-0.0951676007744798,-0.0180868349314598,0.0367390163297091,NA,0.00952701398773698
-0.00586137536768,-0.0387913487700212,-0.00407421988698715,-0.0515300192743169,-0.0248589739334437,-0.0136421156812575,NA,0.109831699414117
-0.115205540591965,-0.0714914228847114,-0.0232105147909751,-0.0239977928474951,-0.0108523172826826,-0.0840135561375274,NA,0.0236767661885632
-0.0237804894996548,-0.0998925428063085,-0.0264556736068069,-0.0370303908015457,-0.0116877779116394,0.000305834740362637,NA,0.0141020532261267
-0.0159179663277194,-0.0668066479565176,-0.00576088235150334,-0.069291303213357,-0.0119150960277494,0.0491464740176666,NA,-0.0750602859522055
-0.044351118147687,-0.0599953685834196,-0.025347169457604,-0.0597432098874998,-0.0324323141772823,0.0210135372319407,NA,0.0833836604801911
-0.0412541258346806,-0.106568122723379,-0.0680287002308017,-0.0108169321238186,-0.0155970572229884,-0.0101488154061281,NA,0.0211946711444567
0.000477285633971813,-0.0438413899561553,-0.047955776458942,0.0175979347554989,-0.0104208934021153,0.0583638402956995,NA,0.0432190225517007
-0.0522527246286424,-0.124574837392505,-0.0079650745507497,-0.0375996594466656,0.00172683700391068,-0.0120483759220581,NA,-0.0999528573088219
-0.00656937262892335,-0.0788755566493366,0.000810856875618424,0.0156875065520963,-0.0209453347985983,-0.0358544843489957,NA,-0.0054860142580837
-0.0506944435988464,-0.106207254544973,-0.00367516468068577,-0.0737151260849194,-0.0394096307540128,0.0800659313442337,NA,-0.0619566684953574
-0.0178171243480553,-0.0962464529322904,-0.065256725059646,-0.0355910996887996,-0.019214550392189,0.0555391618934657,NA,0.0199221284419557
-0.0352514893326364,-0.115558402411312,-0.0180047244911181,-0.0839631642117032,-0.00268089581624117,0.01034826986065,NA,0.099570954389826
-0.0405011679729193,-0.07328011135402,-0.0881128512178108,-0.00497826044123162,-0.025576845017097,0.0508942253224762,NA,0.0315603447063963
-0.0498963287017492,-0.0696776290689572,-0.0170381002899388,0.0187229153905557,-0.018325289677807,0.0427061784464429,NA,-0.0181099782493403
-0.0494969341231324,-0.103084774763068,-0.0450673097249779,-0.0297517781829921,-0.0382858048211831,0.0089630097984881,NA,0.0113718334853805
-0.0281535285880796,-0.0539630650319613,-0.0386338034879678,-0.0553051498906302,-0.0157258486635727,0.0200645587148288,NA,0.123727979325669
-0.107741617420742,-0.0943710590503913,-0.0519676143427779,0.0134059492009037,-0.00480365478542825,0.035361321705489,NA,0.164600646292218
0.00197287943894667,-0.148278217448842,0.00443906484191633,-0.0205384524888897,0.0127112450305415,-0.0222991833161356,NA,0.0804028229243572
-0.0217610045153702,-0.0950786457587333,-0.0238157735610593,-0.00440145045315593,-0.0365665789808803,0.0243276955874854,NA,0.00272733440453721
-0.0215547415868784,-0.12279612744945,-0.00504384711106295,-0.0385005640539954,0.000580757264161326,0.114388646903247,NA,0.0617275163163494
-0.0454496692151955,-0.0404734950679476,-0.0560050736097647,0.0389030624564916,-0.0120591228449547,-0.0214907005730736,NA,0.0619287724240826
-0.0566715045552075,-0.0757856046786786,-0.0570316278822814,-0.0301716543394811,-0.0280310776823478,0.0855133285078119,NA,0.0862501794008514
-0.0350683550555155,-0.0532879284066807,-0.0159571996421815,-0.0592682360974305,-0.0126756014267635,0.00463846477159463,NA,0.096296568079672
-0.0184191503093113,-0.0603865279531842,-0.0437780326521304,-0.0151966436541473,-0.0114345280752516,0.0407322123871922,NA,-0.0305130848874632
-0.0575549215285122,-0.104443691108237,-0.0240669865169125,-0.0116194969729468,-0.00827947044497369,0.0603495576100048,NA,0.00761004120382042
-0.0500748902520013,-0.0973886318993561,-0.0549972463761218,-0.065474184722143,-0.00809962973328645,-0.00173907268803969,NA,0.0973304960393812
-0.0387570064943073,-0.0876738820682645,-0.0162383698351641,-0.0612625229520816,-0.0115643390117959,0.0641253854364643,NA,0.141784318646158
-0.0332108872558919,-0.0656007289426613,0.0239063802357712,0.0166622143365777,-0.00558383383771977,0.0234181234700369,NA,0.0347378461669393
0.0208744860302803,-0.0397390289982338,0.000850744792607855,-0.0182212554203626,-0.0243949965334831,0.0344984479424838,NA,0.0744504495265945
-0.0550101034745383,-0.103341792048393,-0.0151233479124087,-0.056669543001198,-0.0412521259895763,0.0134040880367474,NA,-0.0983759036931143
-0.0357793220644438,-0.049607410267867,0.014196296400669,0.0228118309687295,-0.0465161430839895,0.0323315667897504,NA,0.0223128800077819
-0.0326229140325312,-0.109973411340392,-0.0151979777806552,-0.00211801621309035,0.0052560143256558,0.0282580873557553,NA,-0.0147070110044916
-0.0324742603955211,-0.0864581988951766,-0.0127373738244353,-0.0166513680228818,-0.0172101356244625,0.0046720520309578,NA,0.0442967703854021
-0.00401822966843682,-0.0741833726358456,-0.0362873156518194,-0.073539713397764,-0.0307214517439838,0.0825135422464984,NA,0.0217266864971945
-0.0231708188176893,-0.115868601378918,0.00480847819168589,0.0453244161207551,-0.00195848926419697,-0.0232215630691326,NA,0.000428528837039366
-0.0404324581930144,-0.0721218233839132,0.00672401758447,-0.116102055082304,-0.0163108342412813,0.0177986788105707,NA,-0.00147293413358746
0.0411396019083818,-0.0722085297429469,0.00197228881589279,-0.013922151613569,-0.00665696190434245,0.000164203064748542,NA,0.0533169661723329
-0.0491410656802285,-0.113954008005912,-0.0294909467244514,-0.0243567397037646,-0.0236550688595885,0.0473115487253086,NA,0.0379209385230567
-0.00458790444859997,-0.111905882342183,0.015639317476945,-0.0468557896906332,-0.0202934571601444,0.0078696794195034,NA,0.0920473801680122
-0.00898267940872563,-0.123565017998852,0.0034112037132001,-0.0155893905666053,-0.00114150844908869,0.0349245654288116,NA,0.15877599920451
-0.0408793784931973,-0.0974572027312245,-0.021738323512446,-0.0805566479618782,-0.00636450095607327,0.0639603677124286,NA,0.0508191322511343
-0.0452106497518449,-0.118879381694923,-0.0353444146960241,0.00965894797361219,-0.0127500239237879,0.0182563668487629,NA,0.0816665042933244
-0.067264795568441,-0.0597056511078933,0.0114893472144778,-0.0166071441766623,-0.0137197695517359,-0.0283940436956609,NA,-0.0819879259597188
-0.0113150097605818,-0.076453788911248,0.0175275077078324,-0.0418969285077603,0.0032985852706267,0.0444469972804129,NA,-0.00351211224369785
-0.0461690032173275,-0.0895401676362355,-0.00622612618179427,-0.0958683046815743,-0.0336980198666267,-0.0181797268689536,NA,0.185528632370459
-0.0830518742010086,-0.0651652616650407,-0.050753242345287,-0.0357618814007191,-0.00278329173800057,0.0353071232964645,NA,0.0384956827970735
0.000886709912736677,-0.071092899854068,0.0174593928900874,0.0254807913591164,0.00405515572326092,-0.0228382398662937,NA,0.00322161348127958
-0.000299292130788595,-0.033073024323776,-0.0485137015775136,-0.0192455478967012,-0.0118816480478907,-0.0488793272800613,NA,0.00897119325702761
-0.0626413656946766,-0.0752404946500954,-0.0153118564230697,-0.0140570904507291,-0.0342748797188641,0.058397485114153,NA,0.0992997355216511
-0.0478332720675121,-0.0939577976450265,-0.00222418382551667,-0.0224090435646258,0.0012870512789132,0.0344707623311997,NA,0.029450230402227
-0.0910907562792319,-0.0639425083474284,0.00341084729129881,-0.0659130449337451,0.0183663092486904,0.0316141066892952,NA,-0.0332193365708046
-0.066893779395185,-0.083917001521342,0.0088225558919985,-0.0407659694102039,-0.00896074529034305,0.0430080030365226,NA,-0.0018908167099882
0.0159727001588987,-0.127616079193504,-0.0309539617035046,0.0317630265862882,-0.00622335716506415,0.0391073833401882,NA,0.0305411329187373
-0.0601950854483704,-0.0580784942950093,-0.0209888701812675,-0.0213100444016834,-0.0149970545826649,0.0213540992859153,NA,-0.0356062229167355
-0.0559668078171204,-0.103663600550931,-0.0383155514882991,-0.0081203261506404,-0.00853504654127821,-0.00860359605600319,NA,0.000394211245367593
-0.0318050803660974,-0.0941117014309552,-0.0435555035898308,-0.0189252039254062,0.00393852913459851,0.0626028725885399,NA,-0.0262759312361595
-0.065203574581218,-0.061942740869828,-0.0508078845785855,-0.0315008258673444,-0.0254677753364567,0.0101683162201599,NA,0.0783568802476134
-0.0578490745903331,-0.052998759688125,-0.0663641022661414,-0.0652187600644532,-0.00258862313116957,0.0161744383016916,NA,0.0403190333758204
-0.0650753665862707,-0.0671179197315844,-0.0210211570984048,0.0498918343261384,-0.0170221332164917,0.0399677866637722,NA,0.0656660701377386
-0.0278563905605659,-0.0790808296950419,-0.0197276583181521,-0.0560482029120878,0.00238093572972589,0.0507260874223433,NA,0.117790661265942
-0.00170981031398432,-0.0249204599141264,-0.0471257326132573,-0.0301281681832141,-0.0168984428562014,0.0189411778341931,NA,0.0373051653667615
-0.0262274800672935,-0.0835347005968091,-0.0876352758662391,-0.0278093484844873,-0.00900659381276563,0.0517044431352845,NA,-0.0283281667420042
-0.0539251341661557,-0.0945803872065946,0.00644657306743961,-0.0536104197085643,-0.0245590691798462,0.0637009998368002,NA,0.0135545208032208
-0.0407207974461253,-0.126857067187562,0.0488985046001048,-0.0433631965396029,0.0105152218189435,0.0416700424283005,NA,0.0773239036504152
-0.0372076694528673,-0.0423048200291454,-0.00562002417530968,0.0609215954805728,-0.00712708718631423,0.0160279234401216,NA,0.0221703747898612
-0.0408337557343283,-0.108994653656798,-0.00513440111720304,-0.0257957467351375,-0.0280796729223966,0.0203118548452417,NA,0.0812297404393597
0.0349986786986111,-0.113321489102172,-0.0789928931959321,-0.0573722415132923,-0.008528528006526,0.0377565039648225,NA,0.0307777914301937
-0.00983327341450688,-0.056740484910085,-0.0136299775320633,-0.0342329530515156,-0.0320581592062592,0.0639727095469571,NA,-0.0881776267453227
-0.0136256838664158,-0.0531194579134625,-0.0464353343401106,-0.0180031538622183,-0.0280533994460562,0.00323751050521034,NA,0.0533226029448125
-0.0155063430604531,-0.0411303041058483,0.0172921450827056,-0.0535873566171528,-0.0200611637683471,0.017228170154604,NA,-0.0442736974545321
-0.0458932357267813,-0.107656119129657,0.00938559481163045,-0.0602231383540133,-0.00994422567669506,0.0997076143952616,NA,0.0415609897513404
0.00457440021655117,-0.0662494794363139,-0.032170006989786,-0.0136444051515895,-0.00261147481316098,-0.0141724542655359,NA,-0.0389025300610319
-0.011018465743092,-0.0834367846517219,-0.00863994962190752,-0.0904339867960405,-0.0169430317763497,0.0759997940500868,NA,-0.0116926644226297
-0.0497623235459021,-0.072448738092784,-0.0641643230461384,-0.0986236643146333,0.00416661419208161,-0.0358774914835737,NA,0.0666505958709581
-0.0388701547144782,-0.11950497254676,-0.0430214262626566,-0.000503384765389359,0.0102474017556748,-0.0491877997394343,NA,-0.0308886850447618
-0.0283176395807224,-0.0673121947445909,0.0210055073606342,-0.0225860302857085,-0.0199800796756454,0.037918124916375,NA,0.0521488770636166
0.020492970308421,-0.098906971053489,-0.00148287458343589,-0.00231634692473631,-0.0248957295058017,0.0234008303785092,NA,0.0949444153463581
-0.0431389205502437,-0.0921117510888694,-0.0736996578649107,0.0393985249202802,-0.0105459124895588,0.0569166774910525,NA,0.116223388721122
-0.0234066126077907,-0.102870494918479,0.0084944591573525,-0.074018234267765,-0.000892718681128505,-0.0227975181754597,NA,0.182159203554309
-0.0505703630083065,-0.0732144677837956,-0.0539513715147235,-0.0161496988916073,-0.028137571241156,0.0304056578766038,NA,0.163617017264665
-0.00172187748890582,-0.122543649186668,0.0370877878930131,-0.0628364596164205,-0.0489062244405825,0.0345916331506489,NA,0.100865647710494
-0.0395759642063177,-0.0840823209601024,0.0132871763042902,-0.0973090311865236,-0.0359691373820569,0.0198530612876077,NA,-0.0682473115225517
-0.025275147624716,-0.091636650123321,-0.0175331927932315,-0.0407824505830164,-0.0189448977193315,-0.0480349664454273,NA,0.20413597166267
-0.0449826940216858,-0.0190012901518163,-0.0225632042595005,-0.0436219044483538,-0.0207601905528521,0.0379504260364321,NA,0.0925476469186074
-0.0403776276618469,-0.0832574796020051,-0.00602532388901182,-0.00314157007660354,-0.00118999217326989,0.00974102527316792,NA,-0.000234113006384984
-0.0703634592359953,-0.0575344991928842,-0.0466801297733172,0.00767009695343887,-0.012346817109231,0.019093671959295,NA,0.106148512287382
-0.0529490154999273,-0.130345778119719,-0.014171325780505,-0.0587435275221333,-0.0206415285360085,0.0244962297092982,NA,-0.0156333262388038
-0.067253162722762,-0.110315541125264,0.0245252866865769,-0.0723532974923722,-0.00471712187281152,0.0518217152420424,NA,0.0763770365155363
-0.000652605726028349,-0.0576225310613916,-0.024145036777692,-0.0221469204094149,0.00272561514990179,0.0311570241629613,NA,0.0192520627013831
-0.0433025686812895,-0.0683494479794985,-0.039064860962965,-0.076665522320652,-0.0206950040982791,-0.0220413977210815,NA,0.112185130285611
-0.0318650482183634,-0.0462342436186279,-0.0184536386079416,-0.0317891966140489,-0.0107136766177431,0.0869931099113305,NA,-0.00781139595270208
-0.0761222905872041,-0.105483302311764,-0.0316980479904512,-0.0758029782645043,-0.00648177248221773,0.0280660893297086,NA,0.130969796268051
-0.0124060528628171,-0.0768236760833476,-0.0444988276241182,-0.0228338767449436,-0.0161534192807498,0.0496094252337433,NA,0.175764032060954
0.0142361058724519,-0.0653346479333417,-0.0535934136022091,-0.0107594043000364,0.00500195546656364,0.0369832120890673,NA,-0.00439749748091328
-0.0659618857670917,-0.0601060058898097,-0.0383713876668471,-0.0990492257795493,0.00808217076917964,0.00349865318773956,NA,-0.118794932459535
0.0333314632537626,-0.12970472510139,-0.0215315128012571,-0.0316781134505107,-0.019506431757664,0.0135222626748759,NA,-0.0162654658650948
-0.0352221477676065,-0.0836076940220256,-0.0222630864822173,0.00516669905736739,-0.0409962112799351,0.0489272274308065,NA,0.038319886846184
-0.0146338749424859,-0.0782028090918573,-0.0133166930829069,-0.0851345469588684,-0.011321819412071,0.0585658368730661,NA,0.0439178006431638
-0.0379703034294659,-0.0710196814391219,0.0324493931542351,0.0583401916855625,0.000941554427499103,0.0187945227034551,NA,0.0921918005550881
-0.0815687087061508,-0.0926132668578515,-0.054529043240029,-0.0295935681656143,-0.0282397849521962,0.0570513001920771,NA,0.0213608193209116
0.054931501818363,-0.0963090429341587,-0.0689018078289323,0.00164732794822373,-0.0170685811451656,-0.0522578197674287,NA,0.0157183728258683
-0.0394018334428396,-0.0282042448549753,-0.0725983547929248,0.0384652916658753,-0.0321812507986917,0.0190929547823259,NA,0.119502501777182
-0.0243896446297244,-0.0845259612130246,-0.00669853357043623,-0.00101034998956939,-0.0381158929128188,0.0206925661111669,NA,0.0978394446154608
0.00342073253359484,-0.137793648066186,-0.0152012399851959,0.00465917540716038,0.00733540313053278,0.046278363159688,NA,0.158148967971399
-0.0470094313924247,-0.104123476484484,-0.025604365516488,-0.0280145535761117,-0.0081803678665451,-0.030219497662893,NA,0.0748292971014236
-0.0399181360004507,-0.0596994595792415,-0.0316571578490243,-0.0389871600861291,-0.0198214311796313,0.0503711744022289,NA,-0.16517930985139
-0.0245930856120069,-0.0432696221758875,-0.0282347878907907,0.051022181565862,0.00260085271644641,0.0267362397658305,NA,0.111452161732767
-0.0102616153399629,-0.0966380111874828,0.0302321050606886,-0.0296911541605626,0.00854302564779021,0.0492741025878933,NA,0.210662474842089
-0.0723116709178285,-0.0835632516924794,-0.00881549382317037,0.0240516172709964,-0.0202629069366313,0.0114032623624111,NA,0.0125142328492198
-0.133068442007165,-0.0453846012413103,-0.0219505148518027,-0.0909775533306263,0.0037901171179897,0.0356596324036204,NA,-0.0622988865868453
-0.041182210683547,-0.0664548862833578,-0.0346221002181456,-0.0467388043493159,-0.0143008573975811,0.033577973424873,NA,0.0504153839320893
-0.044230694786081,-0.0885504850014252,-0.042750069805882,0.0448499432580001,0.00378715166983839,-0.0152160883635083,NA,-0.0292962162581439
-0.0941241689859099,-0.067646153948407,0.0180893558342537,0.0690354841075238,-0.0253345480823518,0.0189172255143608,NA,0.0326958721356661
0.0070290618380503,-0.0452906792739318,-0.00162830595874704,-0.0248218812695568,0.00270524292605527,-0.00442993428216834,NA,0.0815648949928338
-0.0776172112812264,-0.026635363933792,0.0036878629680983,0.0100539594155113,-0.019579272652767,0.0472896742743314,NA,0.0553135977852418
-0.0560071846548042,-0.0593821669535071,-0.0099417628553494,0.0242106988592751,-0.00750982508321655,0.0246290831383518,NA,-0.0301798095801051
-0.0275889780022652,-0.10499303473585,-0.0255767927182043,-0.0119107459751459,-0.00214652106843843,-0.000236683667748622,NA,-0.00747781961730892
0.00122896879400594,-0.0509061607166293,-0.00335913485115148,-0.0944565535772716,-0.000949278038782017,0.0605451541100241,NA,0.022012912130699
-0.0366317092803406,-0.0686308873073437,-0.0124854323121442,-0.0249110489027657,-0.0161136264189302,0.0544630130464156,NA,-0.0416701447582026
-0.00628214662098411,-0.116258993254333,0.00727183764975463,-0.0157558850361455,0.0114182549701306,-0.0494113252390473,NA,-0.00281812927885489
-0.00931564542602434,-0.0803383729698182,-0.0470841633859583,-0.0651764784228292,-0.0255366816864634,-0.0352653286710734,NA,-0.0452280334187186
-0.00631637599380336,-0.132683416415891,-0.0188320919997892,0.0172817515129965,0.000446146861767659,0.0612044729102453,NA,0.161062848612162
0.00335677566183296,-0.0702143621462426,-0.0164957601998665,0.00442810018294515,-0.0342156114928539,0.0201464166705252,NA,-0.0844295050725021
0.0488186740539115,-0.109282830385376,-0.0369845207309061,0.00311571093558674,-0.0164481420116588,-0.0177745464996228,NA,0.126639961957543
-0.0214652197235581,-0.0414180242765945,0.0043035662568639,0.0171091534546957,-0.0536660995105622,0.00215520367328395,NA,-0.0622805288705628
-0.0349920180295296,-0.0732763602937883,0.0205700292325874,-0.0223437005396458,-0.009614370354523,0.0726842011519302,NA,-0.0703444378720593
-0.0219000529188808,-0.0582010414400822,-0.00152788564483169,-0.00605756698941512,-0.0167915198743387,-0.0364141883193322,NA,0.0243126533014153
0.00386586844171397,-0.0626342782752714,-0.0243806469419289,-0.0769707905880525,-0.0207750722220151,0.026928110228009,NA,-0.0160076915598396
-0.040459687872754,-0.0753199649455023,0.00318456195185933,-0.0398738982420971,-0.0281407473424239,0.0344188800809447,NA,0.132468391229418
-0.0656276798269853,-0.0528751830460236,-0.0295558208290347,0.00571347340460249,-0.0185245835912459,0.0121425553257793,NA,-0.0426140615798918
-0.0193263510191581,-0.103747659703623,-0.0262777987272558,-0.0517102903000045,-0.00501907836990112,0.0511182611787775,NA,-0.00301354748516031
0.0149168302680846,-0.117231740112441,-0.026991452060338,-0.0199022719763431,-0.0198368364273574,-0.0011651703093345,NA,-0.0798686387571534
-0.0380869641583171,-0.0908459068162605,-0.0372572936756647,0.0207336005821868,-0.00632445185653673,0.0478735570107208,NA,0.0494885380039584
0.0105410130005044,-0.113415980077146,0.0120425514424625,-0.00877824459124013,-0.0297992041796096,-0.0611472583957172,NA,0.0921648797421272
-0.0508782135128227,-0.052266019338658,-0.0251695896304746,-0.0818957240269647,-0.0224131903481443,0.0318559944412204,NA,0.0103329196871688
-0.00313999607313606,-0.103721477593296,-0.0521487514328413,-0.0176682453359565,-0.0130921718912489,-0.0170346397242918,NA,0.20219615357199
-0.0578123686997704,-0.10103260043943,0.00738798178544571,-0.00585072952454446,-0.00679003362800876,0.0311341344961627,NA,0.175766635718872
-0.0353088656492468,-0.0720891964275054,0.00823192325707223,-0.0245828025869341,-0.0063051423231611,0.0244283193103804,NA,0.0251253939797192
-0.00568597024874426,-0.093707591363381,-0.0228768377381513,-0.0847000894570601,-0.000375636394839722,0.0411052570493974,NA,-0.0345485551587191
0.0146070488031707,-0.024722578065311,-0.00243369145996214,-0.07051008947233,-0.0105626162160371,-0.0179116651095758,NA,-0.0502575621910916
-0.0854618363002072,-0.0821495527679442,-0.0263394587626858,-0.0260529479852867,-0.0333245332500606,0.00552628112151851,NA,-0.00731826164682048
-0.0371708582150959,-0.0542009850946305,-0.05544336166755,-0.0172031180492958,-0.0160543431514104,-0.0361350525143563,NA,-0.012314392717986
-0.0163231330098925,-0.105241348041708,-0.0127768955249011,-0.0411191070301418,0.00501668574468495,-0.0639406594932742,NA,-0.00840694358355465
-0.0231563564395531,-0.111540092238195,-0.0171751387689137,-0.024578546183859,-0.00980082051416555,0.0909035004066852,NA,0.077634519300464
0.0135335579426799,-0.0975670129979893,-0.00940572005536025,0.0266285216048408,-0.0211976801386297,0.0176220458268713,NA,0.0421124173006286
-0.0159943674452781,-0.0519882148681146,-0.0245650779697201,-0.065316141535248,-0.0100011267088098,0.0455342552236402,NA,-0.0010874765339608
-0.0445605661415727,-0.130164067556371,-0.0538239548697768,0.0445151977188891,-0.00428079078978054,0.00724311360645122,NA,0.0669226004361121
-0.0483418933434512,-0.0255437968240589,0.00405250617520436,-0.0416552494278465,-0.0142408290784432,0.0429885980397548,NA,0.1432625171831
-0.0114376095031655,-0.0617169372265631,0.0163592694241448,-0.0280161974678421,-0.0208421971426752,-0.0418781315828486,NA,-0.0664797779288749
-0.0168779511468514,-0.0542153613221815,0.00649021159503776,-0.0000521816118461971,-0.0052199767326591,0.0509509635347602,NA,0.00231307434291211
0.0156277727704595,-0.0895359602275105,-0.0291570554729137,-0.0047351219610566,-0.0124897301973588,0.071246386069203,NA,-0.00465723385674593
-0.0212046024146215,-0.0824930738221439,-0.0220924971013095,-0.0313112229180969,-0.0123505884701442,0.0149524065812043,NA,0.0236711377445631
-0.0311442804596019,-0.114670171789791,0.0108049859646967,-0.111090190812135,-0.00185553830728118,0.0228818821641523,NA,-0.00969571832683064
-0.0465966319755497,-0.0632777541943929,-0.0278657328169289,-0.0326077982577568,-0.0057945264617092,0.00445548389426947,NA,-0.0406409270634376
-0.01709931978052,-0.0543478344674224,-0.00883791808450154,-0.0169057532344751,-0.0318903998762326,0.0455719736492078,NA,0.110861155624809
-0.0238476650295295,-0.0926089276978487,-0.011995424649795,0.00159705369593033,-0.00518656111022121,-0.0239323836933668,NA,0.138010283909805
-0.0323528808110486,-0.106096211902213,0.00515830561515467,0.00154688747074969,0.00236773510068067,0.00643896392670029,NA,0.0348011965631221
-0.0305798145023307,-0.047505812509266,-0.0155601511412398,-0.0162965036950323,-0.0135099395591301,0.0285115873168751,NA,0.0605177677074524
0.00928961169953385,-0.0883720640309683,-0.0134127085551858,0.0288771064838681,-0.02332951855923,0.0375286694298449,NA,-0.0209201967945221
-0.0847597554203538,-0.112019532688871,0.0173879266100071,-0.0843884056476955,-0.0222347424675447,0.0495466010002612,NA,0.0462234245721015
-0.0057502624543089,-0.0717860742100985,-0.0211298475421777,-0.0482611830505613,0.00499221824537224,-0.0395363235346521,NA,-0.0117854018232465
0.000292983200950336,-0.0932090542541295,-0.0266997584486604,-0.0715211779030254,-0.013833639001676,0.0556638371520351,NA,0.0422465762100904
-0.0126405274980789,-0.0604130791046135,-0.0280343076792837,-0.0219236043873488,0.000409879303899748,0.0520763192232033,NA,-0.0170290844997847
-0.0481785731777861,-0.0815642587096594,-0.0124899323124666,-0.0230574595776727,-0.0235232743005034,0.0330882525023243,NA,-0.0192720170029264
-0.0160587251605589,-0.123846288946882,-0.0396101580864711,-0.0236360664677116,0.000590262692867473,0.00513725559937214,NA,-0.0911909066148032
-0.0215580941199622,-0.0543654709613061,-0.0393953608107749,-0.0271961370740345,-0.0327249624968232,0.00939253367531062,NA,0.0800965802207242
-0.0785360461197428,-0.0904856888089178,0.0179209368031777,-0.0181001530245515,0.00861769695262812,0.0669972308361142,NA,0.0446356470690349
-0.0272828103949876,-0.0391806253778975,-0.0214764129073833,-0.0387206787628382,-0.041952832149251,-0.0306069039610016,NA,0.0207648032632282
-0.0155170297455589,-0.0500327522317017,0.0060307026762315,0.027969582239703,-0.0197877298929346,0.0210058014217903,NA,0.111645208142644
-0.00231763088026787,-0.0721603286499823,-0.0252107773371812,-0.0209249025114092,-0.0207443714093464,0.0660826112967065,NA,-0.0426347435037532
-0.0455964879027532,-0.100354212292232,0.0232570922165063,-0.1396231829883,-0.0371872254199791,-0.00793783152884911,NA,0.0621996709289849
0.0220987136897084,-0.0963268944590828,0.000807831954316662,-0.0632438743148513,-0.0323856092947106,0.00446463698402202,NA,-0.0778345280940652
0.000165368709506258,-0.055869450628697,-0.0181562098187514,0.0307460798544625,-0.0127299415010004,0.0293967470201207,NA,0.0256280673087016
-0.0353040377211029,-0.110259279561725,-0.0997828661968253,-0.0334445195261749,-0.000137221662194313,0.045656644972066,NA,0.0259004246119375
0.00898291660898777,-0.0629539457045136,-0.00318362230945139,0.0188443119864146,-0.0379996274980784,-0.0311721443036289,NA,0.0705424905108572
-0.0568923169551266,-0.0813933401689053,0.00456186298305626,-0.0493602019452094,-0.0120392563548933,0.0297140093837254,NA,-0.026312443527208
-0.0499132208302127,-0.0835476669669079,-0.0364905419234994,0.0355853894921802,0.00757851032540731,0.0213342650936753,NA,0.0631824500333399
-0.0790338745783659,-0.122255803556034,-0.0196082079124506,-0.0930543925173567,-0.0026801573903745,-0.00378807736899761,NA,0.0379370560618816
-0.0592602395662232,-0.0887543103394223,0.00308168720347704,-0.0486793226464719,-0.0200159791243566,0.0279480016324571,NA,0.0177962094049355
0.0127214039017474,-0.110910662826929,-0.0374438906113056,0.00163314791361879,-0.0170255544656192,-0.0316735677642143,NA,0.011083345605943
-0.0469075794098723,-0.0957561778310739,0.0244766044024483,-0.104051526351157,0.00331688067107593,0.00186575387901769,NA,0.0908494475920566
-0.0119636975603517,-0.0472854729658861,-0.0239825043863572,-0.00753649324005323,-0.0191116097692935,-0.0215547368775074,NA,-0.0301863899902564
0.000434783799448835,-0.0840441718029443,-0.0780412922777702,-0.0759653214002233,-0.0123099513182513,-0.023621466063802,NA,-0.0213769231812547
0.0127710139217856,-0.0813708089287063,-0.0800265535726163,-0.0467319759344491,-0.0075356029623327,0.0539405381041997,NA,-0.000774863412953186
-0.0435297460447563,-0.0932156204621459,-0.0296630838289415,-0.0297504841091453,-0.0102001450362522,0.044440712609748,NA,0.0402481905718006
-0.0127689114777188,-0.0907209990612746,-0.0127656303052333,-0.0517895834251833,-0.0146489200351967,0.00604573158056065,NA,-0.0603591406962161
-0.048001616352107,-0.020330805465778,-0.0124361446237195,0.00263619869209475,-0.0232344894198748,-0.0158413049432674,NA,-0.115810442647954
0.051237276088438,-0.0674364833815236,-0.051056270732213,-0.013208694639973,-0.0272210875638077,-0.0533206108395002,NA,0.100041000388013
-0.0337869211798883,-0.0753137332910448,-0.0380335741946599,-0.0922409657950066,-0.0131224876036574,0.0508015505930052,NA,0.021873246314496
0.01029253202376,-0.126555709008901,-0.0243276485680007,0.0198628869691073,-0.0242668410404332,0.0194155046974096,NA,-0.0501107037830844
-0.0101383527469702,-0.0331205358392744,0.00586813444233072,-0.0458502640228883,-0.0185445010853278,-0.0499426467116006,NA,0.0839845361493818
-0.0238230758413423,-0.0751594275506564,-0.00109389337562069,-0.0853959490044514,-0.00424447470294405,0.0395704418854006,NA,-0.00305175463886465
-0.0313860354913604,-0.0675602752061365,-0.0564285919498686,-0.0313409377269179,-0.00974645193186129,0.0279340100882966,NA,0.0976788258779551
-0.0514542699465893,-0.0801418894133734,-0.0092104101673491,-0.0044649734891094,-0.00445263119413074,-0.020630442999811,NA,-0.0113728046401836
-0.0676941073629243,-0.0884428931861506,-0.0328633690765647,0.00339359999434347,-0.0287826836837516,0.0152737896887793,NA,0.11695670109378
-0.0387234887337927,-0.0506420784887709,-0.0410898073924419,-0.0357439730381362,-0.00302325652890256,0.0782771345904212,NA,0.0567672976163608
-0.0479269804668838,-0.0644740796282405,-0.0343175776404598,-0.0328547765976551,-0.0254086612074772,0.00785343822999607,NA,0.0113749703002375
-0.034531571680303,-0.0395254954640992,-0.0422094556132609,-0.0124799417973699,-0.0179878449741975,0.0559999967943768,NA,0.013780058499906
-0.0302563954752811,-0.108541706770327,-0.0579207183587786,-0.0175112237026905,-0.0329985533328102,0.0657236341268385,NA,-0.0812021403260641
-0.0536196584876562,-0.0431206276687343,-0.0564637699562874,0.00171837720288592,-0.000953607385731296,0.0248387889144385,NA,0.0330844571867387
-0.0253075803500808,-0.0788635751811637,-0.014908600236388,0.0123123430423034,-0.0163611335615289,-0.057930892709175,NA,-0.0315954640425671
-0.0647211093281147,-0.0690123926318829,-0.0216130338135783,-0.0642147711766993,-0.030386600812017,0.05862806790898,NA,-0.00859673210669368
-0.0531691059493155,-0.0609863006976883,0.00351852800019208,-0.0354311452792919,-0.0116489126978195,-0.0239293143398446,NA,0.119689139335893
-0.0513949041194451,-0.0671347765745611,-0.00873301262178713,-0.0226472179816359,-0.030892715143111,-0.0199519127297634,NA,-0.0713816171823362
-0.019147158157866,-0.131247735594256,-0.0590879005806505,-0.0501280758093041,0.0179930681102019,0.0358099528831699,NA,0.0587592542104434
-0.0869468790782787,-0.0486404332358046,-0.00495937569489024,-0.0317147082740276,0.00179068608018241,-0.00257312627916101,NA,-0.0102517471278893
0.00519469984226259,-0.0786752431774587,-0.00765208837703024,-0.00547151023992704,-0.0155824623281352,-0.0641007853595582,NA,-0.11255334836157
