"L3_Q1","L3_Q2","L3_Q3","L3_Q4","L3_Q5","L3_bottom_decile","L3_risk_lt_5pct","L6_Q1","L6_Q2","L6_Q3","L6_Q4","L6_Q5","L6_bottom_decile","L6_risk_lt_5pct","L12_Q1","L12_Q2","L12_Q3","L12_Q4","L12_Q5","L12_bottom_decile","L12_risk_lt_5pct"
-0.0229936933606842,0.0185956620649306,0.021239773957504,-0.0735170850040148,-0.0594013930620432,0.0213292157399118,0.0312735349494751,0.00995493545070003,-0.0533614369293009,0.0195644500680367,-0.023715446776087,-0.0659710144368247,0.0240727277932775,0.0246471088247485,-0.022876768483356,-0.00802237564511799,-0.0201351020570457,0.00734447318450504,-0.0508962862145466,-0.046811018590289,-0.0295564643826908
-0.00706572393585094,-0.0317811347342089,-0.00934848460494742,-0.0758752477523445,-0.016865302780823,0.00974601998431766,0.0320624715863725,-0.0172138812301266,-0.00863327268056167,-0.0347214272230148,-0.0584054988965407,-0.0517257357512331,0.0112181748820123,0.0182514253873217,-0.0269240997741454,-0.00565969146153086,-0.0687779530284026,0.0262317385585351,-0.0965363615238716,-0.0130953629131777,-0.00638577856591711
-0.00202427271766197,-0.0175036143202581,-0.02861232736109,-0.0331427545781293,-0.0653887312294623,0.0244362764643412,0.00577977847517541,-0.00184737990783746,-0.0500042682745604,-0.0428651270276565,-0.048497513995871,-0.0242833460190398,-0.00604294959408212,0.00193122428754303,-0.0140621077845218,-0.000432657259810926,-0.03811459297759,0.0143935938745311,-0.0870708020799875,-0.00536545741153834,-0.0232589792277705
-0.0012096714967777,-0.0372266774972938,-0.019669813790916,-0.048979366418987,-0.030836878739172,0.0223160550739438,0.0225613151420911,-0.0099053664772774,-0.0625030091509366,-0.0457737910802373,-0.00314376735297528,-0.0596228638357587,-0.00520963644174136,0.00707761575499168,-0.0029829659661343,-0.0743965650027255,0.0512743585056732,-0.0122690829446244,-0.0092700873571811,0.0233596798417492,0.0080736018965431
-0.000740917886132814,-0.0253555087856121,-0.0277751345489876,-0.0380022454793414,-0.0472779233509104,0.0218874417819667,0.0181175790767649,-0.0145856829725753,-0.0628532671247526,-0.0153191967544274,0.00795891326303969,-0.038908204197518,-0.00908536316503678,0.00593539009625609,-0.0104965478557771,-0.000331615280015518,-0.0109364112215788,0.0120316675251477,-0.12804193542057,0.000621615446930734,-0.0205384845154911
0.0190787208187012,0.00281703235717141,-0.0654528138807074,0.0118694344368075,-0.0043919246838075,0.00389807822145843,0.00667459064468022,-0.00426915777057192,-0.0666339020549145,0.0237333419310306,-0.0288892711138005,-0.0532658364769227,-0.0231220729155128,-0.0129367959405991,0.00208251301424937,-0.0172361410820591,-0.0140094476387354,-0.05452107678426,-0.0607854932669676,0.0538109191802143,0.0428384079325481
-0.0089225245449577,-0.0359795877569991,-0.0800053515484102,0.00311029891850748,-0.0447816804472986,0.000387455122173468,-0.00687123623452342,-0.00440110692285485,-0.0922483458601038,0.00360556911363083,-0.0492945736388659,-0.0134039005407651,-0.0446721328810947,-0.0371908392398666,-0.033058928880173,-0.00664156431651579,0.00168880655563931,0.0258583321851611,-0.0213074473235235,0.0501061959767379,0.02299060728899
-0.0180454921233665,-0.0343771395824057,-0.000115982399641695,-0.100177616565332,-0.0659717717906033,0.0257350185088426,0.0122754184975989,-0.00907997658508507,-0.0335619829282125,-0.0470953284576584,-0.0209336111816161,-0.0281793801354103,0.0315607463594473,0.0302398942812184,-0.0148631078136232,-0.0410882471360265,-0.0740083421973337,0.0360849629235631,-0.0254175327207302,-0.00225387594432111,-0.0174648010586761
-0.0257568284837868,0.0125998231929981,-0.015801593535809,-0.0465679409414611,-0.0852140362588392,-0.0272530888045864,-0.0000769885921798538,-0.00265240461070642,-0.0129178235175283,-0.0893497444600544,-0.0272828606669162,-0.0077273144826337,-0.0203771712936486,-0.017780645174178,-0.015490593111764,-0.00577610563977431,-0.0194038930656094,0.0178551900573841,0.0157293782883392,0.0180056879464243,0.0111802066415296
-0.0241970909653864,-0.0663604693698663,-0.0183181607616249,-0.054424973648414,-0.0114663557635066,0.0114010713998239,0.0173975554950891,-0.0186963886098444,-0.0156376947912899,-0.045879863060349,-0.022159968994978,-0.0805669736778022,0.000406662202428368,-0.00287027557597515,-0.0324124872400868,-0.0331836959983421,-0.00376164473760535,-0.0391600053600564,-0.0228621665746084,-0.00272198568901107,0.00149944846970647
-0.0283633486155198,-0.0541196848010546,-0.00268428654413294,-0.0162155700408448,-0.0496454440444843,-0.0171736997604128,-0.0390413405331235,-0.0314393332954381,-0.0361790420627973,-0.00794197389443102,-0.00986263399138851,0.00331986037019699,-0.0131066782829963,-0.00173543603926753,0.00117617628550141,-0.0246408523305011,0.0299108941171207,-0.0480597888102413,-0.0498596902864825,0.0035743423089289,0.00334101193849085
0.00994032027918797,-0.0286166341200928,0.0255820806996785,-0.0798494419838586,-0.0202623381192267,0.0189146515322201,0.0172101501079196,-0.0178569678207533,-0.0369396535853705,0.0209986909628795,-0.0611486357214886,-0.0646637576394745,0.0107382636460189,0.0234076354008096,-0.0240564312102618,-0.00688825259774759,-0.00319890987318419,0.00384612765405068,-0.0442083312698754,-0.00213112047701121,-0.0255777421689783
-0.0155229276296916,-0.0331844916048182,-0.0291570461561576,-0.0810633428357711,-0.064565589964023,0.000861431442839414,0.0171219880796661,-0.0217760521844612,-0.0192510196737483,-0.0419167145236774,-0.0140991351857887,-0.0919238959764879,-0.0154255654885087,-0.00834831884741643,-0.00606319937423929,-0.0568225859487892,-0.0559083036534826,0.0360045906251382,0.0111854730594682,-0.00115207477042847,-0.00120627732511736
-0.0179811512258301,0.0297504485516721,-0.0254145460548403,-0.0211079381307155,-0.0224137161888246,-0.016307062827427,-0.0129735239340946,-0.00530319787358511,0.00719761812305672,0.0282018160642664,-0.0247342953578599,-0.0368404731480553,-0.00539203726058463,-0.0000375859055102706,-0.00957816101073607,-0.0376913388248223,0.0466588299478816,0.0151460393601584,-0.0805494618419643,-0.0209088913501035,-0.0219738213791769
-0.0106304449032901,-0.0210846469106192,0.0217990486583363,0.0309918077617498,0.0146725841115355,0.0225140425243534,0.0143529960157145,-0.0428658547405807,-0.0068182018434383,-0.0355207215998061,-0.0123103021753935,-0.0945587663069167,-0.00416471081345324,-0.0183458954414809,-0.0263277168567765,-0.0184801966185021,-0.0178438010962981,-0.0421901350568133,0.00373479587453279,0.0236374299019066,0.0161372284746711
0.0166164744795336,-0.0188012972646701,-0.0225391310091906,-0.0622357264453794,0.0337773011042217,0.00466106313944744,-0.00602522454802296,-0.0273261479633165,-0.0284114221851484,-0.00220906430596657,-0.0188152224730643,-0.046286371655761,-0.0322787160135942,-0.0322787160135942,0.00680160009193003,-0.0449130935617042,-0.0428275943236169,0.0111619870164054,-0.0486270440986451,-0.0244007668373052,-0.0138596564782743
-0.0176391970026627,0.0146256905582598,-0.0151617803872098,-0.0155569966202783,-0.0317632271283206,0.00962098339595507,-0.00298905557077088,-0.0202980486107249,-0.0129888169338123,-0.0489905907662899,-0.00374836845351204,-0.0756254779858461,-0.0273806885984095,-0.00546924828443981,-0.0152499196976666,-0.0119342580254064,-0.0305408983459387,0.0023578475017412,-0.0100512117428921,-0.0124490428811432,-0.0121597936202683
-0.00702630949719601,-0.0339810120760501,0.00735808059928791,-0.0774286708153216,0.0308921848820213,0.0100690593477611,0.00531563129782988,-0.00256621159749343,-0.0316778626236463,-0.0597943473702588,-0.079542258972635,-0.0273237524353169,-0.00193068428927815,-0.0229266923515132,0.00141407364717495,-0.0125368452839467,-0.0448152894650174,-0.0249111840906558,0.0169097218681332,0.0286054483169749,0.0455084302636468
-0.0104549155707634,-0.0148340403446289,0.025434522652906,-0.0280905783671648,-0.0202102546318052,0.0103624508179604,0.0315787099621768,-0.0205585982917168,-0.020780653789549,-0.0347303819076064,0.0018532259466377,-0.0403085943115264,-0.000688910158992743,-0.00731169412642742,-0.0182896465659118,-0.0125358839242153,0.0553702266560878,0.0363504929925967,-0.0321824983114051,0.0344895029694028,0.031221019363994
-0.0221675217750756,-0.000231279016287805,-0.0141316825374124,-0.0182881217653899,-0.0745472151682648,0.0175573984267782,0.0182239262265479,0.00440564258949849,-0.0488353141733543,-0.00169088113371108,-0.0503298425308344,-0.0666103991182482,0.0374708485732129,0.0209169918817356,-0.0151489407703982,-0.0161801336412307,0.0162407619922572,-0.0524242641064293,-0.000461512134361519,-0.0231619234960252,-0.0355081671339675
0.00306049008537956,-0.0136646041554041,0.0334457724343758,-0.0523514182187117,0.0196188454829826,0.00336693985903505,0.00775804481810251,-0.00739311694500538,-0.0235840073301251,-0.0654935046271936,-0.024029517824339,-0.0174013080325848,0.02329407613682,0.0693678580435428,-0.0228710096016883,-0.0127894403106648,-0.0314866191255322,-0.0154095930778736,-0.0654429744438943,-0.0177427795950358,-0.0147484272906104
-0.0235051599226168,-0.0398156168262624,-0.000454870990536538,-0.0278654809816191,-0.113940632219009,0.00382370575301268,-0.00969687288077871,-0.0168935756754592,-0.0423835944321262,0.0133816184884002,-0.050409546777499,-0.0496616196539135,-0.0167810503538276,-0.018378829065456,0.0255979541257497,-0.0406895415177325,-0.0314268417280212,-0.000881535156019769,-0.0699418452232676,0.0570436227974345,0.0541109083405173
-0.0356050721958611,-0.0274684598770537,-0.0191776577880517,-0.0416720063774681,-0.0176366061706967,-0.00427130085259514,-0.00741240503386259,-0.00151450701509987,-0.0173676432788695,-0.0477207082778725,-0.0596331249477316,0.0225270606548409,0.000785288788921541,0.00976315372841767,-0.00382390712994759,-0.0333769947229581,-0.0380374036797413,-0.00258238304763975,0.00674488612531005,0.0219996759320179,0.053795409992215
-0.00102493630665523,-0.0330597558353068,-0.000938438089172877,-0.042316347100788,-0.115595373624293,-0.0116732890412596,0.0244107361281735,-0.00436462155975732,-0.0199101098461351,-0.0134045155541326,-0.072324646859825,-0.0390786346601099,-0.0141460395799945,-0.00832737234364986,0.00763889047581503,-0.0430417185551123,-0.0190127561425436,0.0171597524255394,-0.0108239150641996,0.0288053576941374,0.0203556284825437
-0.0198812968745491,-0.0000436665246496271,-0.0393009852101882,0.0101766708599741,-0.032293847375227,0.0134360687749161,0.0261251270333072,-0.00989010514868476,-0.0963375685741824,0.0321757968142385,-0.0253017755814259,0.0119155582143508,0.00703479427289994,0.00246041458543036,-0.0140155128701223,-0.0714077470262583,0.0156980091838069,-0.0292300518459829,-0.0691176769891276,-0.0243747939207665,0.00651696652955132
-0.013938149345466,-0.0224500917964628,-0.0231304953024176,-0.0411335008432469,-0.058649097341792,0.0274758141768641,0.0145204359627974,-0.0135087460449522,-0.0359033941701351,-0.0152269912336163,-0.04835738262812,-0.010153745151918,0.0167398624279573,0.028370733553789,-0.00763672988548855,-0.0262826835004683,-0.0300778928866475,0.0209812808855828,-0.0508784335864646,-0.00292814483483041,-0.00215861961190691
-0.0238073297100793,-0.0403909153686686,-0.013804420770304,-0.0101716735878189,-0.0596869172062798,-0.00406171745807549,-0.0163521159906741,-0.0239881877189106,-0.0555857464632236,-0.00617574124759482,0.0192405949532046,-0.0383702417743187,-0.0131916963166447,0.00895028404834158,-0.00508630923361409,-0.00262794492478645,-0.0265400684376666,-0.0209143559276454,0.0072789795582634,-0.0155783284776506,-0.0126281418243483
0.0170688950458912,-0.0285126785789142,-0.0153415819778814,-0.0471249502290202,-0.0128804001212525,0.0544952873110284,0.061771065747013,0.00770673149643232,-0.0606616850843267,-0.0130788470359631,-0.0291674702577247,-0.0409912398951253,0.0218271743518661,0.0298658282437334,-0.00805939182456596,-0.019780676715101,-0.0512119359819755,-0.00318955480577862,-0.00980813697913924,0.0250208765892233,0.0133933874602316
0.000564118145547944,-0.0361817018645512,-0.0239650753336589,-0.0520468878017262,-0.0460273278933051,0.0293666748170018,0.0294823702686391,-0.0433375612157537,-0.0209433694332033,-0.0290226615830419,-0.0606826955627574,-0.0735766848150805,-0.022727906222117,0.00939892760647984,-0.00887576675047985,-0.0429822670755315,-0.0510000138266748,-0.0245416801936761,-0.0540353283864091,0.000835790148612993,0.000474630697529961
-0.00880364246471708,-0.0270526587701028,-0.0307333082980901,-0.0303103282116065,-0.0325491555809446,0.00929459389626192,0.0136266213589005,0.012225651746055,-0.0672565038429898,0.0496524516393526,-0.0239848119771148,-0.0597750840139795,0.0220876268728978,0.0207176440573116,-0.0224857562495279,-0.053910813341941,-0.014562344427698,-0.0369313801367042,-0.00680577602129839,-0.0154616454756656,-0.0216580616541415
0.000180692296450492,-0.0033566111964531,-0.00720070165854206,-0.0164752881894051,-0.0394878940921982,0.047127666454829,0.0254015512052143,-0.00702983498862077,-0.0146271918669703,0.0107700641942202,-0.0584572794179146,-0.0126330188652962,0.0246753004732677,0.0177290637251719,-0.0161489128968969,0.00216207586269461,-0.0390937559548137,-0.0611980811638845,-0.0463868229489878,-0.00426168176878471,0.015043100023259
-0.0123890787188949,-0.0236377172952215,-0.0117006025076631,-0.0563623967425855,-0.0553257090698975,-0.00317013922609576,-0.0125690183841567,-0.0272309871245736,-0.011748606765513,-0.0118033130756743,-0.0203055291910439,-0.00649139607351318,-0.0167756807895957,-0.018783663004009,0.007213978559228,-0.0277077601866659,0.0144729961497779,-0.00304817697563928,-0.0430782208784646,0.018373468775869,0.0191192432833166
-0.00936747540805298,-0.0913192417485084,-0.0190214110073505,-0.0504526375581075,0.0341179803585397,-0.0180288728969758,-0.0135287401279382,-0.0249306731306608,-0.0170346922407687,-0.0389872200469217,-0.0563969447566037,-0.0730213249592442,-0.0128497531582003,-0.0207521604728132,-0.0363959258446511,-0.0318679473625253,-0.0307273676555252,-0.00996829834925825,-0.0333398174556054,0.00211389932622395,0.0167348345654601
-0.0223926393556389,-0.025989415400037,0.0514332142913743,-0.0257368509691403,-0.131096413089068,-0.0110813918634402,-0.0379887982336637,-0.0036172760401407,-0.0443724110926317,-0.000509152221737696,-0.0413172880006508,0.00791573805350815,-0.0026853950811552,-0.00467599699257887,-0.0101691693464204,-0.0442628715176732,-0.0307003101249849,-0.00737305914740136,-0.0195181695336533,0.0145838907612589,-0.00125586195588864
-0.0153835719793909,-0.0573075712639811,0.0203897977085436,-0.00451887996512393,-0.0901340943428066,0.00914700569607781,-0.00406155763939113,-0.0169229253278301,-0.038232563117278,0.0137269870718163,-0.0266875960018489,-0.0687921627646171,0.00469209893838399,0.00376154425288781,0.00165593494641099,-0.0863299976035898,-0.0190456654927457,-0.0307432836128252,-0.0932360241942934,0.0243959315296969,0.0470847676758487
-0.0190563725840982,-0.0418607423233524,0.027978045703183,-0.0370137353437889,-0.0477416059104954,-0.0264294481369466,-0.0257419834666646,-0.0246028954713162,-0.0495403854601691,-0.021669155290363,-0.0169236774678684,-0.0733127584263986,-0.0177459313336479,-0.00444648473647147,-0.013293847294657,-0.00185613777332741,-0.00535175121573603,-0.0468190384617049,-0.0340598349633607,0.0110433899047286,0.0143250735067864
0.0118895882285198,-0.0358795775800165,0.00116991610781542,-0.0235888629029406,-0.0439493371832463,0.0399794295978921,0.0335784241857939,0.00914940283323717,-0.0844578754399126,0.00913290018682361,0.0258094170339071,-0.0403516663023248,0.000362682568793578,-0.00459088138714815,-0.0405503637634641,-0.0409079043939207,0.00915001467785904,-0.0263062259847855,-0.00487108805105468,-0.0255413242493465,-0.0240474342243017
-0.0199994157914151,-0.0553060796802914,-0.0168572680572674,-0.0422609265505432,-0.0165110302407409,0.0151585058929149,0.0135404580086324,0.00601596503321732,-0.0498373571269401,0.00124515158379564,-0.00710022596685861,-0.00554713431804221,0.0566991028979068,0.0443358833662612,-0.0307386041090381,-0.00933416912544255,0.0233549518721532,0.0183799160361365,-0.0422670514086544,0.0242428432443643,0.0213931044337481
-0.0280384748481558,-0.0141591715914547,-0.0252523543503952,-0.0396425241492186,-0.0758985606503165,-0.0207779684332941,-0.0170382850038361,-0.00103607567775062,-0.0635566241083505,0.0143730981654193,-0.0425153700463875,-0.0319151234623423,0.0121945410155358,0.0224944386249584,0.00699576122974519,-0.0456606485842117,-0.0460464339387439,-0.0050373796557078,-0.0304862800625252,0.0162754221339061,0.0307629442413106
0.00139503786982399,-0.0344596313256374,0.0202865103985755,0.00747322297618858,-0.0501144441084157,0.0341266043543654,0.0209604962999823,-0.00856949635583236,0.0105188686774533,-0.0253486622573769,-0.0612500135851325,-0.0406671206934053,0.0269240356457939,0.0229604939793843,-0.0427725900625653,-0.0412925248425824,0.0203595337009206,-0.0240194054301922,-0.0207584003659204,-0.0399855725419798,-0.0437289130305822
0.00552705177854916,-0.053704260326104,0.0223817918139728,-0.0136929180314819,-0.0378387770793071,0.0165638983137112,-0.00767420173057055,-0.0298285395968569,-0.0304334863959888,-0.0393505045441609,-0.0487575313820435,-0.00272104930866301,-0.00912378821534784,0.0300152395621172,-0.0106662724576092,-0.0370419140673804,-0.00153822161959152,-0.0261674321889668,-0.103519452888548,0.0278709195069329,0.0163038622402592
0.00338286864274159,0.000851567501408329,0.00993075068754143,-0.0431269747624022,-0.0928518325723583,-0.0139395699831376,0.00193486671960801,-0.0193545537487614,-0.0102593380691733,-0.0253970672852794,-0.0250176367409987,-0.0494772388537914,0.00384861026041364,0.00493687615779836,0.00588468047871195,-0.0262914384998664,-0.0532560274793975,-0.0261854374950037,-0.0604729079391002,0.0050722731183846,-0.0490335088070239
0.0266189172160917,-0.0538212508161441,-0.0524656329069469,-0.020063090994547,-0.0920538592159048,0.0406713647503746,0.0474123812836595,-0.012044614464377,-0.0259520194479856,-0.0384548188213125,-0.0276821430208297,-0.0428649144393087,0.00607005826350075,0.00471209448578866,-0.0110060897549439,-0.0100782470802233,-0.0173979823122896,-0.0412507252572488,-0.0282337409464607,0.00760419006235766,0.0139469888963849
-0.0110562533695265,-0.00318596270166158,-0.0081505870517509,-0.0240434806034272,-0.00589441802345714,0.0149389693760614,0.00570358689033024,-0.00578750518785692,-0.0433349340573694,-0.0056755907772595,-0.0390326281479427,-0.0730057224660001,0.0186117168598335,0.0162159698392451,-0.0202434846709715,-0.0490876932712556,-0.0102400655791082,-0.0354984270307693,0.0120992043080839,0.0191498810263434,0.0172629575592393
-0.00520270728237347,-0.0357819143963425,-0.0264894948193928,-0.0463977785288991,-0.060528446545329,0.0495029941210088,0.0272052025287151,0.0127821642336698,-0.0363247413324385,-0.0211224125128413,-0.0559307909150386,-0.059243978529494,0.00896943212041418,0.0444601326123923,-0.00267618127737332,-0.0426197912826767,0.0342058850238666,-0.00949541143684596,-0.0280994522626283,-0.0182481455714286,-0.00644983161963926
0.0129828908271589,-0.0303103910680325,0.00357737068846523,0.0211659770845546,-0.0615614150684845,0.0126285272391459,0.0115450938343315,-0.025636458052838,-0.0805950868167865,-0.00499321512764322,-0.0194058621784765,-0.0672978278515767,0.0196827884159248,-0.0117845729337118,-0.00355033562553706,-0.0167457226506764,-0.0284636846877547,0.00879005049731263,0.00164145897707046,0.0265654901783595,0.0402268287454253
-0.0152886016786335,-0.0387223889131953,-0.00854639945087782,-0.0437138481521824,-0.0327442489832306,0.0230998249376319,0.024139517166058,0.0131949131260801,-0.0114932007911687,-0.0267507205910239,-0.0100600000727633,-0.0374543926036062,0.0251368652754239,0.0234458734099655,-0.0107031110225177,-0.0448539904343215,0.0134926053313016,-0.0427462617398666,-0.0101863307595866,0.0151488488350003,0.0156042753101987
0.0176449569453532,-0.0626872961864877,-0.00131883065326774,-0.0141445918454923,-0.105384230310393,0.0321806954037683,0.028666885089253,-0.0190752947639348,-0.0215509087371986,-0.0337462607267748,-0.0723104054125223,-0.0873418228300373,0.00814069807913066,0.008115070098569,0.000522213309298608,0.00498208010011349,0.0158291147597943,0.029928983907266,-0.0232992657070963,0.0205558502979363,0.00823305056086106
0.0141250507760663,-0.0298431218904628,0.00451001429652648,-0.0361083129365705,-0.0217758782083833,0.0209882492991705,0.00511391717796929,0.00835398833697082,-0.0338787231158742,-0.0322071791219628,-0.0432988282283715,-0.045571652624245,0.0363967197313208,0.0234991841173078,0.0149144535263645,-0.0661800678296121,-0.00315482755700702,-0.0287126383236086,-0.0704037364805082,0.0218898061409357,0.0159599160423136
0.00078117734662575,-0.0189908504181267,-0.00867350238988349,-0.0518653867396572,-0.0418115373044106,-0.016526401098513,0.0098935134827119,-0.0067957211408021,-0.0319299115523348,-0.0215903255144711,-0.0525800227207701,-0.0450856307546933,0.00322030975098723,0.00326137609047764,-0.0264188677570263,-0.0471957284948254,0.0174889000166646,-0.0166561230535851,0.0114529031419703,-0.00660455937562,-0.00901166869834708
0.00211345558916887,-0.0266370072488086,-0.0326358374847208,-0.0134629789056138,-0.0300609435122368,0.0217986267754688,0.0213394078053469,-0.0548729679627339,-0.00997264415256117,-0.0225587333462066,-0.019904145052151,-0.0464177132110581,-0.0315416938269583,-0.0259685224812338,0.0131420804500021,-0.00774408252559426,-0.0377943709602315,0.0251247155781517,-0.0315165856326646,0.0234714131687778,0.0385036772233743
-0.0101180525479919,-0.0189969153418027,0.0089226014508467,-0.0793291739750756,-0.0685319828440152,-0.00682427625062808,-0.00779767936528859,-0.0191213687093973,-0.0423133130362814,-0.0166449049301923,-0.0580357617941472,-0.0256115324144339,0.00466838886186857,-0.00389885787422166,0.0048817169981494,-0.00520407509104313,0.00470606261241263,-0.0117987121560523,-0.0234279271096048,0.00281079811426889,0.0277092728900064
-0.0138999549108953,-0.0266686935624777,-0.0161851586906042,0.0206637647473932,-0.0338868399233306,0.0157725765147094,0.0366981225176071,-0.000567053932919108,-0.0102178496384368,-0.0329729919258161,-0.0321273513248028,-0.00474232139920799,0.0303357021938091,0.0240851244691843,0.00262566132325038,-0.0536748686890616,0.027005618566035,-0.0569605262177119,0.00734041204256808,0.00741232651124943,0.00736782013449236
0.0177177420099402,-0.058149611713584,-0.0317172508032695,-0.0185791052256841,-0.116580043317416,0.0119458593335294,0.0172556637077031,-0.0184560520560296,-0.0581392519826066,-0.00449096953608731,-0.0711780290735785,-0.101852094367478,0.00000502581868441765,-0.00027969769764663,-0.00384500064917579,-0.0560567498158225,0.0308837136194291,-0.0478677741370996,-0.0670175339767359,0.0132268364074373,0.0284377843476464
-0.00633627864405435,-0.0249065028290307,-0.0486098056311419,-0.0230361636225805,-0.0151989325429823,-0.0114953171974928,-0.0261544984168434,0.00902580616791198,-0.0599990883276194,0.000443176714007759,-0.0384658505913156,-0.0600705860255391,-0.00928033162604014,-0.0192240952497598,-0.00364206354683794,-0.018912259956089,-0.0375117340812853,-0.00222414239203006,-0.0692594206000972,0.0325296926453436,0.0337325857641999
-0.0235160430084546,-0.0123909416353188,-0.0246718260337173,-0.0704662258112092,-0.0209579117383952,-0.0291154131466319,-0.0321517087698646,0.00349761585311652,-0.00219273267449444,-0.0350930835086992,-0.00795562627591617,-0.0437116873162176,0.0171808827895897,0.0196400468961473,-0.0346179577216132,-0.0033446357608761,-0.0560362660632875,-0.0715417258544683,-0.0438141477013831,-0.00136198238441287,0.000689872275361408
0.015871492312104,-0.00466323642495534,-0.0227605285544158,-0.0403565404790075,-0.020189515613436,0.00861731288511654,0.00927121562246459,-0.0507736522219071,-0.0136428015558703,-0.0199980731392521,-0.067695554674114,-0.0664011715213857,-0.0349720837061417,-0.0408609011612726,0.0019496481057967,-0.0321730972295233,-0.0322117845036215,-0.0285574925349783,-0.0617216810155607,0.00480048565307558,0.00570602652010502
-0.00537587374070903,-0.0000268735905944867,-0.0122816454494213,-0.0344245773925736,0.00963843003812304,0.0221295780482526,0.0263549206424002,0.00842126858910109,-0.0838227680556417,-0.0731818371263523,0.00703054434498873,-0.0368756036336436,0.0157471582024641,0.0201483618478052,0.0130647494769296,-0.0126181919248242,-0.0199060876942078,0.0174148232233488,0.00633473348246261,0.0214829029787872,0.0443481033773198
0.00434132563954041,-0.0161464655475706,-0.0145872758786096,-0.0158394812867855,-0.054050618287192,0.00406484161658195,0.00582272279228621,-0.0190724587797591,-0.00776178994125526,-0.00842165275949343,-0.0396851298895491,-0.0076783318895568,-0.0234983338992519,-0.022579927541768,0.0158559845181803,-0.030468177054089,0.0211903079710145,-0.0330901354561049,-0.0915073258161738,0.0171866489486695,0.0368565497565489
-0.0113988519712961,-0.0354405087600044,0.0324110616341265,-0.0067620017275539,-0.0470732498090332,0.00879042064407921,-0.0042552297120453,-0.0068430491993841,-0.0536037950057923,0.0158758130830236,-0.00811827467112541,-0.0396881809806046,-0.0313036274124065,-0.0108414432551356,-0.00285074293492361,-0.0585353025269228,0.021750985232791,-0.0289012397789114,-0.0556336050879501,-0.004075308555426,-0.00442365804055872
0.0117297077387845,-0.0265205707338348,0.0141408461558789,-0.0888135318740735,0.0000335624534937851,0.0431020590974339,0.0175709849090432,0.00371957844063599,-0.0480340267570247,-0.0586936756399477,-0.00083017170868277,-0.063115895404042,-0.00627780455601091,-0.00469997528415207,0.00219143210763947,-0.0274229391274966,-0.0587596545758107,0.0175277818505518,-0.0171908551725931,0.0229318656306268,0.022313588554448
-0.0286665277853147,-0.0304467439310511,-0.0178574577162132,0.0527475442427916,-0.060343279110698,-0.024909468615288,-0.018482887524476,-0.00463881672054959,-0.0143833506400432,-0.0146412085634965,-0.0621785816253969,0.0270510583939018,0.0164704982570949,0.0114033199664404,0.00431585512301812,-0.030961579028268,0.0373630181968454,0.0201567319040889,-0.0765786022440795,0.0140366821847015,0.00230773116767509
-0.00635046810271633,-0.050906199887402,0.00601051847661521,-0.0420740330338556,-0.0541982602656589,-0.0132465959613549,-0.00532834396929018,-0.00957590374596481,-0.0225303569741677,0.0100407161903263,-0.0359741682621551,-0.0857055494198231,-0.0349781614492472,-0.0296502869671302,0.000395192031266062,-0.0448489438127231,0.0175981656589502,-0.00284212729546976,-0.0692221784724549,0.0522814344588753,0.0451102620558964
-0.0232453357341712,-0.0827882743789428,0.0186134549160289,-0.0829107428400552,-0.0850958336156513,-0.0138020510329768,-0.0139460821463852,-0.0220543820781973,-0.0212093622549736,-0.0292734430030375,-0.0238720262709924,-0.0182250598461507,-0.0073921511789905,-0.000824394563223751,0.00624887021362892,-0.0643934040936791,0.00439934619661875,-0.00743019906631812,-0.0627164890760842,0.0787810501397216,0.0655288000724658
0.00679613988352634,-0.0048991091635199,-0.000624716099662859,-0.0593317542786507,-0.0164698777254016,0.0106855151964519,-0.00530383035907243,-0.043652371062418,-0.0257010635967165,-0.024942027354602,-0.0355438587970436,-0.0408382694698032,-0.00874176001945641,-0.00630980211699618,-0.0180852390280851,-0.0203082315945163,-0.0241440527788484,0.0495342478221966,-0.115028704995726,0.0115575152625201,0.0108787025173744
-0.0264384166473843,-0.0289211741536445,0.00512093637115353,0.0154043461300623,-0.0141236292996449,-0.0155775394605899,-0.000562068656358758,-0.0374975013449558,-0.014109711350929,-0.00285707787993192,-0.0755949564455413,-0.0393359061693427,-0.013312924446399,-0.0170256097611188,0.0048980541989614,-0.0408419478320231,-0.00637720509197415,-0.00491734807092567,-0.111327038075774,-0.00655841489297598,-0.00607057248418994
-0.00761363026995726,-0.0596215104755805,0.011853419610127,-0.00872879598444712,-0.0317487430449462,0.0191647864722123,0.00329888791140476,-0.00973638753927954,-0.0405401182543304,0.0405696834441982,-0.056005478006844,-0.0523096113924775,0.00303679330174906,-0.01749314848496,0.00927987256087941,0.00680813520716668,0.0137464449340437,-0.045689817031044,-0.0805261152577325,0.0282439430763469,0.0380197881924967
0.0365096192968449,-0.0116138146579824,-0.00531152709111857,0.00469870639584674,-0.0267162827685299,0.0361486291582151,0.051559263970812,-0.054765931599111,-0.0304513350997984,-0.0376173142807643,-0.0720479057253348,-0.0413984305579524,-0.050986488248974,-0.0404875701633928,-0.0213828562205409,-0.0732650369988944,0.022062472995265,0.0266462849139554,0.00375964948845825,0.00289913984188249,0.00435025638269232
-0.0125424847402712,-0.0466763313409976,-0.0275993081463574,-0.0757100556015822,-0.0693934848763242,-0.017925185003841,0.0178553288703157,-0.0196219807662783,-0.0108925126592621,-0.0498749374956434,-0.0206953747117457,-0.102609609083329,0.0298170968471995,0.0221649407165148,-0.016405884998772,0.00381431609488636,0.0270638132890748,-0.059691466884159,-0.0105726889316444,0.000589451832106631,-0.0180539887942792
-0.000933052206576426,-0.00204789159903075,0.00620207976204304,-0.0469937500417526,-0.022789754111339,0.0181745539603079,0.0174769246112021,0.00486872342374026,-0.0133509285203694,-0.0178263743824766,-0.0431663644111475,0.0321287316110762,0.0659372629303233,0.0688997365053182,0.00528758163795028,-0.0559476319371213,-0.0120775779129723,0.00107128114399618,-0.0524968951050297,-0.0167316078361412,0.00572308476018808
0.00338155666643698,-0.0892348351796235,-0.0557466307500278,0.0058070086842946,-0.0250587160358745,0.0416265914568141,0.0268932793229649,-0.020985900387545,-0.0267895593577288,0.0221953284427829,-0.112345244031619,-0.0281232771573852,-0.0430138848943566,-0.0241953291964695,-0.00139261991750166,-0.00955188609643012,0.0336943336101935,0.00576326281509981,-0.0347212257497991,0.0181128010775553,0.0274683262215039
-0.0135915842888298,0.00154878338766969,0.0194414231090738,-0.00300256606277902,-0.0758919774980645,-0.00434035969182434,-0.00499716856426903,-0.00154732454097269,-0.0506066687629331,0.0123724425132402,-0.0258354527929226,-0.0768818615538312,-0.00302877404366335,-0.00979303086297807,-0.0180721564336894,0.00255671786901315,-0.00437687933860861,-0.0376635871943281,-0.0915668121861728,-0.0146368354081912,-0.0323336872518341
-0.00182716881422899,-0.0511046793937366,0.0211396791980955,-0.0280794004802178,-0.0636423708867216,0.00430137521145276,-0.0150113671915338,-0.00684967327283993,-0.0561832586786405,0.0268376152513199,-0.0704936094055655,-0.0281162163594246,0.0185981993956246,0.0199297127076935,-0.0333906003407713,-0.0486994006607891,0.0373539557564402,-0.00501732701623447,-0.00569306576938039,-0.0341030093006512,-0.0380660754832627
0.010135268775238,-0.0618609070988687,-0.0456244072481564,-0.0148444247909056,-0.039223835439271,0.0352645870839519,-0.00571537212851255,-0.00916753779248301,-0.0179667309645045,0.0307237042514431,-0.0313687993508165,-0.0298884470607637,0.000782178566788423,0.00317114454176011,0.000434284956219347,-0.0222599489268512,-0.0357761852058196,0.0138663166164648,-0.052546688823331,-0.0303705776879969,0.0081167485712739
-0.0199795825030468,-0.0343634528615386,-0.0141419662326276,-0.0656805695912818,-0.0290938624839885,-0.0526290142894501,-0.0458377437379257,-0.0457982086395444,-0.0521092001949869,-0.00956508098386408,-0.0729187621278418,-0.0488067533723568,-0.025384529897889,-0.0341333943359742,-0.0191341349554835,-0.0223681183636107,0.00943054993821971,-0.0328896763586251,-0.0473595757015135,-0.000647634176210138,-0.000688889635923805
0.0119147672634801,-0.05376826451732,0.0336027743985146,-0.0369476436629342,-0.0208247782642461,0.0227265213621639,0.0151136089633909,-0.00107937319574258,-0.00363834051750968,-0.0241596163104451,0.00517656345196399,-0.0701749831219199,0.0632465952645659,0.0616603309914738,0.00140730469339125,0.00594485731096696,-0.00419638324648505,-0.0527685643511659,-0.0417854490660923,0.019527269979592,0.0207049743859928
0.0134615117330198,-0.0516539055867827,-0.0384418115706611,-0.0319196078454622,-0.0692361139468786,0.00709213393369105,0.0208058055752952,-0.00210805416473991,-0.0633010504980231,0.0465085096302401,-0.0338036350452602,-0.078246883885615,0.00641187235320502,0.00976386837535496,0.000756314360741125,-0.0448722707453545,0.0365137967099314,-0.00742107439108919,-0.0298145056421618,0.00203273740070715,0.016097360743399
-0.00547091671701893,-0.0336756154350631,-0.0132789702844574,-0.0391747828201652,-0.0251878801033478,0.000497627362337917,-0.0123678860050132,-0.0137151265870394,-0.0330548066202825,-0.0325161834129552,0.0341160207551729,-0.0314936053996447,-0.0232004070112331,-0.0221607728214065,0.0329367726753427,-0.0451450098715652,0.00431332789091743,-0.00804235157325472,-0.0439877800796064,0.045647716295237,0.0575459630739008
-0.0258780628420649,-0.0171667741825405,-0.0418032744501057,-0.0405354987872948,-0.0393129732141606,-0.0051637132598932,-0.0142885966489477,0.00185224661100494,-0.0345562927263016,-0.0147149257077142,-0.0564207987863095,-0.0600301539777729,0.0328967881071633,0.0446728210446731,-0.0108390299567007,-0.0441130841689156,-0.00547040042882535,-0.0456574478172203,-0.0477795998565819,-0.00181410746492733,-0.000579885725469971
0.0128210577901445,-0.0368971136396607,-0.0188020730832964,0.0261051856199929,-0.00887792995605785,-0.0093063106018098,-0.0000917238316658145,-0.0285812624779907,-0.00168042898873165,0.00336570593463748,-0.0433485070967628,-0.0818043784688558,0.00943514136826893,0.000307914744526946,0.00654353617440886,-0.0673721011744201,0.0369532669394627,-0.0581492876875577,-0.0273369107597755,0.0158614241772362,0.0122423340549139
0.00879567624191958,-0.0465265359366027,0.0238385540066647,-0.0232846576674968,0.0110149606326957,0.021811238384743,0.0251488807735707,-0.0222282496482885,-0.0168493936495011,-0.00620817866884399,-0.0397400902247295,-0.0695727809294018,-0.0241879848749983,-0.0305053602636592,-0.0263748432082689,-0.0649317375111885,0.00417558717473063,-0.0184377876984963,-0.0110643791607221,-0.0327907984779635,-0.0312947545462406
0.00414833710924068,-0.0484209544459121,-0.0165098333937791,-0.0475405864771928,-0.0368703969837695,0.0078131029947407,0.00419872534587526,-0.0347711553915443,-0.0126753323147282,0.00109969739081936,-0.0159484777112702,-0.0116314861101756,-0.0117368055777314,0.0246994843900036,0.0152301889279654,0.00807450320243133,-0.0307824259741245,-0.00697084111928856,-0.0531305116657821,0.0439601726137953,0.039575641555891
-0.0226193157479467,-0.0288274155345888,0.00347272107049953,-0.0158721052198456,-0.0399250891121191,0.0200863129815147,0.033708041582725,-0.00690073045375483,-0.00692734563324371,-0.035327776611812,-0.00239641757316145,-0.0225779013130307,0.0351710862564666,0.0297650281597886,-0.0248839693676039,-0.0471552334281022,-0.0454937521806894,-0.0324111172344886,-0.0483233740177967,-0.00142210348663693,-0.0125181509192665
-0.0165548501380447,-0.0253592846273366,-0.00763726687799685,-0.0115975666029765,-0.0493505601204148,0.0229614514866289,0.0397367666215176,-0.0181066822420672,-0.0597382313746805,-0.00822424404036905,-0.0379706204365121,-0.00246999666156761,-0.0108480287149429,-0.0116551944128266,0.0314143463051599,-0.041636117622752,-0.0298276612325633,0.0275377580142734,-0.0561252004989412,0.0279663904111825,0.029149792007215
0.0235016897844376,-0.0363426259488436,-0.0464665141880287,-0.0264636939579273,-0.0433952858730726,0.0281070518311431,0.0154756459540799,0.00210257803048862,-0.0120969839986682,-0.00208051898940827,-0.0107375599178836,-0.00550682382406031,0.0168842069788082,0.0169964782346674,0.00173531725184729,-0.0298807654889182,0.026538112425107,-0.0362587484240071,-0.0761845196096563,-0.0199229784395304,-0.00976602569336186
-0.0104699207191373,-0.0153990597734335,-0.032259241637776,-0.0253600525089922,-0.139173970263118,-0.00156956310460329,-0.00270989516137751,0.00128929018486784,-0.045435735466713,-0.00363326771195113,-0.044614896146172,-0.0241986639077191,0.028873308145629,0.0363196435227729,-0.00416037931404566,-0.0726663656357175,0.0266010141644266,-0.0738985194165398,-0.0575251650805214,0.0295127040422675,0.0300436457306232
-0.00385861338353496,-0.0498417878368788,-0.0109773636041757,0.0094787914744251,-0.0626823138679817,0.0241630058478459,0.0238937501065023,-0.0197398309702642,-0.00719323384887469,-0.00460349028845483,-0.0527531280848578,-0.0322345712347756,-0.00833823662213083,0.0103633537423325,-0.00464617453022968,-0.0578282231138255,-0.0586985749776665,-0.00998634657124006,-0.0625472594816169,0.0110323975327141,0.0118158413844023
-0.0139998459726766,-0.00643280617010544,0.00733829804204597,-0.00387617875908591,-0.0478124078262753,-0.00310281312196511,-0.00410306787258459,0.00823818558578066,-0.0390832211456157,-0.00967102776516994,-0.0587910856801679,-0.0552104008899446,0.0399221934843953,0.049110290877397,-0.0253263390465666,-0.0287299314604533,0.0198313977421093,-0.0381179955231553,-0.0780723373182648,-0.0324335148713996,-0.0350924814221237
-0.0225263759122868,-0.0716136450536616,0.05001150491358,-0.0696207953796917,-0.00423662046626622,-0.0157201913065107,-0.0107238423370712,-0.0332972357426559,-0.0585265570266325,-0.03574933704876,-0.0230182726514697,-0.0645002561417944,-0.00822528033519158,-0.00799345849775157,-0.01769496036636,-0.0426121893190999,0.0264786788393949,-0.0591555729395421,0.0223812108419885,0.0284767740477719,0.00848449323184137
0.0011028837016997,-0.0267915690979266,0.026548518340387,-0.0733032402962243,-0.029364735324395,0.0400380388848769,0.0318731260285726,-0.00179154491899973,-0.0196051842029255,-0.0158131593490682,-0.0316624365585473,-0.0975299318938316,0.0191820854652218,0.0133433447379677,-0.00704350639165371,-0.0302244379161312,-0.00980591965010949,-0.0421694002513837,-0.0152438431071947,0.00211945005763513,-0.00933916668691002
-0.00937403904150413,-0.0138567622371605,0.00894524333507353,-0.0357560833351225,-0.0274252530988482,0.00279387359199535,0.0113780204881695,-0.0318527549724515,0.010278701094131,0.0225563509896014,-0.0309719072955817,-0.014609038358221,0.00408495078776069,-0.00445995960089868,0.00633190516468169,-0.045200202175726,-0.0358310637392028,0.010230205551958,-0.00893903218048353,0.0265793358313392,0.00611480925095748
-0.0293022195845206,0.00441382919135089,-0.00815886113488029,-0.0623742673477167,-0.0505398658433667,-0.0166665386574771,-0.0167757247629645,-0.0182427307608522,-0.0254365961115964,0.00910133938151486,-0.101016533762176,0.001003714352733,-0.037595432063054,-0.0246712788852369,-0.0194984286322879,-0.0670654843132152,-0.0140281972997127,0.0016128767243864,-0.06922048993864,0.0125573944571455,0.0119560834477216
-0.0216158765780017,-0.00774207532558935,-0.0110193524368989,-0.0599442741708855,-0.102753875244071,0.0404341678386472,0.034573725589043,0.0121747780271247,-0.0346365111948311,-0.0154615489263359,-0.0289919200743247,-0.0971548229741927,0.0353116825246117,0.0351772909514752,-0.0158695345549787,-0.0268799029517947,-0.00688110282718513,-0.0334537360887334,-0.078044682112668,0.025702350548353,0.0339260360564348
-0.0242765253327059,-0.00153152106493708,-0.0324816570495462,-0.0387108934984687,-0.046416277075005,-0.00561010734744487,0.00515302352318903,0.000253805078241388,-0.0447818549393082,-0.0107102219452054,-0.0442812424054246,-0.0768910969169628,-0.0219711546532574,-0.0194960073835268,-0.0197111949256907,-0.0288043119235441,0.0340375873928764,-0.0228988424645212,-0.0252608577808803,-0.028749813394044,-0.0410889838010041
-0.00428597800058381,-0.0685866548242568,-0.0137098258657161,-0.0402938237654972,-0.0758109873347299,-0.00672692146223033,-0.00775928348866035,-0.0190067702451263,-0.0308073864898986,-0.049167605961516,0.00635783392436765,-0.0415298414341647,0.0200258548907704,0.0200258548907704,-0.0157262966148991,-0.0302807103304695,0.029340394158411,-0.0623855732759331,-0.0585608548432039,-0.0343615139196549,-0.0215517790211064
0.0246352355895184,-0.0218224091973852,0.0560082464513446,-0.0738855113212095,-0.0402647032216052,0.0127142359173228,0.035879587574239,-0.034828802155471,-0.0317225971559546,-0.00412020594898999,-0.0400789611986064,-0.0484725014153899,0.00750876397460698,0.0073365805611469,-0.0121560709671014,-0.0411326103495836,-0.020612890264751,-0.0326244772343582,-0.0198533511928083,0.0285352580816007,0.0251502040406542
-0.0069210564228156,-0.000876042817424219,0.00181762095170021,-0.0197848003588827,-0.0459729713266272,-0.00409761086705014,0.00146357990955714,-0.0124533148443135,-0.032950861823612,0.0145214050652067,-0.00933007435562172,-0.0124692828465509,-0.0124981114422861,-0.0119202536808479,0.000826456079013688,-0.0475059919507351,0.040431831272633,-0.038010562341012,-0.0208442613493471,0.00689826169714877,0.0231370741350249
0.00128411062389086,-0.0512018533965686,-0.072707128983607,-0.0297746420952655,-0.0151740497641885,-0.0109154072738703,-0.0122772443750977,0.00594529684221014,-0.0612759583509817,0.0235697101256477,-0.0701248057387302,0.0100761387746268,0.0124016653924484,0.010705650062075,-0.00587530906817925,0.00262576570525183,0.0269356254941381,-0.0719716702793814,-0.0354518282992281,0.011837470548029,0.0208141909868744
-0.0281993578378134,-0.0301818711468692,-0.016606238970455,-0.0390077918862957,-0.0329403522584443,0.0201385953036953,0.0280213598061866,0.00093662740064207,-0.0627285379006156,-0.0205508551076507,0.0186914894718168,-0.0217491609645192,0.00231992450961833,0.00737835890365,-0.0125279415405427,-0.00985893378706916,0.00531938655066666,-0.00983918618696214,-0.0839885357026283,0.0145983950274839,0.00788371697032944
-0.00456853141906486,-0.0654286817573794,0.0220177066387018,0.0364506013669882,-0.00995882321694885,0.0355929747115567,0.0107419448145619,-0.00125639065667625,-0.0704784081664032,-0.0384791375214675,-0.0476108877303248,-0.0382116451606621,0.00102970378160706,0.056836269795987,0.014860215373407,-0.0393438180977916,-0.0467953109733883,0.0401346895571485,0.0189724044357633,0.0359833734349002,0.00559142590613794
0.00593896777873161,-0.0212216438975621,0.000302065324116058,-0.0430283776549371,0.0171598995657077,0.0401522029974336,0.0246509141579648,-0.0190714167564778,-0.0411755307755571,0.00625080540329745,-0.0624500941105068,-0.000612399380703121,-0.0108366787336202,-0.00832690224064699,-0.028955845430775,-0.0207836479829036,0.0118331955232465,-0.0350701170841862,-0.0526383069499369,-0.00408615303893869,-0.00632438029244742
-0.00958750044693943,-0.021168330773013,-0.0110935981795594,-0.0439298244839754,-0.0398740022582553,0.0403616499494595,0.030940469562985,-0.0238948564504504,-0.0144535691493986,0.0105868021170764,-0.041519917272069,0.01258240497901,-0.0182519224019282,-0.0132686981982576,-0.0107160752699011,-0.00799262532779797,-0.0109323308304379,0.000438841256651473,-0.0640023463981242,0.0187576064113821,0.0221552696971818
-0.0252904952444578,-0.0534247706918567,-0.00719270246571396,-0.0285787664555779,-0.0749759674139742,0.0136596395181329,0.0184214696572318,-0.0290182481032457,-0.0516382003934756,-0.0290463466732848,-0.0556763431123108,-0.0213022408241201,0.00661276239294337,0.010849326488334,0.00351007912396393,-0.0355943639462971,-0.0301719178357797,-0.112079455259009,-0.092984108630042,0.054523927378511,0.0137965050394991
0.0175515740596706,-0.0590731004102143,-0.058589097897649,-0.00218139499081321,-0.0794906686693406,-0.020728981852175,-0.0184156197522017,0.00282230383295577,0.00356547033854372,0.00916275842355045,-0.00135944779751643,-0.0550770236878699,0.0259846629745376,0.0251330278806154,-0.0352783205461205,0.00323747641246966,-0.0125472417773461,-0.020416512576938,-0.0752051093888179,-0.0272439346365774,-0.0233475089401297
-0.00651229222707842,-0.00770717022642953,0.0092266531921705,-0.0465207599498623,-0.0497570649581526,0.0114196611515325,0.030404389207393,-0.00869561482683145,-0.0116815679458747,-0.0623786630034292,-0.0258887675495569,0.0107487302494344,-0.0149541363884893,-0.0132283052189433,-0.0283420339925177,-0.0319575745581025,0.0251006753831359,-0.040333786881296,-0.0262729186401566,-0.0136878278920344,-0.00990348608799787
-0.0235159269262543,0.00670585367977976,-0.00998907896687906,-0.000847640226272928,-0.0151450314344176,-0.0393491203510699,-0.0238503256027611,-0.0241531320178175,-0.0565250868733039,0.00510376491084841,-0.107895873054247,-0.0705508945472179,0.0155203922291887,0.00794389646899296,-0.00172782130312281,0.00823411021636618,-0.0173353050773605,0.0148101172525501,0.0000202604186970157,0.0342173049499604,0.0554010915749537
-0.013798799674736,-0.0138985688543404,-0.0200228573311699,-0.0685241733503944,-0.0462020756139842,0.012296665579373,0.0114134968860113,-0.0273432160822367,-0.0597824272048835,-0.0229905294090944,-0.0253797759776462,-0.0305744186103026,-0.0155058652183247,0.014714058442028,0.00487433346373244,-0.0369059965194394,-0.0314274142732592,0.000445455893925417,-0.0340080057948797,0.0266830376335548,0.0239935516693213
0.00564599680284343,-0.0287525958612864,0.010303610065982,-0.094636413325681,-0.0199186429764069,0.0408244122024994,0.0430905025510358,-0.00621270727257028,0.00364920349749473,-0.0181274019387307,-0.0515425249633786,-0.108072494358553,-0.0213713331039971,-0.00896801247489401,-0.0143049405653082,0.0157094113039746,0.0260626113279963,-0.0224382222971891,-0.042058706503267,0.0147882501971351,0.0370840888663632
-0.00480560001877942,-0.00204916751544322,-0.0382445836464974,0.00337800261367691,-0.0591131010434021,0.0242324034242484,0.0300481453538649,0.00385884428023942,-0.0397596210529628,-0.00185800568713536,0.0131971497709872,-0.0119329212514978,0.0453891375022625,0.0575547610019288,-0.0535568153969362,0.0106550577757613,-0.0292865740300712,-0.0224532265475908,-0.0258088289409685,-0.00182905160020288,0.0104422990246782
-0.00947242419002417,-0.0361538890734706,-0.0380647355613979,-0.0134434846546988,-0.0261440203864168,0.0220802280906274,0.0426550615002462,-0.0209285326060909,-0.0359642952902011,0.0493598187794985,-0.0156345286229665,-0.0256327150607337,0.00417318678336544,-0.00382376697880462,-0.0175438317963988,0.0371128410900047,-0.0414665828623997,-0.02555469438337,-0.0182513896982204,-0.000842319958620379,-0.00810199796408499
-0.0430048969866621,-0.0147855339541479,0.0574707282501302,-0.0347213519483705,-0.0887729288132737,-0.0202172312379423,-0.0240495941793183,-0.0111732920078123,-0.0397792234882729,0.0184747500919632,-0.0616891486923611,0.0167181855291919,-0.0162911001811326,-0.0163211058218846,-0.0287929194168349,-0.0254514615783788,-0.0486816518258855,-0.0289396665352217,-0.025193855219516,-0.0213370703616451,-0.0442499831623611
-0.0238847335873658,-0.0165992540190922,-0.0492511496049767,-0.0784885312246676,-0.0788400814090985,0.0117631513068502,0.0113383275162554,-0.0165373276730394,-0.00736496667874613,-0.010020292362537,-0.042732053661237,-0.0629605119968301,0.0354838391009183,0.0335319850985747,-0.00197983162774365,-0.0395282800507777,-0.0396710046658686,0.00738548541517486,-0.0393333286605143,0.0245180644441515,0.0279414854382683
-0.0236648691501349,-0.0464120596349093,-0.0548428035121001,-0.00797734889112786,-0.0463743544662675,-0.0106329537913642,-0.0086458791804952,-0.0228325252578724,-0.021810848698238,-0.0130014810882976,-0.0317023171566419,0.0463912767989964,0.00136364445594016,0.00236600536957807,0.0301131247982729,-0.0224665754520618,0.0414339427920685,0.012335738193883,-0.0256947363463612,0.0564799060132297,0.0528161218546448
-0.0218776338506848,-0.00681248462763842,-0.0468595399701458,-0.00153661735686914,-0.0878260020047116,0.0205515648428768,0.00313582236264127,0.012274804166565,-0.0451357955081148,0.0246406295122052,-0.0354169683159572,-0.111859473743316,0.0214354459134672,0.0151414291780764,0.00809447528754229,-0.0183960389285614,-0.0168175431633616,0.0181766070639671,-0.0143524654218584,0.0184089229744044,0.00783876201302009
-0.00963052138558038,-0.0351359567809536,0.00498087759862892,0.00580432246417376,-0.0514716581892254,-0.00314469605503789,-0.00356325759792998,-0.0195185269009007,-0.0296494823565407,0.018069078130485,-0.0731226647221477,-0.0780243592719278,0.0379014314934501,0.0444523569148614,-0.00808666794260976,-0.0543550614341146,0.0222007150553529,-0.0266517502589543,-0.0726840573159782,-0.00750835630271313,-0.0031291672638219
-0.0017209737820349,-0.0128930546920193,-0.021938180737873,-0.0462684386785328,-0.0310435529352881,0.000810639870862974,0.0020717956245014,0.00745551924627687,-0.0364848981348533,-0.0169227677759703,-0.0462315255914237,-0.0176124258994271,0.0459871646540537,0.0555524122084882,-0.0133089104639968,-0.013993095767321,-0.0461703825362109,-0.0898605296373303,-0.0610384635581575,0.018108659396713,-0.00955526574672482
-0.0271985488865638,-0.0457494107821017,0.0136467015494988,-0.0546592126183826,-0.0514284492156134,0.0200961248000184,0.0205230343730532,0.0193978571229141,-0.0468946583048803,-0.034070494223129,-0.0622850871185978,-0.0692719248933831,-0.00180115941966695,0.018964017989655,-0.0254683983506355,-0.0166264229187691,-0.0235638185489847,-0.00237827064007648,-0.0258716106839621,0.0106869079922174,-0.01850771610546
0.00954606318390189,-0.0273966688617546,-0.0611005590507214,-0.0222790106035305,-0.0587291347042013,0.0510097265058889,0.0329001676036685,0.00277325100080925,-0.0508911482130201,-0.00544297484586252,-0.0566015283546973,-0.019987300772864,0.0165407829884488,0.0291997740878248,-0.0131400053717798,-0.0656235480102525,0.00605761866692772,-0.0120116900266304,-0.0387552880518347,0.00987202475839367,-0.0017766397976551
-0.017443040996802,-0.00908187167387287,-0.0148245246864495,-0.0732650496615204,-0.0244200583159286,-0.00740683739225919,0.0043297701590892,0.00468645716790911,-0.0688397567909748,-0.0538996948786682,-0.00940082812608023,-0.0625360805542295,0.00670157016813323,0.0147137640397294,0.0203417254961179,-0.00929035847682577,-0.0187587889483453,-0.0128775534186646,0.0458650868260685,0.0619293350423756,0.05487841194011
-0.000745311911424226,-0.0317918227195844,-0.0102957076954849,-0.0414364828381401,-0.042024826279383,0.017950063134014,0.00374021379494662,-0.000811087905902369,-0.00701335116434075,-0.017886904682205,-0.014714832055268,-0.052763764217218,0.00719068203504845,0.026130501618871,-0.000634245950950532,-0.0334415995614524,-0.0238770687571445,0.0225908334760066,-0.0532074634626163,0.00309776038125469,0.00109283001428208
-0.0011937086911249,-0.0557905514853991,-0.0193423796449211,-0.0187067723249764,-0.0342512429319895,0.00303495424160218,-0.0185399866331841,0.00702560288635044,-0.0127792308898398,-0.00701327263034093,-0.00392211311912052,-0.0518078056893898,-0.0122081788014916,0.011688631008586,-0.0052387931771481,-0.021534073989211,-0.015208845335604,0.00571380465158092,-0.0837990902831393,0.0250556039036586,0.0268636003253103
-0.00585395565804461,-0.0432581353788575,0.0408137340320379,0.00306839074894422,-0.0127651959345499,0.0310530851401005,0.0313335762902755,-0.00541238772579414,-0.0628194245321317,0.016497666456994,-0.0923924391689656,-0.0372149433265543,0.00355737101684448,0.011754276115181,0.00229682254130648,-0.0255967465706635,-0.0529214895589075,0.0125221416881852,-0.0725990064207066,0.00260374282096136,-0.0018282200789838
0.00155155097919577,-0.073059336531632,-0.0467256954366262,-0.0130265075628971,-0.0676209913334043,-0.000404060596294116,-0.0539336981380683,0.00322556804166566,-0.00484205533977208,-0.0495682476353119,0.0102463895165939,0.0060101624508947,0.0337693532481647,0.0218191823432374,-0.0168377823495127,-0.0421058818117308,-0.0706909571299624,-0.0239752215966434,-0.0462031302642535,0.0167104619187228,0.0358017534032878
0.00483645248581578,-0.0744885660604266,0.016258456704627,-0.0312761648793827,-0.0667255113315596,0.0434621949432112,0.0544941813477294,0.0154403987454537,-0.0313974500806776,-0.0390408833501864,-0.0273293450195171,-0.0770479600592502,0.0262008492224456,0.0298672387429564,-0.0233385645075512,-0.0396075972235698,0.00820848858470884,0.0140116434083009,-0.068742435062575,-0.0290883793040382,-0.0267933943282252
-0.00859047072525417,0.0163367265784892,0.000856067499772656,0.0145242246184466,-0.0259793477066821,0.00843694500194245,0.00700495863390473,-0.0120098766453371,-0.0162791309070004,-0.00950243227698974,-0.0183276966920765,-0.0751997817660637,0.00249010289558361,0.0213670467558694,0.00821902025330351,-0.0674313159788607,-0.0498283604667835,-0.0687995513450347,-0.0104766517996894,0.0345776234380899,0.00929194614614155
-0.033840159377252,0.0199832268603516,-0.000162106325902828,0.00456627481868965,-0.102827384819136,0.0128850750754646,-0.0134905542512988,-0.00930144310185439,0.0021359409330101,-0.0287233070809728,-0.0670920236287592,-0.0582470461286381,0.0371311967553856,0.0328674786478256,-0.0251378605795994,-0.018356284600531,-0.0418188312792892,-0.0132221377670958,-0.0122336729544683,-0.00233292400419706,-0.0347733472915173
-0.0172331796988269,-0.0273619265904872,-0.0468541687780525,-0.0155173912235804,-0.0291113160283994,0.0193612891722783,0.0244219765422846,-0.0360762681054337,-0.0417790830478299,-0.01628649299058,-0.0298991616317576,-0.0729611899332112,0.00461292059005422,-0.0089544375766005,-0.00198969785040373,-0.000682746946946935,-0.0145831844576655,0.0371765998510139,-0.0824614327283726,0.0210273188545572,0.0193545796251015
0.00100709976277657,-0.025443052784335,0.00491212220070394,-0.0361450993659022,-0.0165022439529995,0.00245836659783434,0.0527430515680221,-0.0113715761062266,-0.0158399628348615,-0.0104516133687237,0.00132953193909199,-0.0522884658574956,0.0061597405784151,0.051552265140341,0.00176510361709086,-0.0313452921692927,-0.0512826757001046,0.00195240087118992,0.0132514229455757,0.0252103909895413,0.0220388315461299
-0.00829394175938084,-0.0442360583953241,-0.0351846505263215,-0.0521278106535778,-0.0342857052611888,0.0262956301271113,0.0435907735722925,-0.0259842245731223,-0.00939611527238902,-0.0451745813537426,-0.0356494455311515,-0.0209124928451223,0.0053065657553419,0.000360891249978137,-0.0292152184959729,-0.0685296515334423,-0.0372836501740499,-0.0062035701294888,-0.017243202920909,-0.0578052511977122,-0.0558123758498849
-0.0171043857107125,-0.0443637465172632,-0.0835883269645826,-0.0324918765363806,-0.0234491692756924,-0.0249188951649332,-0.00593902998397153,0.00797150224555877,-0.0208491815413434,-0.0246035742796429,-0.0038844180001083,-0.0572665219644097,-0.000149522522387424,0.004657312567231,-0.0182549587904831,0.00494413304821539,-0.0107122764332596,0.00131472104073502,-0.00301875265050433,-0.0228476187921283,-0.0326952772101363
-0.0213100651542404,-0.0166498027976236,0.031457944021299,-0.0931780462129765,-0.0570880112948065,-0.0170025327291407,-0.00316939289541289,0.00718707826358,-0.0271721252990241,0.0038678780356331,-0.0247386916852468,-0.0651040092117062,0.00742137858486136,0.0209858762808107,0.0037271508522678,-0.0375726478522689,0.0402982533209903,-0.00692025121194334,-0.0233736874769731,0.00576330590545329,0.0249656734813683
-0.0177368261533488,0.00501087200108273,-0.00697022896564833,-0.0272671771359335,-0.0436002369320544,-0.00439915855526397,0.00944381840643658,0.00494383664947613,-0.0100742998302578,-0.0268269561966043,-0.0180101096595415,-0.0946970293788864,-0.0184476826962031,-0.0215082104957676,-0.0272632729474766,-0.033081570198653,0.00854402875934521,0.0150538331472982,-0.0173977656530954,-0.0163376250169701,-0.0274399909897436
-0.000333962503449942,-0.0499347969940364,-0.0143598237134658,0.0414917710870853,-0.0915673622724354,-0.040475307839395,-0.0338742879239697,-0.0116948886021971,-0.027144171780714,-0.0467181941493075,-0.0460676499783735,-0.0448121749854407,-0.0165475005272476,-0.0181006251606203,0.0162741341831343,-0.0281902726627324,-0.0137258904437361,0.0258692913803352,-0.00774193479272683,0.0446113219867978,0.0300206854329689
0.0213110709758071,-0.0581416414571871,-0.0323603569111549,-0.0560885717890514,-0.06381349247544,0.0691823988429975,0.0740169746475168,-0.0220507371794155,-0.0228576157970386,0.00638951927508624,0.0219052576196875,-0.028603461408749,-0.0184876835718948,-0.0214678030673081,-0.0148648707354096,0.00335829450211064,-0.00587200057861612,-0.0232495356117,-0.0450261422968812,0.00299434582766575,-0.0128051807303841
-0.0237698808396,-0.0588181337447538,0.01135469951684,0.00375407847104148,-0.0366959837823516,-0.03401328204263,-0.0235289672458925,-0.0268856579998788,-0.0422945632099193,0.00617514202284028,-0.036607717639878,-0.0815220936530461,0.00918550266887636,0.0281967904093057,-0.0212310286029321,-0.0290992358680271,-0.0296638448565206,-0.00311531757835909,-0.0298557761211545,0.0144429876851084,0.0157921825963933
-0.00493238155839681,-0.0569621379492404,-0.00811469847519714,-0.0691543770997619,-0.0242409078930181,0.00807904681898564,-0.00412452893198287,-0.0263061284466898,-0.0295446714014,-0.0414238386086113,0.00505475507635408,-0.0773118014319127,-0.0267042290252034,-0.0235494990338826,-0.0188793295160953,-0.0366890008411149,0.0164478252291806,-0.0239271859737304,-0.121757261249883,0.000126475864323024,-0.00717358574486232
-0.0321435866469986,-0.0684972828613136,0.0607580378368098,-0.0871909842259558,-0.0485461676549568,0.00319563550985365,0.0208051117920297,-0.0201710177106503,0.000962308026115008,0.0479616213878958,-0.0230906306629755,-0.0565402003951551,-0.00547297448380599,-0.0135137315371305,0.00499203221657581,-0.0607171520783342,0.00642825810921255,-0.0305016019532718,-0.120777775686343,0.0169855165816487,0.0155882744031387
-0.00933961660024982,-0.0424885503295956,0.00253715483838438,-0.031907235626028,-0.102247699616484,0.00544683389742359,0.0062332899538502,0.00310849883713518,-0.0329018730270941,-0.0246890044963831,-0.0073255436798369,-0.068165807093426,0.0211180144622945,-0.00649752764992052,-0.0324681268400323,-0.0524171144797024,-0.0079319734502879,-0.0244541453274373,-0.0757490749700084,0.033663564397572,0.0330482642415227
-0.0188456960596104,-0.0395523676606875,0.0291412513201594,-0.0318169476407051,-0.0355281612001973,-0.0205682866360255,-0.0224031071288329,-0.00147225028548045,-0.0616447455290535,-0.010276179926952,-0.0476278563322056,-0.0376649883801933,0.0268322337547485,0.0121773988639206,0.0242739772567059,0.0111556544663969,-0.00740004717202464,-0.027257110946942,0.0167102318553031,0.0484574557064801,0.0519554974562404
-0.0116679984308184,0.0124421622991618,-0.022090740511758,-0.0267441636695739,-0.0592514412733273,0.00373734168624396,0.0499469993823894,-0.0025279732202106,-0.00694481456069317,-0.0463006254574906,-0.042964904877101,-0.0109877098434767,0.0552726126745597,0.0439806465768446,-0.00415458001494608,-0.0105892104882139,-0.023277158126125,0.000195783994890675,-0.102923792622615,0.0174990193009421,0.00164246102531635
-0.00891788712397689,0.00935140598176631,0.0359673989209343,0.0152329769106381,-0.0491352754164557,0.0240593492527198,0.0299242167082543,-0.0123509177894959,-0.0175395352067879,0.0611478499011237,-0.0462481279998512,-0.000693348224516943,-0.0280862581653153,-0.027451084060264,-0.0204739453640636,-0.0242464916491801,-0.0182786999924788,-0.113714859251039,0.00472253775405712,-0.0278714601644987,-0.0340243247451357
-0.00408071078799513,-0.039908209603339,-0.0476726018510188,-0.0605988922943322,-0.0493103436154513,-0.0260859174753801,-0.0137606721271546,-0.0260937882407196,-0.0421907082051955,0.0153087561516607,-0.036167906500118,0.00616420102585163,-0.0081887981526071,-0.0235783100760468,-0.0263245468216067,-0.0393807475279497,-0.00316960018689327,-0.0207498890511892,0.012780816843704,0.0221666137884248,0.0359970196399245
0.00892746333131496,-0.0118845782106263,0.0370939284633088,-0.090886761015572,0.00593453598033361,0.0392266106345882,0.0317207022193082,0.0092498362436948,-0.0789699224817134,-0.0340352197211411,-0.00131258678350396,-0.0550662402503151,0.0134066629828148,0.0163928976823048,-0.00517289979684737,-0.0320887589332137,-0.0567041163451665,-0.00738064797938462,-0.0335337345937754,0.0504761682436674,0.0522221204703616
-0.0175746029678057,-0.000794281005215919,-0.0260274595929391,-0.0166786474713473,0.0119360787657996,-0.00946924260234563,-0.00915056481410945,-0.0119396731170239,-0.0552209598795743,-0.0197831108932604,-0.0022359582699723,-0.00884235075426698,0.00795884984164963,0.000645518846686136,-0.0176117220469507,-0.0170524696674089,-0.0279606121541658,-0.00439583464441101,-0.0410829767682807,0.0241879222831736,0.00206692201945728
0.00766381086802271,-0.0509388439183677,-0.0565693895522381,-0.0206358990563885,-0.0640333028825439,-0.0207129844033738,-0.00646316912376752,-0.00588870001139219,-0.000649703844776084,-0.0107208434537981,-0.035639516156197,-0.016174915508118,0.00840705423204668,0.0130417743463083,-0.0054206316237909,-0.0478349117187206,0.0298524945795468,-0.0780071101239256,-0.0313652285602817,0.0199211564317843,0.0234900796197296
-0.0420655117374288,-0.0231346732268572,-0.0297322024636917,-0.0644317315766591,-0.0908608323940082,-0.0235752925427202,-0.0305644942722316,0.00435402462526544,-0.046703066745518,-0.0347557446762966,-0.0609589817334189,-0.0812689709601548,0.0110021446203227,0.025774339942273,-0.00106221315474621,-0.0264209688805782,0.0147411629345938,-0.00584425998058982,-0.0684622237848225,0.0394515147615886,0.0460205540201134
-0.0217256182093605,-0.0307388774061924,-0.0543900954580487,-0.0694389075397063,-0.0053485805888237,-0.00348760465940093,0.0301012606961975,-0.0150370568610661,-0.0697259144742955,-0.0403834762870872,0.0164184036439944,-0.0647635790012787,0.0282721590477795,0.0413148779310779,-0.0294915778404575,-0.0470581680997782,-0.00557574557041331,-0.0262714763928686,0.0144467613740715,0.0357741099578163,0.000309558112313001
0.00378285552200258,-0.0648770187317465,0.0210432381714836,-0.0448543486632857,-0.0456267106916099,0.0133414229704954,0.000702778693495283,0.000405418014746133,-0.061531616958868,0.00881094559429703,-0.0283567072386589,-0.118818407073086,0.00432798940847535,0.0147538346348736,-0.0457023150586314,-0.0362950426779865,-0.00766532189211422,-0.0202018863652434,-0.0358410883383177,-0.00892201036605076,0.0620537243267436
-0.00817771453118864,-0.0334397400239272,-0.0111854701887667,-0.0382267000173025,-0.0276747392158403,0.00968040597764758,0.00932931408592915,-0.00466034836287876,-0.0223352724981127,-0.00162112196676152,-0.0706610084502688,-0.0379216414048194,-0.0000315408210957852,-0.0134486199522815,-0.00647895467672307,-0.0366384408091273,0.0156586358866645,0.0210307112332586,-0.058721772597412,0.0205757691982615,0.00788494013698346
-0.0189127499939408,0.00300049303571293,-0.0378347309663439,0.037973213599162,-0.145807060644079,-0.00822114105611415,0.00785941074618971,0.00353400144111135,-0.0412464976618548,0.00877634712330569,-0.0480127542289151,-0.0266152049380968,0.0215328388767388,0.0297584524900516,0.023856863161292,-0.0379964057886431,0.0196958759422631,-0.107845246096726,-0.042997400489863,0.0367043189995639,0.0369437430215674
-0.0218047023789795,-0.0547688268663139,0.0160307450766388,-0.0630824376507395,-0.0601317708518773,0.0104868381722806,0.0117789183405026,-0.0161088053755301,-0.0142027633627903,-0.0422498761806233,-0.0704315113526874,-0.0641973094415756,-0.00290965370967372,-0.00432328193766381,-0.0230511573127263,-0.0326742402486133,-0.00338768495606448,0.0534386257197974,-0.0634307596847314,-0.0252239789439524,-0.0164234263907404
-0.00697600969672371,-0.047453653979157,0.0115488066966147,-0.0559186263648825,-0.0900594751094981,-0.0010790283001712,-0.0025669380839,-0.00847404567689491,-0.0565791332344292,0.0123958554401664,-0.0813714759588209,-0.0306478773868021,-0.00868418886081868,-0.0105711784200564,-0.0100991743268191,-0.0282101993691276,-0.0316353913868924,-0.101835097044149,-0.0347844793875136,0.0110363508740307,-0.000301051862468357
0.00844188340284371,-0.043248650304746,-0.017831813684451,-0.0420112137016282,-0.0277594902512426,0.0157624690310251,0.018005591603163,-0.0106541132412021,0.00263060123699034,-0.0328638884813423,-0.00596498234722231,-0.0622982114023427,0.0174929253653904,0.0298764117491208,-0.0578612530332945,-0.0269629919553265,-0.029279856897916,-0.0034133766721231,-0.0423716345566433,-0.0348043592926926,-0.0414952481927255
-0.00296062925044497,-0.0299462759006527,-0.0265564774142429,0.0240486545750138,-0.0492416196331206,0.00949888562790451,0.00741989436175672,-0.00312966120032607,-0.0363799017137233,-0.00920104319164462,-0.0285621736306774,-0.101636416958094,-0.0232213566698697,-0.0294612914788771,0.00227549419904152,-0.0228149250034436,-0.0485050814912347,0.0295521372019602,-0.0564075757957587,0.0129543963821691,0.0132503211591372
0.0224943491478244,-0.0485551484895167,-0.0200149434085593,-0.00866012256750742,-0.00241362828536207,0.0246714772866641,0.0160264881223299,0.00757241942418871,-0.0638458335225966,-0.031160556176503,0.0343862994979061,-0.0301647918199178,-0.000230785716238781,0.00373136694415721,0.0210406547617146,-0.0581867717854743,0.0169107505335028,-0.0350267696332918,-0.061772869839001,0.0308666592621759,0.014152230943788
-0.00807944233881993,-0.0343771221974288,0.0159197692914747,-0.0722569647852171,-0.0854362700188036,0.00131801137571597,-0.0072078559977453,-0.00749488829228166,-0.0595483739451381,-0.0388318361537875,-0.0667966063389351,-0.065902240809538,-0.0447085110521566,-0.0225961904904658,-0.0374793724523108,-0.0179483713609876,0.00191475799785795,-0.0190303444380441,-0.0133981957383189,-0.0220930238378466,-0.0189950960448929
-0.00214151195172865,-0.0354283693887346,-0.0121322306206776,-0.0668430157783527,-0.0275227026367147,0.0476203173427212,0.0468736127886573,-0.0243024362514893,-0.00336888326533363,-0.0288066498422628,-0.0519862845715489,-0.0517022440644971,-0.00272700492451926,-0.0000981926703500433,-0.00428458745271365,-0.0431135895692419,0.00103932410767568,-0.0301475577163807,-0.0120485782546002,0.0090122520230197,-0.00166115320901278
-0.0200652186578499,-0.0178933041413163,-0.034911845006531,-0.0126442707346883,0.00415816112810474,-0.0158326990030973,-0.0302685810581569,-0.0069353083039236,-0.0462989197887203,0.00373612287127256,-0.0498746811963107,-0.0792488891210482,0.029617271060562,0.0156609800005728,-0.0261487499200612,-0.0206247526724853,-0.00849942184333184,-0.00772118099606309,-0.0429788137752852,0.0127594772038216,0.010939512157615
-0.003600784170644,-0.016720718495054,0.00487143787347279,0.00233127520736748,-0.0346036264568239,0.00434141083842706,0.0142107697972545,-0.0302943395777008,-0.0852528558523398,-0.0160439043266556,-0.0227892258593476,-0.116492379300207,-0.0219819395472374,-0.0112757050668823,-0.0307631090382605,-0.0332211814688395,-0.0634131707788405,0.0115791147014199,-0.0306447351768852,-0.00225929618064381,-0.003871021683142
-0.010559041818695,-0.0201151093259669,-0.0430128131894656,-0.00033857675026247,-0.0102615655043309,0.0304881698509204,0.0384621189645303,0.0176917435662323,-0.013004862520243,-0.0222942879398136,-0.0239087578537845,-0.0298511854583187,0.0342631677478512,0.0231470393691792,-0.0146527947952742,-0.0351433800785013,-0.0392996206475069,-0.0173292453705543,-0.036777126935739,0.00376570335791266,-0.00236904053756747
0.0174226454066485,-0.0156642977077968,-0.0518738259643702,-0.0452895775888479,-0.0703811707564757,0.0390778591239525,0.0522379692925412,0.000601212064557988,-0.0176490685915102,0.0103307665439892,-0.0539160014486328,-0.0822687306848006,0.0325962573580495,0.0116194256411735,0.00355601800181848,-0.0448341170973353,-0.0505495055325688,0.0304636427442531,-0.0317228885489023,-0.00956345339483777,-0.00908734646190898
0.00380661529747298,-0.0604708236384616,0.0148948656461419,-0.0827109571923696,-0.0291072593400299,-0.00926988339936129,-0.0091505466676659,-0.026930096529968,-0.0367792118157073,-0.0458792683107836,-0.0343491221928735,-0.0794108549053831,0.010165889303988,0.00787086631909807,-0.0321999124529746,-0.0453692324127908,-0.00429014954931357,-0.00468582820907176,-0.0814285203144652,-0.00303712470478142,-0.0124435005228341
-0.00132987005987266,-0.0188642658891838,0.0534337126829953,0.000797072077050709,-0.0423907244101518,0.0064669886445269,0.00384430439810599,0.0175736994606894,-0.0542364823028349,-0.0382258438472163,-0.0728471426836613,-0.0631643709613194,0.0413630501795834,0.035500631536131,0.00581968872374711,-0.00770550717448934,-0.0314130056638232,-0.0527628341556411,-0.0163789798788249,0.0161435225124023,0.0133998168670389
-0.00867952826517385,-0.0143871053554564,0.037942697752759,-0.0297995529660234,-0.104773553902115,-0.0341840583971259,-0.0320083525097068,-0.00871753997598718,-0.0526445466090578,0.00100686120944717,-0.0704942084205897,-0.0208665072430933,0.00325155163110844,0.00050234408425464,-0.0274114715337114,-0.0275297778262332,-0.0349183716671645,-0.0309825892882735,-0.0472347143981593,0.00419238559348103,-0.0153282338978158
-0.0290966519967846,-0.0235357561331105,0.0124148328344988,-0.0179605741050369,-0.0490829230439432,0.00209503592067339,-0.00343028289480173,-0.0303164863500776,-0.00834837995871526,-0.0456882518926587,0.0176201378037699,-0.0756074394949654,-0.00390363935584977,0.00855186576053726,-0.0195542081073147,-0.0447344235704993,-0.0133302558824895,-0.0103265426736038,-0.0777542327350295,-0.0150577263605283,-0.0170312091759246
-0.00273363099605738,-0.054195825936899,0.0263425967816572,-0.0363617508477745,-0.0247030964777334,0.0136952435091311,0.0355370480065888,-0.00148807077742291,-0.0480968040445075,-0.0257433638350147,-0.0224916362724272,-0.0419448912067268,0.0100758284585263,0.0199132163025349,-0.0229375230259463,-0.0260999287653312,0.0219004275997798,-0.018048654441915,-0.0600286559202509,-0.0153894682658423,-0.0154787728998059
-0.0117450888672447,-0.0273352760471723,0.00145091920955202,-0.0638719405689716,-0.0091673754426107,0.000260276504420107,0.0169870620881323,-0.0157260978945538,-0.0548234830313038,0.0269332411584955,-0.0134273955699097,-0.100498092642345,0.0173628475948615,-0.0279038797032769,0.00463066138274195,-0.0411554283373827,-0.0178183284235079,0.0137125005212529,-0.0605528942070889,0.0125479424284601,-0.00363822598924788
0.020314288375173,-0.021529795549924,0.0375526335254825,-0.037275228054882,-0.033510481130411,0.0474786227421691,0.0379188607686739,-0.0126094412559923,-0.0579665700557275,-0.0110299842182777,-0.0177225679857514,-0.0620313084275733,-0.00646157950969098,0.00808870549678781,0.00786508350147352,0.00563630239233651,-0.0253054828728881,-0.0586457893029307,0.0367126376272674,-0.0136021290724378,-0.012021475393576
0.0247692824703296,-0.0381174463271946,-0.0134381809813672,-0.0233281249537337,-0.031733159958364,0.0397520900442933,0.0409561737015117,0.0136238916051446,-0.0328858617789326,-0.00754548409386685,-0.0647079327791107,-0.0118847506898072,0.00962797550882109,0.0151331359766693,-0.0157713589020778,0.00171019277049833,-0.00480191426478632,0.0176032875396403,-0.069185166552557,-0.0101749480855407,0.00198178606093195
-0.0223266784564415,-0.048400969384279,0.00441961684681369,-0.0365989205705466,-0.106364056792621,0.0165583212656954,0.017722770034015,-0.00372363240633927,-0.03021867574331,-0.00821484423056226,-0.0349031761639917,-0.0251029765735371,-0.00872146123728547,0.0117223480026025,-0.0306856619865488,-0.0434986907149486,0.0154995012781064,-0.0513292738577108,-0.0155546891916949,-0.0238277007614726,-0.0138608606702329
-0.00224510988014854,-0.0359110188009758,-0.00821019676488075,-0.0101465036288727,-0.0473271372637656,0.0364488839360453,0.0375923879999234,-0.0205402025915379,-0.0224318305798967,-0.0283802456851409,-0.0147165120452682,-0.0885893870496322,-0.0022751260756534,-0.00170245796793646,0.0249107582057125,-0.0167639427062418,0.01306083061772,-0.0102462127994973,-0.0867893390975343,0.0286305803556794,0.0311970088426575
0.0137836067193307,-0.0391798192301925,-0.000349936670724471,0.0276670126496112,-0.0946256723876527,0.0556252719571728,0.0427145810167417,-0.00493226513900698,-0.0699234968278245,0.041551102038739,0.0198568083082131,-0.0866413568280632,0.0296570302606603,0.0301990644670534,-0.0238028668930611,-0.0357618755650954,-0.0150901854502679,-0.0523693096644528,0.0211916694563816,-0.0379254460688865,-0.0361960185767895
0.0197942788216887,-0.0281921693012026,-0.0103562443935816,-0.0353517568761367,-0.0297663320570511,0.0122412897598375,0.00496914068417083,0.0165691710170843,-0.0523054960572218,-0.0107866174371262,-0.0334081704149108,-0.0590680159332668,0.0430136515568385,0.0420418407793783,-0.0149602390238284,-0.00477250203072602,-0.00113847274490626,-0.0139554958852995,-0.0576830470563547,-0.00480629691150048,0.0177418060629357
-0.0275080096706804,-0.0479664876554379,0.00594560393711449,-0.0224999040070065,-0.0287841712869337,-0.0021401932205559,-0.013263710197634,-0.0114873860792765,-0.0093790065766909,-0.0146457103949355,-0.0607526096081482,-0.0699724497944705,0.0201028094123336,0.0189899073958946,-0.0092399042237146,-0.0538307031554757,-0.0123814101720332,-0.0700384659563459,-0.00839071249436774,0.0059225690022065,-0.000720656347916605
0.0144286853462025,0.0324226695767319,-0.00142271333369029,-0.0345257014005098,-0.0936150732149357,0.0431957979658888,0.043119782736732,0.00647402539558213,-0.00528590064258469,-0.000321825790214308,0.00502810686329563,-0.00627062025281366,0.0251947609212383,0.0192591372343473,0.0044404929736466,-0.0534259139500776,-0.00659897178911693,-0.0233984104596587,-0.0260463690546776,0.0172321694824107,0.0179786351536011
-0.0048663747471436,-0.00219141710537941,-0.0470632822391172,-0.00207521233930755,-0.0232186672677776,-0.000510443119433698,0.0509490930637692,-0.00355213196758224,-0.00977446583626677,-0.0293178677480261,-0.00411734824573165,-0.0172660848090854,0.0244086244850242,0.0251708020250636,-0.0134905363888599,-0.0280309389451566,0.0470370016882942,-0.0308544553797325,-0.0900537528350729,0.00866731373070748,0.0220370889350617
0.00755959474130824,-0.0748516316127703,-0.0160869870075637,-0.066411841194835,-0.122232089518874,-0.00831211363809062,-0.00867865565416771,-0.0567311699049334,-0.0457584043768295,-0.00223517423341413,-0.0137425456016886,-0.0394979925601961,-0.0406906928537591,-0.0389202559953725,-0.0434692312557712,-0.0251632176667154,0.022529435311283,-0.0871803243590217,-0.0202939852533864,-0.00968588582713572,-0.0325740278157956
0.0168848581281428,-0.0765209955850441,0.0485588355198872,-0.0683253024508308,-0.0403941856175241,0.030667877811527,0.0300894160971297,0.0104191782231016,-0.03271909197608,-0.0518198949615468,-0.0232340486447912,-0.0634801939387486,0.0156436166547238,0.0215008402141978,-0.0144891889089249,-0.0497920145576142,-0.0411386926544174,0.0275651727499338,-0.0744252247076806,-0.00517571578744128,-0.000558763123026301
0.00106359768884303,-0.0246523834168614,-0.0768220962532039,-0.0217021773161959,-0.127238046010776,0.00402773794526338,0.00467883370341746,-0.0378849071566158,-0.0218009014850123,0.0163289033442576,-0.030689978474038,-0.0323585018469842,0.00981989507206711,0.00436253924220932,-0.0187787529203168,0.0101216401083443,-0.00345982891597164,-0.0243697842686071,0.0167343648149059,-0.00523248726037908,-0.00998477085613935
-0.0377196976980407,-0.0186872956742839,-0.00629595299884392,-0.00941376535290842,-0.0474026207508714,0.0159315283406344,0.0168746816430089,-0.0523957320944759,-0.00263137364808315,-0.0419594276558532,0.035294282397003,0.024096653353596,-0.0321037813290763,-0.00971271335836494,0.0152870684641826,-0.0418006186385426,0.0259012399567899,-0.0111567579003843,-0.00310262834291786,0.036666966901317,0.0357639704054521
-0.00258840093951351,-0.0440498574164865,0.000179330278598538,-0.0720185486954337,-0.0156073623832472,-0.00441422096096956,0.0100123125209313,-0.0153779402440453,0.00775537512537997,-0.00368960865459189,-0.0443370677552354,-0.0497471627402906,0.00893988649596395,0.00338050044714158,-0.0174648015465721,-0.0169305690344053,-0.043968744983047,0.0255281553848731,-0.0640278294707983,0.0215524242881893,0.0191048832373982
0.00360583130996525,-0.0389082541882469,0.00712914579286217,-0.0862312315813841,-0.0247640259183768,0.00216492089648711,-0.0110259115886816,0.00044165005923047,-0.00643093689074127,-0.0549530924926473,-0.0096796159112845,-0.0881096899633972,0.0281198299498158,0.0149254949161486,-0.0207663752623481,-0.0523745052973889,0.0262903520164748,-0.0785711056042541,-0.0295275564520472,-0.0288844225344958,-0.0285320495983377
-0.00182249079766635,-0.0547311595322939,-0.0226469986663796,-0.00293528841316379,-0.0500213557243556,0.0230590406843613,-0.00664387342823691,-0.0338215159281835,-0.0286355540793952,0.0221489081896361,-0.0757555689309284,-0.0263674477611829,0.0115296162568554,-0.0186512705614611,0.000783605893233716,-0.0586976557951556,-0.0545600221354257,-0.03114585510094,-0.0393333168918482,0.0558831178556781,0.05739728228186
-0.0250246691238992,-0.012777638125796,-0.0286592729253398,-0.0176211226336616,-0.0304278312887228,-0.00428243169377199,-0.00686844380049711,0.0061202846446711,-0.0343102200430628,-0.0175214668534558,-0.000587939710933266,-0.0594845206439976,0.0265477300497969,0.0380128470778867,0.00996027495639935,-0.0406252089134826,-0.00419715852161809,-0.0612201566930647,0.0217564894117847,0.0150083736017564,0.0126793299689268
-0.0164664777855885,0.000508337724471272,-0.000189494487842279,-0.103466456233636,-0.0473257817028652,-0.0105096079478369,-0.0229039786426596,-0.0178923522022099,-0.0609799283287552,-0.0350119467130564,-0.0732918259323568,-0.137251236197875,-0.00901091687803397,-0.00758080478978566,-0.00638560419315976,-0.042799355594306,0.0288804173319517,-0.021096012963927,-0.0693830581050185,0.0234294195663977,0.024529385211084
-0.0179965249126399,-0.0423862443665948,-0.0020699282051492,-0.0295078006127032,-0.0483895488274073,0.00205659287759021,0.0014283168198548,0.00714252283762892,-0.00843193983073714,0.00417517400177897,-0.0157069318030353,-0.049546826439565,0.0323945363342832,0.0171463106313666,-0.00822245437952857,-0.0630303452441473,0.0259707239383418,-0.00757081721358799,-0.0526399480955556,0.0269262269799332,0.0280665254760961
-0.0191673386645159,-0.00938722215930281,-0.0108163943903745,0.00765376705066345,-0.0306304056509731,-0.0157088803722535,-0.0160083862618122,-0.00319036077983193,-0.0335970862182087,-0.0293286565051518,-0.0308181248222379,-0.0140934316215248,-0.0174733143629152,-0.0147290953648467,-0.0107125044413676,-0.0629531590503982,0.0291723417882003,-0.00499574521603563,-0.0980100577234866,-0.0212649731420186,-0.0148266514006968
-0.00454152482959914,-0.0148987184440478,-0.0390212708709711,-0.0323972927377749,0.0109225140654157,-0.0191218775654671,-0.018488741555585,0.00780359988307073,-0.0704349382428997,0.00695387675847731,-0.0405774841804829,-0.0507880531431833,0.0373089880473048,0.058907842135883,0.0111189685174982,-0.0402445508797567,0.0236595422668316,-0.0589304453628727,-0.0575949158222164,0.0516627712446213,0.0461298802930238
-0.0053354063434108,-0.0484655524500268,0.0228764351830117,-0.0730192729268552,-0.0354806408698172,0.00247016949516995,-0.0012084120442916,-0.0162239545073023,0.0120001673948141,0.00867844868981107,-0.0284913795140724,-0.0490658278832949,-0.0235518556837744,-0.00246468166685531,0.0269524788022508,-0.0450753587510599,0.0187285321433332,0.0167421214918987,-0.0503635898288245,0.0293807643154744,0.0296552121126465
-0.00638792246463697,-0.00961008245160418,0.00558820291016679,0.00814314621253334,-0.0609823151255163,0.0483706816081841,0.0349303095506405,-0.0375068486823093,-0.027390966913699,0.00543879756226678,-0.0542695407199102,-0.0170317175342424,0.0128160289333861,0.0231924192380068,-0.0174039090406682,-0.0214187278680713,-0.00633383520612019,-0.0260455173276757,-0.0285865955282588,-0.0175954957092424,-0.0660438645854122
-0.0348665463336027,-0.0441332727102486,-0.0174250175965923,-0.0178492420316798,-0.0783212688685775,-0.00776844390793864,-0.00896958395650795,-0.0165575462383901,-0.025113922284499,-0.0147846668411431,-0.055442674474746,-0.0268686870480773,-0.00929789309794662,-0.00234712259460999,-0.0040463918883033,-0.0578375189015495,0.00218662554345737,-0.0331876817354886,-0.030922057216024,-0.00854522925918016,-0.0160592695133928
-0.0190206908800306,-0.0481391980957275,-0.00986416559186878,-0.0543406205936705,-0.0823403754858754,-0.0106688436135778,-0.00611815167100117,0.0189725027924631,-0.0385977087696576,-0.0616863953355638,0.0357402505861183,-0.017394485520803,0.0142162566953509,0.0195049357157613,-0.0185903102284358,-0.00885586753227356,-0.0274785431807955,0.0104314445356668,0.00824398895846157,0.00935894644920696,0.00760357984698688
-0.0140801009462214,-0.0641337586245334,0.0228543720609281,-0.0666189614475171,-0.0149571541709593,0.0160091952288094,0.0139800103736874,-0.0427415470155812,-0.0452365515612906,-0.0131046471671402,-0.0242547027510496,-0.0559611340904957,0.0148198750741668,0.0316285902985478,-0.00678458101967788,-0.0487868140933553,0.000191539733830848,-0.0325325813912863,0.0104599324220343,-0.0259055420603154,-0.0271912457498346
-0.0189075819614828,-0.0050585791203755,-0.0219146862056304,-0.0316760108735589,-0.0851629329073683,0.0172547333828127,0.00999599624749599,-0.0379575219071488,-0.0027026082492409,0.00942155540454903,-0.0323856815722287,-0.0655553460701594,-0.015123612745403,-0.0160861044119994,-0.00764670868581899,-0.0267294213310958,-0.0228918959099268,-0.00753523967190509,-0.0351114213389805,-0.0148708929452893,-0.00288591989440937
-0.0145456167293397,-0.0470453672167953,-0.0520614199326015,0.0141070722535948,-0.0647002770438098,0.000041538026439962,-0.022847962017227,-0.0355230533402179,-0.0689670080744105,-0.0567589227574796,-0.0722339498174588,-0.0364560945585144,-0.0339564523650094,-0.0401664274881042,0.0024610650015932,-0.0111349394546801,0.0112376796755511,-0.0133308713465481,-0.00411139608477412,-0.00564022965256679,-0.00656066206792425
-0.0257994704720973,0.0407676096693408,0.0227200765000191,-0.0189191797993049,-0.0419437716307184,-0.00792607569494971,-0.00814141127693624,-0.0299842178871855,-0.0170155498660476,0.0418670717789376,-0.0941557250720904,-0.0246836025958937,-0.00881458249471637,-0.0089416564431399,-0.0156183535676276,-0.0257761982343807,-0.00814355551593454,-0.0189288209365177,-0.029419883877383,0.0127554518465203,0.0366100000244705
-0.0126827082705248,-0.0208052444729518,0.00305616819127996,-0.0948500335952646,-0.048784132840796,0.0312868297085618,0.015676062444268,-0.0379235946378668,-0.0169970672372455,-0.00122423279087305,-0.024950533561832,-0.0381098801925302,0.0239333433704267,0.0239029053129369,-0.0254267849002133,-0.0226754918584123,-0.0266680403174242,-0.0151944338720036,-0.00557423686400921,-0.022569984545982,-0.0243554399628506
-0.0206651636819014,-0.0479501255619649,-0.0640297966322829,-0.00334587676752238,0.00236399337937132,0.0168198905243767,0.00564281321706457,-0.0286020081731225,-0.0467952751917631,-0.0646483860705872,0.0217179697035568,-0.0280733588021291,0.017016913203495,0.0138836367565749,-0.054526429661301,-0.04079132270203,0.0230794951263553,-0.0150414258495223,-0.061851024190472,-0.0499227380288839,-0.0469348482544418
-0.0106988145958106,-0.0294899426312175,-0.0175987747717545,-0.024038565382491,-0.0624030382412215,0.0165102420589902,0.0262409960411202,0.00638104519241051,-0.0195727521849261,-0.00863408800287577,-0.0455951126488852,-0.0543119846407213,0.00961026437577205,0.0284107091111369,0.00527908053324088,-0.0264205564183256,-0.0225370876711472,-0.0093337291716076,-0.0374301073074339,0.0315632748764947,0.032109735209136
-0.0406934299348264,-0.00824629492457608,-0.0472695050160373,-0.0440521332082666,-0.0434071314885497,0.014356742471297,-0.0063749847000374,-0.00621681409556636,-0.0355555394065652,-0.00036335066376017,-0.0463346932049526,-0.042984672507864,0.00898355243672525,-0.0162645436029754,-0.0128390425965447,-0.0459406699937298,-0.00566594121903932,-0.0146312121679005,-0.0931699278933888,0.00664470654555702,-0.00235867026250831
-0.0098135147279652,-0.00355587687918336,-0.0770268215134886,-0.0317141868134483,-0.030119953812715,0.000244679444849759,-0.00429249484388232,0.000362479575951383,-0.0436334604275935,0.00106364558014521,-0.0535339807783203,-0.0119653576938566,0.0266225455771392,0.0337777238915067,-0.0196504042081606,-0.0284937775755321,0.0121214450984845,-0.0598194353023887,0.000784532831192175,-0.0442538296353196,-0.0141376020038525
-0.029261994743053,0.020004849170591,-0.0170286194488283,-0.00156631093545356,-0.0565683549451252,0.0111952265545427,-0.00390353392767404,0.0131306600492871,-0.0380427913190736,-0.0759828740871821,-0.00790297535439113,-0.109309934664505,0.00385365588072805,0.00868548595691563,0.0129092255291255,-0.0415187338562458,0.0157005084862529,-0.0128731820136129,0.0068986530389214,-0.0142206026565679,-0.0146586317484014
-0.0279442410668848,-0.0238196581067207,0.0160670455810917,-0.0306900992572237,-0.036152876700091,-0.000346666005842482,-0.00118982031868671,-0.019059019981902,-0.0019527504478217,0.0202691960455581,-0.058386682409321,-0.0379649455876734,0.00611976783041739,0.00266359267756004,-0.0219332980483498,0.0323002979105999,0.0561294699943851,-0.015092608039275,-0.0292710389039225,-0.0194631783114794,-0.018970388337697
-0.0075982763953322,-0.0201823617923662,-0.0313726680427728,-0.0656723228317276,-0.041193702178427,0.0156422375697924,0.0293025443927569,-0.0367671331422715,-0.0197143568343755,-0.0277680709005948,-0.011114868025117,-0.00576414956914573,-0.0058568785855141,0.0312967341795798,0.0181015221515924,-0.0241916736977156,-0.0147654121220411,0.000221499526048413,-0.0227103558163438,0.0207897132588628,0.0210651101744422
0.00987646703953893,-0.00887442335106546,-0.0604990654417559,-0.00837299411229875,-0.0285033465419972,0.0367431203399571,0.0341830691021395,0.00301612810061175,-0.011210885133397,-0.0312920506972569,-0.0385068980918372,-0.0302115154968543,0.00934175324181408,0.00664124197087194,-0.0028330452388958,-0.0284894695920151,-0.00699009933803259,-0.033483245844959,-0.0353931178182414,0.00103060273361318,-0.0106445872530107
0.000102755948813836,-0.0157392568875211,-0.0354610411742344,-0.0500718371697363,-0.0272826710699072,0.00625780081974558,-0.014871338163615,-0.019704424739494,-0.0340073308526877,-0.015628199813139,-0.052649570888922,0.0121490416465588,-0.0228277705556595,-0.0298962438539212,-0.000641364581505335,-0.0448602208222446,-0.0466337435082814,-0.034464867602512,-0.0408802271555342,0.0230765995668848,0.0249734506664228
-0.00229501419544578,-0.0271708237203768,-0.049955680788284,-0.0379807883495278,-0.0633516901324854,0.0242828527475024,0.0218564074099313,0.000634093067064356,-0.03416674873462,-0.00792502652983509,-0.000286785588546723,-0.0897445644014165,0.0342390925825752,0.0300313482186733,-0.0263648694569021,-0.0207406054068935,0.0089407248282801,0.0172211642585199,-0.0869712140650231,0.00152482839430822,-0.00720349678521993
-0.00488704136901643,-0.00990602164168466,0.027495902940429,-0.0153177985678803,-0.0569571963605554,0.0708878591483291,0.0671429966798096,-0.0161331700892644,-0.060406175873261,-0.000923058679774547,-0.0753598659614424,-0.0209829074081154,0.00803434541658137,0.000292187548171445,-0.014909573817479,-0.034636300588116,-0.0111419693106554,-0.0592436121256203,-0.0172921145061243,0.0113987427531138,0.0138656968113381
-0.0290413381191815,-0.0502622557312566,-0.0121357661189772,0.0062806026129549,-0.0643398588393091,0.0179740236798208,0.0188518417128093,-0.00303625155630968,-0.0716396449649475,0.0190715790269633,-0.0118413982428788,-0.0199555463515202,0.00429024798952631,0.00893849678502157,0.0132731678360193,-0.00768521910203984,-0.0188703449931205,-0.00172970147477047,-0.0878737607981212,0.0405002518375089,0.0256758823532157
-0.0278074304243096,-0.0539197479507088,-0.0330718483821363,-0.0736969460219629,-0.0919283634287967,-0.0507062982608288,-0.0422299349632314,-0.0157269096850369,-0.00616238462966584,0.0362537453755396,-0.0142283571921494,-0.0266182389261649,0.0176564325255909,0.0159117395037438,-0.00969451295210613,0.00534717046307928,-0.0566337582147708,-0.0387872888946761,-0.0690492668390966,-0.0162611813740956,-0.0090879241166073
-0.00737714755789849,-0.000653181405877015,-0.000196029341479803,-0.0455446271647268,-0.0291797171335695,-0.00330281707706494,-0.00355417807931225,-0.0224156534769324,-0.0480659863795331,0.00257664116495945,-0.0421756885839219,-0.0478573345701037,0.00824215443700459,0.000636859995586589,-0.0148056851459909,-0.0262621507738867,0.00650959735816425,-0.0307466353841088,-0.0430714435185373,0.0395145326633288,0.04241100131366
0.00643652048470989,-0.0706549957797681,0.000972844922342897,0.0116214364219487,-0.0713939747825608,0.0183095811641705,0.0241949073404964,0.00265013055751834,-0.0561374425018436,-0.0409134563393291,-0.0379604346209352,-0.0575491490788861,0.0015320310513945,0.00461535190190217,-0.0267276116205338,-0.0786789531458518,0.00698171850757061,0.00257888494389794,-0.0404127772634919,-0.0524331950648884,-0.0165593317165352
-0.0208124272495258,-0.0418479597171062,-0.000399233727123111,-0.0649163468182954,-0.00657440991367958,0.00150535107666756,-0.0173376543628947,-0.0209117863839574,-0.0141175539056465,-0.0336822998386378,-0.0481801475747352,-0.0646843529206365,0.000369829470508044,0.00243302515550167,-0.0105936381776109,-0.00653038777735844,-0.0156971960495932,0.00269304837990286,-0.0311763320085046,0.00303303558733555,0.00219842982790906
0.00623374277048723,-0.0515642186430636,0.008566376233452,-0.0276855103947909,-0.0735243321859257,0.0117885357787236,0.0233554247774327,-0.0185248248919516,-0.022634309657677,-0.0186243829149123,-0.0406127299862364,-0.0120272394772512,-0.0184732771345326,-0.0193016386788398,-0.0219535745205078,-0.104702694179507,0.0718706308877597,-0.00967076300760297,-0.0213768563624897,-0.0104553987147119,-0.00902288240309456
-0.0153345337688843,-0.0525767435780438,-0.0139434494450472,-0.0171730121289417,-0.00919589397767839,0.0255636198987962,0.0255464010686666,-0.0492479566281506,0.0349873487814708,-0.0577242239339972,-0.0103228235342281,0.0193431293203595,0.00268701316330384,0.00206738918644259,-0.0006578404833643,-0.0388175356175015,-0.00296926607806385,-0.00436797148219623,-0.0230623277144699,0.020045028099805,0.0754824777233522
-0.0163385105513437,-0.0148480779616622,-0.0376306071506285,-0.0486588975330865,0.0106387370877157,0.0186489184018403,-0.0120447661333385,-0.00817466707805217,-0.0127373703376955,-0.00612960816851046,0.00878037197166331,0.0260423197424355,0.000574200187561505,0.010388157390849,0.0263311014043729,-0.0415539283801233,0.00881399136179453,0.0146176607105125,-0.0951557304009693,0.0638875879026198,0.0562357375012215
0.00987705555850439,-0.0117256206801555,-0.0240337692214259,-0.0687439530307564,-0.0434260080314012,0.0397971993559605,0.0441279546401417,-0.0324821108607746,-0.0296500653094453,-0.0344311444065644,-0.058451868773066,-0.0990530217712732,0.000483354202617012,0.0301197326799944,-0.00399353173427194,-0.0343508484873838,-0.00352790124988434,-0.0324249376185435,-0.107621653234191,0.0204121934128536,-0.00968356692152908
-0.0046688162223493,-0.025735922452571,0.0178662355933798,-0.00982115459322391,-0.0384729904750931,0.011607478766007,0.0445540389708417,0.0240847680178867,-0.0491463166226362,0.00692732821473258,-0.0654336606055666,-0.0324191831781019,0.0202207159854804,0.0369266600531527,-0.0196842827502461,-0.054947267207065,-0.0173900658553114,0.0198749928009102,0.00448728800254922,-0.0200121971831022,0.00523967036302645
-0.0241194565826213,-0.0327264946816777,-0.000748557127605853,0.0046712549814035,-0.0801630712100049,-0.0305227093858102,-0.000926578365319064,-0.0111878629837898,0.015064696426573,-0.0406767878943818,-0.016262525307112,-0.0489106850588052,0.0146187196179621,0.00587584657246282,-0.0234911681217419,-0.0319658129835378,-0.00306992873708056,0.0230752005742109,-0.0777343149723778,-0.0290179008666304,-0.0306488340770762
-0.00774298655776684,-0.00593908975894739,0.038917879791372,-0.0387014129811597,-0.0628821362651215,0.0259550814262501,0.010118991848951,-0.0168044334220434,-0.00618468725386828,-0.00425861146367887,-0.0236693090975567,-0.0215764485803664,-0.0390455929276193,-0.0437547235004993,0.00882796050828772,-0.0224231200720251,-0.0177835392084896,0.0242445286766756,-0.0386696066164534,-0.00959350330732498,-0.0110367396119179
-0.00394170273225815,-0.0282347030979898,-0.0239727391994729,-0.0432065012743839,-0.0850267059675142,0.0223267145360624,0.0252205317464909,-0.00818541499162351,-0.0741764101289705,-0.0172351166950586,-0.0850083841796137,-0.096526609922576,-0.0104838957173947,-0.0107632288515551,-0.000365526549280376,-0.0250968284180775,-0.0115926357199151,-0.0492634594471682,-0.0482833940687085,-0.0251899315177245,-0.0617196324009806
-0.00131035741010312,-0.0642214548251667,0.0544587772921959,-0.0131063165078888,-0.0391867526005642,-0.00481924554639951,-0.00868730597366248,-0.0222480788008221,-0.0510130846072738,0.0326364710659161,-0.0601012882348408,-0.03296763810143,-0.0237859651107612,-0.0221317814436685,-0.023009243258129,-0.0219138042080124,-0.0501898444586625,-0.0385154514923126,-0.026601102928506,-0.00304120733729505,0.00627315798571797
0.00526181055127358,-0.0618120298498065,-0.00930414538805982,-0.050270822715242,-0.0888683720412952,0.0365716553331688,0.0323420734553874,-0.0396290911632034,-0.057905410813252,-0.02351678078382,-0.0476936970195573,-0.06568317511078,0.0158705961807057,-0.0164472306270324,0.00313693000477208,-0.0806364397951323,-0.000155821008092444,-0.00903241594149176,-0.0893898309024264,0.00200004187809822,0.0151659942643163
-0.00116101707660559,-0.00743627154674883,0.00845921397247584,-0.0257211306850688,-0.0652045034561964,0.0170164005594198,0.00446051319348745,-0.0106943303651468,-0.0126799162140118,-0.024239800304766,-0.0507049043496192,-0.0405506601373339,-0.0138269966839599,0.000377485870077979,-0.0140428038987961,-0.0660670303352167,0.0190025024218165,-0.0427800773508444,-0.0976735016704325,-0.0265896125788873,-0.0239447232198281
0.0219575832114717,0.00752123867406179,-0.0237617208815522,-0.0392280986552624,0.0214419745664511,0.0344190964957982,0.0332861746313589,-0.0163518470281769,-0.0013196643508253,-0.0266967542737835,-0.0280632237040009,0.0104402367685544,-0.0257964578875493,-0.0265243992210353,-0.0159777206223898,0.0164464199848206,-0.0133376440572164,-0.0845389409823589,-0.0298523990566196,0.0665912657399022,0.0442299987749404
-0.00416027875201857,-0.0259769208717717,-0.0188166565584503,-0.087556003919097,-0.0743010794449127,0.0143574733895452,0.0134075452733058,-0.00585885836331732,-0.0354193530645165,0.0372392943146714,-0.0224576297175842,-0.0695719857817241,-0.0101445991565554,-0.00933373405674585,0.000879508979866717,-0.0375264504935219,-0.0119481672114044,0.00401059672299775,-0.0557374078922267,0.0146743700170364,0.0128167835385931
-0.0191655682282815,-0.0398427780431502,-0.0389200363724623,-0.00495109089414381,0.00121035135620134,-0.00474778062464452,-0.0106710323959098,-0.0167071202173509,0.0125972057489291,0.00940255242816965,0.00952461450732692,-0.0327577125938227,-0.00943587195029465,-0.00928246538636054,-0.0124056428220239,-0.0254189976612226,-0.00780432286009783,-0.0388390868050172,0.0107997783755447,-0.000222158588728899,0.00891911318428126
-0.0265997392997833,-0.0431827861254495,0.000905461408926611,-0.056692502516315,-0.0590017498945064,-0.0306846001270043,-0.0285745570057154,-0.0239286337050282,-0.0536452518069347,0.00288277750546911,0.0465246389609788,-0.0760851421558866,0.00305481424292705,0.009472130858764,0.00322151625066335,-0.0102628249479975,-0.00333790180697451,0.012182994364874,-0.0738757907106459,0.0234681457132036,0.037359561540706
-0.0286911596451913,0.000580564412912474,-0.0464412996040408,-0.00199002839000142,-0.0691622830092312,0.00330996698627404,0.0047369111043908,-0.00177172252841629,-0.026938973704635,0.0192837148415476,-0.0584251153079859,-0.0328278906357217,-0.00884103926731212,-0.0414165441701053,-0.0208715256995286,-0.0373530344884119,0.00816094210157124,0.024987270326607,-0.0338545516242153,-0.00944712466313402,-0.00817606610674477
-0.0182201652018327,-0.0295749280178471,0.0388542810778573,-0.0189755820721743,-0.00207432200006441,0.0119407488487937,-0.029024900191018,-0.00453889351624213,-0.0535909740369341,-0.0688995573244809,0.0121237779833559,-0.0691903111685286,0.0142435221507328,0.0137291903555665,-0.00249199365134027,-0.0397773571591782,-0.0360703340077524,0.0199905815508458,0.0287416204588927,0.0140545101588604,-0.000560360650138599
-0.0168578424503017,-0.031490764185549,-0.0485677448441632,-0.0969292533949777,-0.0540283933632708,-0.0132780513052724,0.0066520500632652,-0.00841145901484218,-0.0484030557629251,-0.0376917401828006,-0.0703540317855249,0.00991296584601764,-0.0249822787662831,-0.0119531001097595,-0.00561996818893069,-0.00133233886732512,-0.00397304315568786,-0.0232345113876843,-0.00760391190019105,0.0443890625350866,0.0545251308045618
-0.0228323083184704,-0.0249062463924422,-0.00362373025080776,-0.0203719320286451,-0.111928662458315,-0.0256115881242399,-0.0342702826559173,-0.0112414968055339,-0.0172237779558486,-0.0347798562833018,-0.0409765581178324,-0.0232474152870187,0.000845566376648933,0.0039102872608103,-0.0195395199142776,-0.0452049734308614,-0.059032323932783,0.0157574072040096,-0.0615542730355655,-0.0069182875450052,0.000163369648362208
0.0111906626029137,0.0184986074420273,-0.00914456441108463,-0.00917222306632154,-0.0778573696850743,0.0516652100212597,0.0494589170459702,-0.00883927800516437,-0.0487965600718125,-0.00958212624206159,0.0127861651834027,-0.0476262019719457,-0.0180342909618569,-0.0209615783206664,-0.0168166890137289,-0.050021299895606,0.0342935820210989,0.0331462818721705,-0.0386949927041138,0.00931580160049696,0.00852581142700943
-0.0164487939692734,-0.0361530426276699,0.0608167817585056,-0.0931039624479523,-0.0503997385552406,-0.0109240664187963,-0.00452128624224204,-0.0181312721469162,0.0381881003029581,0.00689911456603476,-0.085542115412035,-0.0744508181586983,-0.00830689938737266,-0.0111555604132426,0.0207061975284207,-0.0256673839021516,0.00238584876174919,0.0238788084587215,-0.00580308266482299,0.0227872540436379,0.0233992348054764
0.0131111122654524,0.00418005151050342,-0.0141963349471381,-0.035974327591737,-0.0798629989518148,0.019993831103599,0.0316605236029631,-0.0253175854896274,0.00690386837353649,-0.0244932095339112,-0.0813835842436131,-0.0310304949437291,-0.0129150366481456,-0.0010271525302275,0.027952297517378,-0.0178498715339632,-0.0204234163236394,0.0406774623320911,-0.0639559870926377,0.0070235875795076,0.011347604593111
-0.0000713203033697388,-0.0546568965204473,-0.0448973360247017,-0.00101121968619539,-0.00508505629800166,0.00628907102738836,0.00252992134659759,-0.00393063210090605,-0.0313217453676617,0.0174004873385875,0.0120022902437572,-0.0682679026391776,0.00796681238624827,0.0161240074709759,-0.0194591112035991,-0.0201777466399509,-0.029404175284711,-0.0293029196079198,-0.0296246006128169,-0.027587086405181,-0.0379329283540302
-0.00952440084479431,-0.0223968729896307,0.00458041665832551,-0.0180020603674235,-0.0156788477343647,-0.014669854308914,-0.00781165732768163,-0.0323990473783307,-0.0161898396149943,-0.0101734163557557,-0.0473692096528249,-0.0522573665524804,-0.0459414034052534,-0.0466034604575132,0.00203011509712715,-0.0581722850781707,-0.042234393042826,-0.00150182422208048,-0.0381920153031911,-0.00988225607984518,-0.00578655105647532
-0.00877582578353597,-0.0662252661135417,-0.00787541658583243,-0.0494954749147686,-0.0438992987084297,0.0154279440707468,0.0175748899986845,0.0129839905753121,-0.0437332203656761,-0.0037498507806655,-0.0713137771138914,-0.0615170646514968,0.0210053899327737,0.00204468529112371,0.0139134075210462,-0.0357229032229541,-0.0276086265302608,-0.0339870901528186,0.00224054319297179,-0.00911749846528412,0.00881075212653527
-0.00604419164347269,-0.0261675441764341,-0.0111873098656017,0.0103410640426666,0.010385306608146,0.00306627274167902,-0.00191104785316992,0.0119318333504243,-0.0510615089111889,-0.0571404472273068,-0.0643041931301741,-0.100082858129956,0.0130601797277032,0.0259066902424279,0.0182675132899445,-0.0431656077877857,-0.0491460815671253,0.0516362812000955,-0.0250912497483504,0.0416111699651901,0.061153804906513
-0.019302942399287,-0.0142285004319753,0.00461695266203881,-0.0442744149490916,-0.046405827759632,-0.0335194509088691,-0.0425696556900547,-0.00811627434366794,-0.0571876847944399,-0.0201717484172943,-0.0517893473200621,-0.0254756125663814,0.0233532467511837,0.0215287694801541,-0.0259710194057957,-0.0396984664988288,0.0157783381564849,-0.00972993719522072,-0.0662769128714779,-0.00453622742582672,-0.0134983398582605
-0.00744432169686882,-0.0824311815852951,0.00400393546987135,-0.0210265113491588,-0.0433007502590518,-0.00260107909739637,0.0124469669845204,-0.00660467030838017,-0.0640108843976651,0.015345120995004,-0.0638650100951687,-0.063342578511143,0.0177807622079161,0.0186731774332071,-0.0183871888441224,-0.0453541561326111,0.00344562711633424,-0.0223632049908438,0.00190266843609954,0.00435754346103367,0.00733806375216575
-0.00452874420487472,0.00215748247057528,-0.0806815895165912,0.0633920116769159,-0.0482011384894056,0.0249799948317207,0.0305068204347812,-0.0327970580480779,-0.0215017646974416,-0.00508686119141386,-0.00450153564843914,-0.0698329772834281,-0.0257247564918248,-0.00972410298049121,-0.0286765844326046,-0.0398324500879745,0.000786249122080585,0.00660441436724843,-0.0135131508101197,-0.0277814073636657,-0.0386137724446553
-0.0139571085096838,-0.0170596341850501,-0.0542217751264309,-0.0308185735426683,-0.0468639020822748,0.0189308100521203,0.00606387348328167,0.00391758966341837,-0.0335080886828894,-0.0270009281589941,-0.0133157794316474,-0.0809423333570878,0.0427798561572622,0.0576123022866135,0.0192479791446684,-0.0424681350862459,-0.0222154142925591,0.0104041458412294,0.0230154235111302,0.0409050361048859,0.0239701147520104
-0.00244944666498099,0.000371073007177217,0.0261704854570841,-0.0764336871955538,-0.106494023352424,0.00946246886735998,0.00882280519233392,-0.0465309710131373,-0.0047779154616109,-0.0610400251002457,-0.00258778142921781,-0.0687531453489021,-0.0168006538453174,-0.0212289098841389,0.0184889530273989,-0.036518300008262,-0.00802344172865047,-0.00768868044203064,-0.038232328836918,-0.003040329436686,-0.00285076622810292
0.00142418274169351,0.000655243684318657,0.00201207653427199,-0.0514953782278454,-0.0137940373637394,0.0471538364583019,0.0406792119288675,-0.0249141146197525,-0.0793428701336867,0.0651816689764839,-0.0144451752366658,-0.0339097534123906,-0.027399083835269,-0.0261305199899636,-0.0375007729254974,-0.104249446856505,0.0325089429516449,-0.0527148124142078,-0.0900420432585152,-0.0297925122354294,-0.00839891854950575
0.0221871250343699,0.00280777319596955,-0.0158071138544298,-0.0484948276226728,-0.0152305276043194,0.0455352239763897,0.0469855942828003,-0.010337422475881,-0.0565593576217949,0.0183185340188025,-0.0173578326442258,-0.0708219219658021,-0.0182136331141215,-0.0210536574501155,-0.0175396209485896,-0.0169280726316826,0.0214679102510159,-0.0305017262706124,0.00420752229585747,0.00538932288716897,0.0195410629202317
-0.0130661559894261,-0.040120590743754,-0.0249783230524397,-0.0438988870612673,-0.0149150694648925,0.0157828409850849,0.019325098499729,-0.0145166346757142,-0.0386804286124543,0.0124177370573057,-0.0119675508099396,-0.0556139310082457,0.0146134375096805,0.00558960440016718,-0.01478016355034,-0.0417978206892255,-0.0170508622572017,-0.0487743497529324,0.0373567542099342,0.0129020781379869,0.0214721889510631
-0.0129512099655472,-0.0572777271763541,-0.0194323743132425,-0.0142699456694211,-0.0347257064891166,0.0152191642495688,-0.0123416433926999,-0.0152164748370908,0.0117202452434973,-0.0150310202289308,-0.035671341599412,-0.000813630520292763,-0.000742541315170236,-0.00167326128371778,-0.00125842366973671,-0.0409459426051488,-0.0263970698239318,0.00921684503766668,-0.00852277765515924,0.000953302745298215,0.0323595573203574
-0.0161195438169688,-0.0486934142283858,0.0434205775420429,0.0271939558586914,-0.101389375729856,-0.00350390502853806,0.0109902863177432,-0.00689593057287725,-0.0599090144746452,0.0627431912710879,-0.0588404608444238,-0.0641767947961007,-0.00149282983040475,0.0264487547813156,-0.0555026560535724,-0.0182128210380799,-0.0811646184414818,0.040149603525314,-0.0413736650911206,-0.0133820489565192,0.0371460204149259
-0.000249802491602016,-0.0553574165959026,-0.0229907700760502,-0.0242151306860778,0.0279903578247147,0.00393644109554422,-0.0185520473435477,-0.0174540754472938,-0.00701530022672081,-0.00527149040367181,-0.0164569708013344,-0.0657511832570812,-0.000268103287193858,0.0233494704781763,0.000413875146171853,-0.044821364991785,-0.0178659740233306,0.0000225377472669042,-0.0687134899027194,0.0154334342079296,-0.000841686359095838
0.00552428757921085,-0.056466811818032,0.0281342704176131,-0.0661006220224034,-0.106257213304139,0.050169836499811,0.0233156966609708,-0.0279469767003554,-0.000609504351246765,-0.0157856415041964,-0.0834935944568835,-0.0869642823164053,0.0303658295549964,0.00737169746502085,-0.0254406101559153,-0.0664729956275337,0.0305785456399675,-0.0100365396490633,-0.038710515660878,-0.0239304201490272,-0.0243063974523008
0.0113237163583434,-0.0210407357999764,-0.0208235523217839,-0.0174500242328202,-0.0468197083376443,0.0267377198042063,0.0188672015018018,-0.0158048734964497,-0.0738146687639529,-0.00186781033620015,-0.0816899373239844,-0.043090003330518,-0.0194732335635317,-0.0202871660804703,0.00354544393729388,-0.00712254341557732,-0.0195637320908476,0.00919595249425148,-0.0397900891196478,0.014014078250228,0.0172806985103045
-0.013956206690733,-0.0348721552228857,0.00439281107718895,-0.026043449866458,0.000878876484303237,0.00467888558613497,0.00730306128027293,-0.0101848320539828,-0.0199939879880164,-0.0509073875035718,0.0500165420200368,-0.0159333336922596,0.0137327732850014,0.0264455097666849,-0.0374989498828187,-0.0346513243899507,-0.0374125955685222,-0.0162772612152886,-0.0268593650179682,-0.000555988947431758,-0.0110757614603779
-0.0334840838205129,-0.0125530779430935,0.0000528019277475922,-0.00849851338416066,-0.0316260196215232,-0.00543084295567696,-0.0238299994734818,-0.00459249512731839,-0.0497874432277814,-0.00186452807238324,-0.00846285516626832,-0.0610446145008699,0.0214715624007589,0.0251710984713943,-0.00575251323630246,-0.0419737929909068,0.0295888460003932,-0.0253392206155946,-0.0504674195478973,0.0220655582047357,0.0144969396251921
-0.00314045161396018,-0.0603763112436369,-0.0291340259983229,-0.0427990530888697,0.0154156304794176,0.0230669782121349,0.011312340297412,-0.00724142350096778,-0.0126691617582407,-0.00860924038953884,-0.031072191764587,-0.0652992190213968,0.00149802981567844,0.0173146252779781,0.00459385514779567,-0.068992693332917,0.00891315878280721,0.00761377444222813,-0.0436763672298134,-0.00597716073777064,0.00850389370242206
-0.00864492992283959,-0.0439842252328954,-0.0174702545096764,-0.0662444045957937,-0.050388617222864,0.0132601748370248,0.0215055579323215,-0.0207945931179372,-0.0170256436939843,0.0165649756184067,-0.0705276395002396,-0.0655373881327706,0.00448109762607635,0.00932347499319547,-0.0180207596793962,-0.0661283032279474,-0.0478068360700036,0.000658454984637069,-0.0255220176360476,0.0274345107107089,0.0138546754790508
-0.0181203364532183,0.00432125669792273,-0.0342916544610628,-0.0191212164507156,-0.0213501301424162,-0.00234863308721435,-0.00682653533014115,-0.00280864661898276,-0.0288761267143633,0.00400464345991894,-0.0125965359030109,-0.0605355082217879,0.019553047316317,0.0254778519537341,-0.0317426345324129,-0.0277972030224963,-0.0116225576023318,-0.0108038235118402,-0.0286476020224566,0.000193134224284845,0.00507444483166155
-0.0178109347113774,-0.058109670026097,-0.0500929910004111,-0.137480764984178,-0.0655292184993729,0.0163754579856364,0.0066160205396715,-0.0187501648026603,-0.0383490965869918,-0.026334737583773,-0.0705563790929841,-0.0134739505471653,0.0368203703182173,0.0429005063679807,0.0215709984498215,-0.0323486719734535,0.0325371808847426,0.0187540815387195,-0.0800868692904477,0.0437123534599094,0.0437123534599094
0.0548326399062148,0.0160178324203889,-0.00223959899600218,-0.0172407950898973,-0.00712565590790898,0.0660856509699674,0.0641864500828064,-0.0277515630583753,-0.0447944463238753,-0.0416926390175483,-0.0105105009885775,-0.093496197042454,0.00701711357605903,0.0185887084020594,-0.00030344264808968,-0.0324993607400418,-0.0299418647787965,-0.0260661092206796,-0.00135040482246657,0.0287266168167338,0.0288614617034336
-0.0103629464446985,-0.00486106777502421,0.0592811766809166,-0.0319565841145007,-0.0703091137039592,-0.0177121267384046,-0.0127519127537755,-0.0060645002710923,-0.0598975042314597,-0.0126387045049713,-0.0641870832120961,0.00160934322530748,-0.0230709487911132,-0.024090723940368,-0.00221504899445731,-0.0820743929330686,-0.00316903146847763,-0.0290590423040057,-0.0656879311648367,0.0676396396103932,0.0481705654277647
-0.0543515582469136,-0.00324688894980442,-0.0472539750944185,-0.0217346131092742,-0.05838309667729,-0.0394627135379657,-0.0395291416458024,-0.00696790186904848,-0.0123293274538953,-0.0197364026227237,-0.0349988555514056,-0.0374390553074088,-0.0116498200944422,-0.0100253427246368,-0.0230864174182057,-0.0416583446103609,-0.017656567390545,-0.0368447962806664,0.00633556633361798,-0.00733071028648666,-0.00829270373458733
-0.00293685544092012,-0.0147948354336665,0.0223461667555489,0.0171024700919588,-0.00423463396028118,0.017994386203814,0.00758831300679148,0.0147336176303942,-0.0434671846452913,-0.00281315346828176,-0.0819112474302731,-0.035499927600752,0.0239911162100345,0.0212608875615235,-0.017867407869084,-0.0477437503056846,0.00236218012223909,-0.00154277552389004,-0.0730857203960318,-0.0360343465636045,-0.0360936317560774
-0.00751618363526482,-0.0220422890570001,-0.0624166541521174,-0.0282377799684362,-0.0405420561639561,0.0392628726219406,0.0412552879168873,-0.0263367323950541,-0.082244859667993,0.0162228595974148,-0.0373933730350912,-0.0576355040835244,-0.027507879185353,-0.0229239679619305,-0.0235327834453631,-0.00130961874303252,-0.0261145453130937,0.00262623696933631,-0.0639685969570069,-0.0014841036485074,-0.00215177958825397
0.00827935959462651,-0.0510457588168128,-0.00449738304816316,0.0056330280489241,-0.0576632412012351,0.00852904012904578,0.00783753518257371,-0.00133690512382487,-0.0254088272623507,-0.00621566522856964,-0.064793253926652,-0.0113152937373618,0.0246086179336535,0.0200044399618068,-0.0117602406883728,-0.0554101960002481,0.00346691584029057,-0.0248965883439713,-0.0840567166388554,-0.0102847473294797,-0.011002197449801
-0.0172058340846938,-0.0297393077463505,0.0062265857091027,-0.0196328505822861,-0.0731010023333474,0.00740685176629852,-0.000900559078689148,-0.019185919247103,-0.00788403431906759,-0.0185540602193234,-0.0402203029430966,-0.0558267702065083,-0.0103414977972889,-0.00297704564647717,-0.0542336415079321,0.013210773336411,-0.0418470747316202,0.000675701438403065,-0.0485714092972983,-0.0342489926068406,-0.0283312987952381
-0.0083493853109249,-0.0174385647512085,-0.0776810652105795,-0.0108353366163905,-0.0491022794831936,0.00744557153094333,0.0288541393496046,-0.00770545982772539,-0.0608868026852194,0.0217900135176387,0.00217818771060033,-0.0501133262131891,0.0112088793893168,0.00191380157546281,-0.0354624455683413,-0.0445876848086341,-0.00368311284681196,-0.0097971802132753,-0.0519606364531845,-0.0306582683105934,-0.0202030141927936
-0.00959224289539362,-0.050446005148835,-0.064755071086671,-0.00501933304274862,-0.0790896674074029,0.0192173828714442,0.0174752452771451,0.0219074910542323,-0.0163515310194478,-0.0117970356421132,-0.0586463459041968,-0.112889366566924,0.0252161896958874,0.0314326661530564,-0.00495542487316166,-0.00279604318216357,-0.0117328537998543,-0.0265862306233922,-0.0660098050716685,0.0211276528616343,0.032936297589428
-0.00920938859200622,-0.0709136463063149,-0.0287206085155988,-0.0616561139417896,-0.034569062826086,0.00529301349510125,-0.00143986260274429,-0.0280470323823761,-0.0486220746866787,-0.0337426235607388,-0.00664889520369741,-0.0145087427653082,-0.015790144529198,-0.0171258584520732,-0.0067327774027444,0.00531033953218873,0.0116433129867098,-0.0298036783210741,-0.021422038542054,0.0000991977399240687,-0.0020404183392326
-0.0285472354466921,-0.0344042965308643,-0.0107417741905347,-0.0304710975701073,-0.00689594048552306,-0.00251589378663524,-0.0122209048864706,0.0042020550928905,-0.0404046018723766,-0.03787959178827,0.0396795445773957,-0.141498567756044,0.0307162692017852,0.0615148325296247,-0.00335320421309628,-0.0336400720024265,0.00546130262335698,-0.00923768225566374,-0.0672114052623778,-0.0180313841105112,-0.00486405330066143
0.000696559730452649,-0.0316601796331829,0.0479415117546058,0.0248156985559848,-0.0682826739489518,-0.0113766746442921,-0.00701653476396429,-0.0332523697704462,-0.0742325893952456,-0.0283422539647217,-0.00364097572289099,-0.0151082467006606,0.00484686451863378,0.000995776263901085,-0.0181115504755482,-0.0472741597015044,-0.0491896254921359,-0.00638062530463387,-0.124427020385082,0.000146091667049472,0.016888311399759
-0.0381298143050888,-0.0246067679103124,-0.0572681027565188,0.0150074787906947,-0.0153534337537821,0.00514293828043728,-0.0119618298324484,-0.0389871929832968,-0.00396555560566707,-0.0545291697883688,-0.036962608385653,-0.0590192677311172,-0.0444420206303502,-0.0371479964976957,0.0122217490194933,0.0108623651306006,-0.00544294046452025,0.00808465463924127,-0.049499262526913,0.0612974461409909,0.04027396782974
-0.0190511778300975,-0.0354401086200206,-0.0120945024878492,-0.0129428513134026,-0.0532826628582121,-0.0212483356279851,0.0268292018989738,-0.0294654739992268,-0.0440418082098866,-0.00556688541755902,-0.0140310541597673,-0.0854673350453351,-0.0412664493369495,-0.0572524277983211,-0.0191101660782098,-0.0273643484941097,-0.048907130556977,-0.0208523176212062,-0.0323544668308486,-0.0187944678510181,-0.0153489925501311
-0.0150083725697466,-0.0392600591231097,-0.0155779855814158,-0.0425394806644375,-0.0558330580421694,-0.00700417025990454,-0.00792374959478425,0.00709446929413348,-0.0343853998541168,-0.00947079311536578,-0.035499437818005,0.0312647048421741,0.0132668032121766,0.0373797989205883,-0.0186363170696074,-0.0321680462861563,0.00918300479358622,-0.0211099224608216,-0.046910638358795,-0.0154810304397858,-0.0186128501242427
-0.00192676145060958,-0.0300250017332964,-0.0333927296314964,-0.0263382050406755,0.00965132728884532,-0.0416806611201073,0.0341346503376814,-0.0180866429483681,-0.0596870660444025,-0.0250354231737381,-0.0322778440411171,-0.0634570939086225,0.00774771602847802,-0.00840655971235701,-0.0187403278215937,-0.0485811537631595,-0.00433734798520877,0.0407761801507169,-0.048727751107141,0.00434481322370982,0.00858669290629721
-0.0135120793812236,-0.0145001182578058,0.0268406302105612,-0.0474918971969535,-0.0548638101491246,-0.00367897008282413,0.00115711383190178,-0.0205238134835732,-0.0798656165814175,-0.00477663705925682,0.0130555616645064,-0.100770095237916,-0.000638904238440218,-0.00443935004562213,0.00779223380624448,-0.0507806477822015,0.0295418877965559,-0.03377096634268,-0.098594063853204,-0.0226023108577158,-0.0183299005419128
0.00139761008424503,-0.00187068057733428,-0.0717528774004964,-0.0182227792162144,0.012869672146113,0.0244427541053831,0.0180869145335716,-0.0443256437093312,0.0132995427069813,-0.0234804027808063,-0.00827938723528238,-0.0289205825239284,-0.0377287293969764,-0.0247111202960511,0.0121730547742749,-0.0572940024323893,0.0392230328323584,-0.0313396072883903,-0.0850243775547325,0.00610265689460246,0.00301728124775951
-0.0173649536377009,0.00542290855858127,-0.0407098541816767,-0.0107466719424923,0.00905541514244995,0.0066541368764047,0.0301850140562327,-0.0244725238643098,-0.0235986703060108,0.0648182102177868,-0.0300868298728615,-0.0604310585561441,-0.02036868358554,-0.0205964335689101,0.00424942852507946,-0.0185597469047994,-0.00561665457035615,-0.0691966656805516,-0.0367033725142359,0.0427090313540366,0.022474214637595
0.0147955197169524,-0.0355802546580993,0.00155140012420255,-0.0124484560128937,-0.0436369708203891,0.028819860509798,0.030042070791323,-0.00296760344195492,0.00298122532409011,-0.00875162604797675,-0.0643587870201768,-0.0383489782095126,0.0254742112555979,0.0197108035251469,0.015214803378878,-0.0061290922242596,0.0142710296020753,-0.0319919349168143,-0.0258530629397845,0.0253213321311227,0.00619025288570013
-0.0291152910400224,-0.0609697656938934,-0.040479130101981,-0.042053405712218,-0.0697709268343751,-0.0193527314934872,-0.0191761594044442,0.00868839231400242,-0.0500622601609275,-0.00998712121143822,-0.0112370040433387,-0.0413480410235941,0.000632952320502429,0.00278079761858324,-0.00643250591734938,-0.0321405170328545,-0.0362550209786288,-0.0196536752762322,0.00356725490582532,0.00138361901318977,0.00334975439920895
-0.000768701138105198,0.00306885130918018,-0.0136490263427309,-0.0342070099045099,-0.031231512665336,0.0259194275187328,0.0295533130896374,0.00130660236686464,-0.0585065778019309,-0.0294615646239543,0.020705726530867,-0.0400408997769253,0.000145668671241155,0.0151356191534899,-0.01787103848542,-0.0640159811599818,0.0099750774147149,-0.018455290046795,-0.0320905282317244,-0.0347157037559092,-0.00614335062333692
0.0249460061305403,-0.0497738526547419,-0.0105797677861529,-0.0439271081097404,-0.0269185505711939,0.0287109303713704,0.0304548590604025,0.00163184820084221,0.00523502391348139,-0.0117054401521433,-0.02280639462597,-0.0336578860055032,0.045949643634384,0.0612933360581263,-0.02630035432215,0.00772175767000068,-0.00690711755233109,-0.0822490002179016,0.0289736589039504,-0.0327306442734359,-0.0263666458167435
-0.00333350433009624,-0.0339445114907692,-0.061450352914746,-0.00236101342038855,-0.0164290974493402,0.00932385737594079,-0.00636315189471572,-0.00498660414842579,-0.0657550420744729,-0.0193039378621029,0.0245194209689708,-0.05848128813607,0.00794850248445226,0.0292799257225132,-0.00811692016125055,-0.00772186245092928,-0.0186042508085623,-0.0108773098337168,-0.113146313361491,0.0496299758417699,0.0495519185430821
-0.019631862205209,-0.0354946038905919,-0.0297432776212348,-0.0011824893207385,-0.0890642614137693,-0.0310649456440659,-0.0435548627901198,-0.00491247131178115,-0.0190668508363282,-0.00618741316332594,-0.0740921278320042,-0.0486596840972289,0.0239104489670476,0.00966285721299588,0.0098688419029559,-0.0196670747129971,0.041431181653146,0.0149990481659564,-0.0466374750856772,0.0328354104976514,0.0450383701534711
-0.0160595651801347,-0.0374838963796883,-0.00139252304557738,-0.0183896190281765,-0.0112355077529534,0.00421930785320098,-0.00352287492742574,-0.0279754083494956,-0.017178530121588,-0.0476361133118385,-0.0350402369988082,-0.0381874815519499,0.0237613365915193,0.0251312558757286,-0.0255354712496628,-0.0601497251598645,0.0263975004287511,-0.0194199945231213,-0.0629036235722536,-0.0230385317416048,0.00198004511505034
-0.0456917777159078,0.0240005541706921,-0.0203858710101892,-0.0851550503639457,-0.0641211787642303,-0.0107517408128093,-0.0567982026676883,0.000527190204276301,-0.0340681954285165,-0.00348748872966342,-0.0803332726243005,-0.0661141233684929,0.0149166616828858,0.00695806639542255,-0.00910132790128793,-0.0380539153464475,-0.0422000915234431,0.0194077965838643,0.0241523803091931,0.0135835373642041,0.0111127031898287
-0.0117390335351335,-0.0483642405738784,0.00284127343748286,-0.0319671788674777,-0.112791786757838,0.00552643510966065,-0.00013931437056619,-0.0353342157646073,-0.0498523427486571,-0.00634728192867118,-0.016548529419349,-0.0923857724536453,0.00518172938724486,-0.00315809614355619,-0.0232873357664569,-0.00964467130246313,-0.0183025852493629,-0.0194422623160324,-0.00916071508490163,0.0303164951696771,0.00130035635036502
0.00373592241122989,-0.0240280832481472,-0.0409896538552629,0.00627619334972257,-0.0675125458806405,0.00583525095205419,0.00606615948128056,-0.0053002038760506,-0.0419482436861328,-0.00335881994229825,-0.0546344164616629,-0.0330665565610292,0.00783635656957617,-0.00656666976555409,-0.0264870670841033,-0.00532358367993974,0.0253126900850251,-0.0178407021035512,-0.0304991519230579,-0.0105010083930458,-0.0188806688172949
0.0137723547848896,-0.0413558196634776,-0.00772785221126018,-0.0605071808927048,-0.0178098988775738,0.010185000563618,0.0129597458488438,0.0035315607204215,-0.0216921212326882,-0.0648955235791209,-0.00330138614672693,-0.0493232953911531,0.028166104818679,0.0279931105768132,-0.0267147678324422,-0.0363840854783287,0.00863378395700512,-0.00479707615169764,-0.0596203641445347,0.0140996368653043,0.0369563245604142
0.0168597759901938,-0.0376733521644354,0.0133879707943431,-0.00628982345152887,-0.112607815318402,0.00724882544768386,0.020420498563625,0.00607513777678087,-0.0122112013002714,-0.0299715632792689,-0.0313299514284685,-0.0442916758213086,0.0331447155706078,0.0184189428580978,0.033129699654096,-0.0135696015830184,-0.0552566803201267,-0.0131851270312339,-0.00077027569067728,0.0104516463265827,0.0476316665094889
-0.0144686294935606,0.00378445644285562,-0.0639356106928027,-0.0541301566441163,-0.0499843591686204,-0.0130011088850959,-0.0162416558502904,-0.00900893700313401,-0.0302829260136628,-0.0132542464512795,-0.0566297255696458,-0.0982741906255414,0.0172976318657881,0.016412881901473,-0.0139092507942708,-0.00824783589414738,-0.0935083943386728,0.0580970979836709,-0.037300353046472,-0.000950261806642545,0.0504916353843947
-0.0218002666574713,-0.0282773257237795,0.0333706771446573,-0.049077458928761,-0.0334303945977937,-0.011541477841513,-0.0120469190222332,-0.00998708905735566,-0.0789970527078544,-0.0093656229638861,-0.0032205722045883,0.0109206592325852,0.0275645482511207,0.0305351641743412,-0.0436532623504027,-0.0518590865677036,-0.0239118173190069,0.011180290837611,-0.0361099868801761,-0.0479452366899115,-0.0369796992977991
-0.00927429316403416,-0.0198797686080319,0.0053765506481632,-0.0453828849419286,-0.0752469669075938,0.0161288560087008,0.010099611939315,-0.00000522821831754755,-0.0166426038246957,0.00767287751068076,-0.0489897457731722,-0.0733790354883213,0.0253470788380878,0.031070137665707,-0.0122034198056521,0.00562480045754452,0.0185438521707926,-0.0307313494746843,-0.0435456293608374,0.0434746004898783,0.0441828625849353
0.00713460750606956,-0.0466810752075442,-0.030243285798727,-0.0153462550076716,-0.0665647970589766,-0.0142500431853734,0.0286230230954373,-0.0244763363793477,-0.0573479040957463,-0.0512429357942749,0.0138127910377839,-0.0492978330056793,0.0337622918131347,0.0359940374916425,-0.00808490513516109,-0.035923135453321,-0.0478006766022517,-0.0174514444756135,-0.0302645641068977,0.024304142297245,0.00664558672595876
-0.0289761200246354,-0.0268237297494792,-0.00563001000853072,-0.0370072880149941,-0.0425409024794386,-0.0302022257104783,0.0000636678822309202,-0.0152567640595534,-0.019682757760253,-0.0468427952171066,-0.00778009563333271,-0.0224230573950027,0.0186572966509933,-0.00358151905279942,0.00623209241252322,0.0190028290957655,-0.0263636317940018,-0.00520308993982857,-0.0355617471726173,0.0437185856227991,0.0323417553514165
-0.00627287984720633,-0.0265284344935594,-0.0370894968393194,-0.0726741052902466,-0.0750785151651093,0.0120424207475124,0.0121730089416641,0.0111493519367218,-0.0556427595393617,-0.00529332001677102,-0.0227286151998044,-0.113342396159561,0.0096758604735717,0.0194249680789662,-0.0494966742673432,-0.00567470101961552,0.0179176672010207,-0.0321402343814315,0.0473072513532157,0.000174243430498586,0.00327139326124539
-0.0171553851749458,-0.0390642329291129,-0.0268689208751951,-0.0389932587502158,-0.00330860563200913,-0.0158946533414987,-0.0307277751437006,-0.0121618976504009,-0.0607396515868724,0.01450589142959,-0.0658612120834457,-0.0693239252926807,0.00196516892029284,-0.000474957901757798,0.000244149968761632,-0.0312788393443932,0.0000908483476803196,0.00592323902663983,-0.0669974309450608,0.014229252918415,0.0174872154600733
0.0147582295092905,0.00718562547059921,-0.00530422470224395,-0.0213889160392256,-0.080121005257764,0.0577593596592523,0.0549801704737236,-0.0248718191792872,0.0102752129282166,-0.0135706824133241,-0.0294391736556391,-0.0367948778118414,0.0119478423352558,0.0125783086933465,-0.0327661291751978,-0.0710748130231979,-0.0104798320847296,0.0041739788528799,-0.0804200719916577,0.0048650475966801,-0.018674369494099
-0.00449837924982667,-0.0473624842962646,-0.0301502492954765,-0.0263347751738623,-0.0332588600998807,0.0392085680025385,0.0310328990528886,-0.0265247503079513,0.0138774395663783,-0.0767574904841633,0.00297431079278476,-0.0509551141590424,0.0103310663969315,0.00194487553186026,-0.0151193273230832,-0.0408411256106876,-0.00648849405433358,0.000149602007021354,-0.0943228844044181,-0.0143318829384105,0
-0.00218225290729725,0.0204886543499486,-0.0286775509954549,-0.00612844466610207,-0.0259463490851866,0.00736318555141086,0.00890219309593076,0.00076993642813214,-0.033411212324049,0.00665698067668874,-0.00796785600180513,-0.0636960404670412,0.0210901344227767,0.0200249612944408,0.00183288976449904,-0.0441599599376795,-0.00128030391214834,-0.0237093570104806,-0.072059546698264,0.0316546155188354,0.0310436152576239
-0.0244394691928787,-0.0734706175547186,-0.00425255748846529,-0.0229135115714694,-0.0788137254565199,0.00376370341455971,-0.014763824155553,0.0051911015086193,-0.035508215220179,-0.016910110269833,0.000494484581246513,-0.0338048079549706,0.0323685454987613,0.0154162846896446,-0.0108979124104359,-0.0189184501193192,0.033057063727988,-0.0841447128720501,-0.116131935924282,0.00221895255304368,0.00679423209272587
-0.0104729060352598,0.00771178317775842,-0.0251040494246209,-0.0868817908365592,0.050157345736107,0.0107562770602376,0.0123698178929958,-0.000706157137299657,-0.0654541119060376,0.0214652310551451,-0.0502018433533944,-0.075412730817364,0.0217931948549512,0.0301193965407854,0.00700951131467677,-0.0531513063057638,0.0188287631600074,-0.0679422361969814,-0.0192512640975215,0.0200316630121319,0.0102549534795038
-0.0222916341793924,-0.0366808305488242,0.0123963601535993,-0.0273753395867889,-0.0588567626980633,-0.00317921267827238,-0.0124523507572668,0.00547917268197178,-0.0467422975542276,0.00847933721352298,-0.0374723993487397,-0.0472640189715449,0.0473995827639868,0.0551350126401938,-0.00830059125145277,-0.0525767512383669,0.014724206415135,-0.0391431821240406,0.0163862463203028,-0.0284989502986273,-0.0213018445589265
-0.00126501895041756,-0.0303562027906129,0.000823045859990656,-0.0412382399737408,-0.0318856920990187,-0.0121741211763082,0.00829343015073603,-0.0114260203469014,-0.0231756648496144,-0.0264367999084642,-0.0187253819880252,-0.0277547409420506,0.026091987728604,0.0238313493481052,-0.0192511636326998,-0.0213881389947067,0.018131112488605,-0.0121857045933244,-0.00797203804699365,-0.0271744686102132,-0.0251283747329069
0.00628843014627582,-0.00685272762770789,-0.0117064058943578,-0.0409062636073711,-0.0260375797142368,0.0219619049627928,0.0255553950195024,-0.0396588042568353,-0.0263009761354572,-0.0672446595262222,0.0184289523273271,0.0302850292243638,-0.0371655382792337,-0.0435229805419395,-0.0164548430320476,-0.0112907736959694,-0.0236678201471293,-0.0693547508326421,-0.0616060165371611,0.0129506379902907,0.0134589168323557
-0.011090821777742,-0.0428968103179743,0.0156479383472207,-0.0628643915034241,-0.0407463609281922,0.0341380035108557,0.00422043516920044,0.00391426922050857,-0.0639042875019148,-0.00916700950642753,-0.0012990704951242,-0.0465429774936158,-0.0176669412718403,-0.0193113983987818,0.00609026118605208,-0.0455288360955492,0.017261141489354,0.00638091305384608,-0.133904224644551,0.0150807366886846,0.0307225592724359
-0.0171976121827749,-0.0405735616560642,-0.00411294287858752,-0.0283162126267497,-0.0830547172117951,-0.0349809215127448,-0.0350950880554809,-0.00665647073297283,-0.0645688932328775,-0.0293492864291364,-0.0172898902676084,-0.035835578119629,0.0177442350295281,-0.00145774498324726,-0.00712933505861789,-0.0502951865880793,0.0238632326155651,-0.0143096401294213,-0.050935866325314,0.0384588609258483,0.0434403700187906
0.00089432288801216,0.0307510879379352,-0.0204672718053334,-0.0156989484190586,-0.100090397696948,0.0328108701247417,0.0326087271311296,-0.014028123019993,-0.0163245449952743,-0.0288003046175364,-0.0789268336301605,-0.0402970504447085,0.0137713875767238,0.0160829767623588,-0.00174154931357746,0.00979778981807146,-0.0560429807250791,-0.0843226590620778,-0.0654909664280195,0.0294194674436476,0.0202020596549993
-0.00371007613191494,-0.0415676309615828,-0.0627029540869678,-0.0308202364246659,-0.0842217612614123,0.0318671137552963,0.0232387780435797,-0.0186627482521095,0.008413248065345,-0.0305076413331395,-0.0315600008456678,-0.0419277644262908,-0.00805351148652522,-0.0108330926013246,-0.00800336127713377,-0.0167218712047857,0.0119418260631289,-0.0129973639870468,-0.0294781668433636,0.0428586208074406,0.0427893793494374
-0.0148764964138421,-0.018586964205831,-0.0128995983475223,-0.053228620047194,-0.0441924673620454,-0.0281789907278412,-0.0121063945758619,-0.00671900471962934,-0.00772710317155327,-0.0237380399740894,-0.0409908492353078,-0.023317597357576,0.028521005261951,0.0287175224577808,-0.0177594933844646,0.0118833317759107,-0.020529318177348,0.0221408551211928,-0.0119941572999261,0.028489285358799,0.0194380863428158
0.00284885865540289,-0.0383267801490924,-0.00650138228778985,-0.0383552676506945,-0.0849355114505235,0.00148500761546645,0.0129171058701605,-0.00156524750071722,-0.0656594267922802,0.0590796491576279,-0.0716297717813731,0.000265140055317803,0.00480867598666058,0.00999436617667438,-0.011092577371422,-0.00564400490638584,-0.0216039681493651,-0.0209156214366378,-0.0645911044501935,-0.0107313976651142,-0.00124829828144741
0.000355586534585561,-0.0347068685686305,-0.00594459672159185,-0.121533962386049,-0.0707780906428741,0.0297462018410027,-0.00804375388333185,-0.00281598801575904,-0.0538052703722391,0.0106069137377523,-0.0338464579306332,-0.0167027016855469,0.00134987679836335,-0.0110408867589937,-0.0135920410707859,-0.0155274286573301,-0.00188422359734307,-0.00674706425683655,-0.0149593908661208,-0.00989887605699932,-0.0103236162743079
0.00943154930638515,-0.0458284517859349,0.0150503274250147,-0.00192873742538779,-0.055232672152919,0.0278644646740532,0.0528111417173368,-0.0169679941543867,-0.0177671063891676,-0.0807857258608533,0.0168782313667201,-0.0693833649658666,0.0177272200213449,-0.007674162613242,-0.00260302695655139,0.00482438785619108,-0.00374312119345607,-0.0308854655492589,-0.0253132835714188,0.0130330197318922,0.000431455772797643
-0.0020953564874418,-0.0404517960253493,-0.0302668601501291,-0.0204845038735097,-0.0563171773511747,0.0278435854005846,0.0639609117397127,-0.0218282864070588,-0.0223907893400343,-0.0244077629770147,-0.0728828762916313,-0.0212082612112074,0.0152852112819156,0.0170737967383239,0.00165380394635698,-0.00871690603574096,-0.000309822843734153,-0.0161028821336245,-0.0415569475949033,0.0294248590109342,0.0304115680738908
-0.0459050882646962,-0.0391975944142924,-0.0269107182782447,-0.00423619955015556,-0.036118452976554,-0.0090533777757592,-0.000977613227257056,-0.0490439894573304,-0.0160828781716564,0.0140222702378733,-0.0350957290899455,-0.113496048197326,-0.015047064107069,-0.0199163177670713,0.00492358900237733,-0.0370492943074228,-0.00401592190648553,-0.00489945196629438,-0.0220751800277297,-0.0105401147535621,0.00139307728460745
-0.0100125150565726,-0.0014048524575408,-0.0253321326364169,-0.0651942639401432,-0.0238641580586966,-0.0249747311634436,-0.0142441489734711,-0.0118291632942552,-0.0558419630914463,-0.0314415407783237,-0.0719812311946757,-0.10695604217442,-0.00603388891079362,-0.00798785323178751,-0.0247200210018368,-0.031833229947313,-0.0214812365616881,0.00259415272919508,-0.0655635448272501,-0.0114064619548177,-0.00169612424091905
-0.0163290517118028,-0.0137968987071881,-0.0708550082612792,-0.0596287001911572,-0.0713115105942406,0.0264314538620714,0.0356802034658068,-0.014269606212899,-0.0273836387816829,-0.0387082717331069,-0.0410112992448727,-0.0649702838993026,0.0289504526570689,0.0358794931585316,0.00941641971285933,-0.0328311613618167,0.0205411568812949,-0.0230110096487088,-0.0571175574203956,0.00907013609244344,0.0035655778987177
-0.0140918295620903,-0.0425589974325081,0.0222105902322023,-0.0475177366547119,-0.0275802481010554,0.0186719164629192,0.0233479619351125,-0.028756603590378,-0.0383002172057189,0.000304146669550504,-0.0470006111158791,-0.0372047706241374,-0.010306821395795,0.0195682473604865,-0.0305518554117498,-0.023431425967088,-0.047834294404266,-0.079470840633383,-0.019742143398975,0.00710918043064429,0.00625436089148208
0.00936844681467527,-0.0379175341141676,0.0110693817454939,-0.0523927037649907,-0.0442821030654149,0.00102902028728242,0.0175738109777651,0.00609063001521125,-0.0283231970551214,-0.012765440464048,-0.019943294155212,-0.0768632164903961,0.0129605651480928,0.0420550168796396,-0.0321084999506192,-0.0464881020592099,-0.0319492643208069,-0.0336274743411791,-0.0463829840505118,-0.0481733685272133,-0.0381446172115425
-0.0223087590158716,-0.0344095806011095,-0.0399615472760144,0.00584037612581567,-0.0584902026154001,0.0327240614458216,0.0342833915507109,-0.0379251212357553,-0.000689910247598333,-0.0504607125774343,-0.0157065562334872,-0.0441985801801274,0.00338087829832125,-0.00955472828167987,-0.0141946894388825,-0.0409204244616993,-0.00185921511368789,-0.0158132182896407,-0.0263820343146167,-0.0525984923238353,-0.0445815421967042
-0.00339709357235777,-0.0366492137002432,-0.0109263263578016,-0.031617749786446,-0.0137718355097108,0.0221128808146622,0.0171454507283241,-0.0139416566075822,-0.0449898782643491,0.0206682032568503,-0.0653622312990576,-0.00681095682771415,0.0490750528025953,0.0162973370276495,-0.00596305406658976,-0.009753405570637,0.00941231577103681,0.0190226665060905,-0.0531875606776601,0.0163393322483483,0.0350944819093416
-0.0324155187476479,-0.0262713574639003,-0.0355403564301294,-0.0179532638698758,0.013115836142703,-0.0132413005970944,-0.00742956317331024,-0.0104875966531998,-0.0218581035285176,-0.04402358908363,-0.04926800738053,-0.0677809799154648,-0.0195325478437731,-0.04164751860457,-0.0148059580732519,0.00654458206776071,0.0281506174448237,-0.0271017465199127,-0.0685202350248799,0.034018557881388,0.0156596653058083
-0.01929113539734,-0.0571807963078186,0.025255952579165,-0.027591283948176,-0.0805401475090144,-0.0246399569665006,-0.0239949598495822,-0.0422062031410749,-0.0306551376898522,-0.00930381333239777,-0.0492653788052874,-0.0138504147826802,0.00489809694268029,-0.0158096716971634,-0.00518046062432757,-0.0000599795045752166,-0.0355867236652869,-0.0507633234778447,-0.067578771369779,0.0202778788378218,0.00943705308979473
-0.0015371112798635,0.0110389329895884,0.000267520914067482,-0.0580939683020501,-0.043132974463348,0.013076395660405,0.0117060707200117,-0.0438277057026194,-0.00758597974336193,-0.000124045058633587,0.010308059493834,-0.0645136156288544,-0.0194530824353426,-0.0158151315123006,-0.00825531551497473,-0.0395488887752181,-0.00744922655410948,0.0215762341978686,-0.0691653900779984,-0.0169000974176143,0.0244945354909416
-0.0296602107622171,0.0102653433537186,0.00195883977615463,-0.0313453133517182,-0.109139382775989,-0.0252692756686079,-0.0157930026513419,0.0048424592118947,-0.0287465562251293,-0.0440408205881554,-0.0243315134930207,-0.0949543617918051,0.00359467803081343,0.0570455901047013,-0.00841434909653774,-0.0277442274421913,0.00530880453854149,-0.00876306170573682,0.0274125074489603,-0.00413088438642999,-0.0124869479291874
0.0000688050445291424,-0.0578247676453079,0.0338244860505039,-0.083634457033446,-0.0487428813707939,-0.0110749422615382,-0.0103037183693014,-0.0412028607395524,0.00952632804004531,0.0263104201688322,-0.0834590206872729,-0.0288053353577523,-0.00744180224913696,-0.0199766300953571,0.035160653813505,-0.0304439064081238,-0.0101795660972577,0.00506204443055003,-0.0772266127101742,0.0402897747128068,0.0388061936237674
0.0275235881826834,-0.0436598509977443,-0.0055541616164973,-0.0489127284307916,-0.0667068639402666,0.0600407724236295,0.065431282074729,-0.031185416192762,-0.0291751033442487,-0.0346301494593746,0.00412759191134918,-0.0925653213712546,-0.00966613912276042,-0.0101203275922159,0.00647196545931921,-0.00636029930024086,0.0309209468359769,0.00643633044592457,-0.136121337154753,0.0131380574595414,0.0172035151572126
-0.0187441700287117,-0.0495721799273759,0.013080914182187,-0.0205532167423698,-0.0277993892878902,0.00490939011839598,0.00470907532733436,0.00122816331966684,0.00605271529535718,-0.032724727350736,0.0108042070802137,-0.0947019602602835,0.0240551674999638,0.0461832945767727,0.0121529148644213,-0.0479111915329004,-0.0456174441725269,0.0628016030969788,-0.0230388849959522,0.0357276947370146,0.0598643802466925
-0.0105456470283836,-0.0316142122288283,0.00646809054064085,-0.076024940233177,-0.0643892826077517,0.0136201473389671,0.0123218171230767,0.00536338930241236,-0.0218183472326134,-0.0166736895848502,-0.0314869978489201,-0.057902062810464,0.023326931340792,0.0222007001998385,0.00424401062816516,-0.0447543362144484,0.00824478411877574,0.00180574340386649,-0.0226073894165194,0.0194504949112928,0.0201311860832796
-0.0258495007468354,-0.0355220252651064,-0.00181169061045275,-0.0397459511290414,-0.011111350892703,-0.0170929846896673,-0.0197987690188734,-0.00442489826522224,-0.0141198779833042,-0.0172401739967809,-0.0246383081948556,-0.0456861900779078,-0.0215944668655814,-0.00875948386351452,-0.0224567616162548,-0.00850952738636029,0.00969960921833503,-0.0292436605797941,-0.0769815597487009,-0.0000549231032226996,-0.00680730188799823
-0.0354095040453989,-0.0159234983673173,0.0186180535752997,-0.0219485239008378,-0.0525567289946628,0.0100269339626193,-0.0129287928799105,-0.0118911070432429,0.00539587313768475,-0.0418649910096907,-0.0137454803605426,-0.0800120379793295,0.0225018044689313,0.0039017830905974,-0.00530263630168277,-0.00425165811362252,-0.0261744897619402,-0.00422815548137384,-0.068863282378577,0.0230947424728968,0.0226747139577342
-0.036709535828905,-0.0100340365880106,-0.0167097308620453,-0.0353033843338664,0.000559648295765158,-0.00844689514237836,-0.000699429431237124,-0.0165071387953746,-0.0680026875544602,-0.0333844791070164,-0.0355264898424028,-0.0606938322260007,-0.00818168310594004,-0.00729422222944389,0.00602955520056193,-0.0289348343755168,-0.00310611400801053,-0.000460820229442216,-0.0428561820093465,0.0395399859869792,0.0413729127890441
-0.016025654568972,0.00327807661617768,-0.0310307681253439,-0.0549670833847276,-0.0573492193812488,-0.000538148600613422,0.00571905719227724,0.0132027412059383,-0.0073982464889637,-0.0416751552546344,-0.0263654229245111,-0.0119268005765776,0.0537562248346764,0.0340671020521514,-0.0183498826157105,0.00976406799617636,-0.0278233277138679,0.00181875365445486,-0.0520665197829979,-0.0011615347679642,-0.00268265208744902
-0.00868928047721272,-0.0317785258687977,-0.0308042266270647,-0.0599322855775911,-0.0584602300569324,0.00930195964554643,-0.00984424131099321,-0.00367121222368398,-0.0431401095656664,-0.047791585465751,0.00441122330847504,-0.0378684738275857,-0.00546210350363049,0.000846596667947078,-0.0106386921911012,-0.0411942007317725,0.0176587287313708,-0.00758891043126622,-0.043171606812271,0.00173105328243116,-0.0094441616266518
0.0153512835198726,-0.0261276584963935,0.00877039503085281,-0.0188126017716483,-0.0467798804037827,0.0343256909148065,0.0340020520319508,-0.0222364681459689,0.00600752710464375,-0.0153550705567087,-0.0767639337092683,0.0198640057600066,-0.0193798694250392,-0.0251349232819202,-0.0269461035279722,-0.0207217575093034,0.0225555083069484,-0.0189815658983218,-0.0713285587830665,-0.0129250232394894,-0.0353518884369076
-0.0213679506510348,-0.0285469846208714,-0.0315468841187801,-0.0769912499308777,-0.057516150084402,0.00683717037691239,-0.00832971722340822,0.00484537593543245,-0.00388192269695166,-0.0232558254389297,-0.0853850661817091,-0.0185846000771185,0.0290893363947321,0.0557705875929423,-0.0158403397288723,-0.0647089178868084,-0.0422591901762221,-0.0510526234217426,-0.0476314290623545,-0.00292371603639775,0.00963360003270733
-0.0482652657672911,0.0461293485746981,-0.066663485847014,-0.0370839898592556,-0.0244647331028889,-0.0350505025913115,-0.0385855390107125,-0.0144910187463619,-0.0447023396808743,-0.0377594152511055,0.00980801100016343,0.000209270071610757,0.00642256274234792,0.0122591725370128,0.000165864695823234,-0.0400617209949678,-0.0176743176807491,0.0179018139336957,-0.0356314425834222,0.0512131910168468,0.0357512083181981
-0.0221082284254644,-0.00186384222173513,0.012619217513253,-0.00368009373060291,-0.0503925633062169,0.0205656816872802,0.0337400206684742,-0.00314278384243433,-0.0384834031363778,-0.012294688175609,-0.0692935913908284,-0.128612050300995,-0.00546821101097855,-0.00846026347030421,-0.0380049637678884,-0.0388647954433406,-0.0183496511958024,-0.0411559939561713,-0.0325970445622579,0.00502984281705146,-0.0267503824673625
-0.0133932533723075,-0.0411736396824125,0.00730781050391498,-0.0330729582248671,-0.0623337829262844,-0.0376168121470744,-0.0383038051660159,-0.0123930313795509,0.0124042099989615,-0.0351763373988444,-0.0355483368145744,-0.0134466770668777,0.0208551878478534,0.0136783153430671,-0.0316770035063722,-0.00842075730235232,-0.0501487084956604,-0.0581795901208237,0.000900209096767302,-0.0234768422048009,-0.000326520110955089
-0.000593468972028756,-0.0160822030731159,-0.020558840866153,-0.0325990470763994,-0.0112023274960027,0.0122529565778154,0.0107472667105643,0.00751056805242513,-0.0479793389658125,-0.0116706273510233,-0.0567063990766164,-0.0109860819796405,0.0195205719437604,-0.00312244409009385,-0.00288973975969883,-0.0213981010035691,0.0512876201726503,-0.0214998885916385,0.00124609165013617,0.0183698219897685,0.0357263379061859
-0.0295709736636208,-0.0260153310560172,-0.0269788176832959,-0.0317527232763944,-0.0350756795007675,0.0027172048557064,0.00292982731418142,-0.0315642292744377,-0.0259054935233738,-0.0128947511363231,-0.0399965499526529,-0.0794863490946439,-0.0567634866662354,-0.0343365882010593,-0.0109475715804237,-0.0393841658267409,0.0170551247156861,-0.0304484034078126,-0.0621649549787762,0.0178303930752582,0.0297255666453716
-0.0430934250382278,-0.0227347865094697,-0.027931767610174,-0.025213916520534,-0.0289989074520761,-0.031969391023026,-0.0375018816357099,0.0117965846806985,-0.00489397165334803,-0.053306246818272,-0.0126682522372994,-0.0304153057610261,0.0276640506414913,0.0289435925141793,-0.0128433709920192,-0.0188460572332135,-0.0619387970617672,-0.0639567220060888,-0.0331878564451844,-0.0450180674926932,-0.0174553287735252
-0.0100822549766469,-0.0332920356449126,0.0209006352187068,-0.0684062919357057,-0.0943226631727068,0.0398698076211386,0.0400528911084347,-0.0173304019042927,-0.0317320717700908,-0.046839467888224,-0.0677085753062484,-0.0804615696811983,-0.00780326688298996,-0.0146292091320424,-0.00806866755671456,-0.0203948453306841,0.000586547494954986,-0.052170557079588,-0.0818927404051647,-0.0273283691276798,-0.00530356084854532
-0.0438074512432128,-0.0603727729741993,-0.0191821950744104,-0.0289655832503872,-0.0833900108923293,-0.0322244038029405,-0.042875326689631,-0.00237131446060215,-0.0598639177276273,-0.010916704478787,-0.0319182307379864,-0.00221253825988738,0.0395173217926934,0.0213646206676805,-0.0485903744737994,-0.00347494158927979,0.0155757553998557,-0.043409206654447,-0.103162986511123,-0.0233665073815488,-0.0404143341662802
-0.024513297389579,-0.0537595015701927,-0.0477070769274675,-0.0419631924233211,-0.013016381997717,-0.00556986084944804,-0.00595515293594988,-0.0330799856210414,-0.00506828798368919,-0.0251611832108931,-0.04351791186712,-0.076002068786739,0.00209953844148,0.00719612283917292,-0.021782976380479,-0.0428800635668382,-0.00388790076824157,-0.0536162017811241,-0.0680898339831533,0.00339197224562607,0.0201192396550199
-0.00127921984173481,-0.0470815452033876,-0.0385712677256777,0.015294702475791,-0.0612484031185636,0.0357072005060078,0.0566864483632943,-0.0141351821449031,-0.00642430438343361,-0.0388132980040186,-0.064080461051945,-0.0351065146874631,0.016798273311157,0.0169693308029974,-0.0291333580649081,-0.0347446341156954,-0.0269569523033824,-0.0161609360229279,0.0425312582354689,-0.039423545943155,-0.0248539086115161
-0.0366530583567092,0.000369056732444764,0.0295458286515567,-0.0277359978340986,-0.0976411491759204,-0.00351858530456804,-0.00213758377882549,-0.0303506298449912,-0.0051535356890786,0.00842802517651617,-0.0307977819732784,-0.031608337538822,-0.0191223980189232,-0.0155725452331616,-0.00975326265660035,0.0129931850707171,0.00678968446265796,0.00345118611659945,-0.036083290628533,-0.00997100373587395,-0.010890137692319
-0.00624151371504794,-0.0327116320133661,-0.0122132151111236,-0.0420123268824368,-0.0536087633948942,-0.0108449888521304,-0.037608931480609,0.00869445371939303,-0.021281078653774,-0.0116162749051019,-0.0598865543765906,-0.00211729542246508,0.0356594496330134,0.0364763564710165,0.0000173734716081772,-0.0210456038467453,0.0114469387613414,-0.0246208602066072,0.010291740731695,0.0410737281388665,0.0141227694321317
0.0318806749453525,-0.000461044583271369,0.00893287883421146,-0.0304067608192257,-0.03318367504807,0.0380546999180282,0.0447232316537853,-0.0111984470361597,-0.0151402127474225,-0.0700573056749737,-0.0390671545456661,-0.0210236466053412,0.025945938240205,0.0456998064553632,-0.00249489661871509,-0.0340893974640395,-0.00853765687170224,0.0141909761024983,-0.0160945077166222,0.0236127391209357,0.00563428981704811
0.010650702340762,0.0138511938841185,-0.0150212135286727,-0.00838260589872369,-0.0720342743195801,0.0367071810636022,0.00819325749980879,0.000717792391360203,-0.0630577870348326,-0.00418309322208851,-0.078321693251611,-0.0857019130971959,0.0286942411956622,0.0308168118406747,-0.00211826336881663,-0.0237765032263504,-0.0161779335081202,0.00945420783162751,-0.0120370494106774,0.0272003383844743,0.00955194928125105
-0.013125434384292,0.00130898696889625,-0.0259844904317463,-0.035050675165082,-0.00218778748010096,0.0174971652231712,0.0192268173280122,-0.00690276732207425,-0.0195302919721096,-0.00840648601622784,-0.0582342527882416,-0.0309524304044612,-0.00252645229237861,0.025535791613887,-0.0287537829222433,-0.00843681299232239,0.0195580848440825,-0.00632095850684128,0.0339044714703222,0.00893373394322854,0.00880032166922293
-0.0180306666289363,-0.0338038945552283,-0.0217605025309233,-0.0636520831954897,-0.0868389224941681,-0.0118988493722519,0.00482975570535224,-0.00921421166147213,-0.063377434889221,-0.0167972413498559,-0.0328240853879672,-0.0865108848447488,-0.0284504546342986,-0.0163331995790865,-0.0368905184132728,0.0375182132582097,-0.0268290868904688,-0.00244259135899852,-0.0314794476750788,-0.0162199638305269,-0.0156492946379444
-0.00858409023759155,-0.0142437245730274,-0.019770723364446,-0.0480854154947755,-0.0625100892984527,-0.0235273816390887,-0.0160852781716608,-0.0249766980348975,0.00677295385065116,-0.074397913395859,-0.012912125389801,-0.12010232508648,0.00839235519555388,0.0148798185916297,-0.0234849251823897,-0.0470649405438986,0.0109118720642536,0.0478217147879955,0.0113062125594741,-0.00725318531930422,-0.0138373387271364
-0.0147067445527648,-0.0136842340425257,-0.0267956508262907,-0.0740046243661131,-0.0233488270616632,-0.0146137207529257,-0.0144517393873925,-0.0272952679522931,-0.00891276734335521,-0.0129809479259607,-0.0461518790026864,-0.0593113930627672,-0.0141482544092746,-0.0204336417345436,-0.013201272920765,-0.0404296667237858,-0.0155906518967049,0.00932060572930535,0.0332315255922037,-0.0246320742582882,-0.0254636976084458
0.00198030946743021,-0.0266980448533072,-0.00752647913709895,-0.000397745179878478,-0.0473199074260655,0.0219006292924966,0.0180722458299739,-0.0165031739459992,-0.0483948665366514,0.0388344273241724,0.00349949863820379,0.00110605764195243,0.000211055701394063,0.00562009761900678,-0.00406572550746906,-0.0346708632965358,0.00347401915476411,-0.0313242785196527,-0.0536453154112348,0.0028788736214035,0.00278942381447462
-0.00930464575559273,-0.0359813732929326,0.014665807559319,-0.00959298193860905,-0.0801406653918241,-0.00180392413358149,-0.00683780734574628,0.00189466196579743,-0.035410118969172,-0.0063562919773916,-0.0615693019745666,-0.0234680806967605,0.0538409811906856,0.0169067217417554,-0.000117117993785457,-0.0442585143884084,0.0431643617954344,-0.0737196898215874,-0.0459473226649963,0.0145882928158774,0.00892596788705045
-0.0185581924068839,-0.0592922129142733,0.0174335041688703,-0.0905745744123086,-0.0524099980058922,-0.0116961810563083,-0.0316420672605239,0.00439896353688413,-0.0588106717144463,-0.00574174154684257,-0.0225453292167126,-0.0928676227372454,-0.0194501358921084,-0.0147387438370715,0.0187361780851914,-0.0209305290782406,0.0147325066836907,-0.0196372963033924,-0.0745438987371335,0.0340532183298132,0.0429037151002387
-0.0288285472337657,-0.0330173814986059,-0.0263438516292504,-0.0464805573256568,-0.0423146122462233,-0.00162761628099524,0.0321902672603605,-0.00614187588555654,-0.0291539628075324,0.0176807480568293,-0.0430687888826524,-0.021966778888905,0.0156313060449037,0.0211284311831103,-0.0105039484475207,0.00304529936838481,-0.0190903279441406,-0.0109049609416725,-0.0237394492050045,0.0151155958904394,0.00271199652046662
-0.016083875542133,-0.0287527460492754,-0.0256101380891766,-0.0355132360281117,-0.0700840483685665,-0.0122882454643154,0.0138126174137136,-0.0156489900631836,-0.0805783688714018,0.0375022672029608,0.011549456458252,-0.0569228029588519,-0.00937699983811745,-0.00631965061129496,-0.0154765437438397,-0.0466670326252843,0.0181163466505565,0.00209425067963395,-0.0553604023536977,-0.0370860603184993,-0.0191663564380168
-0.0000664842667615767,-0.0521383150243292,0.0126376646017866,-0.0346313749461405,-0.0162185942515579,0.00815068402047855,0.00828893851164259,-0.0483208611770342,-0.0161316383393848,-0.0160984497148292,-0.0129569490172986,0.0129297824220074,-0.00717815076671012,0.0103324060193573,-0.00810468111735408,-0.0742954515496844,0.00526031616776651,0.00862157121332074,0.000163505443923462,0.0242603563525562,0.0235990389022149
-0.0137853918418249,-0.0333373382734761,0.00352406940283215,-0.0698455023740881,-0.0608770305967111,0.00442085520643852,0.0122559223152426,-0.015403576587785,-0.0446330256390638,-0.069658633927472,-0.0455599743575947,-0.0832058961594581,0.027449755997865,0.0214035620201908,-0.00922093852698708,-0.0655672322070442,0.01172363336255,-0.01340040817278,-0.020155486910321,0.0216850590907454,0.0215985815756258
0.0103919443094225,-0.0640383614340181,-0.0205697273105596,-0.00582850253869499,-0.0449669572143307,0.0193346460737599,0.018451349979875,-0.0218177185283259,-0.0732303506835484,-0.0349009074462015,0.00368312488686975,-0.0494624917292776,-0.029215166197502,-0.0348258545688647,-0.0138899774426361,-0.0510817313647698,-0.0095826794762845,-0.0126512737190943,-0.000864737200799992,-0.0235684489982565,-0.0387967924280901
-0.00356699287676407,-0.0624015161616937,0.0158986954829949,-0.0608683748432177,-0.0270713903728049,0.00677472778901697,0.015644530472701,-0.0163294684935103,-0.0420474636432553,-0.0218953550159923,-0.0217864312491818,-0.0324673823446697,-0.0252696468452196,-0.0259247069050325,-0.0191651365346281,-0.0442034459024742,-0.00588020049538837,-0.0596216231166332,-0.0268626719483822,0.00659445617243543,0.00624627078381664
0.0057953754863985,-0.00919625295749525,-0.0143483396327861,-0.0702424272193631,-0.0522262671654652,0.0247654983336264,0.0053408421011495,0.00585860895752495,-0.0323830830795409,-0.0629038542113835,-0.0274841059856182,-0.0870700421980486,0.0211482120989358,0.0123181038027775,-0.0418032026546501,-0.00133722343335384,-0.0258852086991757,-0.00713107728011056,-0.0874723532219592,-0.00887065197380533,-0.0191227544631461
-0.00892403422353953,-0.0231103123632209,-0.0284667765773963,-0.0343663629189303,-0.0844877634947032,0.0246280584651903,0.0238548461385153,-0.00478715873151885,-0.0201256705642474,-0.039970925014977,-0.0113972455141798,-0.105917773069757,-0.00376165450460056,-0.000524350767309521,0.00528914028727068,-0.0686766647692755,0.0458940026812035,0.0147982555111686,-0.0620405340931051,0.0398280527305236,0.038371039335754
-0.000181892076299255,-0.000961042891183442,-0.0197683459968641,-0.052789363880535,-0.0664934522603309,0.0310691603224123,0.0185706890290387,-0.00447336235783079,0.00677186513095847,0.0130272921115663,-0.0258602397029321,-0.0802580727112043,-0.00394178874149358,0.0112327325999843,-0.00443133934273421,-0.0404571707240611,0.0136041986851209,-0.0687653416056181,0.0141258657494948,-0.010357451186398,-0.00621164212916724
-0.00791879526701799,-0.022233834383658,-0.0213981207448277,-0.0635132378690356,-0.0619848751219089,0.0217946002003598,0.0380196194091861,-0.0179973182756475,-0.015779547561972,-0.00467712994416149,-0.022256171452429,-0.00769960733275771,0.00564726165636947,0.000819673667588519,0.0078820636384353,-0.0300836361509518,-0.00677161572419988,-0.0107570066086601,-0.0448834830717746,0.000046596216724256,-0.00366286408650195
-0.0115891613367426,-0.0388385329456429,0.0141213467099296,0.00871952312320193,-0.0396318588892829,0.0000765107352213266,-0.000150740384622015,-0.0175346443007339,-0.0399231562160424,-0.0122503410174783,-0.0374763999999301,-0.000325578038190499,0.0123731403694557,0.0113356327994582,-0.0041999294702361,-0.0929311572183003,-0.0318663953550545,-0.007227716564566,-0.0559040438649007,0.014092067490618,0.015654164086645
0.0294225056860675,-0.035713746205905,0.00686135113814287,-0.045494685789293,-0.0523086514620707,0.042501135283935,0.0353924341686176,-0.0182113261538533,-0.0198042805541324,-0.0716140318966356,-0.059365384563051,-0.0285209154303345,-0.0160049935862379,-0.0149608262145435,-0.00399525634616784,-0.011987374437397,-0.0446102748816003,-0.0193000951237497,0.00112956795884755,-0.00693933816658779,0.0071755697414475
-0.0262359591961855,-0.0239837130960493,-0.00202775557063878,-0.00155150273804769,-0.0819375746771838,0.00356234971828004,0.00210749470028637,-0.0329356902777805,-0.00919791668885321,-0.00657743733167718,-0.0945934507292262,-0.00379571119036376,-0.0219237997604609,-0.0114077533361451,-0.0138838248856897,-0.0141775779597452,0.00531291661225439,-0.0324296612536151,-0.0643613471505928,-0.0306326719865774,-0.0122201596232373
-0.0102365970642612,-0.0116533776376229,-0.0344210378784049,-0.0747376538997473,-0.0637896158946953,0.00323382260427936,-0.00125894470350245,-0.00719808848741905,0.0172002051116332,-0.0279965606102069,-0.0243230120720481,-0.0703679918183437,0.0104296721000245,0.0270408633790256,-0.00903142352826009,-0.0283630962723156,0.0014883788257867,-0.00266290050848902,-0.00607496729144907,0.012284876542945,-0.0312224680038873
0.000538486201508877,-0.0351111546387811,-0.0146957655036894,-0.0169922828774608,-0.0280440510347406,-0.00413196541040432,-0.00294894452480537,-0.0138324273964802,0.00846151294885281,-0.0110969715986995,-0.042610272363507,-0.0385835837951216,-0.015946550694383,-0.0353757304484681,-0.00295092581264475,-0.0600121650501055,-0.00140259084208781,-0.0105916122077281,-0.0338609641554941,-0.015066987657054,-0.00914308987403105
0.00284314872087136,-0.03711782394265,-0.0105955723960444,-0.0848058383133723,-0.0789417609575676,0.0218030859954568,0.0383660816433221,0.00334837639514435,-0.00783471003039894,-0.0313832613585771,-0.0681231283550028,-0.0524734898587403,-0.000713709843967993,-0.015602700387347,-0.0331004309779127,-0.0219999004017028,-0.0069495712084565,0.0118529471576719,-0.0070829422868996,-0.0177534011597051,0.000169698103755493
-0.000579497936018324,-0.0352280839858766,0.0122827304874573,-0.0363774464018572,-0.0346661191376932,0.0172361574191733,0.0124282702248737,-0.0191656087066774,-0.0202420773569046,-0.0426823015321598,-0.0115518585461952,-0.0238858610644715,0.0273486634204016,0.0208012979599923,-0.0154451737309361,-0.00734391019225399,-0.0541746154816132,0.0146641727686095,-0.0280990775309513,-0.0136127485351636,-0.0168218802559402
-0.00803123370930338,-0.0503264838330689,0.0246801887818367,-0.0719621298064658,-0.0424074405553357,0.0110724737681659,0.0264513774045167,-0.010977149023364,-0.0509095031709501,-0.0117587636781441,-0.0180345335343097,-0.0936613392323261,-0.0013983028988858,-0.00387466060541988,-0.0328717118319256,-0.00519652318026619,-0.0580373605768981,0.00757585383926457,-0.0641030682672802,0.00823211697568018,0.0114971387169185
-0.02211982498605,-0.0266215315245077,0.0567697093820438,-0.0388767708349762,0.00375613284289805,-0.00364645826363464,-0.0387973738318446,-0.0360567492909289,-0.0632369283710797,-0.0371934991640903,-0.0298133268686699,-0.00590175788955338,-0.0469288367790073,-0.0528289484760392,-0.0117485948158147,-0.063224912358645,-0.0290325235242462,-0.00465920529986436,-0.0539702312555772,0.0122850858013492,-0.000373423640917629
0.0216541846903005,-0.0232648632285925,-0.0350461803209286,-0.0825468622249807,-0.0538504326534739,0.0480956887230052,0.0631425515846601,-0.0248396713006259,-0.0108170807782043,0.0287357723412618,-0.0139345835310753,-0.0216952336769123,0.00591547905717869,0.00139440637738859,0.00060116847116403,-0.0138165454520293,-0.0187789116890967,0.0335625349938818,-0.0404620588458006,-0.0103885487194482,-0.0216872655370526
0.000943630687083488,-0.0271717653771065,-0.0236088728670049,-0.0773400407223819,-0.026588300065624,0.0246456887787543,0.0309775260646264,-0.00346917230605716,-0.050138537673472,0.0244525073781835,-0.00841780078879406,-0.0795462814084105,-0.0128764150302537,-0.0101032726012124,-0.0223815346102841,-0.0374379908976551,0.0391941867468914,-0.00789018925651161,-0.0310064951761525,-0.0476227013974338,-0.0276179307578214
-0.0126981919909036,-0.0484380873704479,0.0378877844143272,-0.0490604257317621,0.00937927992519605,-0.0223116998984692,-0.0325432171763258,0.00636657013423,-0.0290134338718812,-0.00280126378982296,-0.100765858753137,-0.0227721396132345,0.0141289398634773,0.0127500413603199,-0.00554382132672804,-0.0384964209574045,-0.0257143490000757,0.0452756843743016,-0.0467379923896894,0.00986271471036923,0.00962722435661172
-0.0119398014845583,-0.0219108155522158,-0.00831097193386132,0.0183295564954959,-0.0198306774995466,-0.0151832711612411,-0.0150694882022581,-0.00709114225552752,-0.0445090302339965,-0.0512120808556639,-0.114187545837836,-0.0255505559612678,-0.0243090937026342,-0.0222285088000007,-0.0090216978833907,-0.0157769454561658,-0.0488897590783517,-0.0059454441255076,0.0237599767299712,-0.00850404621751497,0.0111572827101563
-0.0228534560693514,-0.0612466528032232,-0.0196791305437527,-0.0164133435433181,-0.106041817739074,0.016075131195097,0.00598098073629064,-0.0206119444804843,-0.030575647802679,0.0308974937201423,-0.0481599427351391,-0.0345134877562233,0.0469656063508046,0.049742349825652,-0.0332021465747993,-0.00742107519414892,-0.0536300595425005,-0.0245024592149525,0.00668835037977467,-0.00908373607677915,0.00228965280643487
-0.0130761905522436,-0.0199074559236545,-0.00897905673574889,-0.0101808875746942,-0.0458526845068288,0.0396999776929495,0.0364408940775085,-0.00110314494052827,-0.0553475138694539,0.0287792761964273,-0.0592610713086142,-0.0655076461810577,0.00696111645513238,0.00630151084562824,-0.00596818112354093,-0.0208012845840962,0.0101238090707165,-0.0565319484170029,-0.00928831671953462,0.0271162554951094,0.0147093769388541
-0.0271491433612964,-0.0199873851848293,-0.00978646033882309,-0.0867386848276059,-0.0920274901525479,-0.00289841479865478,0.0038694362117308,-0.00523829438586122,-0.0137145067336841,-0.045390932251999,0.0189095166263304,-0.0381264750469771,0.042763109536632,0.0544295658453452,0.00766813960031915,-0.0449405083915787,0.031410549104647,0.0112310086727814,-0.0431580641079163,0.0344312867926831,0.0166623198084698
0.00238957053160352,-0.0300370231079259,-0.0609327500294651,-0.00592428095022055,-0.0666723165158729,0.0426758515702116,0.0616066130247217,-0.0132923431601223,-0.0353047752321078,-0.039736604650758,-0.0102909044276009,-0.0271106423799892,0.0252308332872169,0.0447817280922271,0.00775204283450566,-0.0176974782225893,0.00564048964142452,-0.0076404161772981,0.0151505215793428,0.0112363437241593,0.0096008395189682
-0.02820481853306,-0.00565434203731546,0.0415684077133975,-0.0512680863719792,-0.0521421367315011,-0.0101802547560375,-0.00965270419188136,-0.00732900079274046,0.00523855524484604,-0.0771574217251018,0.0297424430056531,-0.0474461220648411,-0.0038379639125859,0.00856716830305466,0.0201120253853664,-0.0490603335938415,-0.0626411098218368,0.0291139294987979,-0.00960975349821402,0.0237218108996852,0.0228818060138808
-0.00143394765574564,-0.0460230686558786,0.00314289120118755,-0.0178841224692835,-0.034723679799001,-0.00128279915582448,0.00626182795466633,0.0142228945734961,-0.0244460978107171,0.0111648541960471,0.0111127638602707,-0.0329561472059631,0.0502604110993658,0.0675781333114033,0.00450821196446939,-0.0443375772380503,-0.00353729552564083,-0.0210519114166502,-0.068587637392283,0.051168060368587,0.0430523211530192
0.00119977371253376,-0.0372202070342946,-0.0336823670406927,-0.0214430503606453,0.00037056572607197,0.00770673423063681,0.0106906461102115,0.0112552762855428,-0.0264872950490944,-0.0317942166790948,-0.101323102913974,-0.0416800944703935,0.0154833429858601,0.0150137696448645,-0.0108887018439719,-0.0436044699035138,0.00745241370319283,0.00768025427387856,0.028997666616314,0.0212061836783081,0.00797974851586676
-0.00827431196743224,0.0238974870612233,-0.0189926009052059,-0.0394679540673843,-0.0632752745254385,-0.0138569763044628,-0.00114674670448192,0.0293439767416933,-0.014686848010577,-0.0332890148637198,-0.0195338306312469,-0.037847663814513,0.0403133255696737,0.0234239589872413,-0.0131308588343627,-0.00892942287528899,-0.0178582538767818,0.0434312633257626,-0.0629178184288437,-0.00411402129116941,-0.00381315162867996
-0.0119454305498795,-0.00790546598109404,-0.00590980536348354,-0.0146084105909332,-0.09740959470822,0.0269817446289234,0.0251235063483407,-0.0202529485707092,-0.00820538542201603,-0.0113665772788073,0.0377476320870665,-0.0182692629194297,0.00960079673997546,-0.00733568473058614,-0.0320259915797079,-0.0342744302932298,-0.0220422933546875,0.0416261468106763,-0.0696725055953059,-0.0271312316166417,-0.0454795046340646
0.0367275439909143,-0.0383685918812064,0.00172370497166047,-0.0439112080763032,-0.0520694486088897,0.0252778359144692,0.0268441377167341,-0.000176126622601386,0.0243660885835714,-0.0405173295219874,-0.041125534255077,-0.0547340827279433,0.0236003197643362,0.0318798376878872,0.010357929297807,-0.0254988632995396,-0.014850773687141,0.000313967071055993,0.00695760756519409,0.0206601703505896,-0.0130212155682043
-0.0277326519088718,-0.0585388647251195,-0.0279508579567157,0.0477174374535699,-0.0461011763632857,-0.0565368068084487,-0.0328673317686194,0.0127895659331284,-0.00779045197142637,-0.0406001968892263,-0.0261345657036411,-0.0748216555802462,0.0493454401136495,0.0516329240073679,-0.00274348109615783,-0.0618440232763919,-0.0115636293594329,-0.0167593313955753,-0.0602962367365927,0.0280204065265442,0.0547744061373222
-0.00899102369027929,-0.0287317573895498,-0.00294089304850306,-0.0385938329506336,-0.0159374738426463,0.000353228309895738,-0.00223253519701775,0.0304140531773727,-0.0406880187511808,0.0339303112377374,0.00266329165081997,-0.0578493857768911,0.0293022020190427,0.0367386867571039,-0.0100067012374781,-0.0527053992350427,-0.0123445984382144,-0.0019295747951423,-0.0306549606792111,-0.00137042093305928,-0.0134663385838623
-0.00609625324485036,-0.0509507627151957,-0.0500218838763497,-0.0642489497702873,-0.0756536851152588,0.0170144409580793,0.0165895940982303,-0.0419586755985869,0.00316889963941787,0.0256000300808769,0.00562130203472827,-0.0517967626843661,-0.0225684374076972,-0.0208932142384683,-0.010389055475814,-0.0123538044683457,-0.0249639586500101,-0.00809786639254417,0.00302810080479277,0.00484638548887383,0.00426991531688321
0.00568381632382087,-0.0246055470381228,-0.0637095913748947,-0.0587949777621819,-0.121553865725671,-0.0135400639359693,0.00809705030769815,-0.0240798521432635,-0.0100631971072593,-0.0512675157460207,-0.0463128618194815,-0.0122607854992792,0.0147734482695844,0.0184387761769735,-0.0268652352206176,0.0188770379264571,-0.00690945602111118,-0.0199901308486383,-0.00889121136644977,-0.0443846052298963,-0.0407018226980116
-0.0193286791117266,-0.0345260788125835,-0.0280579218039356,-0.0072477852921578,-0.112733406649253,-0.0114850870614232,-0.00802681825997086,-0.0263266280737873,0.0166804009587494,-0.0204948950760383,-0.0996594375846901,-0.00676591613603073,-0.00594709996742081,-0.00563974258723746,-0.0265510960756823,-0.01975534187664,-0.0321371065678556,-0.0541561696162396,-0.0316743474413592,-0.0144276138086815,-0.0101457397960108
-0.0182585208142255,-0.0288786193619641,-0.0509054663838769,0.00204933638916582,-0.0527834679489442,0.00513987014065193,0.0162569062200999,-0.0205148142266987,-0.0100709541720214,-0.009559576446492,-0.00278095965168831,-0.0114194674461859,0.0107318807288385,0.0359658081340948,-0.00366722418524193,-0.0199701304459243,-0.0157266065027418,-0.063680669768013,-0.0621376933673784,0.008880247206555,0.0136441744555217
-0.00300948622067477,-0.0125591563635802,-0.0215074218101439,-0.074961726036054,0.0179210973535144,0.027345532144729,0.0135866804222225,-0.00412747304282685,-0.0347702204665913,0.00619202145874653,-0.00801762840728718,-0.0781499364110919,0.0339049048902225,0.0300451864810677,-0.000901512687553514,0.0227761477758469,-0.0176383728721287,-0.0235586510998821,-0.00648765158106884,0.0127686406674231,0.0264375148868206
-0.0215886079197109,-0.0537031895061277,-0.0430180635126415,-0.035066904700608,-0.0120926438410005,0.0093276219981106,0.00460423918430525,-0.018336137636425,0.00577337674152283,0.0271197644607401,-0.0659016279980982,-0.027546385609962,0.0188738147762523,0.0170510706849718,-0.0316033769195165,-0.0143044837706432,0.00700278092935777,0.0286453616167725,-0.072905525365564,-0.0311044527128375,-0.0290561396278846
-0.0180841878539632,-0.0482028417465619,0.00713309235773255,-0.0531751654114441,-0.0428596921583552,-0.016271729886615,-0.0306869620635902,-0.0237049078821864,0.00480343705083658,-0.0336556107465699,-0.0366895527302085,-0.0811234158492392,-0.0164387540025923,-0.017489339145252,0.0212350676169206,-0.0796099252698902,0.00838516709098784,-0.0923602930002477,0.0304663179674912,0.0394782859423945,0.0354370611198081
-0.0202005017131844,-0.0326353333667836,0.0252457054888673,-0.0180599572611433,-0.0496151147041741,-0.000353873349880657,0.00215711253545253,-0.0147687995391788,0.000610056815035051,0.0000335913059134607,-0.0278177538878994,-0.050911514903171,-0.0112419021996027,-0.0187572276175437,-0.0174337967037707,-0.0319219509338025,0.0404556957717994,-0.00487250189779365,-0.0154970182196288,-0.00905553837226909,-0.030922744772237
0.0300995680209307,-0.0086904489845189,-0.0231606670759283,-0.0049913571971737,-0.0601533179457591,0.0398448579078593,0.0455904962288921,0.0140349101731509,-0.0666127420173695,0.022827116677628,0.0162151999234326,-0.0830531006655943,0.0282412244689734,0.0222069885844434,-0.021623115401091,-0.00133254410569314,-0.0206257651558231,-0.00435368829878549,-0.0207938346042727,0.0191599172841485,0.00873384283798345
0.00996660556114745,-0.0522402406825177,0.00121050828669791,-0.00495742090561349,-0.0407837183774511,0.0519585287533516,0.0582730689465527,-0.019697136043735,-0.0145868797848668,0.0119288232093958,-0.0722872520104984,-0.0182827830326502,-0.0262529852160833,-0.022998616109506,0.0097061921175861,0.000814724710201623,-0.0428473165095959,-0.0331462754845452,-0.0533000848313951,0.0494185636722291,0.0231206067252029
0.0040056220069986,-0.0521571587418623,-0.0109030741383676,-0.000670885990841419,-0.0711887938023558,0.00795732944353348,-0.00392846747335759,-0.0327286078289097,-0.00282907457686774,0.0172391628328967,-0.0533098830404727,-0.0805226704057891,-0.0338944263139792,-0.011953961590255,-0.0228517230959872,-0.127832007006623,-0.00480947175057456,-0.00777479719345059,0.00116676030323104,-0.0136200318918751,-0.0157469794058075
-0.0146488038156811,-0.0168092611006681,-0.0064237828472265,-0.0525503963487803,-0.0607567946887373,0.00920945057501794,0.0139572032585515,0.00766294937506488,-0.0243798647863777,-0.0550051837648393,-0.0623213599894259,-0.0926672589234822,0.0120235086104425,0.00438667038299659,-0.00125092474308248,-0.0298785929225118,-0.033315193445652,-0.0457342232123787,0.00802046633779069,-0.0018796685223018,-0.00606882717115444
-0.0113001068558601,-0.0130145127922349,-0.0235493392522335,-0.0579227597005194,-0.0882801050750008,0.00803378081219365,0.0465118233176152,-0.0240396593603403,-0.028674079384266,-0.0416383659529343,-0.00599946344233318,-0.0589958727242443,-0.00717413204258076,-0.00509623131517938,-0.010867839894172,-0.0187188604902692,0.017849671699931,0.0349256930370411,-0.0708624217258947,-0.0385614665690693,-0.0457739871512025
-0.0222605586508085,-0.0312667788237188,-0.000137546304739472,-0.049181521616122,0.0501771174940346,-0.0100773608660391,-0.0250184704395302,-0.0384603151366117,-0.00295030087416819,-0.0384807700460968,-0.0398279541722275,-0.0330617119965435,-0.0637357567109742,-0.0613859692208871,-0.0141823115695575,-0.0657110710554673,-0.00858814794495122,-0.0301784471729748,-0.0237084913605681,-0.0119190988647177,-0.0224919197630592
-0.0108759119976629,-0.00228730367434588,-0.0345828731858811,-0.075783560956715,-0.0561424641639112,0.0339719434538658,0.0328953586262593,-0.0295928847666379,-0.0604657870674607,0.0341114259762007,-0.111348588567705,-0.0440850202165811,-0.00721585543686003,-0.00112060836891304,-0.00391668319166291,-0.0293133671212968,0.00655581817315565,-0.0218062594804414,-0.0312454606876034,0.0178345666284538,0.016951970599988
0.00928116894114942,-0.0152230937641677,0.0113512264945548,-0.0236493138182841,-0.0196458111029177,0.0178281847019392,0.0482560114290519,-0.00386270522433375,-0.0308884864319982,-0.0131589532369472,-0.0160295977972763,-0.00890385152283907,-0.0158482945506167,-0.0113724072412959,-0.0269799220237272,-0.0648789653218473,-0.00151631543989741,0.0250993206355206,-0.0652667761914835,0.00258474834875692,0.00241561959421921
-0.00085649462236255,0.00912616083831204,-0.0301905343635542,-0.104575103930362,-0.0158182559056664,0.0257601287903169,0.0491202067116833,-0.0131252345653665,-0.0396771737992799,-0.0416898156883183,-0.00695381273801762,-0.015901347069012,-0.00732010770348481,0.0101881678942134,-0.00635092492681753,-0.0259686428859529,-0.0200414597570192,-0.0119968940427216,-0.0668935266932179,0.00332478531003915,0.0127044902317143
0.00741132620096172,-0.0183364323984591,-0.0500250358407809,-0.0402193881965659,0.0185112757367148,0.022787786381881,0.0288521525006364,0.0146000080486962,-0.024897780606249,0.0214768317189925,0.00751984197707367,-0.0582540913968912,0.0297624652140377,0.0277735506326616,-0.0189730886042092,-0.0270813516550003,0.0038820432976323,-0.0217137232479953,-0.0800847391670478,0.010835152886747,0.00850561175158596
0.00115771801448604,-0.0144734645116478,0.00530682799709856,-0.0522339417701721,-0.0750801217693376,0.0140734934428287,0.000415221332999899,-0.039879179469632,-0.023377097132255,-0.0212116706882986,0.0010051675563631,-0.0323148778850253,-0.0114013024115024,-0.00301279280949924,-0.0321286509457664,-0.0369890330367923,-0.028368890735754,-0.0158203064724682,-0.0169196245070154,-0.0242924892630477,-0.0260130198857439
-0.0160906514498714,0.010747973299753,-0.00636779889052222,-0.0935617659555882,-0.00723591336792551,0.00486705319348404,0.00366915593879839,-0.00838821913616179,-0.00960152023164394,-0.0327644542173882,-0.0326838173136904,-0.0222931621539692,-0.0201420470281145,-0.0156392229268355,-0.0162249520662245,-0.0791506442378056,-0.00206345961124738,0.0222666821182816,-0.0246824306547965,0.00699573956025003,-0.00310950212729726
0.00774695342390413,-0.0358458301944088,-0.00633729700047866,0.0160094682268492,0.0381998573004815,0.0356874840235175,0.043374543173645,-0.00891289824987633,-0.00625484245314688,-0.0406603681934865,-0.0465137603156232,0.00213359006604075,0.0209767858355923,0.0251529385130014,-0.0378686486339559,-0.0185756914945778,0.0153221693062193,0.0067960709598244,-0.0424363103617066,-0.00631831661759529,0.00400593470828405
-0.0248544288197293,-0.041216424407577,-0.0412524735805565,-0.0331662253323306,-0.0186211478569154,-0.0160078209625688,-0.0221715171349708,-0.0237320185729644,-0.0176609952677608,-0.0226631664747083,-0.0397330908185908,-0.0542322497868959,0.02284946221793,0.0103775669164919,0.0059198596895746,-0.0448543232413743,0.0128764403136462,-0.0161077082528887,-0.0102259330570851,0.00666211374024411,0.0177887963994781
0.00138824729071201,-0.00890366400342475,-0.0423928119220296,0.000384149273855799,-0.0497988635777443,0.0491027010616492,0.0322305287870926,-0.026475880203772,-0.0436993665539708,0.0227311429426359,-0.0698884998056703,-0.084926195316183,-0.0143736207666645,-0.00574815641339629,-0.00676181118078442,-0.02095452390561,-0.0609065098054602,-0.0391556771599896,-0.0773594057563643,0.0213169566843129,0.0250517795746731
-0.0125550440126793,-0.0100254073324536,-0.0188170204948955,-0.00908202191635879,0.0321519697728555,0.00325117006406279,0.0138710409845912,-0.00605599623319236,-0.00299489657789287,-0.00639718290704069,-0.0188562406692493,-0.0755474739121523,0.00426285452881676,0.00525526033888673,-0.0196753948960912,-0.0424938120901885,-0.0420188622159476,0.0171874114767781,0.00545906378007022,-0.0057229561372286,-0.000821986163695432
-0.021321316601975,-0.0332674338719466,0.00803864971513626,-0.0281631526168049,-0.0422689518148922,0.00354969415769505,-0.000666677262703655,-0.0104994600168037,-0.0115856057624766,0.00469124691558154,-0.0765498308969258,-0.0305258646732761,0.0111677092003363,-0.0242910639165433,-0.0110173998792006,-0.0559718818728927,0.0298768899644947,0.0626393432987894,-0.0402482867633569,-0.0353624035410308,-0.0199947078568735
-0.0109260050481919,-0.0373339550957071,-0.0147034878059235,0.000224734995660003,-0.0724177821867343,0.00124631097732742,-0.00487310279557153,-0.0250693145044599,-0.0178535976352161,-0.0371453409904945,-0.0206241284927196,-0.0506032887425983,-0.00825069341179885,-0.0213462763468465,0.00513796313148925,-0.0422513160452068,-0.0478461284920187,-0.00748702707138296,-0.0492690682956997,0.0355330913663989,0.0488848536231643
-0.0163915937735017,-0.00405028696414451,-0.0584953980920587,-0.0309259709515276,-0.0624648035728583,0.00548387492365843,0.0409646825759452,-0.0112567887780767,-0.0384596750721458,-0.00142931484626463,-0.000310620805379802,-0.0373650842281538,-0.0169714618056533,-0.00955901338052456,0.000173746175562491,-0.0377568641044754,-0.0115828030651572,0.0143585006854537,-0.0729616072410496,0.00231304236674516,0.00319320606324662
-0.0256975199501022,-0.000866953076380017,-0.0267732969075006,-0.0324274884455543,-0.0645059337418474,-0.0215116646192245,-0.0194976844922888,-0.0240509027967754,-0.0343198443056492,-0.026917708290284,0.017977899246974,-0.0118458718356314,-0.0111824617761226,-0.012396441471613,0.00808667433822853,-0.0311879310775564,-0.0108304842027687,0.035732238018975,-0.0525012529725387,0.0143912766224762,0.0222105616480319
-0.0264325721947581,-0.00928621493618939,-0.0412602329172551,0.00868749403207933,-0.00665176178058835,-0.0457591194719092,-0.0254168011355375,-0.0275536829752779,0.0229246361103588,-0.00505711479070832,-0.0626524413586345,-0.0973526941388065,0.0128823019030467,0.00634433781407556,-0.0242801788576055,-0.0367941759065279,-0.00471555892777538,-0.0797367761694509,-0.0592175069023432,-0.0169565041330703,-0.0190572227387687
-0.00680040340740959,-0.0682880302016746,-0.00967911936290286,-0.0624916024237573,-0.0433806479084764,0.00044615379208842,-0.00551101160479656,-0.0400038484549495,-0.00197354898839548,0.0308131095262957,-0.0193700134992826,0.00840324669710585,-0.0456373173634002,0.00232554979730087,-0.0123815529364083,-0.00362966859003656,-0.0455009894110389,0.00610137844322514,-0.0745410664295466,0.00450820862926648,-0.0153846737076325
-0.00569377323957251,-0.017131082635618,-0.0344640095807315,-0.00861096432032246,-0.0497481111666243,0.0164204436438698,0.0169745237059873,-0.0354595967987366,0.0139532168055804,-0.0419675445245395,-0.0121396925840138,-0.0693101727097628,0.0170472537739304,0.016168297173795,-0.0133373567572521,-0.0216476650874138,-0.0338207513693611,0.0541466755132238,-0.100132473408369,-0.046403645332263,-0.0390801941723305
-0.00753452193923972,-0.00905082271535264,-0.0221690040857895,-0.0388819435415168,0.00367796391033254,0.0072241238292564,0.000224653935679157,-0.00767192207978968,-0.0612233088235392,0.00523589641442133,-0.0261529340091829,-0.0873939431184786,-0.00820935284216517,-0.0063858837647555,-0.0305595320184293,-0.0241000743456568,-0.0264467721315477,0.00511451330051158,-0.0925735441275576,-0.0219162215564468,-0.0353531752451971
-0.0183153610482587,0.00206554321284737,0.0303011012675897,-0.0624779663363927,-0.0414774818682629,0.00548509493998312,-0.00222135203384392,-0.0288389175476191,-0.0299094652700394,-0.0132228862902782,-0.0371106368592067,-0.0580687316610048,-0.0137652345102327,-0.0149757617823864,-0.0152337984457362,-0.0253181383027373,-0.016479633052833,-0.0399693280129893,-0.0184938711076237,0.0186545808098738,0.0176580323468449
-0.00342782672393652,-0.0228876184022633,-0.0931765686864354,-0.0142648090020421,-0.0135786951279135,0.0296540042364328,0.0338510371330051,0.00408226615626581,-0.0169305960834967,0.00449394005385508,-0.0989381579293904,-0.00160823336034066,0.0349525561298562,0.0155369893812485,-0.0190104281050443,-0.0311241438503717,-0.0578400988702876,-0.0243715168878226,-0.0571823020449256,0.00789212558765621,0.0112215794998106
0.00726157980785878,-0.0261529443715259,-0.0418532612513474,-0.0336042297867825,0.0169987548319332,0.030294834949541,0.0526388418660617,-0.00471814657279382,-0.0231839917031696,-0.0387876670022021,-0.0315522036821522,-0.0420703589840991,0.0035433997543791,-0.0160702668725971,-0.0373653145372459,-0.0511003496889404,0.0397087123146072,-0.0233522460859716,-0.00639368113925998,-0.034366702265045,-0.00734204196999909
-0.0315718306551032,-0.0316402097578049,-0.0252312870924419,0.0150828044664978,-0.0728020243035751,0.000685309352577476,0.00125697804253026,-0.0408549597392871,-0.0551019157856989,-0.0194159683832346,-0.0489014783973718,-0.0386864631460803,0.00657098222544616,0.00593378941255293,0.00552302245349492,-0.0222456649218825,-0.0179092946850587,0.0286194267788448,-0.0474134843668415,0.0276177410186462,0.0437943561840047
-0.00178976553798169,-0.0887378756034551,0.00903408116872684,-0.10812936874576,0.0159941009933081,0.0150793053615088,-0.0151875167063875,-0.00612436176047502,-0.0793172829989826,0.0000360745792051809,-0.00928840346485077,0.00823688945427009,0.0216819978938929,0.0157083796854826,-0.0102889065889035,-0.024695276945951,-0.0147766053649468,0.0191737808741762,-0.0288954348719429,0.0161812370777302,0.0101659122850377
-0.0165521076307497,-0.0602270509496855,-0.0359549017680491,0.00209503303088671,-0.0484113565581871,-0.039107727388515,-0.0355167772313154,0.00119079013631433,-0.053486668585619,-0.032719533251487,-0.110847951688572,-0.0162369133233836,-0.0245729956100201,-0.0276642530945086,-0.0115233365037473,-0.0894587047859922,0.0202640970072483,-0.0105270624289707,-0.0833056873800967,-0.0234153278057506,-0.0244971540908444
-0.00373141933158282,-0.057357803063592,-0.0251998106666956,-0.0177543599351621,-0.0993723218703911,0.0436399536445012,0.0203347181985273,0.0135673154853165,-0.0589019013355611,0.0438012382276844,-0.0442971893758386,-0.0263260666669731,0.0436137463650545,0.0350495480131938,-0.0297217817043574,-0.0270092352495732,-0.0194509762939991,-0.000130743681298368,-0.0185252022842933,-0.0288612048784705,-0.0268766022369427
-0.0225624185011951,0.00114874742966284,-0.0214595767721998,-0.086687096479643,-0.0684942058628648,-0.0313213276203635,-0.029209833450634,-0.0473729177025883,-0.0308387317780949,-0.0561105893950974,0.0242488850083607,-0.0484978442503568,-0.0138201926499897,-0.0131808793977563,0.00596861087871244,-0.0356058881932077,0.000888098078934252,-0.064988622115675,-0.0558005405551212,0.0299564468451323,0.0471756565325691
-0.0338719868815604,-0.0212049496387218,-0.0386239494832877,-0.0348301706349262,0.0212964736551055,-0.0115970211166551,-0.0460375433571336,-0.0503624391811471,-0.0244427447354238,-0.0319798910572906,-0.0031565092707867,-0.035626967202678,-0.0333319857368417,-0.0462328413461704,0.0146283331864087,-0.0485147411075433,-0.033635479529527,0.00632758592893309,-0.0382382857746987,0.0171183419905379,0.0168304296123864
-0.0125350404342607,-0.0304138466536111,0.0111231467056145,-0.0591816610548336,-0.0794438400688919,0.0183134184384503,0.0178554219095633,-0.0210320003577155,-0.0385923838362042,-0.0500660725263528,0.018787216229815,-0.0392725500473166,0.00381145595202861,-0.0170676514519009,-0.0220880267787484,-0.0570127891374991,-0.0147032750490285,0.0235201291353927,-0.0447907361726792,0.0153101792462409,0.0063997507867228
-0.00817884858302018,-0.0200615571703007,-0.0354131472331536,-0.0281651672371289,0.0114036175827432,-0.00334513764444065,-0.00107003453986063,-0.0108305383108944,0.00460694706806822,0.0106084016360021,-0.0224052638738512,-0.0221007919718976,0.00339296761475848,0.0551387278817581,0.00928538326961081,-0.0299998685449471,-0.0191984110364263,0.00450851337856589,-0.00773823410988839,0.0420823836548345,0.0491401562836321
0.023111724370119,-0.0728751189212314,0.0188082290130967,-0.0245918328669172,-0.0691854811985675,0.0285942596920649,0.0169714721311973,-0.01161294363637,-0.0215245454651998,-0.0283320711885585,-0.0179390397434512,-0.0539078212739067,-0.00453051783318688,0.00420070341082385,-0.0129981602255678,-0.000930923772240133,0.0114626386914419,-0.0433331873032198,-0.0993179033449121,-0.00196821146316078,0.0277170536078091
-0.0188782222951514,-0.0174363195227401,-0.086912737822076,0.00458357014441441,-0.0443615553303492,-0.0313069973530443,-0.0375855838707739,-0.0107068952087347,-0.0215302432733476,-0.0488958387273279,-0.03940040298975,-0.0629098421684506,0.0182108878922049,0.0100954549794083,-0.00411068040493051,-0.0274732872052168,0.0342736332520495,0.0000810902467265895,-0.0742493889946651,0.0257044471526337,0.0435029749230381
-0.0214410023002963,-0.0110918975692047,-0.0197356647302001,-0.0458993690970297,0.0095529980379182,0.00115923845836245,0.00152514630246574,0.00148139982998094,-0.0327599878145892,-0.0247120707610173,-0.0141215158207854,-0.0187618021881772,0.00750569177911516,0.00564625253983604,-0.000372036376934566,-0.0218103439573796,-0.0322101240537012,0.0490314340564469,-0.0577525845561048,0.000127568076270082,-0.0154345654568702
-0.0032287965125753,-0.0621197618468066,-0.0312157630936325,-0.00499102989329694,-0.08098540471054,-0.0195197338180485,-0.0171731630863929,-0.00616937878124452,-0.0454242981922111,-0.037974901845908,0.0239343005760358,-0.0157678524962724,-0.0126418180400131,-0.00569812379667177,0.00609685330730054,-0.0685691060007423,-0.010837301196776,0.0331278867551908,-0.0739538233172621,-0.00222413599533778,0.00517165544144219
-0.0111297422506598,0.0112133327030732,-0.0117501023424911,-0.0382581950630503,-0.045438128136034,-0.0098224379260002,0.0057544818584308,-0.0183060107865734,-0.0084812939436686,-0.013787173556893,-0.0100543101467332,0.00292582928715618,-0.0267360122341554,-0.0190912523562147,0.0163203524267214,-0.0607809837725432,0.0184676791594253,-0.0127869044796352,-0.0373480456694665,0.0144357882340121,-0.00724908773070274
0.0126988255822832,-0.00802187304574171,-0.0058877959087569,-0.0131138043298462,-0.0675909163694888,-0.00979133523514874,-0.0107509303546462,-0.0214623587119161,-0.0523079489629067,0.00857885246699591,-0.0567032536398005,-0.00163672366293477,-0.0059133371327555,-0.0184010062906798,-0.0419474319087205,-0.0216150136072472,0.00650277112561025,-0.048474633024888,0.026058773497717,-0.0322689034285363,-0.0975536914669598
-0.00570171651514153,-0.0193955143323613,0.00383371235338784,-0.0603532595944886,0.00941757916961056,0.0147135244792771,0.0279286768762581,-0.00127445214133107,-0.0179764841962205,0.0119912390519148,-0.0137373055454008,-0.0114537893031655,-0.00645665239332191,-0.00596651040273747,-0.0326652806300572,-0.0593871439271304,0.034657940812756,-0.0137420422749736,-0.0638759842010634,-0.00199514221144326,-0.00215959952344145
-0.0096837242199802,-0.0336032252863306,0.0124444617216259,-0.051704834846522,-0.0314962891048782,-0.0177929164302261,-0.0186119294469875,-0.0106223048523526,-0.00857942340671872,-0.0172105836135837,-0.0399083629692429,-0.0728739883158172,-0.0000819195131893449,-0.00331485968006795,-0.0132554806727974,-0.0203195806977001,-0.044161893330467,0.0148094160180046,-0.0649423129122969,-0.00815332442867524,0.00196127284089092
0.0035384689184408,-0.0274198106267006,0.0136584844917888,-0.0149600300012163,-0.0198405536366711,0.0208972747622779,0.0137912134351373,-0.00146509881612033,-0.0622054302610677,0.000320466382841514,-0.0694151885583074,-0.0211906209742321,-0.0134489483850971,0.00584702655971888,0.020189039134219,-0.0624374530297214,-0.002637716829974,-0.0331592928893694,-0.0562402807973984,0.00711828778217676,0.0156993535948517
0.0114259303230969,-0.0355418896275236,0.00513509126828163,-0.0133678980343991,-0.0547721821209111,0.0605095816964126,0.0676255323780273,0.0106470448172398,-0.0308720442042376,-0.0113958536900788,-0.0152444178668543,-0.0477563995890438,0.0446717463360049,0.0114437189914133,-0.00562779444037845,-0.0454786726785226,0.0320066205395304,-0.068996160697245,-0.101029888021627,0.00257968879988749,-0.0245239389280466
0.00792672064791777,-0.0377893150278028,-0.0103284044415963,-0.0402909667138028,-0.0051938539860884,0.0233578438410611,0.0236149264909261,0.00866229919949336,-0.0272957165335735,0.0247959912050722,-0.0667171876798182,-0.0245584740560464,0.0228635065064006,0.0249102204443025,-0.0114024264269762,-0.0375167147511906,-0.0259963700822252,-0.0553231437411581,0.016414229362812,0.0133883198686568,0.0163490409104453
-0.0131359773762775,-0.030266088786611,-0.0298996808900854,-0.009094565660099,-0.0416653631535472,0.0112159826499457,0.019019421241631,-0.0256576037169096,-0.0408219308695205,-0.0644443082073692,-0.0237538766423383,-0.0730521184467099,0.00221441134386786,0.00401020875049848,-0.0286429229171081,-0.0624433380304469,0.00519152755600413,-0.0330713046243953,-0.0824843995029919,-0.0150809652199588,-0.0126050682292165
-0.000605550445118001,-0.00406926593469729,-0.00302750102007518,-0.00494828847134673,-0.0193137732891776,0.0141222230098485,0.01330931738109,-0.0000915348357991841,0.00766868360738072,-0.0296285528014219,-0.0400416993914857,-0.0698501669798853,0.0357871848776571,0.0252900275604592,-0.0056184350283549,0.0011332125870134,-0.0600914344290997,0.00677154189338994,-0.0319030336759288,0.0181438425907608,0.00400667502345782
-0.0196796036872557,0.0225345280305358,-0.0268189821355992,-0.00768760361296178,-0.0227417580757213,-0.00116100826637208,-0.000242836737254927,-0.0110006728992599,-0.0641179210452739,0.00902883963722334,-0.0398617513337985,-0.0588314817280927,0.00234166082223675,-0.00480264253864351,-0.0395886904702793,-0.0331038455630411,-0.0146442372759105,-0.0390332349243082,-0.036526948440799,-0.00645833964840704,0.0156206841645526
-0.0221004368100439,-0.0170308209495588,0.0305945700887341,-0.0210772981475487,-0.0457080223459257,0.0150993111441179,0.0138891199811811,-0.00964819066627878,0.00652278301480669,-0.0524908580517972,-0.0230645653437449,-0.021793745025837,0.0255286442832701,0.0253449753918486,-0.0000105942880634299,-0.030388453516985,-0.0338215339529534,-0.020775659428978,-0.0571286739927035,0.0323149322468141,0.0163817671263547
0.00251101237519719,-0.00683706542215222,0.0128929210845264,-0.0843791858571097,-0.0156611874754411,0.0432660485983956,0.0401065031827349,-0.0327039283304557,-0.0640139202123883,-0.0257239962688844,-0.0502422002612343,-0.0606447108133037,0.00786033388937521,0.0123652599367325,-0.00894616551677078,-0.0423954738752666,-0.00518003374397574,-0.0101173804741686,0.0237104182339699,-0.00879549558677007,-0.00824954985953446
-0.0320590818787203,-0.0430492560822845,-0.0346546817665741,-0.0402620565232493,-0.0729907546076569,-0.00653526314067193,-0.0078344046828711,-0.0168836937126617,-0.0768314019273391,-0.0238723501077816,-0.0531671648771996,-0.0548469618578858,-0.0254002491708109,-0.0208024334367049,-0.0145053229745893,-0.0410836379348851,0.00951049901281054,-0.0548275953436314,-0.0499353450037036,0.0284072715020177,0.0198882192886833
-0.0188819056345273,0.014078600745381,0.0409353500441185,-0.0697647004866742,-0.0173346373199953,0.00593044705442748,0.0131588223361125,-0.00779179975219861,-0.00667181156540354,0.0139143102238483,-0.015905333990893,0.0534017145228835,0.00842275502803554,0.0145428473420112,-0.01730993592178,-0.0154740998078703,0.0044727328590326,0.0000148299204445201,0.0193407843139039,0.0203580318944848,0.0185109085842796
-0.00243598063401522,-0.0394638281908345,-0.0295228443885363,0.00669639810291567,-0.094926019799616,-0.0228596650896587,0.0191356402804124,-0.00320334852146532,-0.017350192326977,-0.0623738563991335,-0.0568334558020888,-0.0728029616152399,0.0280912694498583,0.0425422585372758,-0.0434561650462366,-0.0570107041042543,-0.0354429464051712,-0.0113259951502404,-0.0336926353394935,-0.023018952665273,-0.0222540363016018
0.0195044430778991,-0.0441124631775788,-0.0066990304588756,-0.032009060322103,-0.0618478740556108,0.0309792254203816,0.0187905282973077,-0.00867998547865036,0.0108259455018147,-0.0114773786251628,0.0034103214313371,-0.0603113649455458,0.00170166469698869,-0.00685546668089195,-0.0232346948275614,-0.0199751866165564,-0.00918919230403994,-0.0742246859418626,-0.0879007265140273,0.00922677260953838,-0.00599972958089535
-0.0196660619216823,-0.0089010392161001,-0.00638635644262565,-0.051898698226724,-0.0275676636296169,0.0172186028044115,0.016339555252301,-0.0136051004222518,-0.0371029801177583,-0.0593337273374936,-0.0242285757220913,0.0124794848437335,0.0121764057619614,0.00599884918483716,-0.00794255746164014,-0.0375786922848173,-0.0453336870282794,0.000219639710886094,-0.00745239333112668,-0.00543035228684302,-0.00989216714630114
-0.00164987109114176,-0.028255011734051,-0.0653757028435996,-0.0642944874938232,-0.0487914933271655,0.0174730071075698,0.00134061337722956,0.00631629476560192,-0.0697656272363435,0.00715338560216899,-0.0426879736663162,-0.0190418466322543,0.0298139059483485,0.0253395815840168,-0.0190336915893379,-0.0156537282244801,-0.0487213866544778,-0.00526789561081362,-0.0725969166885149,-0.0264852962607756,-0.0162553650576899
-0.00645542889068237,-0.0554698924851682,0.000290337978671978,-0.0258483489562689,-0.0455676093137112,0.0197697979477094,0.0264169471488869,-0.0152259316543746,-0.0176641490568876,-0.0110701060703361,-0.00300455819562187,-0.0178483257541489,-0.0462892375230359,-0.030133556210188,-0.0204483898245336,-0.0536051590601094,0.00305919310252711,0.0042221131932102,-0.0718053760216853,0.00160309246259462,-0.0107234108307663
-0.0212666639369047,-0.0100833313560608,-0.00333526856724503,-0.0537674945378007,-0.103314678550956,0.00712886089735245,-0.0135852921716009,-0.015479525251314,-0.00720343565543699,0.0116912938004965,-0.0559042427234935,-0.00235264843800631,0.0177021818164492,0.0042844280309835,0.0147538299780983,0.0390352460850479,-0.0345858152025768,-0.0164373867012148,-0.0524261360560835,0.0122090833661662,0.0291870750283791
-0.0195915436637245,0.000898124380606741,-0.0580859282879864,-0.0252273453663328,-0.0454164049837796,0.0171665697360874,-0.00358624731368107,-0.0198421280534281,-0.00966768754365484,0.0102278273469969,-0.0215744363521035,-0.0687121390197619,0.001190213461448,0.00242864572253912,-0.00242545854253418,-0.0286521589314645,0.0271111204222549,-0.0699363648337004,-0.0264912539446787,0.0068300219233646,0.0348174509360802
-0.0203680724063822,-0.0409902325646465,-0.0199819491985361,-0.0303966793589779,-0.0285246223151082,-0.00201504233902483,0.0113351853340178,-0.00657232855611511,-0.0425123628967528,-0.0439493228921563,-0.0189854787860513,-0.0280752746515491,-0.009191302569616,-0.0024343655749173,-0.0241305976489627,-0.045315948765571,0.0510201730944675,0.00757455958321621,-0.0314435888064826,0.00387960575511262,0.0118217215205439
-0.0277462336186461,-0.0712216540693858,-0.0251082855643281,-0.0135559406217776,-0.037620933242914,-0.00340387523866078,-0.004530651778487,-0.0118733046529976,-0.031962460242559,-0.0335640676841189,-0.0657198994298628,-0.0549251376631175,0.0299693487296562,0.025158899657661,0.00809139785769467,-0.0699409764470834,0.00673865500331508,0.0162819553077226,-0.0248315764390641,0.0157790858726482,0.0195812362288159
-0.0102461472954263,-0.00758692275979009,0.00147126222234839,-0.0656887142810436,-0.0228468250132283,0.0120985075511675,0.0218383827567039,-0.00179138536914086,0.0166472930559074,-0.0771338052616442,-0.0438588976808081,-0.070710139433775,0.0295182656715925,0.0148496332000824,-0.0190869589068164,-0.0434214563179312,0.0256247955780135,-0.0387787185655513,-0.112904772925836,-0.0312211722590382,-0.0457350682149806
0.0396636151497692,-0.0459191373352355,-0.0148662168477182,-0.031444366118968,-0.0512371384683053,0.0592598157316032,0.0639636020094981,-0.000948044924217836,-0.0328630204157102,-0.0106256896794426,0.0240212087583387,-0.0139276824519315,0.000328302884690122,-0.00478978828028757,-0.00129513004596776,-0.0202309928424764,-0.0597564557786565,0.0169497150870811,-0.0168986749150405,0.0147953971717581,-0.000279571844273338
-0.00845713866536989,-0.0306351468790191,0.00357304837620209,-0.050552090052928,-0.0694558570185728,-0.0127651825419967,0.00161767770509013,-0.00436268925529814,-0.0299402814982225,0.00964963219221238,-0.0618527197212302,-0.053668887343413,-0.002977116390981,-0.00955089911429638,-0.0403686855902205,0.022356938672556,-0.026166203669713,0.0153891802796001,-0.00407367686153604,0.00738876988654066,0.0140892405911672
-0.00561664053669158,-0.0259328436705904,-0.00422580550254494,-0.0853805888321594,-0.0267972898996255,0.0228351245809611,0.0144600270814637,0.00601203484362434,-0.0268215140967529,-0.00577614655443193,-0.0573824528338265,-0.0838119432119265,-0.0118439242300596,-0.00514797241928538,0.0102764108699145,-0.0700437192117556,0.0537756335670305,-0.074817048874102,-0.0553111322487683,0.0127789494430631,0.00981210524400257
-0.0399755790029656,-0.0717358149175874,0.00356289308525025,-0.0118321589719186,0.0124145667768907,-0.0132045522502468,-0.0181708407514509,-0.00961958770043748,-0.0141765650409413,-0.0278641806991718,-0.0131754465054628,-0.103053789508179,-0.000778399550329427,-0.00119642749946759,-0.0103124798590558,-0.00553931186454643,-0.0204058222834977,-0.0614165785355601,-0.103797345147144,-0.00317619769526396,-0.00312757971177117
-0.0146348003647861,-0.00928188820346959,-0.048563919479167,-0.0180850676313617,-0.0902556946984636,0.0268294626699201,0.0114418064482496,-0.0138382666762187,-0.0132407884235287,-0.00188662385463909,-0.0640987589871753,-0.0265059347338112,0.00233987079612637,0.0136438733985964,-0.0122115506962835,-0.0308227903058164,0.0216604588590925,-0.000468288307073433,-0.0389808328473549,0.0219144765270117,0.0170470720045768
-0.0111095579877512,-0.00327604874753115,-0.0380272764872459,-0.0313008580171547,-0.0843176293002988,0.00512511792249666,-0.00135193132283914,-0.00760014628983208,0.0139561904507243,-0.0341862732447914,-0.04529814711079,-0.0313642736018276,-0.0260264329603003,-0.000257717676145179,-0.0145915727314838,-0.00775027441884613,0.0365686215698659,0.0193725954552945,-0.0942340872417688,0.00721097150558769,0.00732707683372279
0.015043438822107,-0.0614689452061328,0.00323616330391228,-0.0341665967419584,-0.0821270317978327,0.00779771965100426,-0.00346609964432108,-0.00331413571733917,-0.00131407876473283,0.00138145135759385,-0.0331514295592227,-0.0747411987457694,0.0218694232222442,0.0150592680709895,-0.0232357694438347,-0.0425495620239534,0.0187482921346797,-0.0160147916750696,-0.0348038109245473,-0.00682681629469341,-0.004732901485373
-0.00980468463474182,-0.0107087911887309,0.00493728921521033,-0.0110828665962428,-0.00616953815889615,0.0161446639620966,0.0209477182942102,0.0180430875040502,-0.0422377235854157,0.0018056120539017,-0.0437464115233418,-0.0678751496475695,0.0432999584389214,0.0501056486013725,-0.0179808981005306,-0.0377439323226525,0.0201872507190639,-0.0147575617802132,-0.00510324157148967,0.00435807188614975,0.0125764757194912
0.0334849525926712,-0.0371611149866179,-0.0209859840343697,-0.0283825276501858,-0.0401657677898871,0.0564824380709348,0.05327226058355,-0.0270235539636265,0.00492366591017143,-0.0166940073187588,0.0197935554636822,-0.0480322754600327,-0.00270528156025705,0.00785835210718971,-0.0095358752032423,-0.0327935545851849,0.0238779511990335,0.0211991111953836,-0.0708032725683571,-0.016469292523065,-0.0170829086365712
0.0126548057326168,-0.0249837102068997,-0.0275572680776167,-0.0333899414550797,-0.0141364811509158,0.0224055239352932,0.00682997777845805,-0.0221622924451615,-0.0144257792511024,-0.000488827454927149,-0.0289984614257298,-0.0892156810500015,-0.0173785543903787,-0.0110616550476913,0.00486653456855329,-0.0417069495018919,-0.0469931185966353,-0.0405339629403703,-0.0746626111572226,0.0442445641651766,0.0398281616142778
-0.0066517077301984,-0.0561417946662042,0.0392846717482279,-0.0247785142714255,-0.0188247603774824,0.0153940577603896,0.023930721212311,-0.00304704801892414,-0.100260423806372,-0.00202122335853989,-0.0290526252368653,-0.0652302291598834,0.0191772860114221,-0.00082560934326252,-0.017102747098416,-0.0271555608140201,0.0206896860857516,-0.056882065732024,-0.124126331357985,-0.0379184277099192,-0.0241333818843715
0.000549617285352577,-0.0364471786757351,0.0177015757253143,0.0344687201038706,-0.00187777283660717,-0.0122535456132417,-0.00308737302554656,-0.0267147445535751,-0.0265122519283337,-0.0125440597540968,-0.020792728357743,-0.0116949854887438,-0.019051285269975,-0.0137812979618142,-0.023690077926042,-0.0114351949883541,-0.00192496114214885,0.00208262184483965,-0.00670313568261688,0.00603718068870387,0.0128194624916018
0.0023246167475514,-0.0284177793648457,-0.0179952930281699,-0.0329400601886935,-0.0283443334502223,0.00294898913391698,-0.00883058849084625,-0.0389412959607313,-0.0395563229746263,0.0600807777662462,-0.0208077166037141,-0.0325317490481211,0.0246992935508676,0.00519980676134967,-0.00788317338244544,-0.0567715672926589,0.0246391281979309,0.0108659626101595,0.00948030742744066,-0.0255538394798493,0.0163480846924894
-0.0208956917414175,-0.0323021950404592,0.0206439655201447,-0.00284195760982514,-0.0517478448315581,0.0136703534920684,0.0146898402827197,-0.00367398811031325,0.0146575933491282,-0.0208729752247232,0.0498363299782839,-0.0247341641506271,-0.00202612968170728,0.0101305324331929,-0.0227517996106991,-0.0195531327164465,0.0186505897824941,-0.0227878496860641,-0.0829245509649657,0.00524717929485271,0.00149462444722522
-0.0182604058530829,-0.00818018076288617,0.0187417899070525,0.0100317203019131,-0.0763823160107383,0.0256592089600326,0.0242880336902203,0.0123360882755143,0.00688423830606989,-0.024193118307823,-0.00782604273164461,-0.0503284674320161,0.0185481357983559,0.0302975169574503,-0.005877500950426,-0.0236774079236815,-0.0201268974268764,-0.0494183491246,-0.063135628073534,0.0116197471242914,0.0121026424528507
-0.0318755601272933,-0.00371217422907956,-0.0524104873404744,-0.0680835335301039,-0.032040032593933,-0.0468187157180328,-0.0403618965524944,-0.0291014547739758,-0.0179574800617761,-0.014920107771867,-0.0405606846854654,-0.0644946696282802,0.0126377948755916,-0.0164940886299347,-0.0160623172625915,0.0430214170122685,-0.0344622867188694,-0.0336951953322498,-0.0125904825612914,0.00794729625223282,-0.00944433232702841
0.00581811161959054,-0.0739365518839582,-0.0159906238004308,-0.0376357896768268,-0.00253998885817341,0.00976831258905186,0.00310503718587184,0.0100444650665965,-0.0000475723255915633,-0.0430516503684415,-0.0959168015993303,-0.0139010296759471,-0.000623119592802882,0.00368744889180144,0.00216568845949423,-0.0019089652328582,-0.0335666956899646,0.00277185097284721,-0.018117768393701,0.0222431044327649,0.0324544477312553
0.00528306187563314,-0.0332072249047082,0.0304609204527461,-0.0136613153855189,-0.0149214769260345,0.00932455208272042,0.00328928345908777,-0.0392212417316099,-0.0546897979430863,0.04468675289169,0.0419065760420084,-0.0291346654885297,-0.0361275915435309,-0.0459679002543371,-0.00775602333873564,-0.0131893352125727,0.00848567350004986,0.0102255800005418,-0.054470398616463,-0.0199300577654853,-0.0274324260024998
-0.0182693861441918,-0.0284896967608206,-0.0240849961122206,0.0193807792966308,-0.0415948566413156,-0.00661510936380711,-0.0178242398586129,-0.0245597023109978,-0.0182120850863533,0.00846128088752415,-0.0130996022091523,-0.0618931427325958,0.00818133568060782,0.0309032910345431,-0.0225317616965129,-0.011857488766874,0.00768527904229124,0.0260347441027976,0.0127654387276127,-0.00897314007154631,0.0282371508687408
0.0286478271950986,-0.0454207268980535,-0.0018860259526863,-0.0789647356942646,-0.104211757314737,0.0183141193033356,0.0172097226675759,-0.0159218937461074,-0.0555911809468741,-0.0181431962849201,-0.0764553729187867,-0.00461191396857136,0.0157264915564433,-0.0245809129084014,0.0140920385841692,-0.0143017884235212,-0.00647472235174361,-0.0431309593512163,-0.0282643892986545,0.0687572630215463,0.056382768628423
-0.0189989116152725,-0.0286457935745193,-0.0138566170729585,-0.0108589040949825,-0.0590066095737855,0.0010765692683826,0.0102461087434168,-0.0263434754346088,-0.0102905385957712,-0.0085899555066456,-0.0617233096709865,-0.00708451385769804,-0.0166406419672499,-0.00757879359965575,-0.00780137367175535,-0.0211372289495481,-0.02524088934833,-0.0592377256899013,-0.0675335131229481,-0.000837170728596237,0.000300533445232058
-0.0212861203701854,0.0132628539575612,0.00808939718106791,-0.00478918169554102,-0.0391986756591809,0.0220998113378649,0.0289726856098414,-0.0134888026718819,-0.0115639475630415,-0.0201862459674269,-0.031352473677451,-0.040456190105823,0.000966477301870369,0.00123324110463788,-0.0146599902342028,-0.0479916354780565,-0.00716505421713717,0.0177759202203923,-0.0239201907257738,-0.0324326319626759,-0.0178594122925099
0.00282542542193415,0.00336211296535673,0.0187289669639406,-0.0191288438381384,-0.00544690074287096,0.044286175415181,0.0374039806767684,-0.0325688325778808,-0.0258870137523022,-0.00688519614574779,-0.0403040065307724,-0.0661343523825737,-0.0284747073484686,-0.0286837280680374,-0.0275010071517665,0.0156576804599657,-0.0258028955954243,-0.00427975579519815,-0.0288125501512784,-0.0105478128531858,-0.0117575626858337
0.0260651485436593,-0.0346293493302131,0.0238447685147659,-0.00770775336649196,-0.0490379310889926,0.0367579120197194,0.0337190957466149,-0.0167821659637995,-0.0177024920313576,-0.0622203465881155,0.010369943268924,-0.105038424766304,-0.0178561179215543,-0.0160301882501763,-0.0239131682071936,-0.0582559825860983,-0.0406355186780608,0.0191685671073452,-0.0391810476938902,-0.0311200300479648,-0.0307570323170832
-0.0304451727917677,-0.0475747235442906,-0.0300959862829703,-0.0781909830433699,-0.0646275656045703,-0.00668549907794692,0.00282631714065332,-0.0142781776049274,-0.0535164518567005,0.0171593226420669,-0.0142927370131334,-0.0588458989061034,0.01147558405504,0.00397049865419058,-0.0234378292260557,-0.0186563757897328,-0.00153365385721238,0.0325662334983493,-0.0537141846891346,-0.0182768966604738,-0.00336145089106218
-0.0130165384539939,-0.0349324350730216,-0.0357150176168306,-0.0643458625299062,-0.0497573840179693,0.0270605703070098,0.0257650857501872,-0.0124370085564461,-0.0222501902198723,0.0198627826684668,-0.0228520090881917,-0.092040288819384,0.00923693092843542,-0.00623579431670154,-0.0232455004204449,-0.00412356511011332,0.0133083778094466,0.0255966712887686,-0.0287881541197083,0.00541137126177873,-0.0028095840551024
-0.0293470360799231,-0.0187207164961952,0.0149512712484329,-0.0420801642312573,-0.0733865795673884,-0.000196105558774126,0.0169131630112336,-0.000514504322396761,-0.0386276196140406,-0.0205251392760579,-0.00248056147035841,-0.0470638016417131,0.0204757268564231,0.0225662578560866,-0.0433653878334341,-0.0484804929998589,0.0272677868539953,0.0114709227101888,-0.0518835514021859,-0.00336548645718733,-0.00832457627476903
0.0132862006238231,-0.0279126152561758,-0.0474045216568626,-0.0683978554942145,-0.0588648628063569,0.0397353389607313,0.01348908522337,0.0118213940016179,-0.0300732684641885,0.035126283943537,0.0150340152123167,-0.00150345957174502,0.0193357636668769,0.0247290147217091,0.0123864794458836,-0.000982921106004828,0.0439146997023406,-0.00508767655212666,-0.037513920438078,0.0391354371573385,0.0300887292630984
-0.0285608082867164,-0.0571800442670376,0.0036247586549554,-0.032395899268311,-0.136065274627502,0.00257313879881882,-0.0148227458408348,-0.00272411684611554,-0.0255814365637,-0.0184058484053569,-0.0157352296363212,-0.0113877768885504,0.0323146398354619,0.0377591686819464,0.0125496050067191,-0.0301967140489408,-0.018435593192955,0.0237251876350959,-0.0253917379822066,0.0415769938033288,0.0400734288151623
-0.0144184171731388,-0.021713094932509,-0.0498416412957946,-0.0251051492342471,-0.0793657438401694,-0.00313917492972614,-0.00230357970719028,-0.0163390372864275,-0.00041069492093386,-0.0251024325316688,0.0101443090540516,-0.0389365916328954,0.0156064130080544,0.012122217490492,-0.035584751900591,0.0022104048559401,-0.0289807096134689,0.0235381354182774,-0.0589999499187202,-0.0220468936664807,-0.0204522088689402
-0.00473266530882734,-0.0627226277588843,-0.0124968181392307,-0.00712051834168698,-0.0352280367516903,0.00823928122360679,0.0143998897092756,0.00446222050492256,-0.0230632547414925,-0.0137531198429343,-0.049327052738606,-0.0762774754798147,0.00825297387885539,0.00344501470282234,0.0240236867674548,-0.0266882368807943,-0.00780275735859404,-0.0451719106470024,-0.0506305553534148,0.0374203560952279,0.0238842783594065
-0.0175417535128081,-0.0336068731127567,-0.0433562881657887,-0.0121716603160142,-0.0834496726823917,-0.0191037111161169,-0.0251401424057103,0.00235112530827212,-0.0199879568901991,-0.0506431140048992,-0.0228708859661632,-0.0292017860028322,0.00318971649857504,-0.0100758536347261,-0.0172973989583945,-0.0564081625090507,0.0505987628710242,-0.0215294265891838,-0.0853078031276282,-0.0416261138043372,-0.00840182494768921
-0.00164802468343728,-0.0441162306653423,-0.0310186584179368,-0.0698135115820993,-0.0753573397839573,0.0066802334136919,0.0181187097169169,-0.0219865525661381,-0.0601037276081096,0.00995718372788949,-0.0702043668008831,0.00872857355614526,0.00905912458503927,0.00904810434485344,0.0019134047733274,0.00767087973437466,-0.00884410172604856,-0.00336342795783071,-0.0268190857865299,0.0489138842648389,0.0406024123914846
-0.00000498995312021855,-0.0471101196457757,-0.0309917779825503,0.0263639028014765,-0.0631178823384649,-0.0200924652865012,-0.0183018900705675,-0.0176396575850222,-0.0397892348036717,-0.01849459548268,-0.0138084890617964,-0.0871093006175185,0.00662558598262249,0.00996258067840682,0.0112883636400069,-0.0317460541707143,0.000369259884991563,-0.027848336268022,-0.0677614036314563,0.0124055621763272,0.00692094507532454
-0.0169984351317574,-0.0379971032879661,-0.0417214201548674,-0.00807859836166244,-0.0307453646972833,0.0226094966463785,0.0196998610446999,-0.00969443803927571,-0.0272903793185534,-0.0500189523961725,-0.0468397957561324,-0.0683124181186411,0.0294459676392189,0.0203047753101958,-0.0169139168211875,-0.033613513026744,-0.0233367382393862,0.00429162175737127,-0.0549570545470383,-0.0148714906727008,-0.00247660372495143
0.0282028703922032,-0.0261042298094449,-0.00752656281645647,-0.0325149875056912,-0.0241001947881982,0.00458669383469623,0.0079185890346557,-0.0180696306448703,-0.045662002662478,0.00999025656271307,-0.0508133475791145,-0.10016225084397,-0.00998383543002845,-0.00257967098148946,-0.00714237094602235,-0.0318182691976867,-0.0177388135317284,-0.0123235555914477,-0.0304274613696149,-0.00544967721203165,0.00327033923363608
0.0309625816114252,-0.0395711668642808,-0.0239348368825565,0.0305020165284886,-0.0377235353576612,0.0173336598013986,0.0150985842424191,-0.00829002375101598,-0.0116020663644652,0.00721704779963214,-0.0780234753198521,-0.0236848099053267,0.0232603944832476,0.0331917459807361,-0.0143492803492735,-0.0682701430907523,-0.0494049781854802,-0.00584437890678968,-0.0759295980234109,-0.0150713758516396,-0.00772650879845418
-0.00346152754484056,-0.0389119681261173,0.0413281587870326,-0.0183038416222729,-0.0437620578021914,0.00652902812878217,0.0182349067811312,-0.00384871232621349,-0.0351819313363953,-0.0258970579351876,-0.0516567164340699,-0.0863477089002394,-0.0143484990895895,-0.0116956407410823,-0.00711260381159552,0.000295317644317755,-0.00210590539673303,-0.0623053351084431,0.0224510232289864,-0.00446789444971121,-0.0044678941926654
-0.0233325983043542,0.0120449289573299,-0.00304916840707989,-0.0464278308623668,0.0120327375241435,0.00176862397495119,-0.0134281311524923,0.00407382531289137,-0.050410290080485,0.0355128146446369,-0.0486280541791963,-0.0221185815303722,0.0211554893763153,0.0123572159766198,-0.0124758594013476,-0.0337015473429923,-0.0405751418942213,-0.00720368943617941,-0.00248998312037652,-0.00141298477689353,-0.0179223281527056
-0.0194212262924446,0.00317382860038433,-0.0241252801244682,-0.0127416000256097,-0.0186241397438182,0.000394508751757179,0.0050654456855036,-0.0195618859302746,-0.0307292295232322,0.010385302834501,-0.0260889506588517,-0.0894051500691018,0.0104429341609716,0.0123400302356732,0.00756993841788891,-0.069984375393792,-0.0218111725166583,-0.00445780499959259,-0.00269858760118119,0.0138612560320472,-0.00276079188426649
-0.020581799399006,-0.0247375894622635,0.00659117657681255,-0.0754757505372938,-0.0297052552780478,-0.0191582568988576,-0.0272652899897028,-0.0368064743500377,-0.0246233887116077,0.0232097197124529,-0.0241962653626575,-0.098617424952938,-0.0116830070041605,-0.0130234450054822,-0.00703265553462802,-0.0203602988125202,-0.043014140198556,-0.0455437574939923,-0.0167730249164025,-0.0105171357318634,0.0198508894509846
0.0267304081680437,-0.0451000688415237,-0.0526915212963833,-0.0375010950683093,0.0321017736861109,0.036101396453748,0.0719797005200127,-0.00885751200800965,-0.0168774072141202,-0.00381443795871589,-0.0726181281517533,-0.0269586819740716,-0.00263421497742464,-0.00344254081548867,-0.000903315449779958,-0.0833687702061285,0.00019802002479577,-0.0403294569191741,-0.0755185767901375,-0.0171982830793565,-0.0185700755812177
-0.0195175039620157,-0.0184541819946306,-0.0140616352749031,-0.0726869315991244,-0.025173829876254,-0.00638571003791837,0.0035050025473426,-0.0221385256106979,-0.0381294448870787,-0.0286521729536927,0.0193017816840914,-0.0879056507757717,0.00333291887991712,0.0180438246216835,-0.0159362875764509,-0.0431531039216583,-0.0549032722525666,0.016610567401644,-0.0820675630388731,0.0168237453430513,0.0271675609294098
0.00372747823515807,-0.0632850582595399,-0.0323965733398967,-0.0541509412511895,-0.0706700234898052,0.0217960878913086,0.0170685353603007,-0.0138322076784461,-0.00173111838020987,-0.03648843158196,0.0251650903227219,-0.0620295954880247,0.0262543939287114,-0.00733200858970198,-0.0115054070237324,-0.060886645509339,-0.0244544303734628,0.00977061543074675,-0.0222895299098506,0.0252561888508382,0.0175928968401992
-0.0261606767805286,-0.0250486587407534,-0.0140282960138946,-0.0217897847607601,-0.0619832540666506,-0.0167329418930771,-0.00482102374703339,-0.0225345877933701,-0.032499172057122,0.0172731808146842,-0.0398534958423039,-0.0456651073161347,-0.0106214115052355,0.00659061139484826,-0.0073653016928321,-0.0150674166937557,0.0468034673208625,-0.0181769195766276,-0.0270472841323283,0.014549647995664,0.0103518262247726
0.0000297797909208364,-0.0257111249920288,-0.000977684847947191,-0.0644837368726828,-0.0463887786452601,0.0131023128692216,0.029024756934024,-0.0315466302881493,-0.0278668513057798,0.0110615081893011,-0.0388096772764002,-0.0652796137218106,0.00392421781733105,-0.0171255566113025,0.00725914680726873,-0.0124200065496894,-0.0247009503328663,-0.0234374224419805,-0.0241204685726759,0.0186678135069285,0.0122482677692598
-0.00886262733856562,-0.00664517207171855,-0.0187597708013603,-0.076155887115126,-0.0299380175187061,-0.017383715294866,-0.025210086775703,-0.0109362722915401,0.0125403823568083,-0.0261886466593261,0.0233122294261053,-0.040350141735375,0.000652088215279761,0.000111518434477445,-0.0170457453480929,-0.0327107120620522,-0.0238762010264831,0.0297817417854019,-0.0120359379989373,-0.004979377637431,-0.0268073492635281
-0.0040653762985144,-0.0493565593367389,0.0290297686270411,-0.0390940803995329,-0.142606175987774,0.0271238665811953,0.0284303189015687,-0.026378378989886,-0.0354757571820026,-0.00459328560076905,0.0212731265599798,0.000191529429274861,-0.0117675668808004,-0.0122359138802352,0.00792161873629923,-0.0593759038482682,-0.0149620695752726,-0.0261059034553067,-0.0835975072695827,0.0300585623498358,0.0500976497283996
-0.0348064307495761,-0.0275147034196001,-0.0140173315663996,-0.0373487560222901,-0.0122527935982063,-0.0300547953794329,-0.0245519549751231,-0.0192459596860895,-0.00312444064109395,0.0139419686960038,-0.038071678477479,-0.0484677347984014,0.0308032625343757,0.0560826625200343,0.0041465703663857,-0.0635608733837546,-0.0248038432942965,-0.0603916095246127,-0.074787182350579,0.0136461447564507,0.0168726688721355
-0.0167768371186541,-0.0321053470271666,-0.00410112494275676,-0.0407353915148377,-0.0468089934975365,0.00533878163813619,0.0148940286402265,-0.0186607635892336,0.00237213608367914,-0.0922707617330683,-0.00649110980434964,-0.0807137630330865,0.0243772702650438,0.0275758408028917,0.00115907444603501,-0.0336753750331503,0.0144468381257538,-0.0304624371181633,-0.0811218164468229,0.0098486514196721,0.0045712930123934
0.00752839329725828,-0.00988604792856491,-0.0274438585139884,0.0316719439885831,-0.0115714444859488,0.00106454375780309,0.0166357440416856,-0.0274927926693748,-0.00541668763576421,-0.0153899518938874,-0.0218312873454677,-0.126797183253864,-0.0445395538640927,-0.0445349063723261,-0.00774773304751487,-0.014874089112581,-0.0249605211370867,0.0422745185855639,-0.0654162968163964,0.0328559820860417,0.01714259643125
-0.0085109910712159,-0.0219386995596515,0.0114885679083844,-0.0756830606891417,-0.0511124396456485,0.0163361858668112,0.0188603037857633,0.0177792874676665,-0.0701007039872497,-0.0468103237220307,-0.0476806753629865,-0.0711046008706726,0.0315383947453636,0.0562558430670173,0.0125510271666165,0.00178472986306043,-0.00880736782848454,-0.0153907150271955,-0.0926179727189923,0.00332164851826001,0.0019504347823658
-0.00855143782892751,-0.0153995872926135,0.0548712679515263,-0.0742837158096206,0.00113457499687547,0.0272809022305549,0.0201161353149222,-0.0227662420880257,-0.0189733521743429,-0.0452132758883659,-0.0324605007400874,-0.0151647370141823,0.00730802590671333,0.011077564537615,-0.0281615871018331,0.00452300453662469,-0.00107994509143944,-0.00838866700725613,-0.134350137673022,0.0457158240602901,0.0214456690767462
-0.015235490876356,-0.0184244599867719,-0.00723246540142092,-0.0369663298281457,-0.000161990748376473,0.00374950475067268,0.00590969541916884,-0.00183295915350822,-0.0763358286910261,0.00963850101028871,-0.0223982819191438,-0.00333438577829337,0.0231481608685299,0.0280553064801599,-0.000452811621907752,-0.0435665295313609,0.0221456639540151,0.00409802142314539,-0.04739987124002,-0.00319011957259839,-0.0330908968623947
0.0300268221725412,-0.0811321609385617,-0.00488402386577846,0.00505052586178706,-0.097503936449442,0.0181911317943901,0.0136203777052822,-0.0391100170229536,0.00795718906657308,-0.0481965921434351,-0.0113052513281962,-0.059826025835171,0.00088060829670121,0.00108122973206436,-0.0345469905010911,-0.0301976484738182,-0.0116672893206719,0.00299045400580211,-0.0409578772119896,-0.0310829579912168,-0.0184121608824549
0.0254759680105529,-0.0520660601235082,0.0261908486557824,-0.016726994271476,-0.0543208735501877,0.0289547617105725,0.0381562489712565,0.032860125780244,-0.0155956102039019,-0.021349145079073,-0.0266074180683991,-0.0341488207945947,0.0695102474759582,0.0954802522243044,-0.00372974593547798,-0.0347959925314763,0.00104148778970181,-0.0309004960446101,-0.00301939515691346,-0.00774968915355395,-0.00910107123926555
0.0123126780722442,-0.0332770872381704,-0.0261658696602998,0.00676309597205804,-0.0868101354295409,0.0181781430090713,0.00626517500272401,0.00333690066970202,-0.0401456044241095,-0.0307131540007373,0.0238927750688309,-0.0862967005521285,-0.00552126138328133,0.00624155053660599,-0.0184450485132679,-0.0182820626434075,0.0138028399531525,0.0245052856469094,-0.0702910416855201,0.0106565044339459,0.0105744865175747
0.0193900387699852,-0.0521763066349494,-0.0327215079831515,-0.0381390569556822,0.00385301196217253,0.0588667968868556,0.067717213498887,0.0357875126643403,-0.0210110994975804,0.0157725496075079,-0.108214315335732,-0.0129802572392408,0.0473378298304636,0.0388388347852654,0.0128303312723495,-0.020483005420158,0.0420111159837953,-0.00847620458251855,-0.0316507547431313,0.0597456856602521,0.0660618517757637
-0.0352144199855836,-0.0275702089524653,-0.0616178582198907,-0.0222905010061942,-0.0372264332333784,-0.0083769982032068,-0.00755961314132183,-0.0125778901474797,-0.0439377190386941,0.0533346573265119,-0.0201854979029061,-0.0255549917079194,-0.0119561918780696,0.00579860352479519,-0.0147895882462957,-0.00792730813127063,-0.00515247727512497,-0.0465206381990135,-0.0273412064771941,0.0123786497988074,0.00301550512648959
0.0240464755930432,-0.0326925450983547,-0.0152600933958581,-0.044011612231842,-0.072050636235205,0.0525481843072505,0.0597364895441712,0.0103710984274043,-0.102000651729512,-0.00550837493678458,-0.021873316231615,-0.074310988503734,0.0241718548677029,-0.000237140472600511,-0.0231496262266829,-0.031024320842817,-0.0290332718040065,-0.00416793782536143,-0.0283083484912089,-0.0218764838237016,-0.0359967746042511
-0.00615709812405424,-0.0375821815689708,-0.0460595488254955,-0.0346219464098194,-0.0557870796017774,0.0139824089296069,0.0201831266986338,-0.00622429963431589,-0.0114873260978421,0.0181702962747611,-0.0401779312349656,-0.031904152693616,0.00551456984291694,0.0061850719877338,-0.0435782133724252,-0.0133227667519833,-0.037626613007561,-0.00399980878016196,-0.0286772151198686,-0.0247673423803879,-0.0121439745125245
-0.0237592116236062,-0.0251750981489484,-0.0117676041091025,-0.0346439301833586,-0.0458325590888024,0.000323472440631245,-0.025902385153108,0.00276628871026406,-0.0328320022648815,0.00101022351309628,-0.0876935248321079,-0.0282236192787409,0.0350591214018736,0.0337153940868856,-0.00840965444067514,-0.0713877963063734,0.00024443506726439,-0.0347478117733248,-0.030897992450626,-0.0193127819316392,-0.0243590909739845
0.00063904558714431,-0.0595757224430341,-0.0193921101218986,-0.0201304987109809,-0.0438719750746407,0.0189876780237271,0.0175343630178991,0.0019122982449487,-0.0557116459876024,-0.0565245587625136,0.0181886005786298,-0.0476661991646165,0.031566703599617,0.0316541848221151,-0.0146244129691835,-0.0174750523661699,-0.0238863281323379,-0.0189411579927442,-0.0552788954365381,-0.0249251855709316,-0.0257187677331274
0.0136801916846094,0.00160228134982458,-0.049862656463675,-0.0127192768125986,-0.0346331666632266,0.0484684488233002,0.0558332746416772,0.000330827883761875,-0.0388963514124499,0.0216276524490397,0.00979971298196708,-0.0677850792606879,0.00537023564419125,0.0111675713276485,-0.0230145297257837,-0.0417261245480449,0.0167940847575982,-0.0588397792777265,-0.019419988723365,-0.0191157443723443,-0.0132484423981829
-0.00947993943256686,-0.0329990319831041,0.0134607331633019,-0.0351600328568749,-0.137678732311224,0.0107067175606051,0.00754272923059086,-0.0100801522707355,-0.0293984986513281,-0.0524651285572816,-0.0473331886651365,-0.0195277219215428,0.0207084507218834,-0.00234160790845108,-0.0440768046907402,-0.0458940223307155,-0.0219342777296383,-0.000512855600363432,-0.0463866464628803,-0.0185329379725187,-0.020662484711636
-0.0334857133667474,-0.0117710126315358,-0.0236851344394289,-0.0466162215530501,-0.0780209648799558,-0.0106720300397571,-0.00258814132764515,-0.0454680542225993,-0.00807898004149843,-0.0172171279105678,-0.0203212550279879,-0.106582071365406,-0.031191357274666,-0.0198425451507983,-0.0172314756436434,-0.0356694284785779,0.00653241022331735,-0.00372301041624556,-0.035386847690655,-0.0150765756476721,-0.0187860915806756
-0.0180912839285386,-0.00322712412031025,-0.0243573987350068,-0.0958537837253965,-0.0169908996655281,-0.0162654987443431,-0.00731949346504326,-0.0249678310403113,-0.0648932886756312,-0.0279566636170533,-0.107551158520807,-0.0398561018693021,-0.00703315864167706,-0.0130898399060113,0.00783552280475981,-0.0590680920420783,0.00695495638755844,-0.066620469523961,-0.0602398435987633,0.033685890610788,0.0308370223126529
0.00998992791564302,-0.012253000735473,0.0110802869317258,-0.0155797817823317,-0.0549214195429681,0.0532058196885542,0.0215718559686744,-0.00926777084326561,-0.0298846187308723,-0.0131224485620182,-0.00466417414801359,-0.0809793641068259,0.00335441252899172,0.0172349593601838,-0.00588401570194758,-0.0897272847852412,0.00906101201399895,-0.0297906342613383,-0.00128727907755521,-0.0209454650087577,-0.0205955467643158
0.00682550833411114,-0.0420413031304317,-0.0256483003975415,-0.0179435608194158,-0.0829150857533348,0.0590485357393098,0.0408151312286101,-0.0432546476382073,-0.0282522321755315,-0.0315495052433677,-0.0143882601644724,-0.0823055979216185,0.00926563318413393,-0.0350024366255445,-0.0296576659093708,-0.0259402610724321,-0.0000554311439539545,0.0214790919108406,0.000875770579927215,-0.0157594836913004,-0.00951596344812556
-0.0296652514286081,-0.0324872877702062,-0.0176334765024947,-0.0230800029591243,-0.0206254786528295,-0.0185828286623632,-0.0153521716291069,-0.00242495011584734,-0.0530435418711409,0.00876832131285482,-0.0115810070250816,-0.0588676233592195,-0.00415869984907768,-0.0138354584881351,-0.0079559488756207,0.0111408634791839,-0.00561679351443463,-0.0483330351199916,-0.0979289467513208,-0.0047823268140544,-0.00453320468145204
-0.0156386643654783,-0.0242830824620065,-0.0350232646250679,-0.0498322884446229,-0.0941896393283979,0.00287495725605881,0.0219809770381503,-0.0106947142152909,-0.0132712243617981,-0.0199382483258198,-0.0277037209228635,-0.0581138154252002,-0.0184004435554313,0.0204901073569448,-0.0509049144197036,-0.0340138862324832,0.0117513146903075,0.00113753321865917,-0.018319143954122,0.0511835004480384,0.0537157384942342
0.00709978568865019,-0.0446078241195391,-0.00130902067081076,-0.0194707165262591,-0.0418257355399665,0.00146397222322141,0.00695610529455214,-0.0463791688764355,-0.0172787279223178,-0.0370700814410156,-0.0254792142361602,-0.0268043368658754,-0.0519355945661754,-0.0383852463481512,-0.0166982982987451,-0.0697028833170536,0.0648530778286268,0.0186665252603433,0.0353106176507768,-0.00894387235482077,-0.0152168627775629
-0.0285804531558221,-0.0121273536502232,0.0190945674037017,-0.0513475534558128,-0.0976714829772916,-0.0481194868224826,-0.0462475132086497,-0.023877635303909,-0.0539399446316975,-0.0180882053708561,-0.0662114207994461,-0.0185030504850152,-0.0110652094158112,-0.00941871544276722,-0.00411096680835053,-0.0319776385979718,-0.0242829160527027,-0.0631323718679531,0.000734273779021855,0.0195743691737632,0.0193967049281113
-0.00615823118904519,-0.0706584474702462,-0.0308665509568139,-0.0591774220780803,-0.0207392393601723,0.000539748467404982,0.00360057961764357,-0.0110541784832026,-0.0276747764552786,-0.0471178770519054,-0.036170868303959,-0.0531861857944685,0.00359407567806581,-0.00938943268615462,0.00831379891824669,-0.0510523453182156,0.0147535653646115,-0.0754154179020703,-0.0668602635159091,0.0277422427963734,0.0131416920153286
0.00879394271306778,-0.0231616114065951,0.0135731134947194,-0.020896042560037,-0.0544825962075164,0.0598246466594627,0.0606530444427091,-0.0137904726599561,-0.0426717637845049,0.0408790900133131,-0.041830171679558,-0.0730202978664086,-0.0274527012763349,-0.0374862091347538,-0.0164111292414753,-0.0387764102846005,-0.0333540180593271,-0.0119044454877513,-0.0477635363397365,0.0143666793621588,0.017551656240455
0.010708816352902,-0.0341857150387812,-0.0331443012645934,-0.0504723785552606,-0.0417838208540656,0.0094948597014158,0.0175143729745514,-0.0131273590910133,-0.0203189597603472,0.02784091815035,-0.0312489433225055,-0.0717263994082887,0.0124203299054745,0.0135613538031967,0.00255522594382986,-0.0534024501073926,0.0158317503465747,-0.0786773871916359,0.0123499308981463,0.0103413792335443,0.00557379678014647
-0.0155411644955641,-0.0247734741239442,-0.0253880268362489,-0.0235106735839095,-0.0309275738869621,-0.0209895288718455,-0.0216794754597598,-0.0295182916657257,-0.0137202513225024,-0.0366549978666218,-0.00588819358188403,-0.0529070782119115,-0.00447635206062643,-0.00428281104674018,-0.0181287839520926,-0.0562318786776643,0.0273679855324211,-0.0372210222573534,0.00735026119260018,-0.0278580404393403,-0.0230046423688152
-0.0108348284050085,-0.0150417951486376,-0.0311978541746516,-0.0787064333369725,-0.0578912303624187,-0.00786761096632287,-0.00647088411176137,-0.0139462144693134,-0.0318529611122771,-0.0330398665818284,-0.0570057673533503,-0.0648530346565601,-0.0235235361926426,-0.026054166235911,-0.0151490327311803,-0.0310722248364794,-0.00440250754146304,0.03429063092039,-0.000262249633223743,-0.00765315155946378,0.000570499474642175
-0.00756637340163089,-0.0595597070896811,-0.0372472352425094,-0.0356416314150382,-0.0310179239735638,0.00340375283613656,0.0345856730279494,-0.0108690520337219,-0.0520101688776313,-0.000359600983831393,-0.03672026088988,-0.0572523714932002,-0.0114356219549907,-0.0163052535310226,0.0019253099774284,-0.0478998281634529,0.0135480808533847,-0.0173281527298949,-0.0709540928909785,-0.0220921565413379,-0.0287370489442943
0.0187787738675617,-0.0361564192703753,0.050382154434253,-0.0210328822449163,-0.0369142232948465,0.0191288942655437,0.0580570560443036,-0.000806973828806061,-0.0334646663208377,-0.0318200025317754,-0.00261832902,-0.0133640424107809,0.0265653644316105,0.0279884783201345,-0.0230228162235964,-0.00579912208181087,-0.0533228534085116,-0.0449529752625836,-0.0536872201953871,0.00223635190634563,-0.0101925472031711
-0.0394679774890732,-0.0410413576260752,0.00572466129903917,-0.0240184319340509,0.0844889387584686,-0.00833781125606674,0.0157161602074145,-0.0244554859201509,-0.0231591219641771,0.0109343317456314,-0.081913878914751,-0.0154554347284794,0.00487509336238385,-0.0112660588954854,-0.0254622252653752,-0.00610444703059874,-0.0523511090169988,0.0622627559946065,-0.122906361340545,-0.0220876084245106,-0.0317243952187119
-0.0137749189688509,-0.053997386809068,0.016882302039042,-0.0663210365830659,-0.0945546997997602,0.00764523593990854,0.0159469121979642,0.00558705531362888,-0.0239796244274471,-0.00859879714665075,-0.0770846930423572,-0.0408169090231959,0.0535234046750463,0.055993921565139,-0.0185575483582015,0.00190354106507253,-0.0187484983624865,0.024046647782828,-0.00648505959184298,0.0162282022025505,0.0195167607394905
-0.0227616314701734,-0.0689731632221609,0.0091732449628785,-0.0223527335895879,-0.0827796688826407,-0.0145475198059474,-0.021202153029449,-0.00960426809612302,-0.0552921565575457,-0.0193507709281021,-0.0266375950092765,-0.0477991857358542,-0.00430252553230659,-0.00022253969578577,-0.0582835087204,-0.0471638355032264,-0.0257090914831401,0.0133068577793706,-0.049301622486118,-0.0305732097091661,-0.032085090100708
-0.0240642535111553,-0.0137352371889511,0.0183798223058828,-0.0477798441732463,-0.0369524239197037,-0.0141061471041798,0.00355020372519771,-0.00074813229741922,-0.0304871555964959,0.0431891297298879,-0.0451114023373529,0.0179841896109951,0.0309757763625684,0.0424913233072409,-0.0191580808473679,-0.00112036149870273,0.0159217721236723,0.0122656491593784,-0.0337557298942254,-0.00868061655351678,-0.0311046514526314
-0.00934350676806119,-0.0529294498781453,-0.0175213691202575,-0.0625595259669013,-0.0839191214364526,0.0157295752864769,0.022802263319721,-0.00273726146554536,-0.0627050404657778,-0.0619199040554961,-0.00689477399649163,-0.073382959976583,0.0230519584471176,0.0193679188322665,-0.0123582712042774,0.00131028829175846,-0.0014022755084554,-0.0044009962215962,-0.0445234429878707,0.0256497125529269,0.0306851940427245
-0.0104986993999103,-0.0177215594331262,-0.0571091364965118,-0.00460092319922262,-0.0529363647324773,0.0235262572426151,0.0217256488695326,-0.0332822074262932,-0.0136264629267433,-0.0235237275788816,-0.0139479922644338,-0.0421442042124437,-0.00470152103099104,-0.00440504890289712,-0.0367004659228121,-0.0100361422074639,0.00292567003036712,-0.00322610869489948,-0.0925245598303628,-0.0393166919704212,-0.0302853226208305
0.00211857076399945,-0.036302273768002,0.0119601024011723,-0.0884331362768219,0.0203745733284146,0.00695200972820879,0.0060061709445183,-0.0308200392866181,-0.0177970720237839,0.0238336100627368,-0.038576808496239,-0.0611739038236117,-0.0246021468382195,-0.0149848852669546,-0.0198491124200045,-0.00967952350821978,0.0180935892315929,-0.01530019124281,-0.0598396065411903,0.00744951775059801,-0.0418616311670205
0.0024581705442572,-0.0407087928830373,0.0238172263125833,0.0115203514263212,-0.0306077135530855,0.0121724839669005,0.00279562687925004,0.0155438778345683,-0.0339693723164845,0.0125207563650964,-0.000986812235986317,-0.049732454698516,0.0266612248298213,0.0284832640267688,-0.0194645406994243,-0.0908284741112828,0.0575265095178676,-0.0198883281821917,-0.0753413206993536,-0.0000533995835231213,-0.00889846950658521
-0.00229019173147478,-0.00963551670089709,-0.0226062980969244,-0.0535030067658108,-0.070189939846864,0.00573086875577987,-0.00481810186711243,-0.026960606783018,-0.04905514288015,-0.0365315157783528,-0.0381275373794388,0.0319445386195371,-0.0593432396956764,-0.0324501614621617,0.00410206188744373,-0.0309721983920748,0.0140774187795039,-0.00219472844635921,-0.0445018842462448,-0.0122220473925374,-0.0129254018884654
-0.0189226913104484,-0.0316050944810096,-0.0150143686401965,0.00642528035989892,-0.0559595636630344,0.0208311196255745,0.0336718641494329,-0.0189095381742742,-0.005794586318027,-0.0510772894936457,-0.0284120930046046,-0.0346662839476718,0.00829439055974051,0.00210768210366442,-0.00651135289865842,-0.0666488520603031,0.0241106088898264,-0.0229438445105047,-0.0590121584383845,-0.0216877401588627,-0.0341264572291674
0.00179441816289852,-0.0121851898232858,-0.036151384818339,-0.0323503790098992,0.00975117087404409,0.0372246231624591,0.00739925181201484,-0.0013478397020413,-0.0404384584063187,-0.0114165806425268,-0.0610731301749037,-0.0204944404912489,0.0186726997999964,0.0182061258192321,-0.0168528985365388,-0.0234138510526013,-0.0304103823359479,0.00746504465331727,-0.00792696639839896,-0.00162195239380872,-0.00300835067884265
-0.00382367383521279,-0.0388747106344928,0.0143233289897726,0.0113055421870659,-0.0126738476280289,0.0155279312264672,0.00802901321398363,-0.0325834426141445,-0.0609927885079363,-0.0094511833869246,-0.0415101961686142,-0.0269991265976738,-0.00692621790601305,-0.00936442256056915,0.0000552836478884683,0.00875015613067483,-0.0138695429044918,0.0354433212143023,-0.0161037862449327,0.0124119507180086,0.0218287609614869
-0.0187466411590112,-0.0408649530651511,0.000628096265091208,-0.0154066398398471,-0.0706861298000806,-0.0108257701684469,-0.00449615460379919,-0.0293572153991557,-0.0515700994233819,-0.00238065299865439,-0.0462938945813579,-0.0566681090412638,0.00342737727434769,-0.0157694937460772,0.0223062575747789,-0.0866704677319389,-0.00319420789347299,-0.015124100924639,-0.0435064521972775,0.0449989802530474,0.0327043395340471
0.00121939562290767,0.00043248703842981,-0.0168344803980158,-0.019554562562715,-0.070776632829995,0.0286064941214581,0.00519206227679471,-0.0119711825324956,-0.0302386192987058,-0.0264977657379974,0.00283824106187638,-0.0828417459721722,0.00963036587039082,0.00860180690824632,0.00504094767268079,-0.0275571969844774,-0.0451692742928021,0.0103260958902884,-0.0929682140627445,0.00257819724578937,-0.0188826982818726
-0.00248083939328442,-0.0488745313234473,-0.000779100734460358,-0.0394732134694148,-0.0774832636678888,0.0297615403142519,0.0317895111761477,-0.00683908176541749,-0.0681043871623175,-0.00910998607728666,0.00091682461219561,-0.0397611870936911,-0.00579011763957502,-0.00575074984866628,-0.00480696103195507,-0.0277914676623238,0.00839418389654735,-0.0613918194504005,-0.0154218587997894,0.0281073474909146,0.0275904415574352
-0.0253363796618976,-0.0326402439613303,-0.0132088740473317,-0.037549574854758,-0.0522061612895998,-0.0145906441905562,-0.0212785805937628,-0.00735054328324991,-0.040728836184197,-0.00742358309125396,-0.00969715168802904,-0.0586576414482352,0.0199982807739428,0.0242423542790854,-0.0278751177426687,-0.004249031800193,-0.0158197833179659,-0.0285664966010043,-0.0524539762076856,-0.0117870219735342,-0.00641307607527026
0.00845876953007289,-0.0408086003944363,0.00515523619874442,-0.0377408969431086,-0.0390056352689845,0.0492577202424451,0.0611859557387029,-0.0122219510805869,-0.046370297688648,-0.0508212110378413,-0.0201229414214918,-0.0628635260388858,0.00482326692964081,-0.00589300087243418,-0.0151208797012138,-0.0435349696600033,-0.00844385750516272,-0.0183267958672503,-0.0279333228808346,0.0124415428635978,0.0203914957819348
0.00455662692929527,-0.00239591902846666,0.0217318385406424,-0.0138894131643251,-0.0461497978773288,0.0281543462637638,0.0296465422143494,-0.00217131339824054,-0.0777523960662986,-0.0413320967877563,0.00728871575974135,-0.0140689465603209,0.0297514690112145,0.0302806356976594,-0.00124935123452703,-0.0480559118755386,0.000643556064242795,0.0177989638120703,-0.0127445477578749,0.0263981536168987,-0.00221069529153011
0.00314554425230952,-0.0445871762938706,-0.01974661866465,-0.0420930414808933,-0.0564910497388323,0.0190963466477241,-0.00911545416492491,-0.0320240623029397,-0.0429252621436059,-0.0338837924859299,-0.0706173791442555,-0.0462087822346405,0.00613332174951263,0.00669377369025392,-0.0198802988370812,-0.0156694972156097,-0.0106650744582953,-0.0293985726025774,-0.129111875437108,-0.0133432491845334,0.00314209220598256
-0.0106327372302305,0.0158317249234452,-0.00183041197990669,0.0141063181420236,-0.0138919739416914,-0.00705499222084739,0.03589261811477,0.000946325590151384,-0.00523826273218966,0.0409921735345724,-0.0533892432771376,-0.0849367507947337,0.00729629335465796,0.0152489581446656,0.0116619793737623,-0.0367574918776023,0.00899785823799806,0.0245478197072536,-0.0458834360220801,0.00226825490024958,0.0122046206170457
0.00392999732605339,-0.00200231850591769,-0.0266059049481633,-0.0276310328294843,-0.0920978933902169,0.0172511858530055,0.00434075359703013,-0.00956878383697303,-0.0309401537839011,0.0100443308961034,0.0133462861056672,-0.034639039211427,-0.0102168827822082,-0.00370964848632305,-0.0107757937528568,0.0027260569783837,-0.0389631916597995,-0.0128280729656345,0.0230521164061997,-0.0406617262877158,-0.0306762942569643
-0.0213818080226628,-0.0349105300620488,-0.0589392316558069,-0.015774496035499,-0.00339168920427735,0.0271939553342013,0.0148424155740475,0.00846608773496903,-0.0247651713293143,-0.0121556565023158,0.00159572840602604,0.0389039877758816,0.0158836930462086,0.0147840467883826,-0.0120590632857278,-0.0046108804770835,0.00364996400922754,-0.0287228842980156,-0.0835044311144486,-0.0116873747807273,-0.0130888502618787
-0.0105647077941147,-0.0465488903174237,-0.022822891628359,-0.0118944389227105,-0.0418201993276207,0.00387596373291528,0.015460615570154,0.000867851634077203,-0.036969135679906,-0.050500758593409,0.0196271997974992,-0.0319564960905425,0.034895272267113,0.0392486250300057,-0.0301797412649567,-0.00142260516933886,0.020349119457816,-0.0522327336503166,-0.0247857221272507,-0.0288715533414761,-0.0308181857916497
-0.023528330796288,-0.0544141806874535,0.0429140589214757,-0.114509832706493,-0.0477321700702144,-0.00415346309386594,-0.00529341521916706,0.0158290471638865,-0.0299019413169469,0.0287663911036564,-0.0801238665886126,-0.111619268815162,0.0495903186647714,0.0980968899082647,0.00273628165042178,-0.0563673183909794,-0.0340361553819939,-0.011298833771135,-0.0617107199086588,0.00123134223062271,0.00557252023033077
-0.0276484876522625,-0.00988428750725567,-0.0455431074042867,-0.0310769862976646,-0.0701604732294001,0.00434021019547155,0.00452102046815827,-0.00978557958886783,-0.0290897336494,-0.0246504140209962,-0.0456645828587537,-0.0479105491253506,0.0296727510796979,0.0159225852385391,-0.0326810515348551,-0.00984678174726661,-0.0175639072253038,0.00941256178582073,0.00325542554888308,-0.0311337540351362,-0.0319292968337143
-0.0220118767083619,-0.0202551947484732,-0.0384861647478333,-0.0948595355996213,-0.054618418498129,0.00393290159056904,-0.0132492080131124,-0.0059403500678786,-0.0161112418809563,-0.0383335196498211,-0.0448814477796153,-0.0512712207796032,0.00826036801941592,0.0079429427854627,-0.0290140440668717,-0.0192941963930599,0.044375829321425,-0.0636566717545957,-0.0343124590245252,-0.028479756212539,-0.0356408165303194
-0.0056457828776192,-0.0456278598804582,0.0265993780403681,-0.0269063129626701,-0.0167543269287249,0.0415455799623469,0.0421433454155375,-0.0203618116271925,-0.00985976502304127,-0.0430626438669963,-0.0204305695341628,0.007825853880008,0.00342350201054663,-0.00091741598207102,-0.0262641446708201,0.00632899259040451,0.0365240592995485,-0.0115011391593099,-0.032122484673219,0.0430122854523059,0.0337874495081275
-0.0016882393843877,-0.0316215835876039,0.0156484999618336,-0.0223843664191115,0.0260416583928466,0.00363458369770816,-0.00849252995521877,-0.00850099046665623,-0.0346430248288069,0.0364323353460815,-0.0508585571747465,-0.13190262305406,0.00818943612567626,0.00329456647942516,0.00279960609594027,-0.0184651013978881,-0.0396200261942228,0.00114737743093829,-0.0934636034309536,0.0333591422759802,0.0663055247136788
-0.000869597011886596,-0.00294012688853321,-0.00312621267644003,-0.032782736361926,-0.0324780304268056,0.0199663307543715,0.0180061738738054,-0.0285056751542417,-0.011293253229039,0.000745248647104277,-0.0283435998125437,-0.0392000402611734,0.0377001721701517,0.0222003213840185,0.0000504462134492262,-0.0750638672819259,0.0507438346873666,-0.0417949951381413,-0.0248910003888787,0.0308047108293583,0.0295948094568295
-0.0262705416236052,-0.0430246389946701,-0.0073198375763944,-0.0556797228455771,-0.058476565522199,0.0154689173399389,0.0101466520191738,-0.0109677371516152,-0.0171895570627402,-0.0210577214763633,-0.0407217118240966,0.0116336004311738,0.028092650488376,0.0616575829347693,-0.00586410443707489,-0.0393314191631049,0.0303328772545669,-0.0495176945970555,-0.0224415683071011,-0.0103150143102265,-0.0252927356592607
-0.0123458892587279,-0.0555583126108126,-0.036414130778656,-0.0347259817034154,-0.0106166581596293,0.0171753190446813,0.00849687768012876,0.00390835625876911,-0.0695791486791412,0.0449968050786467,-0.0127497578184318,-0.0494951947666121,0.00668556484811128,0.00650627077744505,-0.0284988553933867,-0.0309249521053782,-0.0350709466176236,-0.016176038297433,-0.0662139518389318,-0.0258722055371,-0.0334064602790257
-0.00375280813591681,-0.0442207638686331,-0.0501999463664677,-0.037138830044244,-0.117966557575567,0.014112770506597,0.0178903292567261,-0.0166123884255697,-0.00864338166966402,-0.0178238524030657,-0.0170213341029041,-0.0270021402853262,-0.0450884007118857,-0.0357108769138029,-0.0227945920109179,-0.0198887477569958,0.00626054082097469,-0.00845762130431679,-0.0222170068822325,-0.0248424356759245,-0.0407947772483849
-0.0216735378964109,0.0167765056111822,-0.0170636887753645,-0.0168117786072389,-0.0559027411624189,-0.0251852794136254,-0.0289354283263945,-0.0046121511456027,-0.0331175070897681,-0.0313150766298686,-0.0566362832364802,-0.0514048123393102,-0.0089612160283301,0.00162105121794426,-0.00314691097204249,-0.0414623321100443,-0.0124934000684685,-0.0224790489880001,-0.0148266065779825,0.012881991060094,0.0141878405070064
0.0109967325620444,0.00361496573947903,-0.0219850023806932,-0.0666351737898164,0.0243716932765993,0.0472847412537839,0.0412524946190284,0.00614317420606288,-0.0662292025784753,0.0150688445958956,0.0200631627468833,-0.0511532495643363,0.0196737316810411,0.0176699127132207,-0.00266636043080855,0.0144068993538713,-0.0109459223468749,-0.0265307122104607,-0.003901681480946,-0.0218265456018813,-0.0158733637751437
-0.00596791085363568,-0.0113076973395067,-0.0184108573720385,-0.115371854468678,0.0117922116780702,-0.0041336528383923,-0.00213843438976219,-0.01704928311201,-0.00591292463417176,-0.00204302158026386,-0.0420624773792801,-0.0470602152428504,-0.00500717688315002,0.00842170366964425,-0.00413852003839157,-0.0235328961623289,-0.01528730498418,-0.0248629804261386,-0.0371350381879408,0.00625670600984606,0.00997524397377283
-0.0285360431310715,-0.0635547145844711,-0.00381516471351553,-0.115456471584833,-0.0868711240582665,-0.0440933881219263,-0.0438710210611363,-0.0186546177532835,-0.0306157519286867,-0.0331450349662139,-0.0278661282638633,-0.0204124918157555,-0.00915551406848656,-0.0365839403832543,-0.0517920044264041,-0.0275867189566581,-0.0379381700235163,0.0167464926028829,-0.00151761641664117,-0.0421012025855462,-0.038488845416153
-0.0013192431798475,-0.0122737386084034,-0.0130209353413144,-0.0478454314452877,-0.0241007724579964,0.0143383638826385,0.0143383638826385,0.000633627700734087,-0.0270853442215244,-0.00799489730007549,-0.0706009481982864,-0.0845181961436772,0.0227696517883473,0.0343169547795238,-0.0104667472895861,-0.0716191006110958,-0.000371604894470107,-0.0228305313084452,-0.0307710920603604,0.00167675335985125,-0.0261867913414892
-0.0176176235060608,-0.0747068641109958,-0.0195705547489549,-0.00181439284738091,-0.0410046645141166,-0.0105679598616126,-0.0230186510281281,-0.00818199994069595,-0.0362703093142177,-0.0301700625681114,-0.0731346314102794,-0.0818234867330654,0.00610745975887455,0.00622495674627862,-0.0245718681436206,-0.0384744744087969,0.00781562486635387,-0.00169494317151206,-0.0210394392308882,0.0118532348784879,0.00492332794660855
-0.00876160610260875,-0.0130529657913318,-0.0179894020937149,-0.0359874630432705,-0.0214230326998411,0.0207435658509372,0.0282811946740322,-0.004714935856713,-0.042587344656693,0.0077419087786649,-0.0238405801530166,-0.0427329813577197,0.0457179841034568,0.0144020542734087,-0.017629184785912,-0.0358953488936741,-0.0165765821945807,0.086988518586785,-0.0669715634875347,0.00756777789135875,0.00628172911718362
-0.00725059508107987,-0.0298302819448329,-0.000799011040065051,-0.0800027066943801,-0.0391870477272524,0.042701938170963,0.0392167694661966,0.00657698083554398,-0.042912026966587,0.0113300428987977,-0.0520333756524474,-0.0887305817658914,0.0215579618627663,0.0304658301023914,-0.0107677091209494,-0.0286187715068746,-0.0220412403875273,-0.0339371767489721,-0.00328447705035873,0.0265559810382683,0.023143596688396
-0.0112155970430454,-0.00863289338637906,-0.0512778043058414,0.00472257520245128,-0.036966611290788,0.0288598657506161,0.00391493082884577,-0.0188203234389559,-0.0216580288880788,-0.018174779409784,0.0316381682263409,-0.0639677911808751,-0.0128306534069224,-0.0158310735746643,-0.0388088459006058,-0.00381377016854163,-0.0100603737112207,-0.00481114860785603,0.00104206095306086,0.00889461458234293,-0.00688778398494504
-0.000362979481371983,-0.00422877085659856,-0.0260328468372281,-0.0228710234998686,-0.0939705900379767,-0.0262566143877232,-0.0249694168857999,-0.0228559863953015,0.00355324025871641,-0.0433623023349982,-0.0670825909764987,0.010941256978705,-0.0128822026833321,0.0225447777066658,0.00114259464669604,-0.0154541319482872,-0.0163766723257321,-0.0325772027962262,-0.0485121454064987,-0.0103338792354439,-0.00974315612977394
-0.0159091232605531,-0.0114286003723257,0.0208771826297665,-0.0678134976440669,-0.000411982301716851,-0.0183578123533555,-0.0315445218997751,-0.000599505903669244,-0.084367204724624,-0.0218885624082931,-0.0195539260580152,-0.0233711125725266,-0.00246996933121079,-0.0175640411876691,0.00265716871329637,-0.00957476509401413,-0.0219431065541609,-0.025880742348289,-0.0160551494723888,0.0104769619979312,0.000608296698890311
-0.0200030752606909,-0.0426453508109681,0.00536864718448141,-0.0201991558257631,-0.075191628084397,-0.0506689197004948,-0.0140264651787695,0.00513215394203635,-0.0449040898892126,-0.0485407217772171,-0.0243762428626599,-0.047488837118246,-0.0178428269548911,-0.0287545614800352,-0.0166067615780583,0.0041823647961529,-0.0442214239115571,0.0108786682023062,-0.0412375078672688,0.0212994804853186,0.0344642069618572
-0.031266884900896,-0.0370030838872633,0.0257352503589084,-0.0445775229248838,-0.0693819049915873,0.00723807107763288,0.00683768029401153,-0.0157979196068327,-0.0560024116659842,-0.0248398457322314,-0.0831756316085579,-0.0394731019376396,-0.0169198128087528,-0.0357976961084605,-0.00114572506922997,-0.0635246731054036,-0.00122021156591309,0.0111864700845646,-0.00710061670731865,-0.00600708622666175,-0.00952139693715654
-0.0219186889477541,-0.0417874820004609,0.0319884879417562,-0.0427349288041276,-0.0365092028985743,0.00111068636980111,-0.00844227754464059,0.000999802543968892,-0.023017557785636,-0.0329666770313199,-0.0508819869855792,-0.00543645317426994,-0.0163730543692517,-0.0120321344991595,-0.0114403362001587,-0.0514436568796194,-0.0321512522318188,0.00107404164502686,-0.0599711713780808,-0.0201169717226377,-0.0187092763089284
0.00527412193580352,-0.023272991455193,-0.0940778542335809,-0.00826192274376561,-0.010472990641935,0.0262101592733041,0.0434425111402775,-0.0226198421439809,0.000154199333231034,0.00385362472496036,-0.00800170555576851,-0.0831666485370242,-0.0303521513359667,-0.0341687308452397,0.00670090315773343,-0.011583049715912,0.0025971386499767,-0.0168145561974463,-0.0651565046834414,0.0237562637578139,0.0215136353057648
-0.00939765913452968,-0.0376609314891544,-0.0270610710895299,-0.0286046952743065,-0.0302554745189857,-0.0013834385319037,0.003279122697425,-0.010204185899728,0.00524574804898645,-0.0161689132907268,-0.0165761166077414,-0.0879517955195395,-0.00744744296023375,0.0125763846159496,-0.0181457503672718,-0.00797019337890107,0.0304843316631154,-0.0247968475735298,-0.0610954296437887,-0.0195479680223982,-0.00543349568142198
-0.0000489612035203466,-0.0431918030426945,0.0262961736156347,-0.0577446510073883,-0.0740487386062305,0.00265374962357464,-0.00333326156771486,-0.0304046203485813,-0.00802367384862705,-0.0039022150380798,-0.00678928716141913,-0.0809574107474222,-0.038463343636014,-0.0423279358817232,-0.0215975165610319,-0.0152017264874974,0.0157228302109652,0.00165698062961842,-0.0163160842023572,-0.0511257250865138,-0.0349511938398414
-0.0134185311466836,0.00863042336441225,0.0202195087844328,-0.122995463281324,0.00842474170060298,0.0109570868909403,0.0195097497653453,-0.00437267704426003,-0.00782963247740436,-0.00917085916908934,-0.0783265964988541,-0.0692656286094816,0.028499621789507,0.0527307530122812,-0.0092272260889182,-0.0363876051731574,-0.00142684374887984,-0.00973466929188715,-0.0412923433715722,-0.00404759699399872,-0.0081814099414453
-0.0155245418181169,-0.0205613229750194,0.00954481497012719,-0.0668899867201025,-0.062927203182468,0.0284671251281864,0.0260593010402158,-0.000713090240866743,-0.0122856344216147,-0.0123396352637333,-0.0112485294073111,-0.0259602311809807,0.0112730261444121,0.00846476340442479,-0.0303737380138418,-0.0517798201890209,0.00703327968915524,-0.0559035065477352,-0.00994571270419403,0.00534360244061523,-0.0142932860003991
-0.0202163202084165,0.00118957468591484,-0.0192566463699738,-0.100179376958527,-0.031533154139431,0.019581738907152,0.0297628596565877,-0.0173655706968708,-0.0341965285628408,0.0367664941478184,-0.042878844227418,-0.0870218221042372,-0.00838421612830746,-0.00947520457294845,-0.0082444339634025,-0.0633895072868088,0.0414558778229672,0.0508243801556103,-0.0564354539533894,0.0145847802414634,0.0208608188895857
-0.018599262675331,-0.0330464451949928,-0.0192080820622,-0.0294376057106377,-0.0562759157717144,-0.00917329602498793,-0.00997719543488677,-0.0371552605287737,0.0119899685039921,-0.000495275292391989,-0.0224342398610967,0.00675207995419524,-0.00811635426381878,-0.020564047780817,-0.00843138917475776,-0.00687723821096256,-0.0121820194412716,-0.058442322757938,-0.0775381837877633,0.00710939518732731,0.00665135409207496
-0.0128270552986376,-0.0207048214804113,-0.0163705069963039,-0.0361125198512921,-0.0524898404762343,0.0115035207605287,0.0153690049627501,-0.024940668200859,-0.0395578073950366,0.00374955950542284,-0.0191821517099816,-0.0693644524274723,0.00561606612694703,0.0121276146838802,0.00591428470057574,-0.0324108349796439,-0.0141930379851944,-0.0151144736264512,0.0375609257658955,-0.00336278468414615,-0.0060089625416749
-0.0427533097578876,-0.0459510729455467,0.0177015290519367,-0.0843337099615302,-0.035896335406835,-0.0343292208260736,-0.031944761703513,-0.0238454006976225,-0.028799252433484,-0.0344003384735023,-0.0180680861460037,-0.0253641865631743,0.0132256472336012,0.0125446981934894,0.00788991881440296,-0.0100191535482739,0.00307508359088826,0.0290357315862894,-0.069469686883616,0.0000994304875467922,0.00934948726353958
-0.0167194448145018,-0.0365028891402805,-0.0176505119182502,-0.0863771426209862,0.0109288684643015,0.0289868205864293,0.0103622196990304,-0.0116162257492485,-0.0458128948122564,-0.00946779676446857,-0.0205334200216789,0.000133477452806785,0.00222105062077761,-0.00805035896213562,0.0187678796333717,0.00218037521848535,-0.0117304380896855,-0.0328534595643583,-0.0624131530821003,0.0410527253747074,0.068018826269801
-0.00154963792733936,-0.0658877548577905,-0.0105281041970769,-0.0211222955706741,-0.0917267040121421,0.00611837594113228,0.00531313353384359,-0.030439662011306,0.0069617175499344,-0.0265051531728943,-0.0392743465155973,-0.0978616175497282,0.0047781793587905,0.00528178703167408,0.00726683306401331,-0.0522980342789383,-0.0447717189119606,-0.00309324126625238,-0.0449925377424529,0.0290137496327733,0.0292291413623739
-0.0104968528055123,-0.0389479713828135,-0.00862430204892438,-0.00880054099495853,-0.0336534554806852,0.00638748170272294,-0.00365575529366739,-0.0267056034904649,-0.0152397589326091,-0.00243163564140132,-0.0135488585030502,-0.0196071178737643,-0.00613154768937397,-0.00378150389605157,0.00544536594623653,-0.0460177569854908,0.0191481232477796,-0.0359260893715711,-0.0406762624406984,0.00484250159780175,0.0110406304365575
-0.0202304657867307,-0.022561223153386,-0.0220407288218021,-0.0294677460493752,-0.0550756622145109,0.00118936135475289,0.00118936135475289,0.0128280532720929,-0.0536885165348944,-0.0411281644155551,-0.0118083425646251,-0.108964556611011,0.0185211719172402,0.0217043569554948,-0.00516194652519318,-0.0106443220620097,-0.0113727611562332,0.00889022614953297,-0.036510396477125,-0.0293111100134453,-0.00998585972742115
0.0121597135695323,-0.0330748906586908,0.00825187216921508,-0.0896606312765381,-0.017403787248449,0.0755730212598001,0.0470788586287473,-0.00716614881590318,-0.0667643411988012,0.0279067665471653,-0.085422429421962,0.00209369519223818,-0.00857098994033208,0.000795436782655604,0.00129775093397733,-0.0396104549242737,-0.0082793223369619,-0.03636645468563,-0.0948087024563798,-0.00302575028543987,-0.00303465232144106
0.0251367840134427,-0.021917873142339,-0.0374565657782779,-0.0201806713889037,-0.0377168212282656,0.0366018054153995,0.0298363170283196,-0.0226156199466503,-0.0238108432185169,-0.0107091103907286,-0.0479368128803897,-0.0248527851279952,0.00250707105859338,0.00910035171818126,-0.0233594841040925,-0.0224431130332999,-0.000190657209219597,-0.0256589305661431,-0.00258101747720596,-0.0139364178178704,-0.0120227419483693
0.00937921707102511,-0.0482939193164366,0.00511584480217867,-0.0525908985466479,-0.0641825942816025,0.0537250159933901,0.0357598428792637,0.00719713153807992,-0.0153963603826335,-0.0411318451183719,-0.104062027760138,-0.0467134802242216,0.0141899120400476,0.0228846195000542,-0.0157599472004504,0.00557195500342604,-0.049970195171377,0.0272791018271653,-0.067081265303463,0.020185287316013,0.013202678629913
0.0141005271422419,-0.0642412468442248,-0.00567150115001988,-0.0558159488197532,-0.0471616455613138,-0.00574060170176754,-0.00385434138213636,-0.037932001023456,-0.0344198737365662,-0.0205691227862166,-0.0366633572847576,-0.0704960627563012,-0.00942018584943054,-0.0178570809918557,-0.0150026511455708,-0.0602954750122943,0.0115679018984128,0.0314139000651777,-0.0980108059839959,0.00590973189576155,0.0348939265767199
0.0296494839020366,-0.0278269571142119,-0.00376730958680928,-0.064302546249427,0.0327295545984359,0.0449063956357577,0.0274639000854399,-0.0297851231936719,-0.0193723312931097,-0.000919177993257136,-0.0370567011823119,-0.0517195206814269,0.00296309736174626,0.0228468937212032,-0.0253401873240686,-0.0128365935591224,-0.0453983296614533,0.0137140629256365,-0.0773478531123801,-0.013786859283152,-0.0234731190175552
-0.000572416104631226,-0.0186468814902545,-0.0207268979678878,-0.0492853608983645,-0.0260288059702419,0.0227163888813503,0.0102205776548217,-0.020481638794873,-0.0407155981493133,-0.0230441623457226,0.00240360849543142,-0.0482076921455494,0.0348198256315099,0.0368691298517015,-0.00169211551086499,-0.0123080650163643,0.0198222304081395,-0.0496399787712508,0.0115083813791261,0.0487763783731699,0.0146466210747004
-0.0178692417622546,-0.0132832710030968,-0.0163695483733527,-0.0711925037371914,0.0179819331290706,-0.00449215937494619,0.0162356759971024,-0.0388579077642711,-0.0101753771627451,-0.0242369867162354,-0.064016390817415,-0.0515320890244435,0.00420415094011084,0.00924906626473428,-0.00726108837130119,-0.0427075369737893,-0.0314197371061023,0.0275225561407737,-0.0518600347154305,0.0296040954645314,0.028465985443471
-0.0228655955452759,-0.0386944230345897,-0.0821866183925312,0.0396285661169146,-0.102481016386112,-0.0282009529162537,-0.0165993337017164,0.0028776158841636,-0.0788811507304036,-0.00489615185421002,-0.0538324624778036,-0.0330076204397743,0.0266480624404612,0.0324658091431971,-0.0114567238060297,-0.0354997161175577,-0.0446001290637416,-0.0143439957122106,-0.0241809282715387,0.0234583148864242,0.0201944829938643
-0.0165441531215265,-0.0337413205196913,-0.00659460921829447,-0.0196653185043021,-0.0644535192874491,-0.00437223169270327,-0.00434674896209371,-0.0180223098017674,-0.00584085363093682,-0.054505634447752,-0.0760443797791031,-0.0515572655777733,0.0213087128423861,-0.00778774651102259,-0.0108542036113487,-0.0241382514581381,0.0184172760412658,0.0165794516661063,-0.00263683442627483,0.0155835062352617,-0.000948414814200542
-0.00574484090213653,-0.0194086567802237,0.0498483226586732,-0.0739354098543657,-0.0573238424316109,0.0338807009415408,0.0258825116323425,-0.0203364077355627,-0.024122983000485,0.000913332673621703,-0.0255566964257745,-0.10482388288391,-0.0148268171248918,-0.00543010740416238,0.00798425577736768,-0.0615587187565114,-0.00812568109087725,0.00951179090289389,-0.0452145073631994,0.0368265326612154,0.0268714891285553
-0.0227733664964602,-0.0133566017763209,-0.0433947723341612,-0.0768782469900526,-0.0483928218443289,0.0105839161377873,-0.00628272643893052,0.000861916449831752,-0.00967674463688713,-0.0235289929290865,-0.000227459065825442,0.0481453202203488,0.0115413447944853,0.0275845751365526,-0.00613396309824986,-0.0333614346560358,-0.00589040829334425,-0.0255492620163555,-0.087405916206627,-0.0259617784690659,-0.0267671333841693
0.0161379468118577,-0.0252753621120875,0.0478602707008994,-0.0518386174578577,-0.0615793484915165,0.0234247945580573,0.0220735706019828,-0.0155240020232134,-0.0214944790702552,0.0287388586449861,-0.074483729483127,-0.0872026504816131,-0.007734342767074,-0.00740793053588218,-0.0139777064999972,-0.0273203012839143,-0.0325653333239495,-0.0404878938654284,-0.0254024685213331,-0.00566687704405649,-0.000947934599041057
-0.0360792494013629,-0.00844179583748246,0.0177553153392471,-0.0236802506446943,-0.00827208905373589,-0.0388547341476378,-0.0136895340944329,-0.0239765880416481,-0.0388394772434186,-0.0131600519696905,-0.0787239364591624,-0.0443345561814958,-0.0224349403877077,-0.0338107510440574,-0.015229365825948,0.000778225946769517,-0.00242897951983176,0.0143914079531624,-0.0399846521283062,-0.00460584949647132,0.0298890128666501
-0.00382819225364209,-0.0473289068513113,0.00878870523746433,0.0129120438183833,-0.0530569235713765,0.00776735790433105,0.00246862419463421,-0.00381185879185136,-0.0336922236761845,0.000797908960422755,-0.0173377424259736,-0.0223023417334188,-0.00765862123740713,0.014677077157285,-0.00463342985025941,-0.00663776973976272,0.0123758177860499,-0.0451332944879385,-0.0349340503125655,0.0233371695761949,0.0253569486205006
0.00822979196718453,-0.0655623220001479,0.031439515300351,-0.0612181192244589,-0.0283616707228805,-0.000321055018045323,0.01242102589056,-0.0473966072836564,-0.0339403564422521,-0.0443225019000567,-0.0323487000794399,0.0408173799215998,-0.0576614110790947,-0.06040165122453,0.0090105607482661,-0.0224056246068955,0.00521621532655961,-0.00900060107543815,-0.0656357353233674,-0.00453176446788985,-0.0116369078380224
-0.00990593189007684,0.00375639784507568,-0.00857866069369689,-0.0332427638095927,0.00779270629677359,0.0125747567412449,0.0177399781446191,-0.0229720872219061,-0.0422229231737261,0.00749066058457848,-0.0387105840023042,0.0314890065010628,-0.0197826081131258,-0.0253546079511335,-0.0102230189341604,0.0032832081854107,-0.0414429078825382,0.0251262009154639,-0.0517920679154504,-0.00943626740209209,-0.0321013096656752
0.00930274516447345,-0.0139839380442271,-0.0077889601541659,-0.0447202606905512,-0.039422365397762,0.0370040075586878,0.0398002388973114,-0.0194724485744508,-0.019873090057355,-0.0223465687482747,-0.000397759942371873,-0.062757070334224,-0.0306344902802177,-0.0156200148731174,-0.0232420965203489,-0.0272089746520406,0.0182049023654826,-0.0532504430281908,0.014049467970342,-0.0131165989890576,-0.0128364601288446
-0.00591430192116758,-0.0211685310507586,-0.0246268742010197,-0.080138602084383,-0.0545829373882014,0.0143639092278021,0.012343416178975,-0.00986414525870546,-0.00454554717223106,-0.0104871843310942,-0.0453801210286381,-0.0256416530960905,0.0172380238494971,0.00938376145954789,-0.0327922814160636,-0.03099489756357,-0.02321906247795,-0.0453427199308001,-0.0633796062697717,-0.0159374998090013,-0.0157038701369118
0.0109850888843272,-0.0199821835664809,0.0334545564891943,-0.0650135030024947,-0.00654691063801477,0.0386314589980169,0.0221006000922425,-0.0285690634451575,0.00476075453707946,0.00326086690566713,-0.0420007078589386,-0.0456228249921941,-0.0180136216907659,-0.00453124892183278,-0.0090014771702205,-0.0366382720219025,-0.000300554221552909,-0.0291791794023347,-0.00360165443337634,0.00757680977377176,0.00833742020010032
-0.00269844714153566,-0.00885672271725936,-0.0122191665802818,-0.0510509055004763,-0.0787782676320595,0.0359723171672251,0.0376619921689983,0.00221305307450526,-0.0316750186141964,-0.0277239080284438,-0.0428060455824589,-0.0535693327290797,0.0360170528299858,0.0215987058875384,-0.00771129393084788,-0.035175623133526,-0.00715212383014688,-0.022776290695367,-0.0241568256263976,0.0134087787200859,-0.0120843765478574
0.0122150995325469,-0.0397055538504262,-0.00267994942028787,-0.0423911668665518,-0.0136081476631729,0.0270445659242248,0.0357741223073774,0.0216186344977545,-0.0903220887631703,-0.0114242605497701,-0.0553375618271132,-0.0818779454938662,0.0177645752324651,0.017878231249524,-0.0130139810919173,-0.0581403473921713,0.0297903010026238,-0.0209109546710342,-0.065396974636939,-0.0182033526728993,-0.0149409189219027
-0.00340456713594496,0.0207223215522751,-0.0257926200556688,-0.0804757051518346,-0.0298297832655976,0.0304339173180612,0.0519910594214979,-0.0357490755154419,-0.0308474326874262,-0.0253357085133077,-0.0566506890899798,-0.0258561037964983,0.0207598875256967,-0.00402304361580924,-0.0132426795184567,-0.0270612814108797,-0.024127624648071,-0.0292416393409889,-0.0148754508293859,-0.0278071120822596,-0.025000015951239
0.0147669030153762,-0.0294876828960112,-0.00688583318367675,-0.0629164566352039,-0.0591863364365838,0.00533190953065526,-0.00616840692800794,-0.0209377886984671,-0.0526413690013301,-0.00400072832416043,0.0115632506667314,-0.0624422626105327,-0.006669792887807,-0.00531902407349762,0.00605397676951109,-0.00642281938713812,0.00828001531182515,-0.0701612213900611,-0.0185206804477043,-0.00773264963340684,-0.0107057349885026
0.00235159913620833,-0.0282678620044856,-0.0261149918690001,-0.0447700255754545,0.0225024142332307,0.00619007662208353,0.00278968221883823,-0.00124302251568104,-0.0403819968989339,-0.00772087193049414,-0.0329885100137796,-0.0724468153171007,0.0670594926864673,0.0492273280636534,-0.0336252810326457,-0.0416060714190764,-0.00647539877055242,0.084906455644809,-0.0432482136260406,0.00280983873950637,-0.00594152099579496
-0.0246169697431366,-0.0603425168884429,0.0246713794218756,-0.0412397609156482,-0.00860697449711562,-0.0204612985122053,-0.0255751574838467,-0.0130266525057911,0.0182387793056739,-0.00696062626313618,-0.0492550274550894,-0.0447079039417156,0.0250513509649551,0.0234356463095021,-0.0314128594416836,-0.0815848090165325,0.0208336945477068,-0.0215468999752303,-0.0649113685923889,-0.0146545313238052,-0.0024858201743421
0.00499200529354488,0.00186934445693999,0.0127829966258607,-0.124814979112106,-0.0871905887698479,-0.00840803757774394,-0.00806860654269493,-0.0164320568305013,-0.0109050021600435,0.0058842275976598,0.00776832857345569,-0.054895376392549,0.0130574526160807,0.00558770501522635,-0.0113997919637967,-0.00676966415118765,0.0347560739934029,-0.0085312008840101,0.00470032386439284,0.0166094150633549,-0.020552127557698
-0.0509509430995128,-0.0188286845886894,-0.031658430892687,-0.0466087090824263,-0.0214424714061971,-0.0391919958787294,-0.0399157222320991,0.00110128220555629,-0.0491152634395781,0.01536652326689,-0.0397192461658629,-0.0672888223675868,0.0120039248148976,0.018641250343175,-0.0287081462681618,0.00988041954018404,0.00562256810327502,-0.00696490515826059,-0.0237827061436129,-0.0165469614438156,-0.0147712152583251
0.00187955402546633,-0.0143783671305243,-0.0452304563500714,-0.0388191341871029,-0.06028595996425,0.0439380052352063,0.0431310161016091,-0.0225250977194203,-0.0583509099812935,-0.0234680837237649,-0.0712855642254106,-0.0398067236465811,0.0107142586536251,0.0154221299325295,-0.0223830759992717,-0.0290489993032937,0.00686489040886792,-0.0436892615677158,-0.0393465433886785,0.00282180628776496,-0.0163295593985621
0.000814600247595748,-0.00432709135938941,-0.016687568490338,-0.077872807026746,0.0115813934565341,0.0324491557378027,0.0283899929336677,-0.0478813054931735,-0.0338272265826178,-0.01286721163193,-0.0500779956471919,-0.0625449224583318,-0.0336582582156055,-0.0330578785188466,-0.0311631607622716,-0.0516073148729484,-0.0544137312700781,-0.019231247170234,-0.00881376728980166,-0.00533511534423763,-0.00215927296748719
0.0144037352678159,-0.0207722521668073,0.0152967818101667,-0.015251036747362,-0.0498207238735431,0.0526284671593566,0.0439040894293384,-0.0198914326601859,-0.0179913303094439,-0.0455195451415288,0.0178295007486803,-0.060423924999041,-0.0124118523678192,-0.006265522231752,-0.0126059053463999,-0.0610537328446001,0.0017907555173369,-0.000581742114157402,-0.0406277856667016,0.0304564324859983,0.0396909334233427
-0.0207688044460295,-0.0161995663510374,-0.00542755578076476,-0.0177502155206661,-0.0856113462316525,0.0113155628121811,0.0121044215766097,-0.00335357849924728,0.0318606054340346,-0.0182833274345522,-0.0295784063548538,-0.154248718287272,0.0250202897179109,0.0254052605019136,-0.0148243201307473,-0.0281325039784217,-0.0256758406240609,-0.024776505442253,-0.0204747222938024,-0.00412466678105389,0.0141519869592565
0.00559905715478952,-0.0487163884803547,-0.0282220610928415,-0.0357900191753449,-0.0129479225652516,0.0368713452117047,0.0547061535901932,-0.0164398052736429,-0.0188675931931543,-0.00706138131158796,-0.0673738448003313,-0.0421632250005816,0.0145600203861288,0.0172073238875341,0.00463094809751018,-0.0348170229658816,-0.0169018238126233,0.0158773111140644,-0.0506713718100445,0.0196321196639965,0.0151111116352272
-0.00623489903608131,-0.0182477158260127,0.00712287636501371,-0.0220301757092231,-0.0591136017594527,-0.0297622129546923,-0.0191277733711033,-0.0145134761009769,-0.045893869521227,-0.0293894349216947,-0.0535574573207019,0.0202227961018928,-0.00912087893978703,-0.00746811518508065,-0.034094252269819,-0.0263204135140779,0.0226859417760406,0.033331612534549,-0.0428233363911836,-0.0202588917118542,-0.0142646412657065
-0.0156029858776353,-0.0275965229310181,-0.0569018628004619,-0.0618345124390497,0.0232293964098554,0.031726831303926,0.0226261023477788,-0.00139817256742018,-0.0115068375087967,-0.0330985415507778,-0.0930000538456667,-0.0544725543402236,-0.00186907996421067,0.0165613466707508,0.00745855478288969,-0.0468798074759027,-0.0713954571047508,0.0119129517003383,-0.0585328330950987,-0.00936895954786258,-0.0140116975380435
-0.0013879830464447,0.00254448556822848,-0.0123191764345407,-0.105884393854384,-0.0303625744752726,0.00386496486380539,-0.0123889523874508,-0.0348454452558359,-0.0658179539131718,-0.026922641284988,-0.0352936504470211,-0.044724969327002,-0.00218037757374708,-0.0027617874688593,-0.0194849654001161,-0.0213469956160237,0.04183218855015,-0.0349763743424376,0.0114674065412551,0.0222597664480004,0.0210911100635171
-0.00998170992735898,-0.017403545811539,0.0193207381409395,-0.016621137328779,-0.0847276086760363,0.014004101665664,0.000402764495962847,0.020498034250194,-0.0368656450879321,-0.0389325421772776,-0.0725398261585525,-0.0653139833048434,0.0746628771693792,0.0613681260060685,-0.0127134505698685,-0.018865029700108,0.00811968591585245,-0.00343922951167536,-0.0423716159404894,0.0301872555704528,0.0358030607921793
0.00630488761349519,-0.0081859397233138,-0.025305108508246,0.00187644435708684,-0.0531587432862904,-0.00171222220657195,0.0446498958215732,-0.0119752215932545,-0.0811669906810282,0.0211248727639063,-0.0300754849178272,0.030824316191764,0.00357112322646003,0.00194000997416784,-0.00442309641050279,-0.0689613542957284,0.0177502818518248,0.0117665269216285,-0.0385422300196961,0.0257405525830025,0.0175974597097295
-0.00293296250517103,-0.037803271965038,0.0397852117266457,-0.118080668325048,-0.0727584173458224,0.0234006201515359,0.00976406446558521,0.00284683135999502,-0.0365428140517422,0.0298836313564053,-0.0742927963347632,-0.0286086509946339,0.0309079444196402,0.0208608916512722,-0.00693181624335257,-0.0395834059117162,0.0220376932239586,0.0500319111291498,-0.0378177376800757,0.0155200970186825,0.0145143601609257
-0.0233720896423276,0.00165836945738879,-0.0330190737035388,-0.0417272668148141,-0.00935445195982976,-0.00284043251147026,-0.0189982043616431,-0.00935190209117828,-0.00452266359516248,-0.0371849734268103,-0.0358434998061088,-0.0118899470450434,0.0152025788015931,0.0115774699063817,-0.0398113283016845,-0.0243139861475768,-0.0207650362651299,-0.00241888545070607,-0.0184846592154987,-0.0413632238408734,-0.0330073994940043
0.00493350383239229,-0.0313881675626458,0.0240409163376056,-0.0477174089593038,-0.0192503412224542,0.0294083208530557,0.0289459054500604,-0.0514499541970373,0.0135562714052974,-0.00761033297202138,-0.00777092483034023,-0.0313785943622671,-0.0528252061499088,-0.0417943374716019,-0.0136398331118324,-0.0113662833358719,0.00792909768521927,-0.00920246915601908,-0.0912265030667629,-0.0252319632689702,-0.0127119182768003
-0.00808039211426293,-0.0300265116405079,0.00455547830908172,0.0514799310980275,-0.0598359236768996,0.0184793478049812,0.0594377940712146,-0.0411054187416737,-0.0221808890523283,-0.0107631605899784,-0.0403029499342901,-0.0430139996629934,-0.0118014866568328,-0.0325406702412215,-0.0131798721102079,-0.0576433612546664,0.00773376331360495,0.00353705612588742,-0.0948744980593013,0.0243333005097582,0.0248313188790153
-0.00870877597328353,-0.0164892779872538,-0.0536796972970736,-0.0148258639110408,-0.0527407547736664,0.00705074844452241,0.0393537976085266,0.00915821350220863,-0.0168692598978187,-0.055897121228344,-0.0269366397731695,-0.0662039332711856,0.0160409700229572,0.0217148123250085,0.00352244613059541,-0.0186528762457685,0.0321575840847241,0.0105853844730039,-0.0233236852863473,0.0144665149376533,0.0112001380804701
-0.00261395722946476,-0.0440791126885897,-0.00501700342289255,-0.0570582623947987,0.0159333670123847,0.0369428258948732,0.0235765696934164,-0.0192697753360592,-0.035757237047011,-0.0033694997271205,-0.0178956743218673,-0.0470583221949408,-0.020070537159535,-0.0380232507421432,0.0101775771239341,-0.085536395794988,0.0149877590999876,-0.0326597816269155,-0.0437394926172343,0.0415718201085554,0.0403664544478323
0.0321250350065342,-0.0386870171884265,0.00843703789493877,-0.0368426385099622,-0.0177693402730628,0.0488783284771423,0.060604443024565,0.00695545334607291,-0.0671895768660301,0.0102405407609892,0.0125516653956536,-0.0685793345493128,0.0339167921734701,0.0203879728838729,-0.0176755230206435,-0.0314695915528988,0.00476012171275238,-0.0091222183826935,-0.101839336438459,-0.038575822564576,-0.0363518140353065
-0.0380413926581132,-0.0488661367408035,0.0129677367923411,-0.0538366916075439,-0.0405763852107162,0.0127804358965128,0.0144251081858472,-0.023183780747053,-0.0184267957905129,-0.056296008564747,-0.0483476712800453,-0.0520682067712079,-0.0137480125872833,-0.0252950275927555,-0.00658494338917109,-0.0157715401467865,-0.0452575699531333,0.014476478834324,-0.033764182182892,0.0228069463853733,0.0154039600840285
-0.00453591669992657,0.0121702163406923,-0.0141344214643804,-0.0857133322897482,-0.0404050481475461,0.0328432831893499,0.0307001145261186,-0.0299005656110536,-0.0460976526676279,-0.0930912899191787,-0.0100543392314953,-0.00714513726951094,-0.0513013434924769,-0.0451490990145259,-0.0224113768896854,-0.0584893135664869,-0.0141401318941646,-0.0395890017277105,0.0129688041276399,-0.026663758971062,-0.0305917132012118
-0.025791808871351,-0.0781570037672532,0.0168079458268033,-0.0488468891002475,-0.0359490851777489,-0.00999701642425229,0.0048267030509656,-0.0244773432740498,-0.0583452837881489,-0.00487985690871412,-0.0296962766325121,-0.0224955919029282,0.0109428188644239,0.0149891964442708,-0.0234628893877869,-0.0468354008129934,-0.0161635664651104,0.027240820081921,-0.0762389867677616,0.0201244137199665,0.0225390585878816
-0.00154517346339108,-0.0340752591166978,-0.0348679652274688,-0.0442774226553905,-0.0625589178998042,0.0232824899035329,0.0199888049375519,-0.0198666199272017,0.00955814963599681,-0.0180455567012968,-0.0435922105087426,-0.00134156078834446,0.0498898155523152,0.0547136086219732,-0.00178238038134428,-0.0261915425012613,-0.0119870969086677,-0.0459560335541567,-0.0617589792497558,-0.0126327834072855,-0.0097363003155727
-0.0040768162950791,-0.0124184970071658,-0.018212651155458,0.00612490587654943,-0.0443142161140608,-0.01044370902539,-0.00476743853153753,0.0242297385222893,-0.0232321225253604,0.0160026297428679,-0.0443145203633892,-0.112879101653214,0.0320135702648552,0.0324995732672528,-0.0262643219459461,-0.00998400143656081,-0.0122808129091105,0.0314348585354933,-0.0555493200488653,-0.000693730069399441,-0.0288452152936193
-0.0168625854432438,-0.0628897372095102,-0.00214392596045782,-0.00976851819831909,-0.0659548886872392,0.0111156784058282,0.0215322477072023,-0.0114896626224486,-0.000844639837008679,-0.0215636042743495,-0.0126021090888132,0.0269802342313518,0.0303937543910587,0.0281266302936938,0.0175104858371828,-0.058277778716554,-0.0241220842509511,0.0201137444249142,-0.0814992219169586,0.0255459956877321,0.0303666522052553
-0.0094824679720072,-0.035398731517734,-0.0518487982715391,-0.0051712259587926,-0.0535944180032041,0.00433396050312501,-0.00408375896613482,-0.0190873418796926,-0.0243331504383475,-0.0377528004934987,-0.0623761257090495,-0.0566897918220031,-0.00950868212631158,-0.0184262753277031,-0.0373341959694423,-0.0258381741041784,-0.00144161897230444,-0.081450310925825,-0.0252479655552906,-0.0286157766219211,-0.023284558444828
-0.00625418142996335,-0.0301468676141763,-0.0811435055277615,-0.0215874848289997,-0.0844165309066577,-0.0225848187524359,-0.0213042523825675,-0.0264715205873772,-0.0181512729043824,0.0317176864833819,-0.0494184413755281,-0.0232403505218506,0.0109290612910249,0.00802379708135803,-0.0069169682382246,-0.0345531107179328,0.0141340548008383,-0.056724151620613,-0.0458079790051725,0.000789403622169026,0.00708506422178561
-0.0107378391044273,-0.0486228777390556,0.0317146637544555,-0.0310849121441305,0.0308302967033466,0.0127968539727944,0.0233419235146251,0.00942102201587848,0.0113875915211601,-0.0350768538153032,-0.0290985003313978,-0.0163137589143253,0.0405395353695703,0.0390135536555463,-0.0103577895275555,-0.0406883615565454,-0.0125758367517342,-0.00955778130141421,-0.00543645098627821,-0.0146679756128875,-0.000345377476071176
-0.0332346637119337,0.014053852151371,-0.0567599823053307,-0.0749071171631944,-0.0234451915566168,0.000689085158737127,0.018878852458003,-0.0227833269852527,-0.0328108582389358,0.0441412340232641,-0.0468300681045588,0.0248413277069025,-0.0290377665727124,-0.011515906314549,0.00573381239495554,-0.0664780521716903,-0.0313510486740266,-0.0339884149600201,-0.0437120182882921,0.0358646347832895,0.0479739098406712
-0.0201297928606762,-0.0515458359815395,0.026247114761177,-0.0748011547842055,-0.0245482487264713,0.0121905322403703,0.0194160602853379,-0.0245192011822338,-0.0133512960867694,-0.00622880579979171,-0.0575411131451914,-0.05039162787534,-0.0154383338996282,-0.0103640033228167,-0.0184493258745703,-0.00533588000828493,0.00506757618885134,0.0192885745510305,-0.000746974618725138,-0.0109085239825017,-0.0396357892803149
-0.019329753716574,-0.00755336891040342,0.00768070160519116,-0.0374524924172073,-0.0265504818842506,0.0137096289997805,-0.0059083269865597,-0.00369280264425982,-0.0569643237503017,-0.0211040853548681,-0.0426955189524831,-0.0296008508450752,0.0262883943469048,0.025126402585174,-0.00792444154269867,-0.00132263923266325,-0.00866178507511714,-0.0373461184543095,-0.0511007572398354,0.0232038931983179,0.0129941381200857
0.0237160617370384,-0.0443920982464997,-0.0135628618185091,-0.0583757033276623,0.013891198266651,0.0182808166078525,0.0194271794732438,-0.028254725762673,-0.0157650508402974,-0.0105947165743875,-0.00713926725897857,-0.0624017302462517,-0.0287566202790874,-0.0232912045094774,-0.00705736796245361,-0.000472217719291471,-0.023538651730351,-0.0568135479111876,-0.0481094059314978,0.0146167676455418,0.0142169420429508
0.010869290371494,-0.0379202284605128,-0.0233417767268047,-0.0235072269214792,-0.0542280886495016,0.00124625495431543,-0.00109514892632714,-0.0355711935639602,-0.00289676346967052,-0.0450567011096026,-0.0635268423958155,-0.0360096650453322,0.018943326073682,0.0257248632279687,-0.00632331253369944,-0.0285491491274543,-0.000893889280577875,-0.0367528445900896,-0.153029379627468,-0.0163495617372111,-0.0258638144821493
-0.0112959319166309,-0.00949437639493715,-0.00373401729671854,-0.00980164524043414,-0.0509985547667182,0.0258405971752917,0.0293537690179194,-0.0105410588275155,-0.0454729481694199,0.0251559614150355,-0.0908847609189966,-0.0230805698760741,0.01779935469485,0.0271361638164009,-0.0300681913757001,-0.000816373311137,-0.0205252100393294,0.0539834831568927,-0.0688579186602387,-0.0274298663219743,-0.0180979828478071
-0.0117807062009821,-0.0233191899658132,-0.0121571503758297,-0.030476046211836,-0.00828329804495642,0.0214459986189694,0.00660216501382328,-0.0094770907280421,-0.0279738672107614,-0.0333864485825788,-0.0264050675997526,-0.0206488345602097,-0.00266409011874144,0.00208338932611823,-0.00735447455074696,-0.037253959817494,-0.0288260854619065,-0.0309420437443999,-0.0686841909543066,0.0294932191545667,0.0217537352317649
-0.0325967149670618,-0.00435839766886412,-0.0187335971146129,0.00483674840403414,-0.0462755098535348,0.0244980650150668,0.00739786438163734,-0.00346005577927372,0.000754499757881236,-0.0370733476353342,-0.00891926145906269,-0.00721691857562617,0.0238879109800077,0.0235337365295773,-0.0110824474610543,-0.0169770807820496,0.0116471435791863,-0.0171614948309047,-0.0622409184259252,-0.00159221731028468,-0.00550715367762854
0.0286306938792866,-0.045275361309055,-0.0194659214457451,-0.00847229231298399,-0.0468552438248177,-0.00463668170668351,0.032580405810001,-0.0347476638243677,-0.019297116259433,-0.0346470398262466,-0.00704540256741393,-0.0712980460226929,-0.0418809604629144,-0.0122731345070287,-0.0216258299751272,-0.0647377707375164,-0.00365894896450145,-0.0885146386108492,-0.0301468647123935,0.0293301151561937,0.0116683213742914
-0.0166805348503904,0.00878829117581031,-0.0212306553150978,-0.0826796774649464,-0.0661981693897353,0.022226858532697,0.0138147695738459,-0.039802574754263,-0.0685236072062081,-0.00681459092292047,-0.0351567934097286,-0.0547003358208022,-0.0397206985869183,-0.0386854293681546,0.000188705255514905,-0.0241691166606559,-0.0203470903186813,-0.0316542519293347,-0.0458564791670346,0.00233557673066817,0.00032919431759458
-0.0119412071898736,-0.0161454482433287,-0.0046129402477435,-0.0201263301954247,0.00493746481558333,-0.00665259452525055,-0.0108527312691111,-0.00399021791292126,-0.0554105345623208,0.0310849121258234,0.00750148085678856,-0.0782703979968988,0.0249948515842918,0.0161342134165534,-0.015275636318051,-0.00467584619136417,-0.002991910356649,-0.0167791579442572,-0.0246225389114382,-0.00171283006984414,-0.0018629325481087
-0.0193223147337356,-0.0228147905809383,-0.00500939451350388,-0.00841152380070861,-0.0194184085605494,-0.0113681584409024,-0.0256443863349289,-0.00437876922955617,-0.0707231398030927,-0.0473363365377453,-0.0663300215384528,0.0188679427145375,0.00798626895859363,0.0324657514942868,-0.0105166818505526,-0.0682790927331028,0.0120459974026065,-0.0154944974820629,-0.0592000031120861,-0.0100911166332246,0.0159775362669536
0.000577629817567357,-0.015297366017513,-0.0246429783496574,-0.0740083311612603,-0.040492128167367,0.000852486267468609,0.00707911817432853,-0.0279926470801277,-0.0319184998022964,-0.0181906289816601,-0.0237294584891269,0.000540803741475249,-0.0120378647495197,-0.029114706206995,0.0360035800559013,-0.0661171333264402,-0.0112849243034121,-0.000587602680968802,0.0342980850369142,0.0702896772527038,0.0806908997984721
-0.0124250780135595,-0.0380098858815563,0.0124616996868251,-0.0697092371239188,-0.016889711975579,0.0047428922121844,0.00524280663707569,-0.0116119793322073,-0.0432237669710661,-0.0462698588598606,0.0159546701258366,-0.0919411586309868,-0.0119821916511157,-0.00890388862820416,-0.0148628711903363,-0.0530247203481903,-0.000641717640758099,0.0227874779837676,-0.0794786233478258,-0.00708156126494932,-0.0139997396619407
0.00122481157236324,-0.0459295455035318,0.00714899977613501,-0.0276331762356053,-0.0819109515533999,0.0493557147851451,0.049623812998327,-0.0164220468403354,-0.00813023185031121,-0.0417597632686852,-0.00560106080949113,-0.0187469425602056,-0.00878257203370097,0.0486636897482272,-0.0311740536267101,0.02733957295508,-0.0340699784675728,-0.0131283367731876,-0.0592006913060054,0.014420479067191,0.0163583019099302
-0.000949623841775854,-0.0428059513606948,-0.0233870745192398,0.0114296709504547,-0.0997701787387749,0.0172432294638686,0.0313187358423808,-0.0196378667670888,-0.0299120025494226,-0.0416540349760697,-0.0441684202651175,-0.0253571661662013,-0.0144702443262262,-0.0150695729049552,0.00406034536757186,-0.0290349981472406,0.0376834437835156,-0.0395140018574535,-0.0607290184687243,0.016613805152471,0.0160747010625077
-0.00605870294528172,-0.0278171416900902,0.00351060437724171,0.00761369507632317,-0.0762501056791866,0.0277910785472034,0.0318130000136724,-0.0268016267363154,-0.0229839248486302,0.0182388468027467,0.0041478046997713,-0.0795319950941988,-0.0293472326832668,-0.000661703802786642,-0.00862749177386429,-0.0105195873648985,0.0197020760664334,0.0519098825046508,-0.0370894054604936,-0.00448100563305474,-0.0109175209661993
0.000784071923615771,-0.0644748505491407,-0.00563345120354097,-0.0631349751886959,0.00310144474279872,-0.0439115032097762,-0.0295952514293109,-0.0180964950870158,-0.032072073938939,-0.00935175558393943,-0.0210247965296581,-0.0649019666559422,0.00671853395813424,0.00854487232849784,0.00588975302496505,-0.010359287777327,-0.0204650875334564,0.0284632610749386,0.0369292883696597,0.0251387106582068,0.024302577160391
0.0171617275172448,-0.00971179388387042,-0.00323102984560295,-0.0219042192207302,-0.0403029298164355,0.05264201997493,0.0537228119220702,0.0285452932921012,-0.00567703381825325,-0.0172024116535323,0.0390418965974756,0.000865423696798262,0.0468580392944159,0.0445670454577672,-0.0326364155001323,-0.0431059122192926,0.0169167697024002,-0.00740499311761134,-0.0686442316770238,-0.00866781060776286,-0.0359937150299458
0.000930318852135681,0.0055762683462031,-0.0100151659092503,-0.0290633443220326,-0.0248723588357091,0.00664755830817946,0,-0.0328954781273639,-0.0322570031685248,-0.0546271362181711,-0.0401105222170589,-0.006465871888714,0.00829472719700043,0.000301566509054836,0.00783105019310012,-0.0422947155566835,0.00231402273322977,-0.00986411087504602,0.00871128918076475,0.0139298936813731,-0.00517769533704871
-0.030775386865375,-0.0209356388761287,0.0142904988008463,-0.0486990572474218,-0.0446202416488287,-0.00234895039392298,0.00204462504119848,-0.0123166609203673,0.00192006599871554,-0.0150935947799035,-0.0248512858530427,-0.0124758962544808,-0.00518674546686423,-0.00207234071306379,-0.00414864026016351,-0.0210198622949777,-0.0110085158292833,-0.0650143704067506,-0.0575856604819366,-0.0117062799473652,0.00317972162067388
0.000618888592195277,-0.0182458818977786,-0.0290216664955675,-0.012460431974851,-0.0470504737031534,0.0158320693702028,0.0204312926030426,-0.0350660514996659,-0.026659075168769,-0.0338538405209103,-0.0203493101720345,-0.0799795769607838,-0.0197887367327065,-0.0179325288267832,-0.00224532926597753,-0.00982524295508873,-0.0189370725981316,-0.0510048599914399,-0.0132316984847944,0.00246496049980167,0.0107459166694796
0.00374599467150493,-0.0823535887288075,-0.0162051078163835,-0.024290413496365,0.037728442311872,0.00160299224211759,0.00239220460491844,-0.00916613667157477,-0.0464579107435696,0.00358978616241375,-0.00876018954472793,-0.091446317144682,0.0154657202973628,0.0116560960070843,-0.0255881934442732,-0.0327696238203253,0.0167388210854681,-0.0243321797968037,-0.028015990218469,0.0106236821368785,0.0335372879696828
-0.00567326074486356,-0.00171325453146792,0.00966890238230526,-0.0686643013792685,-0.0655685216925506,0.031102482100474,0.0266400045263104,-0.0291344482366444,-0.0580169110985844,0.0194738708602563,-0.0264491428960554,-0.0542667561463693,-0.00682425191467998,0.00228403607355572,-0.00235370317292939,-0.0512887321685308,0.0247190239935899,0.00317417612536539,-0.0564073734515339,-0.0164773694530797,-0.0249428369922885
-0.0264775646440396,-0.0333565186060051,-0.00117490706289815,-0.0485425912071825,-0.0176797307660979,-0.00120942261798272,-0.035312836940793,-0.0143970852335911,-0.043994281689034,-0.016749304704862,-0.0236527722932585,-0.0528372630321428,-0.00596207156449461,-0.00184805358053312,0.0109046498371838,-0.00471045791886358,-0.0214023564426001,0.0400871897884597,-0.0352401677399118,-0.0058454988228912,0.0104646040425099
-0.0148268068309381,-0.00937162446741376,-0.0542766248958545,-0.0186862524365091,-0.0728089678895149,-0.00293458409613816,-0.0074459279760667,-0.0101021694896248,-0.0365228881633628,-0.0391374480197808,-0.0421721196687407,-0.061773965352034,0.000778275343165172,0.00727425779485354,-0.007682461239613,-0.0123140232196675,-0.0290759223512299,-0.0233574787900242,-0.0793731171986234,0.0301180704469581,0.0325989979535613
0.00655151508463204,0.0251631243999696,0.0223133372762876,-0.0192607040695503,-0.085523442551625,0.0421398123792601,0.024124204836556,0.0041353588483671,-0.0777263797526977,-0.0294282693632906,-0.0092873550438661,-0.0132847518473624,0.00405739246824119,0,-0.00802828293896275,-0.0294457173023443,0.0158872729153667,0.0302714144009622,-0.0238402111512239,-0.0171850334489704,-0.0210976932951611
0.0165243792416239,-0.0455103250667868,-0.00160682536407997,-0.027120907041967,-0.032563494016427,0.0509601859070202,0.0497571433654205,-0.0196185376430393,-0.0290698513944642,-0.0202823166877754,-0.0573303510831989,-0.0170239818679198,0.00679254133055721,0.0000903130413649617,-0.00649981098912628,-0.0120599869754567,-0.00372705406852343,0.0139165451414176,-0.0659962122958762,-0.0137023955108776,0.0002112661255632
-0.0289424697171842,0.00860361678466244,-0.0240011221491634,0.0130661150976995,0.0312545884694314,0.0161048374492933,0.0116605027936136,-0.0172428223327199,-0.0328951914484882,0.00976230601379022,-0.0889319192291552,-0.0690137185380537,0.0256191017777698,0.0254253653741934,-0.013626758248466,-0.0347838265767082,0.000260910608604892,-0.0142526072171822,0.00752754850818194,-0.00616392500063066,-0.0119832151312194
0.000988865278676192,-0.0103891421463189,-0.0130528714184053,-0.0374339184159947,-0.0875902393452886,-0.0214288947542259,-0.0146329381520391,-0.0225332531898919,-0.0418055257630056,0.0250460477404632,-0.049469636621412,0.0115078366870641,0.0256491460342023,0.0327252906944199,-0.00345641412313772,-0.0408563322434473,0.00496297207636168,-0.034153415309147,0.00388716991723187,0.0161506946347852,0.0117691845860137
-0.0217367268706892,-0.0364822290875817,-0.0461361466389995,-0.032151716055407,-0.0105779907683589,-0.0146875627917535,-0.0143493211316011,-0.0115768819396428,-0.0661987371247774,0.0171022826884487,-0.0358313771020443,0.0212255768614036,0.0312679372778388,0.0249834243098978,-0.00174778611487415,-0.0318708142064205,-0.00864768392674195,0.0245768149931395,-0.0439954189486229,0.0108570187950845,-0.0199984044739665
0.00485332976009092,-0.0534705366890981,0.0151636321251289,-0.0692876983276791,-0.0281359612575005,-0.00326327906171773,0.0073937803365985,-0.00651971489905352,-0.0373082839222108,-0.0233044948582146,-0.0270868831411814,-0.086894370714473,0.0157824811279224,0.00898514020997314,-0.00206478757314738,-0.0343352766170525,-0.0245420867620683,-0.01713012408551,-0.0177314281860513,-0.0176429093278183,-0.0151733797135129
-0.003028612555991,-0.0176418661470262,-0.0102340184692149,-0.101289651284299,-0.0222951339119794,0.0167111246327695,-0.0192191786057005,-0.0213412433520709,-0.0613814135546173,-0.0000814564489400316,-0.0569091993788333,-0.0237219077833977,-0.0348572938636048,-0.0393434512940487,-0.014050649412875,-0.0223532314008236,-0.046932833412749,-0.0554083110630836,-0.0495616494499486,0.00360183477531788,0.00715125997537225
0.00323027773252119,-0.0495163586507642,0.00234448249746655,-0.0613633601262319,-0.0353366700718888,0.0139094766822103,0.0123238426533031,0.00635477651951384,0.054093147596331,-0.0306936020228949,-0.00936995518314124,-0.0370948331421003,0.0180526935235535,0.0221477566731236,-0.0260986568566013,0.0287249614344038,-0.0479717915545266,-0.00733565883714005,-0.00570316645566121,-0.0129491733716949,0.0135037264511867
0.0123087084833745,-0.0810847859210685,-0.0121596800457503,0.0176437117856197,-0.0331309736337089,0.0773983459649144,0.0506027170753186,-0.0363076774122908,0.00011577666230686,-0.0240917495144426,-0.0157089331022965,-0.0736468214698406,-0.0167329948956256,-0.0253147799070365,-0.0590865325076447,0.0196729473223415,-0.0302477654088686,-0.0135868647402768,0.0243421816911199,-0.0146129598506604,-0.00585524750848455
-0.0121954168820698,-0.0441887186890414,-0.0794874142727632,0.0133707844915722,-0.0482784771165163,0.0185367827190329,0.0212879551891168,-0.0137706965004026,-0.0123539559875622,0.0233105053242295,-0.0332344314904419,-0.0400065447400431,-0.00317856148129678,-0.00960259976702176,-0.00935951954907396,-0.0305866955601239,-0.0138330208869764,0.017778326873164,-0.0408955937561201,0.00209545558757322,0.00370658917777381
0.0114998629505409,-0.00549621141379777,-0.0570209109047085,-0.06029354005563,0.0142909243956653,0.0309856339237858,0.0359853719048141,-0.0170247204546046,-0.0279239280762746,-0.020368290504965,-0.0294050586362261,-0.098972749727828,-0.00217975933331136,-0.00843245452935286,-0.00386125670679947,-0.0664519412933247,-0.00330106098311009,-0.00328137514032584,-0.0491006644864772,0.0239382825458243,0.00363293661991152
-0.00910367365548503,-0.0165837898384177,-0.0266612818451569,-0.0259022712342979,-0.0400991146061613,0.0329357439333518,0.0507571958450411,0.00388181757085301,-0.0433760875351465,0.0133893379552849,-0.020499472574098,-0.034601464276912,0.00839732431156209,0.0140579042823381,-0.0125819242598434,-0.0154095820705711,-0.0244189704976619,0.0131831942682631,0.00546195681790507,0.00333348639919322,-0.013754635632698
-0.00237085300326801,-0.0300238791348078,-0.0207800732040809,-0.027436827535891,-0.0742136800872798,-0.00861312790447782,-0.00203949963277791,-0.0363730662792981,-0.0348751010939009,-0.00591939174866135,-0.0516078943890981,-0.028565832568915,-0.0326545041081293,-0.0447228036694876,-0.0305427613207114,-0.0476501752237349,0.0213724842069683,-0.0567923080929031,-0.0578601694791722,0.0109024085093625,0.00476604707857372
0.00724655640709353,-0.0387900041043809,-0.00401920725071911,-0.0629227363819755,-0.0625513527816737,0.0485201145685582,0.0342388058415115,0.00722666649991424,-0.033654804225932,-0.011313722010993,-0.0380625029879435,-0.0364007010370658,0.0401450129680823,0.010480142319747,-0.0350919314149527,-0.0302366892206501,-0.0102739885233985,-0.00926734442080068,-0.0338962459939606,-0.0228082769396202,-0.0249105443342821
0.0092761316073405,-0.0271240654784977,0.012662670184906,-0.0255863253281451,-0.0298289338481335,0.000478903641246642,0.0056434500271019,-0.00612966221959291,-0.0652932849567662,0.0571941378457622,-0.0382340034706724,-0.0260268399508482,0.0144523413873852,0.0140635224291436,-0.0223117179189179,-0.0654127545293677,-0.0380250766947598,0.0199952217263756,-0.026990621709381,-0.00587389400651847,-0.00695825754440242
0.00854530115260425,-0.0223472730076967,-0.0154167679054545,0.017409511672827,-0.0249213762073541,0.029421382788407,0.0145978731336697,0.0147709601261192,-0.0524456073298848,0.018087784945747,-0.00891694334359858,-0.0176110104399911,0.0276179140493648,0.0228651207952458,-0.0107752716379483,-0.00963234469006166,-0.0483312548000732,-0.0238217379351793,-0.0728475116191986,0.0346940201577655,0.0156414489043417
0.0108009666661319,-0.0504050492952703,0.00099577378115219,-0.0615699683004724,-0.0224550470640408,0.0275061351558594,0.023643211309852,-0.0060676140806456,0.0195636874781344,0.0126803805904425,-0.04901837355205,-0.0579362714808216,0.0237331515497694,0.0241142907567756,-0.00892185748999191,-0.0220709703769694,-0.0103484675938992,-0.018011201115836,-0.0323403967223264,0.00781629379034941,0.016252689656186
0.0239319657110527,-0.0452281797610965,0.00764978103772679,0.00132936953122373,-0.0188065358199526,-0.0036780671490298,0.0116381906035696,0.0128615655797971,-0.0521954399008898,-0.0266977416359096,-0.045140633295955,-0.0579526462328624,0.0123272079259468,0.0169409233878599,0.013195490326272,-0.0513515316295686,-0.00117880598261758,0.0103504074653995,-0.084976933542962,0.0208023935461503,0.018294467935903
-0.027705364112209,-0.0306469488901324,-0.00182778995327831,0.023075322364081,-0.090004668055302,0.0080941613022069,-0.00310933187945796,-0.00299909734304577,-0.0519997763197021,0.0194962730960888,-0.0401397609662376,-0.00924302843494568,-0.0105344254811911,-0.00997560511698788,-0.00234413393747669,-0.0829750567482943,-0.0388864559865261,0.000309466694676741,-0.0332754628525769,0.00952834841167537,0.0112207372201466
-0.0257308183772138,-0.0281051045856679,-0.0184921407068214,-0.0995738494921395,0.00539591216852175,-0.0158408158837762,-0.0112491577432481,-0.0046088567303091,-0.00667076019197081,-0.0129763134280098,-0.0120723803359666,-0.0469204203433882,0.00796355309009578,-0.00201736596824842,-0.017137540119864,-0.00238567116897251,-0.0207409273057101,-0.0429449181130886,0.0265866689737664,-0.0048706772522068,-0.0080046626268698
-0.00684328234614319,-0.0277791576412423,-0.0155579093797677,0.00957357025154223,-0.0961656739799722,-0.00720124393381347,-0.00593573727109294,0.00233874688255824,-0.00811656899056643,0.0196621258258552,-0.0350673449326212,-0.0270803493498948,0.0271964824048341,0.0165714447502356,0.0241602679115539,-0.00337852669087247,0.0081254978279702,-0.0169988401518955,-0.0712543177083877,0.0174298868205433,0.0194106448901819
0.00207152342670434,-0.0639023490902649,-0.0302160465618025,-0.0853029110132362,0.0252103872495952,0.00560979950232217,0.000434149379686388,-0.0054885671545999,-0.0277313156001845,-0.00827243391888682,0.0175803204258423,-0.0661031505387867,0.0126131370653488,0.00103374925169044,-0.00640142329284026,-0.0493099189406643,-0.00645074398971152,-0.0249598252826853,-0.0387272252449535,0.00146419733970302,0.0206626378511452
0.00775043294719861,-0.0508965938564908,-0.00669331087716249,-0.00307038036979071,-0.0887789530436445,0.0080861707681048,0.00895277801889729,0.00123188194799417,-0.021088293555427,-0.0286935002092415,-0.0331133892695216,-0.00159531068298546,0.0401619540900315,0.0437809794406464,-0.00579048954635866,-0.0230171843610204,0.00190434265660828,0.0295835827972871,-0.014279194818842,-0.0246641754473951,-0.0120747844876549
0.00155020639950197,0.000023828590481681,-0.000535277089549424,0.00790456467680406,-0.0555439820173822,0.00909829852042745,0.00901444102294439,0.0159443000305058,-0.0465636448111547,-0.00953168215191805,0.00785446585351635,-0.110830229302111,0.0296040823662015,0.0173712991808363,-0.00386234793609392,-0.0100555343182925,-0.0542773613241364,-0.0538686397178182,-0.0672234323902013,0.0384926623669493,0.0401308632659031
-0.0101366206665929,-0.0443087606161579,0.00944282869324754,-0.00580625858481851,-0.0573230247748253,0.00989081351013613,0.00276054033793859,0.00778388359415829,-0.0332858336248954,-0.100036488212479,0.00849633228544308,-0.0780332275318512,0.000233759847714454,0.00906411845710607,-0.0205841804628666,-0.020782983246689,-0.0636624460280071,-0.0170812031139012,-0.00646587831547835,-0.0138549821453742,-0.0128397090130775
-0.00700234697072009,-0.0284352569475546,0.0158240316634128,-0.0538647659588534,-0.0858246509634111,0.0173422552196513,0.0162700047890802,-0.0246753808527574,-0.0452213795936473,-0.00901664997712268,-0.0524409385724862,-0.0331942040173547,-0.00746471745031079,-0.0141904719298577,0.0059961414232612,-0.058367800065059,-0.0215476299948734,0.025101701245143,-0.0469188376046759,-0.0113793370612125,-0.0187411369631491
0.00707008215720729,-0.0489022347995453,0.020366204739738,-0.0380541749290149,-0.0221811180544549,0.0298837647432903,0.0326008333578225,-0.00491553019124068,-0.0330960489490389,0.00379080084720565,-0.0341350491187494,-0.0597222541015859,0.0299699943803674,0.0299880557352069,-0.0364722670608871,-0.0100577815972596,-0.027937809372906,-0.0534892542153641,-0.0608392908437457,-0.0389202868941196,-0.0283687336140704
0.00387006192462815,-0.0805272468915834,0.0213268965684169,-0.0495833737521668,-0.0529860907054059,0.0154870842049833,-0.00188611473845607,-0.00983819907141256,-0.0139654962369482,-0.0428270658777177,-0.0963410708694863,-0.0659669080989755,-0.00159423591391385,-0.00234514640549957,-0.0421671677384212,-0.0181885051987616,-0.0399810201574875,-0.0377546500173495,-0.0389215462084032,-0.00515529804863248,-0.0249333114298712
0.0126651093530357,-0.0469538371180182,-0.00249280735632901,-0.0446259361444374,-0.0342534272002559,0.0322311289319689,0.0187295074536682,-0.0267828618412013,-0.0196250391723426,-0.0174640307994732,-0.0409646071055796,0.0459781228405752,0.00882637902273212,0.00502576512096152,-0.0149563029164243,-0.0575402565419525,0.0271185984669325,0.0430083003522719,-0.0464558759514572,-0.0167525093573733,-0.0163006232596433
0.00610549018704902,-0.0475113014399532,-0.0513399730897375,-0.00344274325354174,-0.0858308687665137,0.029306531350041,0.0248984291813278,0.00520769811684919,0.0313025087201192,-0.0536907055795468,-0.00818492739236484,-0.0440560244334331,0.0253546558358882,0.0135457091153121,-0.00933771262076261,-0.0113870456058938,-0.018440739290455,-0.0205777113977454,-0.0599596735018932,0.0245717006930118,0.0447300068630761
-0.0249029901829489,-0.0557330596246108,-0.0271838455552376,-0.021166313177233,-0.0345269887125449,-0.00810124622346044,-0.00375856192690296,-0.0252267235191373,-0.0116589853294158,-0.0490226255118391,0.0110658140021624,-0.0185287505622236,-0.0345859192761026,-0.0179250394226752,-0.0166536991859074,-0.0136702293600862,-0.0111262608515935,0.00218862990512891,-0.00550292595526869,-0.0235207588495616,-0.0235013202809386
0.0120507203153877,-0.01657424839939,-0.0109269345244314,-0.0277984808050334,-0.0784474413322117,0.0251324224061466,0.0376038747767268,0.00190011993538965,-0.0605059128841952,-0.0293034680590448,-0.00392008304896624,0.0066593622990121,0.00189441712869271,-0.0110327826191216,-0.00726839030256896,-0.0774114806799094,-0.018803163829809,-0.0669855237815924,-0.0527156516247974,-0.00342163132191568,-0.00736875444836116
-0.00109259547320917,0.011845792353531,0.0364768856108768,-0.0430823484303443,-0.0282152782776526,0.00693674396079084,0.0196682950118304,-0.0110867963601264,-0.0101609368075443,-0.0124811392772693,-0.0233170074783982,-0.0813713163700999,-0.00844546861945279,-0.00328342581160987,-0.00157001463324994,-0.0282601243016436,-0.00356824240621777,0.0225209505714967,-0.0893304271853352,0.0198878471559187,0.00466714633786603
-0.0262270468825095,-0.0205879570531052,0.0115126234853147,-0.0578107902126384,-0.0458376851746349,0.0293442874189499,0.0351289181428124,0.00225549369928815,-0.0127928295829953,0.0232597006719346,0.00679800291753982,-0.0893777448140837,-0.00678750749163867,-0.0286867608124086,0.01880448381338,-0.0645705387653799,0.00723603011208963,-0.0352794100892551,-0.0126413992892976,0.0517571276835818,0.0577524291691701
0.0188115992543224,-0.041145882892193,-0.00223336112599076,-0.0908698034096976,-0.0403867046491951,0.0334827359492077,0.032929604057177,-0.00678383643227345,-0.00562563856938089,-0.0140942311035727,-0.0471702206641225,-0.0139167752546788,0.0172756390665412,0.0115347002395107,-0.0290177067384654,-0.0500696414965048,0.00233239083387388,-0.0132216349756659,-0.0522323810100077,-0.0167352510506628,-0.020792543250629
0.0120537239616884,-0.0336334822543868,-0.00348873125097363,-0.0231905354305536,-0.021701077796557,0.024042913268642,0.0476213079529427,0.00127199160668959,-0.0386915969036499,-0.0167230344073522,-0.0572237492170148,-0.0679862270972433,0.00124460947497913,0.0207426463067804,0.00683425058193183,-0.0523120802329859,0.00279490781584069,0.0496457451149931,-0.0421486589241237,-0.00401551742852477,-0.00341960700940026
0.00341324634913522,-0.0517665548922546,0.0341765667484381,-0.0650525551999148,-0.0236816766725498,-0.0169070067192595,0.0159831950696733,-0.00375825231147878,-0.0485744909628936,0.0428227361103445,-0.0460455475646349,-0.0224390955919315,0.019521671523557,0.0325991714562548,-0.032633887617195,-0.0172253951843708,-0.0181560943414822,-0.000141985618042351,-0.0756977235354129,-0.0331919355246625,-0.0344446674850399
-0.00373078043281082,-0.0230944372515357,-0.0250983755187797,-0.0644866221604129,-0.0598232042158053,-0.00282247064432205,-0.0139087950101532,0.00526071612403437,-0.00913491182046129,-0.0398244204667928,-0.0723749273271665,-0.0770503022036975,0.0357653721575135,0.0310248325915926,0.010734161869063,-0.00689845489419486,-0.0275991295659252,-0.00312762825761134,-0.00867880133620402,0.0284546676332122,0.0328246723628609
0.0058285362483726,-0.0640843404206901,-0.0300449377233435,-0.0609831708917099,-0.0542707180967766,0.0411503997230682,0.0438501816891488,-0.0161417023497184,-0.0273420507641464,0.0121971674332543,-0.0650624430183928,-0.102051548595003,-0.00505122091116886,-0.0182769693508704,-0.00238514318680964,-0.0518683328148323,-0.0128633424976998,0.0246185479627199,-0.0279138166251863,0.0275448654142789,-0.00198434261612133
0.0267950510966844,-0.0114233198009619,-0.0678479752844111,-0.0244511096656473,-0.0816845520508778,0.0491839211160279,0.0500202089047326,-0.0199478044092041,-0.0152094524557239,-0.00751097969906389,-0.0315534942694454,-0.121325935891405,-0.0112566111722635,-0.0156171533339714,-0.0257543002390345,-0.0658151341427358,-0.0535428433589875,0.00849569169360609,-0.0622188809742034,-0.0393319405692904,-0.0132150854368799
0.00724639803072082,-0.0701623851530811,-0.0431423345907989,-0.0462535035355235,-0.0101430149059591,0.015065242473019,0.00248625012216681,-0.019679405616784,-0.0337745261004891,-0.0318847362865154,-0.00774362680282337,-0.0163290994236661,0.0175258861765462,0.0211980775330733,-0.00635032816679379,-0.0370360874418902,0.0105252953959228,-0.028227174548407,0.0126001101951441,0.00195374012514864,-0.00714989504971025
-0.00197543241167836,-0.0331414737879216,-0.00523283368124672,0.0133168096505381,0.000644375361807004,0.0251067494034726,0.0192713201380235,-0.0156282293823677,-0.00540203953680596,-0.00570080352280947,-0.0143614431118819,-0.0635780031487793,0.0213066499851112,0.0317923993558839,-0.0244735145099221,-0.0271571610213189,0.0180638653040432,-0.0634183394271101,-0.0636332399585996,-0.00379999358464777,-0.00621824861624997
-0.00627207568949796,-0.0722496033387696,-0.00862326623451967,-0.028637813054111,-0.0664306675188175,0.0181558744680439,0.0178493968125437,0.0116116752107342,-0.0569309733027177,-0.068048253589196,-0.0186343724087931,-0.0209336268603775,0.0167951874140674,0.00828489760226204,0.00608024358646257,-0.00996816184511425,0.0150206926120837,-0.0326976048795206,-0.101180299887805,-0.00265391508997474,0.00494116830002113
-0.000904240285757467,-0.0142606790633484,-0.0301311217296822,-0.0468311866417118,-0.0713563118645234,0.00627347002220457,0.00693677544407919,0.00198486952125042,-0.023585550666669,-0.0715733414408764,-0.00923487102800868,-0.0428581964638185,0.0410218057806221,0.0386763756299684,0.0244470666568286,-0.0184431411366814,-0.0328695859549189,0.00886949167314124,-0.022296369719978,0.0070843589238629,0.00925544293271192
-0.020433594163648,-0.00845792776325213,-0.0016729226434742,-0.051046960285619,-0.0329978637405229,0.00530837775367381,-0.00589383924362476,-0.020951687620943,-0.0251406770278322,0.015230372363448,-0.084556803121261,-0.0273569545190726,0.0054195249774353,-0.0102088390508963,-0.0165122460973803,-0.0105102751070972,-0.00166521784160739,-0.0367118841654219,-0.0568060814934082,0.0237503989000561,-0.00213456951250794
-0.0300288802585673,0.00118456798599964,0.0404082563658547,-0.0200103573533337,-0.0706383152946588,0.00199984177822413,-0.00460398479839071,-0.0214832801881867,-0.0139448745825392,0.00382799956505472,-0.0228810630002369,-0.0861619208938956,0.0131825686084756,0.0133681952780039,-0.0169285310764149,-0.00696416425072936,-0.0118976270006601,-0.00426038181345845,-0.0589143103126939,0.0194488665235487,0.0433783595566247
-0.0292708662649812,-0.0179517760370727,0.0154553006744584,-0.00480497326781071,-0.0565797165809896,0.0225187646682665,0.0237089065455656,0.0133895456354838,-0.013513191999597,-0.0321787684442367,-0.0345285249263022,-0.000619314139790994,-0.000058948948216439,-0.00453236531682036,0.00116628842265089,-0.0355328855382427,-0.0640277922409826,-0.0226364778801528,-0.07903323357853,0.0219713188941397,0.00144206396620703
-0.00114337792925678,-0.0756022293038757,-0.0220973036993396,-0.0295442039459609,-0.00390157867443081,0.0301812121309127,0.0352796150726054,0.00271312267747811,-0.0200533811205614,-0.035440932852239,-0.0329005698690171,-0.0744361233081035,0.00326394951071263,-0.0218109699498967,-0.00613444521249074,-0.00601391187575778,0.00208058169120044,0.0109334004932,-0.0784553474177865,0.0426617239883616,0.0316064422100663
0.00333800049109835,-0.0134834272408835,-0.000928060685002396,-0.0783936277673815,-0.0367059590619074,0.0140112347421871,0.0145735542789354,0.00611179484148824,-0.032106031456492,0.0263446423354097,-0.0609710895456214,-0.0184722422645964,0.0203902038354815,0.00312838197358749,-0.0134431779592392,-0.00615202579614189,-0.0259420617923251,-0.0206459629258507,-0.0300774182660573,0.00548629329089823,0.00528699058775571
-0.0282531318897423,-0.0117162513140374,-0.0197184564135363,0.013232094914228,-0.0923472554287401,0.0120625084637412,0.00965687115340837,-0.0155708846494723,-0.0328797862189425,-0.0419613371638013,0.00355233330851978,-0.143938435947121,-0.00898483207966578,-0.0193689260507087,-0.0233518201218535,-0.0494477719431474,-0.013523376128723,-0.0130242260964566,-0.0134593984690082,-0.0232505422291086,-0.0347829417959098
-0.0370304130228351,0.0134563056594442,-0.0284596129569423,-0.058635050066063,-0.0736828558015786,-0.00531891365125712,-0.0224314648448243,-0.0290202958273558,0.00693637801009962,-0.0081084112711923,-0.0199008397193064,-0.109604815512786,-0.00587298251061645,0.0161353113163414,-0.0212405333175285,-0.0590393189574313,0.023071855479846,-0.00249438704171337,-0.0418642097334225,-0.0298904821521877,-0.0253695118269151
-0.0091637421346786,-0.0452825671088239,-0.0296654428024658,-0.0149142508079833,-0.0359142243620161,-0.013391746703161,-0.0100581668562324,-0.0164853863113647,-0.0298682077314409,0.0430339930239881,0.0121518811807502,-0.0714242082883847,0.00657049880510473,0.0189850190372271,-0.0183860134066686,-0.0346595634560677,0.0269657003415676,-0.0117038182957894,0.00243055907249856,0.0155531931317239,0.0200200129793242
-0.0168807724948274,-0.0339463258167913,-0.0108272174337207,-0.0620231486191517,-0.0715574720097709,0.00524472709200755,0.0091910110798367,-0.0104012582998398,0.0111440301342335,-0.0470134473146333,-0.0128526357657374,-0.0256918750975247,0.0283591899536477,0.0223174621327839,-0.00865744477506537,-0.0475422297696391,0.0207362546719452,-0.0901705218849638,-0.0230934873844964,0.00657914926420686,0.01056887100882
-0.013763058761877,-0.0401212533975131,-0.00124727010862846,-0.00791405672211085,0.0151895843742396,-0.00707188736214565,-0.00116723166613461,-0.0162045473928842,-0.0556949078714208,0.0118804229428009,-0.0522645310663373,-0.0890279591227571,0.0167416963986595,0.0181982804217564,0.000521588436721995,-0.0920615399296699,-0.0655519499101615,0.00538648958695187,-0.00941918776722483,0.0254549274371893,0.00577056547122132
-0.0170158704473911,-0.0315567051183038,-0.0394710663377568,-0.0174696755274967,-0.0590904955614788,0.0433332925046266,0.0411020101322803,-0.0173988411685753,-0.0689418132554768,0.0127336436796893,-0.00443561577692145,-0.0563305168940789,-0.00770761544021261,0.0136331038898524,0.000178469011262478,-0.0331296066403232,-0.0629817547160115,0.0218154475397015,-0.0189771092691708,0.0290506396320572,0.0169961396868125
-0.0376969665013022,-0.0195208573234798,0.010115357291608,-0.045027943072214,-0.101443218869732,-0.0326648084158457,-0.040777288672906,-0.0094978687677383,-0.030417215432629,-0.0140805111465458,-0.0457756826006907,-0.0664423668671561,-0.00545830276801266,0.00802124212212615,-0.024254506172419,-0.0427541483400022,0.0113501693115157,-0.0731567793370554,-0.0179521425933521,-0.0407535763852503,-0.0472507602487076
-0.0171919387745356,-0.0151093934590243,-0.0201232075290131,-0.0473889278979502,-0.115762179634019,-0.0104449513753246,-0.00433174893449789,-0.0145493818924079,-0.0595155638384475,-0.0197916692074277,-0.00885391598594346,-0.0505603075201009,-0.0103131101253918,-0.00585213728672025,0.00114067883200384,-0.0423492535684577,-0.00430097789969412,-0.0159682134064825,-0.0730748704184385,-0.0021337576298291,-0.0120062083966027
0.00376481246497458,-0.0213641285263945,-0.0447642730584255,-0.0486594923660688,-0.0025140334073237,0.00785784649275394,0.0285941163346588,-0.0129932888524337,0.00858775818601416,-0.0206544644743284,-0.0550548230394911,-0.0374926505644074,0.00622620124411474,0.00197324631186843,-0.0105022373913899,-0.0474431359646348,0.0265481633066685,0.017573313089905,-0.00723095002420499,0.00819124180306293,0.0170489530506613
-0.0357705763081663,-0.0542143921100778,-0.02496053236763,-0.0957625068673708,-0.0583383475111743,-0.00521947575683117,0.0103987909089864,-0.0129056652055805,0.0133451681633216,-0.0467986488335444,-0.0751050103351197,-0.0726723973477866,-0.00061870955448752,0.00544840021284755,-0.0208055436612076,-0.0769557568910558,-0.0186233372761536,0.0218955015192066,-0.100463360258071,-0.0108993210819971,-0.016350236061138
-0.0184915667127835,-0.0015480882334282,-0.0354504799224187,-0.0278801540738119,-0.0385241534820719,0.00126788384418822,-0.0162001035875529,-0.0159387260143683,-0.00286689841647736,-0.0806592857761868,-0.0479913670350678,-0.0281437048819838,0.0192562030323765,0.00395275947347512,0.000293619528592748,-0.0306820851539454,-0.0172413852376904,-0.00599699824321315,-0.0689481174107113,0.0508029568328149,0.0456589141575435
-0.00555213692019198,-0.011920479838423,-0.0407528546976935,-0.0499250711555674,-0.0414495476222411,0.0241429417644952,0.0264030125376546,-0.019061474814562,-0.0523801268151792,-0.0393242089216739,-0.0128700903214663,-0.0380171995086432,-0.049384490451527,-0.0218975194844201,0.00177473756362435,-0.0612209789440958,0.054789184221778,0.0190882956973987,-0.0845787899084903,0.0202032134255032,-0.00117824061620381
-0.00495051018392178,-0.0694151391606379,0.0200373886988404,-0.0517705759279418,-0.0603240015969074,0.0275692724680948,0.0246493909731096,-0.0166714452850135,-0.0033812421865292,0.00554598035134571,-0.0292536977104478,-0.0375711990062957,0.0179384226318923,0.0172704753660291,0.0130254177259314,-0.0456411660265666,0.00211246381350172,-0.0352562819274584,0.00472300141994036,0.0472015989125727,0.0434397471697839
-0.00179540083929826,-0.0276363672755305,0.00428295190177465,0.0178272235809177,-0.0255774394933389,0.0230056789426107,0.00870584939961554,-0.0290504454906575,0.00675256745696567,-0.00375135498829274,-0.00428155112673181,-0.0493544775590522,-0.0184059619491517,-0.0195268955197704,0.0130974756301851,-0.00607385751390545,0.0181963039831529,-0.0661717403415097,-0.0842052912102202,0.0172864485870954,0.031657945763048
0.0146881327594858,-0.0495021299550318,0.0218619156862367,-0.0918386532726973,-0.0906977594521458,0.0331306016804183,0.038505235170084,-0.0187598484935468,-0.0381884179749943,-0.0232520211618844,-0.0377282571391488,-0.0464091056402399,-0.0106470612889873,-0.0178278807435842,-0.0358341977225181,-0.00185115352062377,-0.0235454833904101,-0.00591557479263524,-0.0739324096969476,-0.0235544853606643,-0.0404406158277989
-0.0222141149529677,-0.0114409595764308,0.0413900955812523,-0.106739985219425,-0.0416518480431829,0.0141108138117998,0.0123786559708638,0.00509193554149642,-0.0404292441221308,0.0375517214299816,-0.0367080202470154,-0.0197219646960589,0.022993199324818,0.000841917699523811,-0.0094551503218346,-0.00204794495838407,0.00953926210167994,0.00940522419827572,-0.0779508393078567,-0.00106766754616196,-0.000586256526872234
-0.000924553810454212,-0.0207568530336309,0.0364605476870141,-0.0121848847667027,-0.0387879526856827,0.0215236033576477,-0.0135930973070161,-0.0177869453584226,-0.0382315221205328,-0.0381700011267006,-0.0216707287681168,-0.0419052742861163,0.00280406076107795,-0.0117840646305134,-0.0168934648272065,-0.0301014182079803,-0.00345395852741628,-0.0699049868678369,-0.0333494565288118,-0.0127016719845832,-0.00704200412367198
-0.0204510827633866,0.0135849879631474,-0.0129139403460621,-0.0353123623744914,-0.0672092702705238,-0.019876280362493,0.0377328185911391,-0.0125594250125748,-0.0537944345564077,-0.0392212211278848,-0.032649941141008,-0.149943693592324,0.0199847438035918,0.00848552760051308,0.0166288642793148,-0.0233976322139205,0.00806146340033112,0.0142307240713292,0.0031047896319103,0.0233411843884062,0.0357077180969002
0.00134523231752831,-0.0438599151853328,-0.0221263632440062,-0.013798510575768,-0.0379595996992581,-0.000456575708032612,0.0109125699072287,-0.00549698249005624,-0.027447425813016,-0.0141803561485291,-0.0453015965453711,-0.0379974223119756,0.00267188010989693,0.0129426935217373,-0.0246179864954361,-0.0199190190357075,0.00511983282989953,-0.0244246898091127,-0.0456923995757587,-0.00440286356983627,-0.018126372560793
0.0102505269663211,-0.0721429342101797,0.00465178928548562,-0.00807573864918545,-0.0381719816776583,0.0201503083827277,0.0198987019711188,0.0078765428898153,-0.0186100428840771,-0.00559223280903041,-0.0806297539710808,-0.023381454713079,0.00250902295933571,0.0155132645135303,0.0177985024889266,-0.0338715051501486,-0.019291048394704,-0.0374918560496242,-0.0380219095996718,0.0588345576935223,0.0592195507993767
0.00397685171406494,-0.0191849186739951,-0.0601374363212394,-0.042520191463245,-0.0628314166692449,0.0208675601046629,0.0192548267710838,-0.0143440672562124,-0.0636001187545707,0.00462005047187516,-0.0621654981503416,-0.0773464961054872,0.00963895913093446,0.0232085137782415,-0.0149771645601771,-0.0202973279385689,0.0255894327116142,-0.0207541384866992,-0.0488893731098659,0.0404770344601303,0.0432868415947803
-0.0163808436837233,-0.0468293914616809,0.0249505438317281,-0.0821935281705113,-0.0899252327388826,-0.00466208141193151,-0.00444916660215998,-0.000401631655882979,-0.0449970632027525,-0.00853902943609416,0.0241797537481442,-0.0958691971062252,0.0151530008421504,0.0185670031169916,0.00689859886560282,-0.0535544628824932,-0.0152814685639138,0.0333290029201868,0.0230170862707207,0.0125092073101002,0.0190106950805663
-0.000759485444110058,-0.0291401502597607,-0.0268733358595308,-0.0204960508893027,-0.0760097141599531,-0.0124154622654113,-0.00891828409852307,-0.0388467585624944,-0.0247025195450122,-0.0266236858662429,-0.0377785954089547,-0.0843467128406077,-0.00939591880533252,-0.0391703101929464,-0.0106757236733312,0.00643906127886724,-0.0079162232166326,-0.037571520138311,-0.0434209174675022,-0.013260183079099,-0.0222741745273337
0.0187088645696327,0.00967660192809212,-0.00312459431458756,-0.00950781701438669,-0.0465356887434263,0.0625792009812257,0.036327131070176,-0.0122207628067247,-0.0361694768294337,0.0207056328445816,-0.062803101215727,-0.115170959424706,-0.021403733650632,-0.0248997361653517,-0.0242229853432118,-0.027038978943821,0.0133136061332429,-0.0384527815577112,-0.0458492508902801,0.00508571961444088,0.00508571961444088
-0.010767234313499,-0.0045355555153741,0.015829076641632,-0.128436063533346,-0.0308580754750783,0.0630502508953687,0.0647852012569994,0.00527299279218336,-0.0617919598610332,0.00744660857680352,0.0169661962691816,-0.0644929243574702,0.0126855313945459,0.0101158956190001,0.0104603617587389,-0.0394754836486982,-0.0323837054899753,-0.00197716138438062,-0.0168103716354127,0.0144921338066157,-0.000882805861708726
-0.0120409568219457,-0.0936645906547227,-0.00979781458591142,-0.0884790767126605,-0.0230906236406788,0.0512617918454253,0.0202379112372633,0.0033857399744122,-0.00530597275691963,0.00963790029121228,-0.0124029291547024,-0.00634094243323929,0.0203794944776253,0.0225867486147363,-0.0128629134129988,-0.0373692547746621,0.00937449663051777,0.0123327297795678,-0.0117891943573924,0.0253580424037789,0.0183206738830893
0.0109607690836238,-0.0339838397441641,-0.0184111287664486,-0.0110464998631848,-0.051521917626419,0.0145350716723871,0.0210139319429314,-0.000478175426502254,0.00168241463852373,-0.0113991587271146,-0.0013658598331911,-0.0556769124401673,0.0193650577551997,0.0160028877528554,-0.0267684619079422,0.0159915043056781,-0.0328139307358906,-0.0205799230253849,-0.045635356595182,-0.0177916179552955,-0.00999911722601788
0.00564203167920198,-0.032852835815814,-0.0601491410424294,-0.0761054596950044,-0.0535986376033539,0.0217568223411508,0.0278486432144092,-0.0242195953184646,-0.0178730287135839,-0.0347621498826339,-0.026056864093961,-0.0673671735427253,-0.0241062181664846,-0.027285161992443,-0.0363529065341718,-0.0458992690656318,-0.0604306341945932,-0.039836449545334,-0.0668541456151084,-0.0169234371280451,-0.0214073582971437
-0.0195653351016376,-0.0305101544882639,-0.00652207882033429,-0.0865129094065066,-0.00307608657219083,-0.0383278015905384,-0.00278879780264661,-0.0374763859746626,-0.005840872690504,0.00693244282330027,-0.0400283885482486,-0.0218566758339044,-0.00463962683157812,-0.00118992147376028,-0.0297858776584314,-0.0317838751220433,-0.0461244618451885,0.0383698464001494,-0.0127190243751399,0.0368288903872129,0.0370462145270083
-0.0188356465974207,-0.0320992544864967,-0.00256571926702423,-0.000765350838147327,-0.0883107331736361,-0.0171325059616088,-0.03424292733282,-0.0325009143938018,-0.0130480840023148,-0.0354738569170844,-0.0824436609038719,0.00343515476542328,0.00110789750671511,0.00425018103321222,-0.0143756342554562,0.0033525647563558,-0.0455097405668354,0.00587173316162992,-0.075763709040259,0.00253698905720109,-0.00139186193295278
0.0112038903540198,-0.0628984139383398,-0.0385714630114115,-0.0477946268275143,-0.0526975768500041,0.0211143631427967,0.0222828849098569,-0.0276934664726813,-0.0167624986921515,-0.0371841684028005,-0.022321250868296,0.0143614720806808,0.00172971567377845,-0.00660194337138494,-0.0020772930000313,-0.0333473187724068,-0.0328235406869817,-0.046645370570991,-0.0658797331084746,0.0159926716807668,0.0221688087370126
-0.00853579588107358,-0.0282493316440567,-0.0309515342575229,-0.0383248096537124,-0.0992982556372652,0.00599610028976699,-0.0267896547748855,-0.0276511423776343,-0.0146501611875639,0.00411770555859015,-0.067859683302757,-0.0406998528497539,-0.00576799139705631,-0.00550524562646161,0.00942597729340226,-0.00599392653305621,0.00304731211770147,-0.0133617581675465,-0.00866955075584225,0.00736481912264576,0.0133044987669141
0.00378445635708814,-0.0702664166149813,-0.0345080307891118,-0.0265739746144736,-0.00111565875287462,0.00455186972250881,-0.00829197767530834,-0.011817801939105,-0.0131952148076192,-0.0234225183468024,-0.00859658956840101,-0.071294762529529,0.00719753624931736,0.00572865800772966,-0.0275998800578895,-0.0437745486361891,-0.0134395877485451,-0.0523041250007527,-0.0582839019818358,-0.0115882382301437,0.000201079767936742
-0.00929984222572163,-0.0336816503682024,-0.0156683574799744,-0.0123609324208545,-0.0553646571722738,0.0201773470091657,0.0258781541657746,-0.0113086500978082,-0.0119273178675999,-0.0669052107059162,-0.0251305944707354,-0.04334306143258,0.0286918602995984,0.0255301941007848,0.00420135849499434,-0.0392384016482248,0.0121895738057469,-0.00693439127854556,-0.0175110314179229,0.00968920960040564,-0.00633607982005668
-0.0503874717449818,0.00253552393669085,0.0233263775875229,-0.0250772945475834,-0.0481588982777068,-0.00478661144698599,-0.00478661144698599,-0.025070268506105,-0.0551839048440403,-0.0317549405316764,-0.0323004964425726,-0.0357718049209795,0.0100157823624993,-0.0115449418303545,0.0137581312413321,-0.0483698923316457,-0.0236867824045756,0.00353438453406432,-0.0815914371699717,0.0305761651068586,0.030164922830152
-0.0161167181572655,0.00908093800896462,-0.0189301511949581,-0.0466284239696996,-0.0564441815682345,-0.000193235146950046,0.00388429661683151,-0.0168113718257667,-0.0495627378393069,-0.0769983212788497,-0.0262964456891298,0.00766751159235768,0.0106865104217917,0.0116251589580645,0.0015483268428521,-0.0217016434783899,0.0205854088736891,-0.0425208707420681,-0.0404312164730662,0.0281168955157708,0.0288642869860656
-0.00690526261843553,0.00924618769211476,0.00158422404819186,-0.0421453448738192,-0.0192017500442324,0.00533221280992713,0.0266672278776133,-0.00879055347749214,-0.0107620193282368,0.00989854942997795,-0.0245908208380548,-0.0528662311848415,0.028303668208089,0.0406948691396993,0.00416284088560277,-0.0607603464727501,0.0380647600373943,-0.0258601172047746,-0.0939280713833388,0.0360928659423055,0.0250646878279819
-0.0145465397105335,-0.0347945566523539,0.0583106101705409,-0.0430779318421144,-0.0557943116098462,0.0137769082709655,0.0278634001876752,-0.0124970395784316,-0.0329733922743905,-0.0828451042528095,-0.0215227873815919,-0.057480057433545,0.00598758299246759,-0.0160288413092628,-0.0105379476649925,-0.0703338695800898,-0.00085934272634472,-0.0353025573954741,-0.070970639564343,0.0191773174328226,0.0215512555267665
-0.0343416460637764,-0.0384353032623905,-0.00747794379139582,-0.0343484248011154,-0.030647972480918,0.0088390711541151,0.0359072500852519,-0.00925454178085062,-0.0165243937259525,-0.029662531768757,0.00475913069097741,-0.00271226185911405,-0.0261330502434968,-0.0220607069062611,-0.00868934220574799,-0.026491120198491,-0.00657354052981254,-0.0277808135404993,-0.0473784271649147,-0.016284415056415,-0.0131110805967329
0.0308235351232954,-0.061482979821051,-0.0237590238404984,0.0332782383352775,-0.0513009915903664,0.0313012568033964,0.0244604089492327,-0.0146204096230621,-0.0484915481247681,0.017675775672254,-0.0202586833978723,-0.106533961225907,0.0163494314602739,0.00325850316278446,-0.0224753325724107,-0.0485019163600189,-0.055990955804194,-0.030432752454341,-0.0373321802076895,-0.0180693455608761,-0.0220402911975055
-0.0222695209720393,-0.0419585817535195,0.0209828376682276,-0.0057504837893631,-0.105276323353003,-0.00464931587591807,0.000136981711664604,-0.0380256757280362,-0.0303016915398002,-0.0146281974188228,-0.0365093528273128,-0.0622503211796609,-0.0130267458721513,-0.0127640262987817,-0.00343225263314018,-0.0437380253057586,-0.0258470040327807,-0.0235961131530804,-0.0387604905597715,0.00255153141786624,-0.00143352091994708
-0.0206454230339683,-0.0290097469082045,0.0300211409068849,-0.0655437981931797,-0.0536728499190651,0.00811286919387776,0.006342893585874,-0.0109398628115234,-0.0115760243649618,-0.0288944174901077,-0.0514699968359841,-0.00508097197475199,-0.0256298210235427,-0.0195368925668593,0.00214073162485726,-0.0385679246738553,0.00350062089234153,0.0136024623139983,-0.0259642351557584,0.0108642742957147,0.0135446390938206
-0.00137721035087654,-0.0857991659912707,-0.04870069967662,-0.0207638679676304,-0.00832539869110815,0.00988831251427413,0.00186216497636284,-0.0167649149524061,-0.000888906262018957,-0.0433937970211611,-0.00204578556337831,-0.025331038063133,-0.00337052794093225,0.0110379536488475,-0.00200490532455521,-0.036576344783847,-0.0135233642504455,-0.0477163662579461,-0.045965485289508,0.0197673994466695,-0.000920403614762942
-0.0199339517054465,-0.00862113616751174,-0.0202795285523171,-0.0345051601996875,-0.0512947910187783,0.0147982340754516,0.00329747574806409,-0.00814125839152182,-0.0181018467498947,-0.00789717820956609,-0.016907293209717,-0.108467367733912,-0.0256211193179871,-0.0233919257304024,0.0136985354227063,-0.0300151967719845,0.0308656430987822,-0.0287653375448819,-0.0114284977952112,0.0226377681768282,0.0112116560604956
-0.0412632915170415,-0.00620143676280925,0.0151867125449973,-0.0325111348637299,-0.0604935157027949,-0.0279254087002639,-0.0260939450749105,0.00754365325960794,-0.0311254908440947,-0.0542840988726541,-0.0146234776745443,-0.0416268359488644,0.0127963454744634,0.0148985556253058,-0.00236736151034824,0.00253675272385408,0.0149214878930671,0.0169098127062461,-0.0625762573930042,0.00763082109364935,0.00285055176620318
-0.0327648002001909,-0.0405728907481836,0.00783096534911459,-0.00165784129878807,-0.000664201689305088,0.00303546072901899,0.0025747632926711,-0.0290507757798194,-0.0182206516385018,-0.0407611386058324,-0.04343073655743,-0.0501698677598877,-0.024167113005259,-0.01489254566758,-0.0220317202100671,-0.0498126896311163,0.0407113898035353,0.00467484316522793,-0.0644245167720643,-0.019839746899889,-0.00813415904639053
-0.00479408854615651,0.00690201586394065,-0.0151808517844973,-0.0309486802653222,-0.0737091497954734,0.0207420351996122,0.0184831998995387,-0.0186086353970446,-0.00577990092444704,-0.0557807049929785,0.0103424363013836,-0.0222396699743808,-0.00269190257388224,-0.00632171901624939,-0.0179790854976959,-0.0215548956108012,-0.00474903692464414,-0.0323632019654531,-0.0651588652778753,-0.0136081822838902,-0.0179646350245898
-0.0306353819431953,0.00883285173893861,-0.0232697693561199,-0.0841847639863527,0.021973829503017,0.018436817182171,0.00742828169056969,0.00249472944500478,-0.0183857318230082,-0.0252681419904881,0.0195392430750197,-0.0646787588826539,0.0146992623729593,0.0196470968907138,0.0215846225615131,-0.0455287839076605,-0.0271590030059291,-0.0253662287118823,-0.0485552225836882,0.0493923752208063,0.0268904163281765
-0.018486322899104,-0.0339604944234748,0.00871686039794715,-0.044885561056332,0.00126466007574733,-0.0106969687025038,-0.0230664285299858,-0.0147739591383485,-0.00594758778825741,0.019614336461908,-0.0727438276290778,-0.0274820955902693,0.00247554824695911,0.00159505277119742,0.00296965969382734,-0.0746208662008619,0.0246975831760747,-0.0171192923609609,-0.032932669939698,0.0123215596776158,0.0277365059227016
0.013256147245514,-0.0144973574403456,0.0407826635224926,-0.0524878344360558,-0.0949406298646348,0.0308197555140811,-0.021631575644321,-0.0332018818539521,-0.0198668594226311,0.0138679086835607,-0.00438647529196351,-0.0113755545027907,-0.00377220591833406,-0.00368912831115272,-0.00475931970991762,-0.0241814231139367,0.0145779718516276,-0.0211854648415611,-0.0983598098766588,-0.00574318340498797,-0.0271542042750698
0.0155023603773657,-0.0098163844289838,-0.0108805853047032,-0.0697383934195142,-0.0663733409229016,0.0162419765176542,0.0237001432903756,-0.0236580878729347,-0.0435851964756097,0.0170759400302122,-0.0634749456864838,-0.0980210679424008,-0.0048950581983266,-0.0136960635518478,0.00129017050018849,-0.036490078417507,0.0143709645605519,0.0185606851868366,-0.0368638699876688,0.012967556118733,0.000138738310717978
-0.0256323250422338,0.0153076815457636,0.0276116064339091,-0.0419122903714878,-0.0493129688312015,-0.0199819844671871,-0.0250061893997386,-0.0026916666513906,-0.0146039201274173,0.0045734536612522,-0.0587314702185373,-0.0260479794968768,0.0119554094102096,0.00713292267507061,-0.0221763486153216,-0.0323519944292746,0.0027437129588289,0.00224512047773387,0.0055955304065613,-0.0129791813625147,-0.0177084248340888
-0.0226916725352177,-0.0420141523947208,-0.00817515964452364,-0.0470594678964447,-0.106239210518437,0.019084507339584,0.0257958768532426,-0.0243869164580589,0.00678304206905764,-0.0449237318697209,-0.0402793505611212,-0.113304101161652,0.0148652138288817,0.0188603258124223,-0.0498040907097664,-0.0348889081577472,-0.0522383813903421,-0.0501413359745407,-0.0154179408147698,0.0023471577875437,-0.00896446285996774
-0.0154233139802544,-0.0334681983892611,-0.00818633698221086,-0.0762618230838698,-0.0527273388047291,0.0171475060940494,0.0178403095663278,-0.0214423951209881,-0.00375039100997003,-0.0292051228918753,-0.0409637560811007,-0.0232611760611489,-0.0186657970780053,-0.00745367859619962,-0.017962949098314,0.00510333305945948,-0.0207698968556021,0.0439373390937547,-0.0647627804274957,-0.0155119229259404,-0.00783201102308743
0.00481566650535439,-0.0304541140936405,0.0550173216111617,-0.0133723279764827,-0.0497537132276939,0.0272733819469128,0.0356999490141283,-0.00588958027150178,-0.0168532858188645,-0.0804415223565981,-0.0432764139038737,-0.117764777854826,-0.00555162038863914,0.0065861141771446,-0.0126115538631302,0.000167631701271487,0.00947178235158735,-0.00767912781516153,-0.0380050416149235,0.00254937683206666,-0.00726331994903007
-0.0116320721183442,-0.013817372818683,-0.00684613119565775,-0.0930548573438557,-0.00924650048412345,-0.00417564683401138,-0.0216344962336453,-0.0140083664329818,-0.0439783893361842,-0.0576108187218282,-0.0436837236987875,-0.0153281386624945,0.00995562101635675,0.0135192904490072,-0.0168377139916758,-0.0572093903321384,-0.0127177051574484,-0.0240353340937679,-0.055590898428422,-0.00546702839660645,-0.00607134928729833
-0.0199499080050025,-0.018890388806397,-0.0129535872560926,0.00543690140480801,-0.0249411585200818,0.00489082474179386,0.0236625837597817,-0.00402981589597933,-0.0288315319383229,0.00385856543400487,-0.0948534175282468,-0.0837922420266817,-0.00140136356599184,0.00645190565044711,0.0164780429773391,-0.053502566041611,0.0253205473262622,-0.0155843565486527,-0.0729994662381603,0.0439946643862636,0.0624041622125665
-0.0162964715778582,-0.0399402703856326,-0.0160297450471373,-0.0404345507267929,-0.0850763333401515,0.00120608393413061,-0.00649026393821456,0.00153259814627112,-0.0202388496188657,0.0197865435898723,-0.0579153979946065,-0.011130682693064,0.0324723587025929,0.031212767563718,-0.0205876755082232,-0.0142278804452526,-0.0144372971287015,-0.0334122513251716,-0.073905281517621,0.0109233590583138,0.0178703566389749
-0.0214130470868458,-0.0227366524634624,0.000366327720645127,-0.0456179895120794,-0.048229764486668,0.0000736827716443789,-0.0124989432355232,-0.0273360014215062,-0.0333701737249747,-0.0219298563080902,-0.0258497459004903,-0.00940753120891991,-0.0140468528591849,0.017829698123586,0.00945937004528044,-0.049815462096798,0.0362958582806265,-0.0563272588407829,-0.0734301916911743,0.0210318803140346,0.0189302524440146
-0.0152050080854369,-0.0391409391097817,0.0105252514664857,-0.0424147750793321,-0.0159387513272208,0.0193222224018653,0.0265035761237026,0.00965312933488534,-0.035239733583452,-0.0454254287906899,-0.0118191768846623,-0.0226493610894835,0.0420654152510582,-0.000748888746659598,0.00951584917262909,-0.0342997822782468,0.0242833529305627,-0.0301701021295624,-0.0742123267074381,0.033966404016823,0.028139175598044
-0.00401953869587252,0.00482020928426478,0.00556394810137253,-0.0431295226038058,-0.0617336715080279,-0.00620951808081923,-0.00743038347454895,-0.0100320933103936,-0.0340184007779957,-0.00830220171184176,-0.0316064621586919,-0.0339872726443181,0.00991066323319952,0.0187659783183798,-0.0186632938650446,0.0237768534704262,-0.00375542387080616,-0.0307157965919733,-0.0241662514472324,0.00825155762819562,0.009452204737659
0.00125592504095161,-0.069607086335094,0.00243906248112774,-0.0545820313713815,-0.0589020824108187,0.0206873767258146,0.0131777336335368,-0.00799970300075697,-0.0155651744505209,-0.0142425552007033,-0.0471551300541989,0.0247409175683576,-0.00287315429422796,0.0122091438457449,-0.0162983899117937,-0.0861647802042615,0.00247254961141583,-0.0437666034943364,0.00962852519382135,0.0389479005899564,0.0794139871459359
-0.0421155047322985,-0.0444935295649018,-0.0344892968194399,-0.0357493901626915,-0.0413007468607542,-0.0520438493317763,-0.047396896697939,-0.0291175179463282,-0.05911591642681,-0.00745645140447458,-0.0285279845384124,-0.0689047478876498,-0.0122847395634946,-0.015698232154861,-0.0255454033787678,-0.0269782449859638,-0.0170181366385002,-0.043632077203038,-0.0714969388368658,-0.0163790883352034,0.0166823201407532
0.0025972336523148,-0.00322614411547678,-0.0164791667876911,-0.0447557091675559,-0.0268665678850709,0.022622236994272,0.0176660726099628,-0.0387618426497832,-0.0557768049860296,0.00701865795968128,-0.0379106077303466,-0.0559279812773167,-0.0258239974672249,-0.0248387211190607,0.000730435198018076,-0.0308547804647322,0.0103282920943826,-0.0552507982960306,-0.0634229204208013,0.01978751643537,0.00762674137785882
0.00466276838270455,-0.0871136366562196,-0.00777254152059481,-0.0454047479816087,-0.0417656804701929,0.0194577572017883,0.0321931686320443,-0.0283446196376613,0.000163065311520938,-0.0177280541006103,-0.0736571204991149,-0.0374159702006606,0.00489144072975918,0.00672844727124512,-0.00150416935086518,-0.0141972841285226,-0.00703830881638737,-0.0395254367768139,-0.00731658262940743,-0.012063005933392,-0.0101951275033935
-0.00905245205800491,-0.0493030291142985,0.0191947246753067,0.00460494534873782,-0.0774069773364456,0.0170793716092855,0.00369026625595032,-0.0376488047026214,-0.0132231386870263,-0.030573293746977,-0.0523701311298873,-0.0238383865870008,-0.010534846290044,-0.0170282588145607,-0.0227896113734432,-0.0378057671231074,-0.006592431078764,-0.0242673799319705,-0.0648292368626617,-0.0369224145737502,-0.024943391831796
-0.017135586348796,-0.0353719997257269,-0.0344165130235503,-0.0136212641762579,-0.0347995176667608,0.00389778862520649,0.000150797764670481,-0.013090175598151,-0.0339542550842879,0.0146022636531171,-0.0190599771955698,-0.0616923514784634,-0.0161600576399954,-0.0400057070583476,0.0130398339629577,-0.0463641877558602,0.00599002531137165,-0.0511132746984541,-0.00374357609864501,0.0256309860136391,0.0280053776214721
0.0164006777474791,-0.0819319796454314,0.00322804887916914,0.0316203636818211,-0.110362276995258,0.0217069286096104,0.00527525790321379,-0.0105813852379794,-0.0363520209737898,-0.0443408879546178,-0.01658997976574,-0.0594083145376015,0.0456574861231921,0.0104289106258945,-0.0159196127254866,-0.0063966510957757,-0.0370711589570839,0.0015218461478809,0.00359679632576021,-0.00668022041533406,0.008380644829785
0.00241721534578511,-0.0535517942927486,-0.0220316016937958,-0.087076432219557,-0.0645277925831554,0.0352906566118952,0.0349074704845134,-0.0413506205499661,0.00209451907476112,-0.0163521764041411,-0.00376297271311773,-0.00236505038477614,-0.0773914869122223,-0.0550756814047755,-0.0329845331941874,-0.0290932269271501,0.0477515799873659,-0.0544050517724432,-0.0131025803306289,0.00679089654202218,0.0747541603124438
-0.00536734276156497,-0.0584497185177976,-0.0228547576796782,-0.0107349811456322,-0.0301956794298789,0.0139034814440479,0.0254460055013994,-0.0182793186928247,-0.0443753893975463,-0.000566461884270952,-0.0248428354216353,0.00180777695917211,-0.0117890048669269,-0.0041006455574661,-0.0272704826532643,0.00372694425132454,0.0344822994242902,-0.0523752123206721,-0.0479872369963853,-0.023571015294635,-0.0237160342107436
-0.0091145452701948,-0.0263803039703124,-0.0260311084579892,0.0245771183213301,-0.037252721159131,-0.0162301418231528,0.00820870972951096,-0.0119875662609212,-0.0300280506137859,-0.0352072794440526,-0.0240447452843279,-0.0300498554307686,0.00386235647544664,0.0041423999052095,-0.0137126439198111,-0.0754115616714244,0.0097705258567201,0.00067120235306517,-0.0210355851629827,-0.0190188664555455,-0.0385215346629587
-0.0166139018808358,-0.0195429046719253,0.0439626293269723,-0.0479197843103142,0.00495915141441466,0.0461479287725597,0.0523653970316252,0.00659849080405216,-0.0430233363441471,-0.0157089498051742,-0.0802462859254187,-0.0221027959355538,0.0218941029436234,0.0257983569251918,-0.0297757580467305,-0.0424857909795114,0.0365989104481768,-0.0320943118433425,-0.105857778357739,-0.0536078537323323,-0.0553700184909582
-0.0310233308447291,-0.0170641805743862,-0.0408290330145935,-0.106101552353578,-0.00892193977432887,0.0219866901738326,0.027080197143153,-0.00103428326626185,-0.0406019028435334,-0.0482708156017185,-0.0736987482581899,-0.0182174969326684,-0.00301202684167929,0.0315043741363844,-0.0184624189421594,-0.0517347016083285,0.0158110485428006,0.0695862496337788,-0.0454658601838548,-0.00512376906475146,-0.0134807455957907
0.00635696380286997,-0.0295342047718383,0.00824188260676126,0.0118321504375987,-0.0712915193149975,0.0147672648931952,0.0322731177032769,0.00306878928696708,0.0164040812242266,-0.0807368642899303,-0.0200153341151253,-0.100091536905088,0.0323129946472676,0.0120358198882357,-0.0273631321562766,0.018260003490023,0.00678972626616729,-0.0220556295082593,-0.0306478876336704,0.0210208554646271,0.0198027980321802
0.00270423569875559,-0.0156850802930459,-0.00154424756427787,-0.0310978138943264,-0.0933967691131913,0.0126066593688271,-0.00369761332156457,0.00599447545447864,-0.0138930426310724,-0.0252066490919474,-0.0344187384198593,-0.0497490828267624,0.040231508399881,0.0578963098641449,-0.0286889280668585,-0.0382048394036452,-0.000458510541047175,-0.0252279906620515,-0.018170576149996,0.0128297755932679,-0.00250397694369233
-0.0144068332708749,-0.044670238876495,-0.0361713850947801,-0.00686990448476632,0.00229437888886119,0.0309203927511043,0.0452297540591897,-0.00619974252038914,-0.048874277321331,-0.00645235973143503,-0.048179243749856,-0.0290936074208206,0.0257921718445916,0.0231734641117025,-0.0213517684019228,-0.000631840116514931,-0.0174837733067036,-0.029472969380966,-0.0597842128552755,-0.00185142285284322,-0.00260821616795836
-0.0262642966113876,0.0216545086314402,-0.0417763695658418,-0.0525983353540199,-0.0178873234095427,-0.00951214115468241,-0.00296742109900781,-0.0275045044780378,-0.0345985696006629,-0.024818344003298,-0.0515070066597397,-0.0656126655069376,-0.0387574422875406,-0.0234482393065618,-0.0424619466347344,-0.0346475213995878,0.000303918175254131,0.0585874575556832,-0.0497124068885865,-0.0167235465898835,-0.00300551380674112
-0.0101841839775255,-0.0293973624976704,-0.0186411831499434,-0.0911222990380929,0.029360780344535,-0.0337471946670984,-0.0165425670975676,0.00707287930958528,-0.0188239922613914,-0.0637558767480899,-0.0754790564080153,-0.0279142357906901,-0.0144819802246346,-0.026131585762211,-0.028133281906086,0.0107437392173794,-0.0017348963178154,0.0130481220234669,-0.039895275939719,-0.0441901976467951,-0.0419205044785978
-0.0339053471310732,-0.00554117720689418,-0.0271004565698933,-0.0392343769374298,-0.0759982733860292,-0.0334635480496113,-0.0305907321747282,-0.0342479950918709,-0.0277046840886956,-0.0445986785361024,-0.00638866922655268,0.00373923568779211,-0.0248553086682539,-0.0150325647132909,-0.0236096407420735,-0.0510556690372511,-0.054169520543546,-0.0277973931947675,-0.0158741704510472,-0.0205520770043939,-0.0151176217801661
-0.010788872885762,-0.0344171753199601,-0.0146327926751084,-0.0352937436954517,-0.0626314961059453,-0.0141373889580692,-0.0220102308062142,-0.0311331281174259,0.00667761436974755,-0.0214802982570337,-0.057220986926817,-0.0874948785378505,0.019496157404778,0.0354896888177235,-0.00374846041858325,-0.00428202952767237,-0.0344821618536967,0.0274712635535853,-0.0540370955216502,0.0139929161945779,0.0119934609875138
0.00950755447666898,-0.0391173415121097,0.00572332615392523,-0.0629680091890835,0.00326223340498449,0.00992200244483793,0.0154279778583831,-0.0225429969215105,-0.0466694201344043,0.00616790722381091,-0.0203872282796806,-0.025460120811668,0.0138280058290526,0.02247924844516,-0.00203204517594271,0.00476789147564936,0.0238496181025078,-0.000152327921691037,-0.074995294692497,0.0223552744136488,0.0255057437498265
-0.0202341460943155,-0.0243787259968131,-0.00373260651989514,-0.0146879250772913,-0.0391014731861319,-0.0218798890615241,-0.00494373622810603,0.00640261068412787,-0.0399959280649016,0.0112517031357367,-0.0145002703796987,-0.0867351183775141,0.00113044024542303,0.00513179737292682,-0.00513057389895578,0.000376893260484179,0.027628209770505,-0.00367301296329078,-0.0301615794757457,0.00662114144887319,-0.00757237951355701
-0.00790716421996506,-0.0400617532554966,0.022356479589765,-0.00540756548796034,-0.0554985773733154,0.0102833883296889,0.00891751992003138,-0.040493341147159,-0.0301687118311805,-0.0364968209733256,0.00610667138790186,-0.0276760671406017,0.00126492902057865,-0.00327701551344226,0.00328670472213739,-0.0480362764829295,-0.00386418494154292,-0.0334022287687497,-0.00857217744396271,0.0231254475528504,0.0406796092173822
-0.00832060860357057,-0.0183789628969112,-0.0283843214480757,-0.000626552151071574,-0.00692955445372817,0.00624932553102604,-0.0641170902982535,0.00188711570327706,0.000726964156935572,-0.0306862458776471,-0.0250832806405476,-0.112239351885181,0.0244187851950266,0.03105243332493,0.00227388358142656,-0.0139051450586756,0.00273270439467072,0.00966749660699712,-0.0312199308590501,0.014870761665183,0.0100582282252841
-0.000740921312129751,0.00450163617279248,-0.0815464473768645,0.0155180650064666,-0.0652908308216481,0.0143771827166424,-0.00355411282790577,-0.0248424049348656,0.00017124857185187,-0.0194335738340816,-0.0170178471807261,-0.0484751001155898,-0.0202889183094182,-0.0153698265992679,-0.0221900968684898,-0.0401502060929039,-0.0605180612031747,0.071797981465466,-0.0715506790661112,0.0401820769270166,-0.00357814183836442
0.00807892316091969,-0.0283128079310124,0.0054026249404286,-0.0631157630227905,-0.0617731400399193,0.0183677820290207,0.0189644972381281,-0.0361918994706768,-0.0107226020009837,-0.0124083635228431,-0.0642109530270948,-0.0118813482570966,0.0328737313560139,0.0291755117910836,-0.0305500032386465,0.00503571263370543,0.0108183411598324,-0.045236796835749,-0.121348259210705,-0.0169552409600176,-0.0292692993802531
0.0264882029750603,-0.0143066372866502,-0.0498093755351296,-0.0614800021025732,0.00149615561456323,0.0262139893525717,0.0433440298735255,-0.0330792266418124,-0.0143501254051818,-0.0072103543570308,-0.00501551093014033,-0.0558253311703967,-0.0316209533647486,-0.0225894387333343,-0.0268425805604148,0.00555260062072574,0.0491428099681744,-0.0361046760525038,-0.047092678612915,-0.00873854359040891,0.00429200352088362
-0.0183464727797646,-0.0404774440199243,0.0021857854131658,-0.0533292069917166,-0.0997620834984764,-0.00311376759228234,-0.00218427951057405,-0.0165148780634025,-0.0314952584057188,-0.0181739374120071,-0.014532672056359,-0.00854069914626576,0.00423999706537368,0.00520677578575784,-0.0275227946137719,-0.0213714224315194,-0.0112110980160746,-0.0115837555710445,-0.0315444929336697,-0.0237682556916166,-0.0123388987790827
-0.0106525493013483,-0.02249352702331,0.0248256399554496,-0.0827221159194904,-0.0529290682482983,-0.00768444679064129,-0.00527362879949746,-0.0152393115965984,-0.062684070974036,0.0444832953410619,-0.0690843043333683,-0.0339384899747466,0.0124941989539745,-0.00114778948802138,0.0127038422261078,-0.0172398656972503,-0.0118379516086234,-0.0195151075582308,-0.0204846759887295,0.0124626765097629,0.0199827647656653
0.0064473314787413,-0.00962256595121774,-0.0320154194747401,0.00761222067930464,-0.09457527701682,0.0433416288091512,0.0339327609073923,-0.00876262941028523,-0.0475054677445932,-0.018600381734533,-0.0286871384523311,0.00430774425876307,0.0095713728539807,0.0101276478672859,-0.0164549131271594,-0.0148925597387507,0.0174353367016018,0.02453698473921,-0.00553102850260967,0.00350119969812925,-0.00942980342450819
-0.0196757568170837,-0.0660550209630304,0.0407262931569685,-0.0150600260065591,-0.0166635339223438,-0.0339525003238758,-0.0143039841916604,-0.00888113412419856,-0.0338405568114965,0.0478484930357917,-0.0344379330485878,-0.00654675735594934,0.0090620684721824,0.013946898320848,-0.030855117529118,-0.0482148074510511,-0.0467671081667251,-0.0441859100666687,-0.0103585319036655,0.0076211129398271,0.00012401264545514
0.0258407050461412,0.00171296543803801,-0.0471135351019734,-0.0377547641639454,-0.0470737890080098,0.036618626409783,0.0490934190825991,-0.0152897750159101,-0.073586998437104,-0.0225353222299727,-0.0659222819186248,-0.0638134690231762,-0.0288065813837689,-0.0272203235809765,-0.0415968740089178,-0.0045909977579249,-0.0184643090458933,-0.0376333791519131,-0.0133631705779189,-0.00996488084542904,-0.00664350117450405
-0.019183168373124,-0.0330931592945105,0.00159429951083614,-0.0294953749901714,-0.0866864505262859,0.0601094317922535,0.0780584831592092,-0.0501465708976853,-0.0432451393573964,0.0284295654318871,-0.00951221868545701,-0.0605664210789884,-0.011606117478967,-0.0120420587908348,-0.0199594538400779,-0.0426246111249873,0.00299182737159115,-0.0423015563192183,-0.0229585481136492,-0.00864756974637079,-0.0206765856762599
-0.0250598026799979,-0.02059889420409,0.00882518717129618,-0.0222969716199565,-0.0684769023006365,-0.0169417942792112,-0.0170025529244094,-0.00748426161474439,-0.0118539742121269,-0.00713479273496478,-0.101228531799186,-0.0583215481685708,0.0371477575434889,0.0706027488301906,-0.0068433550229332,-0.0468367876594188,0.0352383533636864,-0.0398057117901655,-0.0570127171306823,-0.00552842018583266,0.00152946260665582
0.00140642292983317,-0.037835745481199,-0.0132075063606548,-0.034929373122194,-0.0756006663728526,0.0120292622419655,0.0109113807963011,-0.0271266347846457,-0.0231740159160538,-0.0412617286044662,-0.0531696720803476,-0.0248082184923896,-0.0225467736892209,-0.0342964407757234,0.000520251784597692,-0.0329446588663746,-0.0282693903246695,-0.00688384533881625,-0.0598209587801886,0.0156677312500662,-0.00417264953065746
-0.0239504693972998,0.0118518296174339,-0.0205031560827084,-0.0224105280662178,-0.0849514961793362,0.0112206723946314,0.0178988269232992,0.00792372617474729,-0.0144639281694327,-0.0492399235335981,-0.102689167605682,-0.0407832551302056,0.0202902000543293,0.0211283216301123,0.0235365653573832,-0.043982028523684,0.0499091969693424,0.0227175693169522,-0.0578365733189711,0.0383726224377565,0.035114978773659
-0.0201749171258934,-0.0259229864804309,-0.025322053492672,-0.0123772191545254,-0.0417080441902102,-0.0235718673331657,-0.0155157544050908,-0.0110253395626828,-0.0619139576162872,0.0312140649730384,-0.0360117157852069,0.0160080225892288,0.0194235010463465,0.0189770238962134,-0.00384640609488715,-0.0334495802469413,0.00757966656300027,-0.0174255747156497,-0.0747112698969474,-0.0203939155458051,0.000157035055390949
0.00506997242009246,-0.0571718416677198,0.00370835492838817,-0.00375014447938005,-0.0326048194426127,0.0166026015689143,0.01708408947703,-0.0213132663704023,-0.0434429167729727,0.00857938965456659,-0.0784975850068873,0.0179425822934123,-0.0530447372327119,-0.0361984338556001,-0.0147244616633761,-0.0433701949579475,0.0110421587614999,-0.0113837895976616,-0.0359085483388445,0.0000885103131335468,-0.000489403747640296
-0.0222746246624291,-0.00489821568123373,-0.0241604512993121,-0.0636408222239998,-0.0486318253113162,-0.0172212580388178,-0.0145116396676943,0.0126461182087496,-0.048267651715987,-0.0522508248977692,-0.0167556738729891,-0.0947765184064661,0.0324161400629658,0.0360983820916269,0.0101580147735158,-0.00233003828477055,-0.0169174106008445,0.0182847885169421,-0.0489653081426445,0.0143883332453196,0.0138952091712076
0.0139889701763028,-0.0296472895929901,-0.00581945191863276,-0.0142761115764182,-0.0545572715493148,0.0489776360015594,0.0197558174414844,-0.0256569099370739,-0.0766317328452899,-0.012239149453479,0.0101468556270181,-0.0414062025105547,-0.0288840242778224,-0.0303766772865235,-0.0133500227776247,-0.0270175092340576,-0.0308145662222472,-0.0228994843368509,-0.0537187153151303,-0.00744932026978799,0.00462066435287951
-0.0113088162343203,-0.0117860089429419,-0.0522665241995773,-0.00687820570130462,-0.0271142710122372,0.0218928848541508,0.0198972558593814,0.000846714762772822,-0.0205907821976027,-0.00413816027204,-0.0749823529213266,-0.0523451060881331,0.0112796399450254,0.0248519726868696,-0.0107645755278621,-0.0140580712168055,-0.00612608554746172,-0.0467231219981801,-0.0269607644125039,-0.000820597627334205,0.00267980179299074
-0.0108951943850859,-0.0563070963510266,-0.0212516023881894,-0.0494139527618521,-0.0335273701389139,-0.0245204104009224,0.00326574670613185,-0.0136504027335637,-0.0149709713246857,-0.0109851854953727,-0.0399780800664862,-0.0622609950088849,-0.0117144990991474,0.00571971920349632,-0.0114236358619707,-0.0449783548495678,-0.0062253923314963,-0.00297415685460223,-0.00462523073049664,0.0281101850738354,0.0281101850738354
-0.0128047360968593,-0.0472766243255501,0.00652841686397065,-0.00637567720123908,-0.0468226281185659,0.0302148942136099,0.0346912138722194,-0.0227500839345423,-0.0638754252294679,0.00415445843882659,-0.062011488034808,-0.0395688213037437,0.0110934780252075,0.0071819471499557,-0.00596618036370596,-0.00899067814200197,-0.0281190969134501,0.0232504096305536,-0.0438429266585064,0.0409227695088909,0.047707390108431
-0.015836496527411,-0.00938964639498721,-0.00148282390950291,-0.0293013197491168,-0.0855402027654036,-0.00795969852474752,0.00375163018822378,-0.00608056817594989,-0.0372841208601179,0.0172109684030109,-0.0193906152507754,-0.0405065403273403,0.0114692680206844,-0.00812003447761806,-0.00834528309215198,-0.0321195071867649,-0.0453119668657902,-0.0335744289821573,-0.062272456650133,0.015910815934811,0.0463123859834742
-0.0531187087677164,-0.0200144862277767,-0.0515948199861424,-0.0474732472601256,-0.10849806838514,-0.0393171049893461,-0.050629215978086,-0.018025070059435,-0.0559600268700724,-0.051328256797915,-0.0289063561031722,-0.0153966499683068,-0.00200657598088971,-0.00635712146374238,-0.0223086499837822,-0.0111600071574569,0.00496298878725203,-0.0137807289203498,-0.0634822799242224,-0.028125337562529,-0.0158118761333111
-0.00124850976746122,0.015889351934095,-0.00863472360057926,-0.0572845938417834,-0.0172268067650599,-0.00217939855050955,0.000807712048747015,-0.0528557373876179,-0.0317066044746679,-0.0380610473535287,-0.0273004264471977,-0.0205514510527521,-0.0360728336081211,-0.0491736308135353,-0.00176573810250325,-0.00994904774869888,-0.0368486234950064,-0.00510770929563481,-0.015265781808964,0.0016163726990036,-0.00641318873785196
-0.021787340155084,-0.0201042749094088,-0.0337868799034129,-0.0290231790272349,-0.0500291070888681,0.00703303037333835,0.00627262986446813,-0.0125590569255391,-0.0209875647815189,0.0112669998756258,-0.0536398390917394,-0.0301914357940986,-0.0189742139288126,-0.0129022556339071,-0.0141275992188562,-0.0367084123331234,-0.0222685084159755,-0.018811971370782,-0.0307695232349106,-0.0248311635812863,-0.024868187854382
-0.0201345162700249,0.0386427578075842,0.0018149255395831,-0.00732677677364577,-0.0115932539232423,-0.00416477026481069,-0.0139469299443153,-0.0189419566528306,-0.00553678863944321,-0.0287735671055755,-0.0179415859473213,-0.0177363674219171,-0.00726647443619305,-0.00181331578738642,-0.018960577938706,-0.0124778162632305,-0.0360980898135521,0.0241011665565169,-0.0426754144493322,0.00104396475003572,-0.00229283226353221
-0.0474870887255889,0.00904473355946801,-0.0243463250224388,-0.118576991614573,-0.000329958474426628,-0.0433610512701064,-0.0320656381424,-0.00668762113041656,0.0372459573585927,-0.0508133938770853,-0.0332367804229889,-0.0293348176001799,0.0125617306261303,0.0192571709623897,0.0122828843918052,-0.0117065330003193,-0.0347401319508675,0.0357734534263799,-0.018382641717876,0.0254042687724334,0.0261913560012428
-0.0169783577157988,-0.0129248018052109,-0.0463982272377258,-0.0302657100813307,-0.038422791326852,-0.00752573658160579,-0.000743008408963054,-0.0184358619348495,-0.0139118242674462,-0.042107443695317,-0.028696424846688,-0.0401737634890857,-0.00438570552712232,-0.00894433602121475,0.00702442802640208,-0.0460028889047848,0.0210836877046712,-0.0179546566139234,-0.023836484785795,0.00308049532555579,0.00662724674169223
-0.0384782266802026,-0.0472803075221839,0.0230885056466695,-0.0441164427421023,-0.0139526400373632,-0.0327633929430642,-0.0271061759975904,-0.0187780463112592,-0.0534112471380371,0.00172646744934649,-0.0445623384292774,-0.0492931488411619,-0.0221187110420633,-0.0229742925532828,-0.0278157538984222,-0.000143593475913792,-0.00361991816603974,-0.0205482430044001,-0.0269762861553567,-0.0456078385932602,-0.0431716560173994
-0.0146083513266766,-0.0788463729972374,0.000439657749312955,-0.0427736393321699,-0.0291167281348395,-0.00261579980263676,0.000994334053260076,-0.0197557481663389,-0.0568283798478703,-0.0547249603713517,-0.00394107014417575,0.00535133676400262,-0.0147430772989688,-0.00688600600143908,-0.0233933684690919,-0.014935838552531,0.0178209375213609,-0.0393112504251889,0.0202959414475973,0.0403775955564209,0.0467690803589439
0.00766028814660931,-0.0297726272857486,0.0300830406092583,-0.0523107806311301,-0.0109293121317461,0.040875894623732,0.051930618413288,-0.0255296184047277,0.000310956550008096,-0.0870687654107137,-0.0653797703828568,-0.036107482824779,-0.0138916842262493,-0.00109729868552168,-0.0457513577564512,-0.0354682897577173,-0.0171053580086539,-0.0213176591665707,-0.0783776038850305,-0.0298190274971327,-0.0298012625264406
-0.0210372675485579,-0.0409440601931479,-0.0335179518622229,-0.0314833024799321,-0.0531886385924258,0.0323215454357975,0.0215878218967348,0.00624758884695199,-0.0835037022942023,-0.0326960504540242,-0.0571665348947231,-0.051049764216266,0.0103501539529963,-0.0174360292973468,0.000784872734886193,-0.0315966750045428,-0.0130225465762068,-0.0265570879953485,-0.0100680727752843,0.018293456468628,0.0587979158452134
-0.0001965381881497,-0.0254425337797327,-0.0189933765013015,-0.032008529018693,-0.0796537693168992,0.0125789774508969,0.01551788297757,-0.0163435822993138,-0.0256843571275592,-0.0686024140828938,0.0197335400462833,-0.0509086022868519,0.00216951804437767,-0.00578216882771944,-0.0076674544073483,-0.0460699262153021,-0.0144260297146483,-0.0350168135556418,-0.0539320556152348,-0.000234353461980238,-0.000234353461980238
-0.000341999348258785,-0.0480138110566278,0.00658251616406846,-0.0282250174361368,-0.0511368710655146,0.0351704850818564,0.031130455713379,-0.0289008186690815,-0.0132403248343125,-0.00788148624262838,-0.0753203775585588,-0.0404966914885391,0.00434318584017072,-0.0113434426280155,-0.00033957555353975,-0.0212768427085299,-0.00758535824255674,-0.00835166527896591,-0.0173391781043467,0.0114497936861051,0.00813778315404156
-0.00102738043415485,-0.0326513457725411,-0.00152006346372016,-0.0104087127473053,-0.0800967915180016,0.0162785049071003,-0.0105453966883593,0.0116609018637328,-0.0490072124048648,-0.000146160413067226,-0.126095814080816,-0.0206504585973514,0.0401898711446356,0.0444332489072494,-0.00588059672176136,-0.0727685365973074,0.0449733553133414,-0.0672227165477689,-0.0103914139369962,0.0160801780279885,0.0153182860525755
-0.0210495972278803,-0.0556778218924138,-0.00294573480397173,-0.0649073438114124,-0.0270174957266668,-0.0381868214867546,-0.0284794937040681,-0.0137139768427525,0.00245725982674745,-0.0345591514860911,-0.0558563879180275,-0.0393260603903656,0.0194130692032105,0.0120037089524905,-0.0034136473011046,-0.0597506949469445,0.00781672581270634,-0.0104497118849522,-0.0434442360460768,0.00368535358361319,-0.00216639588751366
-0.00266402393646185,-0.0161095930070016,-0.0141388956132312,-0.0216173377935038,-0.0442974777779213,0.0362555836598666,0.0567974982504282,-0.0269797577793365,-0.0675992822767335,-0.0101708140027546,-0.0023738704082307,-0.00406463040039928,-0.0417169167170053,-0.0372134995598387,-0.0356437643801962,-0.0148194649045686,-0.031034776961418,0.0245146917925817,-0.0526799651820897,0.0175666015725301,-0.0182653549246526
-0.016083614601693,-0.00916907999435118,-0.00623869531297769,-0.0374788221586697,-0.0630787678450686,-0.0258598421940466,-0.0290407969605139,-0.0109416334909798,0.00962799275273248,-0.00410753659771779,0.0257764379017589,-0.0134895182796761,0.00210767271545734,-0.00501979491093024,0.0181981428234255,-0.075200137222084,-0.0269020761629966,0.0309059249430955,-0.00491494899629841,0.0276754158980817,0.026005030955091
0.0109238633256264,-0.06542245645272,0.0257308215618738,-0.0393310796285933,-0.109577857830182,0.0157913486910508,0.0162733789203094,-0.0165050296461501,-0.102119565746372,0.027656112520871,-0.0796438550401731,-0.041989274655891,-0.0168248506538422,-0.0103088008058778,-0.0493387217343776,-0.00189168761751185,-0.0172424176031012,-0.0216731267959869,-0.0391236032608973,-0.040188110012015,-0.0411050315379658
-0.0341075274422694,-0.0255005228771339,-0.00625337587022343,-0.032817279367356,-0.0767945289810324,0.0147761598018103,0.0160549840993632,-0.020666584782334,-0.0651301065360576,0.0230674161521583,-0.0740359139573977,-0.0578873605091905,-0.00823750243581526,-0.0181316193375868,-0.0292937615651681,-0.0328315580579452,-0.00835864446687755,-0.022543803151933,-0.0222536525553343,0.0293924173565306,0.0318583628486605
-0.00966296766125304,-0.0295860424157706,-0.0588690681056334,-0.0221400598249326,-0.0237280253593234,0.00672004723976955,-0.0346020133184066,-0.0193067807621433,-0.0334271111381868,-0.0396603193508834,-0.0628791116593228,-0.0360820385503304,0.0245050887382316,0.00814472293066227,-0.022652040988384,-0.0544832359822699,0.00394516744742179,-0.0800140836115471,-0.118637325440435,-0.0101036573797128,-0.0229999295978724
-0.0177879778153712,-0.0285578794093946,0.0396600078443373,-0.012061182340019,-0.0313485815329239,0.00595597554096287,0.00434037036339899,-0.00474060508373463,-0.0513246968754235,-0.0225819821893213,-0.041602388344012,-0.0471544396309158,-0.0162425038444686,-0.0197894743026472,-0.015835300971786,-0.0613800679262883,-0.00759533588949214,-0.0327009477399351,0.00786319827794357,-0.00385836039387886,0.00779190300847205
0.000773573603813596,-0.0437489200552625,-0.0320664593595862,0.00458270600939342,-0.0183598050488828,0.064206543462354,0.0215686818518157,-0.0224048429652972,-0.0447942921021666,-0.0424621072790835,-0.0522788283645803,-0.0321210011845178,0.0164467189476347,0.0295375253302429,-0.0133927549542595,-0.0456019249291901,0.0151187226825578,-0.00949316240868506,-0.000995178568204358,0.00606552531357675,-0.000262807962736242
0.00697644662338334,-0.0615573786371878,0.00624321753268192,-0.0175436819852783,-0.00441550736373392,0.0346896705522009,0.0249277997504081,0.002533532555907,-0.0683365693410987,0.00684610431296678,0.0213621467983437,-0.03286037294243,0.0322762282446558,0.0385659986221656,-0.013279884711016,-0.0256944290676762,0.0276721776421208,-0.0304673379140517,0.0191785848815694,-0.00909230959991233,-0.000125484817671995
-0.0116243518929509,-0.0205774898674387,-0.00490522294957874,-0.026106055010492,-0.0893824880512488,0.0247090763475347,0.0410050883145004,-0.0504623629980504,-0.00807449761851614,-0.0511926261742312,-0.0451413995846051,-0.0463536022738951,0.0118796290631451,0.0133076564886533,-0.0324675931214604,-0.0549658338721419,0.0469499675540954,-0.022424380225712,-0.0288154717524539,-0.00716599628392872,-0.0148725150714657
-0.000916082104717386,-0.0182278205641413,-0.00591362639892681,-0.103716738063466,-0.0703096954286809,-0.0129544014143589,-0.00856061463365877,0.00761568384613292,-0.0533019915081467,-0.0222618710185332,0.00603123424368918,-0.0534881924989373,0.0348869610976475,0.0272842464507558,0.019958938430312,-0.00843640203517949,-0.0249253416392448,-0.00405300180845611,-0.00548995639918209,0.010543891670291,-0.00842401791657343
0.0325167619565915,-0.0349612072026123,0.0107248328110357,-0.00491570895810792,-0.0496920795189214,0.0400643869838338,0.040407551602291,0.00276711115673504,-0.045628992145361,-0.0133867188589356,-0.0118944208972674,-0.0974711216801266,0.0170942888148519,0.0154860630595468,0.00482505152024491,-0.0285669389545403,0.0163258678065354,0.0134175918556296,-0.0213036981555234,0.020337135383141,0.0239580806484513
-0.0216863638313796,-0.0440102186133213,0.0250351981960766,-0.0688987114002143,-0.0545563816360047,-0.00635776055215097,-0.00989242141813983,-0.0236318779341858,-0.0420697413027298,-0.0690557745831995,-0.0555704964227324,-0.0828450123942008,-0.000982326453247428,-0.0133005514459337,-0.0365089875671181,-0.0368732553276089,-0.0158449371396867,-0.00175803065572744,-0.0273115170852212,-0.00151888431680972,-0.00503576250366143
-0.0259925627425167,-0.0380368508133859,-0.00312201580999054,-0.0424612812581651,0.00490972780459642,-0.00328184026672514,-0.000394592999053013,-0.00675923315948255,-0.0621215979651346,0.00412500171642531,-0.0698297031211838,-0.133181583476333,0.00774765918942524,0.00157313803289322,-0.00802470132020226,-0.0425447112883359,0.035975131493403,-0.0295124138093848,-0.036946589067115,0.0153792732433302,-0.00948040130655425
0.0249115240359236,-0.0361103424733586,-0.00395284464068235,-0.0543570416568616,-0.0529196508646747,0.0419379323641588,0.0356614480243668,-0.0118051966346694,-0.0180364517573144,0.00807034576403733,-0.02480806702652,-0.0634648368122279,0.0264759723131799,0.0260291881901145,-0.0239764528765391,-0.0467005129069288,-0.0338662119694894,-0.00990808819974598,-0.076193632162808,-0.00682086539440189,-0.00272045363470473
-0.00529214054906385,-0.02107715719109,-0.0245141365940596,-0.0193918934239456,0.0415450744109021,0.00982094516497788,0.0223490729155149,-0.036357648902185,-0.0315036926762488,0.0167143921703052,-0.0963696033314302,-0.0594684769419098,-0.0672126940665831,-0.0647038615839695,-0.0151443080532536,-0.00337055442072591,0.0133628224213168,-0.00937142459964604,-0.0383349466114596,-0.00903269962979586,-0.0131763948158864
-0.013962575330352,-0.0257295597067926,0.0113922527422078,-0.0675226334403917,-0.0197822778615459,0.0406858992005098,0.0308883840564805,-0.021228557866724,-0.0153003555187416,0.00323860513786392,-0.0649636182111402,-0.0343960238601123,-0.0216464648023735,-0.0191448555162784,-0.0199838596537626,-0.00397277690228737,-0.0328608407111542,0.00739853607910904,-0.00999342884317239,0.00391616607209472,0.00367195088103898
-0.0114120504839114,-0.0379631825316884,-0.022440536417596,0.0207226367221171,-0.0409734736784509,0.0243130912491025,0.0253963919235971,-0.0252250266677877,-0.00805254624684193,-0.10093671023568,-0.0818314410227896,-0.0696971265625235,-0.0355152507715216,-0.0278952278441018,-0.0116238009663406,-0.0627706568023814,0.0192244793633822,-0.00865754310834221,-0.0513525655454355,0.00992105351222044,0.000442948120933997
-0.020746760042596,-0.0130454053832602,0.0265548671882033,0.0118913316080749,-0.0474417329419775,-0.0112927329757005,-0.0232859415732763,-0.0187743440680721,-0.0481346572936194,0.0223381577138175,-0.0627017575233322,-0.121450297104886,-0.029999988646232,-0.0279437582328996,-0.0272451834475039,-0.0165900732848416,0.00796748396781388,-0.028896094295712,-0.0807887946373352,-0.040640706914102,-0.020258463627986
0.0151755142460538,-0.0481721631972818,0.0228580210656133,0.0236352108075981,-0.0554915325972425,0.031805379851933,0.020946596372806,-0.0107308036511218,-0.060883458775692,-0.0173441169248687,-0.0428258569660313,-0.0242419397260779,-0.0139590266841659,-0.0131015340239966,-0.0360855122488237,-0.0265938247555144,-0.0280187673121827,-0.00288527981571757,0.0282952057413324,-0.0319690938432532,-0.0287914463472441
0.0074805807376273,-0.044761738860999,-0.0320031721664375,-0.0209090111397961,-0.0310652629493561,0.0141416346872034,0.0201237337752229,-0.0169603399178102,-0.00854759177396054,-0.0167970969290905,-0.00858075549209983,0.000366857391056852,0.0215710703301071,0.0181018077098004,-0.017059784570575,-0.0239814345989449,-0.0536124840406858,-0.00385149203356758,-0.0495802265991133,-0.0190465241310255,-0.0128079190741556
-0.0232684129376544,0.011034494206633,-0.00297923230775246,-0.0589535949233022,-0.102123410208089,0.00000434247254044867,0.000241437087415572,-0.0330384998199157,-0.0123838992417563,0.0105855203885663,-0.0744037882473339,-0.0828605267982389,-0.041048953364515,-0.0310455374488605,0.00983550896958278,0.00494361203786452,-0.00665513334993964,0.0147004446263311,-0.0688637314888311,0.0153987112602481,0.0328331771894022
-0.00700093414077899,-0.0412752431378373,-0.0231789245982572,-0.0464344124628153,-0.0445724149631576,-0.0210077476026493,-0.00568917570223029,-0.00884041345825808,-0.0191183428635068,-0.0356920094921802,-0.0372688915022681,0.0224907036061062,0.0218459390455533,0.0181448829045185,-0.0384528998831684,-0.0614881009508867,0.00731906271087857,0.00713574452470217,-0.0625619993994028,-0.021885196622929,-0.0240210847920736
-0.0117267710702718,-0.023634061954382,-0.00232504057734564,-0.104347165274878,-0.0523817536923918,0.0291833889910568,0.03239405025303,-0.00361267898497578,-0.0295131185078656,-0.0448264080272275,-0.0301739104599656,-0.0231919220586392,0.00893421868259545,0.0133038458715176,-0.0416394551863672,-0.0473667045143769,-0.0455362932724743,0.0316492370650178,-0.0666094754935473,-0.0109526162295464,-0.0093861878031563
-0.0240559603484111,-0.0663404099058302,0.0185726586775176,-0.0200792827808733,-0.0364831661345216,-0.0010512515320382,0.00499989778745193,-0.0350700688679551,-0.0655910116781223,-0.0463707375044726,-0.0425291361831104,-0.0797355264091311,-0.00705049903559059,0.0197655690787868,-0.0190736671789223,-0.0212586745816083,-0.0492629617452102,-0.0501625596455215,-0.0728064453047335,0.0189540764285274,0.0166401653212989
-0.0270905441436722,-0.0260895304204823,0.0248634741301041,-0.0235255004547914,0.00778964589507114,0.0372574105321464,0.0354939388209356,-0.0336681047890603,-0.0179350405336314,-0.0295741052350392,-0.00662001885034316,-0.038157737541011,-0.00890770710250824,-0.0294350068239193,0.000135885172223509,-0.0635878077812372,0.0703177977200976,-0.0532204834382195,-0.0975594828824285,0.0069265755461724,0.0113917161155943
-0.00934179124592983,-0.0333507908673703,0.0157446604511021,-0.0370785241284521,-0.102177967414004,0.00541570533757817,0.015682141342935,-0.0233801734865667,-0.031864821210588,-0.0640283797363814,-0.0240585549477406,-0.0433620977599702,0.0274128669476863,0.0126704722974857,-0.0285558502538597,-0.0472624214635073,-0.0115090479925783,-0.0284512974364526,-0.0123922762251813,0.00822237104032101,0.00324840212382343
-0.0180236225581049,-0.0411698742117532,-0.0228715753234087,-0.0439939101673726,-0.0380118592799216,-0.0195730241653802,-0.00659725423402127,0.00016820970661334,-0.0582159193928338,0.0293410886345132,0.0100772198374685,-0.00819565379095771,-0.0281122758905708,-0.030752833198234,-0.0367943168615069,-0.0205753790282489,-0.0135865157019477,0.0284998841246084,-0.0355254147503283,0.00468877267626137,-0.0208096900123769
-0.00277126821747825,-0.0353344667378924,-0.000484584108639136,-0.0657554634881669,-0.0183699333694448,-0.0045805972063627,-0.00487005017796914,-0.0208196765567634,-0.035049007550234,-0.0266430320012968,0.00225778092082296,-0.000550219959502163,0.0330383497598782,0.0476449875663632,0.00237230854003838,-0.033285269560068,0.0159444193207906,-0.0450160672237474,-0.0436834589054007,0.0513090893146001,0.0559432184828587
0.023693516186895,-0.0120667022214502,-0.00937264170614927,-0.0381764510102491,-0.0107032104120838,0.066777593960027,0.0818534924458298,-0.00365423286301284,-0.039201591476279,-0.0171227202868762,0.0286557650131466,-0.0198200596725351,0.0211915604475543,0.0547217471595493,0.00303418798110974,-0.0301289525551204,-0.0173510442422149,0.00161632848762575,-0.0854807041305612,0.0220658523424461,0.0281616567351699
-0.0152069827714052,-0.0215285931282715,-0.0179150484027272,-0.0439231200952762,-0.0398535705825304,0.000373651521932999,0.0106959605535701,-0.0112640081177111,-0.0247691416724156,-0.0258431678333623,-0.0738902052768028,-0.0448953600232679,0.00417235682901902,-0.0114580551033016,-0.0287485575134392,-0.0411083510960247,0.00139991749010196,-0.00640747118898355,-0.0702534657360799,-0.0163710072517854,-0.015674109228535
-0.0167178627558839,-0.0563359261376219,0.00323045176959405,-0.0857239997202412,-0.029904886108743,0.000587688890321569,-0.00478550861321066,-0.00520031410174143,-0.0573746553093954,-0.0130748548637163,-0.0378089756774317,-0.100535383541359,0.0319084440411349,0.0130162396257739,-0.00816987357347285,-0.0484291909646979,0.0104413184820067,-0.0523561313779805,-0.0870564139901198,0.00986971900886351,0.00928857644489903
-0.0134668036598779,-0.0066931604344693,-0.0139430313238596,-0.133821770455223,-0.0440182853328636,-0.031273456549319,-0.0396472457252279,-0.0128956234710451,-0.0391276667004122,0.0272265420572733,-0.0221154057166391,-0.029711303664449,0.00403633337294697,0.00519942233591918,-0.00713170582931139,-0.052565086180448,0.00879439404036901,-0.0278394827590463,0.0166521965752102,0.00805800388847017,0.00468122173837352
0.00123265376977105,-0.0562837400907318,0.025568050514991,0.00940361167881468,-0.0950331597513315,-0.00158167359487867,-0.0301464561530881,0.0245108769128695,-0.0117039213119219,-0.00954810693604863,-0.0725528887936273,-0.0138618767964777,0.0361173263899766,-0.00104792941266307,0.00427105591470117,-0.0693465853800392,0.000471840881618835,-0.00674933410011855,-0.0509163631708827,0.00178297014231916,0.00357547491164519
-0.0105679896793437,-0.0212465706327431,-0.0335894564951849,-0.0255889983273209,-0.0695487444898667,0.0293137259130404,0.0110654142864144,0.0241540955831265,-0.0199085837325488,-0.0108130466932208,-0.0494832646074014,0.00758866285216037,0.0508374095124926,0.0474464945927262,-0.00673056656035368,-0.032303487598107,0.00304734246278375,-0.00498833529099843,-0.0355110757387055,-0.047368801909616,-0.0343079096511514
-0.0127657510607686,-0.0402071734000906,-0.035896276858237,-0.0683584556114685,-0.105513944771692,0.00924888951028005,0.00381779237084263,0.000773983685794892,-0.0362979071782951,-0.02986853392788,-0.0492030638782648,-0.0400627228188172,0.0130092135936165,0.0156871772551781,-0.0147025148560056,-0.0306261579096013,0.00738631598749873,-0.0172421949905898,-0.121877001060384,-0.00707859079032158,0.000918927569155945
-0.0145529382933447,-0.0391171834558553,-0.0417963747403388,-0.0683583213469744,0.030333892346036,0.00652271069934107,0.00345247484673798,-0.0152287111237356,-0.00491462359371192,-0.0239997482472883,-0.036432920112375,-0.0675929327952078,0.00838239233520568,-0.0064712667984304,-0.00872410183745703,-0.0977654724911398,-0.00776445268089826,-0.00649954174738104,-0.0129496572659698,-0.0191195318154334,-0.0145280464918349
-0.0201597377578724,0.0029373610620063,-0.00848904694858829,-0.0913196623642495,0.00419242219212496,0.000148651921760418,0.00752337711396659,0.0162352237900452,-0.0185239795035661,0.0273129386158952,-0.0203595326969521,-0.0356570110399248,0.0616709703576647,0.0442179455617451,0.0147368861834336,-0.0432465633158779,-0.0203075224242007,-0.0246356467390314,-0.0125404739553988,0.0248790546081611,0.0298889299937403
0.00599591043632081,-0.0408601441560487,-0.0293535354273843,0.0359866208329097,-0.0500937616760171,0.030979872363704,0.0303649884647891,0.0123669369792814,-0.0341572313124636,0.0300871091250601,-0.0190473301863294,0.00179589008554021,0.0431334577588853,0.042245517463203,-0.0219492535919244,-0.0323064174625588,-0.00207619203082082,-0.0375340390752474,-0.0841392545476004,-0.00398123423219144,0.00175790334209138
0.00224501401571875,-0.053351232423173,0.0436418926393582,-0.043185053987995,-0.0329720616701697,0.0137128347037343,0.0112358721000103,0.0164725652672784,0.0145087033381137,-0.0561089528126966,-0.00699055585057726,-0.0482093831995392,0.021410684163187,0.023898599437384,-0.00928784130955757,-0.0380420250330174,-0.0345683388389707,-0.0434030463546275,-0.0649601356449193,0.021205157954181,0.0218017110218443
-0.0126591379293069,-0.0383794445074502,0.021577101663397,-0.00592355737316722,-0.0635186535832338,-0.0314762918846413,-0.00522649167090061,-0.0361695871908839,-0.0262028355783885,-0.0786228535337437,-0.000533506114573534,0.00336913826847357,0.022722344546496,0.0225718100580851,-0.0107526076638718,-0.0284226589321639,0.0418299505916315,-0.0377470837875486,-0.0692655250615212,-0.0157926416069635,-0.0117681176898894
-0.014075817774562,-0.0684081114997405,-0.0284085863135949,-0.0294544115251237,-0.0500042754542485,0.00304145069697734,0.0103794272976765,-0.0160022770601471,-0.0146608017801762,-0.0451998224826562,-0.00675700671639634,-0.0840143742311588,-0.0167239987660128,-0.00476867803459022,-0.0168430845134151,0.0220320986484597,-0.0414866189714846,-0.0409336835632778,-0.0692532188156805,0.0578569412973157,0.0420015582947668
-0.00714976405300553,-0.0266810327436802,0.0172289729189788,-0.101143864823698,-0.0413556921014828,0.0146919577871992,0.0189079485268589,-0.0279275057428831,-0.0162888118026838,-0.0422378729280334,-0.0439791860967501,-0.0404788862644476,0.00389183267542954,0.0454413747937768,-0.0215656186757299,-0.0477900704876463,0.0147274121882899,-0.00234933156806658,0.0563655865341767,0.0395973752308834,0.0309505456236109
-0.0225415564458646,-0.044182894441272,-0.0334507625681837,0.0243920238112718,-0.0646543540653922,0.00920575144428686,-0.00215552399933426,-0.0218093377932491,0.00169826263290221,-0.036373021312538,-0.0149636140691154,-0.0826777175478154,0.00425600780532025,-0.0049853363269047,-0.0091015708505154,0.008022439689804,0.0159250904909162,-0.038515338434737,0.0178822835220807,-0.00375913646279347,0.0351855744681563
-0.0123851254045144,-0.0125111645112898,-0.0166577132299578,-0.00198285741499887,-0.061027751086867,0.020710978301591,0.00206561816174693,-0.0183363104734074,0.0158023349435211,-0.0156137389301651,-0.0297850926949075,0.0128332865055661,0.0278935408597512,0.0499362447322584,0.00600226150008178,-0.0436089168279575,-0.0255466852360564,-0.00193194260204918,-0.00299908962644435,0.0012898938684339,0.00106836920324693
-0.0350159401280633,-0.0500462154867636,0.00111020742515913,0.00118768736909403,-0.0403862362245128,0.00214556909552319,-0.00914652473126178,-0.0140482082079133,-0.00451198140026628,-0.0228553213503001,-0.00705765348200252,-0.107647209712611,-0.00222527616641739,0.00599041167398331,-0.020923865315927,-0.0583662899147212,0.0120821198203938,0.0266645912355764,-0.0302680004170566,0.027817814550991,-0.0154148509828329
0.00659640770789412,-0.0601813140727433,0.0360890570124266,-0.0440762863370805,0.0076445103962206,0.0194588376633224,0.0123993341238041,-0.0142110047455646,-0.0552880294961134,-0.0148166682365086,-0.0347849045073807,-0.0347237372323241,0.00653531422010011,0.00981652341311354,0.0117648213707728,-0.0209851138223273,-0.0487716159949037,-0.0226801832046266,-0.0635482970900973,0.0204462992297731,0.0110673946840852
0.00217611021486735,-0.0360848035450849,-0.00140880163341667,-0.0103059417767754,-0.0455803788171646,0.0522218775890072,0.037836386488561,-0.0076369597369981,-0.0223509726772056,0.0137397834850209,-0.0397970265874639,0.0120619520116345,-0.0083186776188739,0.000820000797972231,-0.0196818313597671,0.0272577690849305,-0.0139960140438626,-0.0227450604915291,-0.0724172171884391,0.0455461257930167,0.0276538800372499
-0.0141182680139151,-0.0488534888573896,0.00790333811486707,-0.0111382690750667,-0.120122387610837,-0.00403976910694465,-0.00814620839954733,0.0032155547426683,-0.0658007109109267,-0.0499344665795246,-0.0278400579177784,-0.0894129198018602,-0.00303839812752467,-0.00450096685315458,-0.0122011189609424,-0.0087282026857443,-0.0287778033489848,-0.0745276393874342,0.00130821912954476,-0.0191648034871247,-0.0189452100970285
-0.0158636572303899,-0.0260195290406276,-0.0484968773218674,-0.0253144557785765,-0.0236472815254589,0.0314584516729717,0.00763082617572697,-0.0275271778524735,-0.034665116835477,0.0079454227574521,-0.0301489051889207,0.0856296281384232,-0.00956899171785069,-0.0352707104616443,-0.017285413584906,-0.0152681138601942,0.0136400408388508,-0.0216003804055446,-0.0653941824399954,0.00265949594603313,0.00387284860587639
0.00528541501075548,0.000219285540429728,-0.0179451988461821,-0.0452373615423559,-0.0742237156149285,0.016543024321915,0.0157717540988913,-0.0307765044752222,-0.0127928120651443,0.00257436498062653,-0.0717567522039342,-0.0916559876024362,-0.0314698137360801,-0.0274343094111881,-0.0181362847909724,-0.0441585679384696,-0.0231059815484085,0.0128799975129015,0.0466726761782812,-0.0138252486669695,-0.00259793250646569
-0.00324796935337699,-0.00547865238433942,-0.070202899898576,-0.0138843056805788,-0.000103942997184414,0.00786469982064205,0.016248509427542,-0.0236468821778889,-0.0756060826565468,0.00897363360011802,-0.067699014566761,-0.0403292964248065,-0.00805379750470553,0.0060219524236344,-0.00806247859413337,-0.00994098937424975,0.0119687659635856,-0.0353793107015117,-0.0297737692453071,0.00732150295477323,0.0207992355657888
-0.0243024820630811,-0.0325769460440426,-0.00566564884505563,-0.0259143901377884,-0.0485797249129087,0.0178447714417495,0.00439726731524264,-0.0393671066440888,0.0032760485004886,0.000151906106631849,0.0214554836958646,-0.0275862058523499,-0.0334893699422606,-0.0364203870397866,-0.0252329797300219,-0.0295622327439991,0.0264875497946713,-0.0406027341417866,-0.0930353071579474,0.00808137873116519,-0.0013527613771569
-0.0051981318620709,-0.0318819034312923,-0.00956266764991501,-0.0502151928363913,-0.0782734500938562,0.0310201347726275,0.00959015421890998,-0.0120438829140666,-0.0526282564943472,-0.0165803460680127,-0.0363982083755958,-0.0442702944770793,0.000822587481678676,-0.0106237346204844,0.0138789597146722,-0.0119417534592789,0.0324541204440583,-0.016977201525283,-0.0247199242866722,0.0143832000768607,0.0167845163008539
-0.0140226074080172,-0.0406895459445051,0.0100372100228912,-0.056351873238047,-0.0600838737147216,-0.00651701102311597,-0.0000247157189075115,-0.01493459666985,-0.0301833501490776,-0.00890993016214345,-0.0685649195680273,-0.076839562381787,0.0141240304555435,0.0167433568987672,-0.0128725464650038,-0.0520064541344146,0.00898974490054463,-0.0242170579366874,-0.0921404795308825,0.000446430775916211,0.00383442905369998
-0.00547204813543039,0.00695928700770611,0.0220862487390545,-0.0309417743804974,-0.081972637693528,-0.00307637100685673,-0.00238469282463741,-0.0348847964403185,-0.033254825924204,-0.00648105593638387,-0.0278668738375383,-0.0622876697613292,-0.00432575988764772,0.00204532798137234,-0.0147149246118262,-0.042329193013967,-0.0140770464256159,0.00186316247430485,0.0130049118055922,-0.0222937951314104,-0.0205639621653963
-0.00405017296535648,-0.00509138872730122,-0.0396736639972621,-0.0325379323930306,-0.0239072572883578,-0.0175099241710269,-0.0257466155720747,-0.0342199074393019,-0.0507945632465637,-0.0243880390311126,0.0160141458873461,-0.0242031522027002,0.0234183808798403,-0.0412324711089845,0.0105537680962808,-0.0167315821859085,0.032716269244084,-0.0647471401154014,-0.0804683985579964,0.0274792587804256,0.0207139732511357
-0.00486594680290223,-0.0288769926138051,-0.0690008163303347,-0.0266615198024046,-0.0334601875392937,0.00664002971532417,0.00685395702708005,-0.0144156007201786,-0.0644513889450317,-0.00104613014681817,-0.0599364308631616,-0.0465975540657264,0.00573691432655623,0.0228183073609364,-0.0321581751076426,0.00344382643782364,-0.0336515866360823,0.0308121663631021,-0.0988236788230598,0.01439313119778,0.0161785753860609
-0.01366347182423,-0.0220814840927279,-0.0041956465731986,-0.0479081422707079,-0.0252668232685308,-0.00408633850441233,-0.00321738843755287,-0.0206193754498941,-0.0185612049996228,-0.00444242062016342,-0.054106349963239,-0.0402080594683487,-0.0199633563212197,-0.0123865377530388,-0.0152701632143906,-0.00477015917971345,-0.0365601400834317,-0.0249040329205939,-0.0788288315628659,0.0204570299924891,0.0284849026521321
-0.00671572949707017,-0.0179964667119296,-0.0165239619686979,-0.0215770813326609,0.0135190052516775,0.0144929559600053,0.0151784300425276,-0.014609461324993,-0.0198267991645224,-0.0146922467217312,-0.0255095638452288,-0.0902001031198246,0.0102449880189365,0.00273674868757817,-0.0150888763770617,-0.0628918906658835,-0.0134290430827121,-0.0240130749142091,0.0713312708183281,0.0211022733859813,0.0262925327203774
-0.00978416697791207,-0.0172967425578634,0.00168463589566797,-0.0415448152328744,-0.0442921057432936,0.00348438849134926,0.0373910782918034,-0.0304890979785832,-0.0178058153840098,-0.00766523844322337,-0.0329578829865951,-0.108833722970319,-0.00125169986070581,-0.014045323623337,0.0118438826551314,-0.0553932645257729,-0.00749761728409881,-0.0118172839481441,-0.0682822296355975,0.0227354704781639,0.0223660076251244
0.0071425071660272,-0.0335543621869491,-0.0312574801911958,-0.0438421255745937,-0.109285558907784,0.0260372195496637,0.0332561056259205,-0.0237251811521737,-0.0199328596698111,-0.0127248125160178,0.0249635568359814,-0.0622062059550121,-0.00269085958489788,0.0085957998241525,-0.029606615751714,0.0000746233856553369,-0.00724678168667482,0.0170499712221251,-0.0462988841121742,-0.00356283630212736,-0.0248208016700989
-0.0142945371407624,-0.0408095119296417,0.000236656557320386,-0.041650598648843,-0.055991519177234,-0.0268827157809803,-0.000553360090248881,0.00332464354740454,0.000580330349029171,0.00244295929772569,-0.0498602307936382,-0.0784051943273097,0.040450791599667,0.0429269404614236,-0.0126669295755035,0.00991790161443945,0.016956682032156,-0.0939184846458749,-0.088746679299584,0.0525552267708632,0.0458861777364511
0.0199176995030078,-0.0305151726524851,-0.0237539556172791,-0.100280374963543,-0.0408579894487108,0.0331870991678793,0.038388583913679,-0.00469942831353516,-0.0617828926588695,-0.0335465324885269,-0.0384681399322568,-0.049406518338508,-0.00255611014684073,-0.00996113671642562,-0.00525550146375902,-0.0452574984021774,-0.0829469074084347,0.0387672805638112,-0.0551202330027412,-0.0130551270350071,-0.0155602444535038
-0.00113746523737679,-0.0177013413150779,-0.0323848010294942,-0.031769657381433,-0.0834578486633915,-0.00406025281412797,-0.00661813890307509,-0.0448269203031903,0.00217650683191888,-0.0146387162718236,-0.0433302613271894,-0.0456255178414555,-0.00702953057280133,0.000243203959429401,-0.0226529833087926,-0.047748167257969,0.0174981053839056,-0.0200436433212507,-0.0573602947833733,-0.0208341101289941,-0.00695110268041285
-0.0170881693717362,-0.0578479796252604,0.0397748839014813,-0.0351209333135404,-0.0668285575801097,0.00419027878112617,0.00627915325401254,-0.00627969106854866,-0.0835319172966055,0.00463064809104197,-0.032820802189391,-0.0534645490276852,0.0309481022814592,0.0320929799274429,-0.0137825999749996,-0.0254869076714143,-0.0170482329583161,-0.0969461925129666,0.00221065151984973,-0.00191561720181875,0.00647975003085576
-0.0240967688345161,-0.0268942793300987,0.033448733512769,-0.026432520138682,-0.068545529105507,0.0246977569140021,0.0467741373473362,-0.0140664463199743,-0.0465649639493617,-0.0262137340671247,-0.0736671147740764,-0.0770737254507602,-0.017002431212149,-0.00611674390863907,-0.00234609063757193,0.00385387791179578,-0.00860315602335621,-0.0506389952361733,-0.10593223947561,-0.0484975723054604,-0.0201194937439466
0.0104276364166013,-0.0495222774670763,-0.00131272195536283,-0.0192795511227317,-0.00571107294148238,0.0494942834754082,0.0381814491425034,-0.0159374185992314,-0.0642214569784801,0.0200106513455576,-0.0182575060369499,-0.012654377420353,-0.00874243636999455,-0.0045683467780345,-0.0301114175482722,-0.0248242093169446,-0.00524557681019294,-0.0313343532758369,0.0249228417762289,-0.00157805576016409,-0.0030574404621538
0.00107444671344297,-0.0696736642984729,-0.0550017271524228,0.0227948973134501,0.0291382561416259,0.0305608932834757,0.00118044490801309,0.00571588985238873,0.00615992543471619,-0.0231780114842021,-0.0269329965427762,-0.0333871285500129,0.0371275873419105,0.0369460388139747,0.00141733726281724,-0.0568309593491685,-0.0340614788522671,-0.0631893256191015,0.0244630426377227,0.0223786425063918,0.0169572501982752
-0.0399997781798782,-0.0457152707911442,-0.0109193163335438,-0.0145255918716844,-0.108811997107756,-0.0510815800614836,-0.0455483160911468,-0.0268121116444935,-0.0613377214364579,-0.0265919519509582,-0.0530152293571221,-0.0543766273886029,-0.0242153110689001,-0.0114580745821606,-0.0136854028087616,-0.0105000701100172,0.0111444172231107,-0.00416665203231625,-0.0319774824791161,0.0122463927904404,0.0791404578010578
-0.00888484951731679,-0.0201606245959251,-0.0188796628348359,0.0015904507504792,-0.122910445998724,0.0255261967284142,0.0149457373324546,-0.00520998383517679,-0.0293543415276463,0.0238212737071746,-0.00511072411387678,-0.0801714334939468,0.00872353849552983,0.00816889341152544,-0.0104223848134036,-0.010975270790503,-0.00614742735760954,-0.0296828672921588,-0.0751801818778279,-0.00817972137918722,-0.0166682248475796
-0.0176673788569635,0.00927075657484412,-0.0199012949866781,-0.0263875584428838,-0.0632081864992582,0.00207960315996269,-0.000933575664952446,-0.0171768349444352,-0.0645232934570416,-0.0109151222524557,-0.0375456019238682,-0.0839425194755358,0.0241634626332554,0.0215394997968572,-0.0117364139090016,-0.0377443970425471,-0.0223031109477416,-0.0254367575515492,-0.0330774093529534,-0.000201596966025924,0.00101710043009073
-0.0118724272795318,-0.0501927980058834,0.0169295063332676,-0.0175663211512176,-0.0498876926111249,0.0126537436728995,0.0157380717637066,0.00151488288497673,0.0178662646755141,-0.012385597677474,-0.0478144495878917,-0.0508302544591346,0.0204571091576269,0.0514525633041787,-0.00411734163609634,-0.0284041831339839,0.0480044993731449,-0.0124205934626936,0.00447432217971871,-0.00179544977630949,-0.00358378784778681
-0.0413609250811124,-0.0403129933360581,0.0250131981594363,-0.0590936016988527,-0.055155944245537,-0.0505229859422058,-0.050634699488273,0.00378799956426069,0.0117641633002424,-0.0260723780126545,-0.0441958720325896,0.0355467166057146,0.0356886880229729,0.0172063110990636,-0.0309917226891279,-0.0375341819564824,-0.0487103288003575,-0.0291162494245148,-0.0679639450024223,-0.0139213299203696,-0.0341829506419753
-0.0159770856083301,-0.0457355617681416,-0.0311817436964318,-0.0283477092684705,-0.0526378925939183,0.0129850080916732,0.00825437279937041,-0.0134235006634429,-0.0200950226702974,0.014017207088434,-0.00557979541469161,-0.00842956147816915,0.0240476357203615,0.02388283438223,0.0139635777981569,-0.0820980773615201,-0.0523684672452809,0.012393200145183,-0.0679776845630003,0.0354690297146292,0.027293787167813
-0.0326256409517182,-0.0288507168747751,0.0206109229037596,-0.0559167193193763,-0.0251349298933756,0.00750946151021192,0.00208185852563503,-0.0352635320221096,0.00265261831490593,-0.0458798889474201,-0.0479260493273578,-0.0256269568946416,0.0012360533160278,0.00588622329305218,-0.00836472272406862,-0.055469500681488,0.0155178048247995,0.0247935655988773,-0.0294148115346016,0.0211261913568968,0.00115122036692228
0.0145418742949875,0.00909226423305472,0.044268325919985,-0.051903684195741,-0.0193000081620365,0.0360933697887091,0.0419391384877595,-0.0106759722283227,-0.0104332356521292,0.0214849224928414,-0.0281165721319715,-0.0298666179193091,0.000354382247205298,-0.00104531494519253,-0.0123185675012722,-0.0555059105401264,0.0177474910582747,0.00754619647612603,-0.0761853667337971,0.018541633073307,0.0325566937093821
-0.0480162268945478,0.00617880318433348,-0.016380580237077,-0.0286497895467323,-0.008100000702431,-0.0218870441488386,-0.0509041820682117,-0.00393035951944496,-0.00856899952619901,-0.00124796819756209,-0.0496595981247499,-0.0573719507803978,0.0611631853273199,0.0263413008662373,-0.00596381420713111,-0.0566352280832249,-0.000278555002178618,-0.0225954270053151,-0.025847407214952,-0.00260108673987099,0.000267883927457045
-0.0137028256392995,-0.0319253622679548,0.0126274481626426,-0.0698891087687144,-0.105794279784514,-0.0117618894848582,-0.0447715024897572,-0.0175339679117492,-0.0260860331678439,-0.0250354513448941,-0.0221203986539593,-0.028780708800551,-0.00898602871739375,-0.00997290052141742,-0.0278221455178793,-0.0456440212632867,-0.00921010644526085,-0.0451811837488052,-0.0554571686712627,-0.017394887407904,-0.0153986840263031
0.0123745149840119,-0.0519586735288059,-0.00717714424140267,0.00607978518420499,-0.0325195045248245,0.0207165348508099,0.0108015624382286,-0.0153887248101197,-0.015011431758932,0.0204154148930513,-0.0373548354304885,-0.0736890663389593,0.0232286959024038,0.00559399398670113,0.0051228950973246,-0.0100190467208407,-0.0168342143149691,-0.000448517799533255,-0.110561875904309,0.0262630573167922,0.0424930013246763
-0.0130713969333172,-0.0366389572324143,0.00326508627014677,-0.0152463028785582,-0.0843794395027751,-0.0047927516240092,-0.00805371537411861,-0.0220589492159557,-0.0617612000287399,-0.0537512002151719,-0.0615712869777035,-0.0428827219304893,0.00127861600268411,-0.00845767523865375,-0.0262135669977702,-0.000137070435185516,-0.0221264070001772,-0.0274896647948131,-0.0371041235798081,-0.0138001406892598,0.0057871738877882
0.0172775544582664,-0.0117481932962633,-0.00802839208408465,-0.0824608461077881,0.0490485898381687,0.0238539919258274,0.0250807458078577,-0.0272348053377142,-0.0281245180063558,-0.0125793144673763,-0.04005002182437,-0.057314448865307,-0.00326129109420635,0.000169188568338301,-0.0157995135061357,-0.0568281458142063,-0.0209472591698202,-0.0186719787464691,-0.0123155782481051,0.0335751945607356,0.0273333132533666
0.0208366184899088,-0.011204695792787,-0.0117670083838595,-0.0408114253168976,-0.0578977178796966,0.0525730112799225,0.052194510008275,-0.00454514899986418,-0.0750636629288952,-0.0245614642305881,-0.00219298010827548,0.0401756869827904,-0.000840261315871824,0.00146737161432862,0.0137900829446006,-0.0199320381066966,0.0650333982396419,0.0237600955658049,-0.0604884876053063,0.0477531504149538,0.0549108575347831
-0.0157203012633028,-0.0153509017883449,-0.00403594045433725,0.0203373799012844,-0.0608082068746357,0.00388128511071952,0.0136373696970274,-0.0384215864551267,-0.0312129207031937,-0.0179028805096331,-0.062150943447603,-0.0192937688904679,-0.0404386778401996,-0.0300083681139821,-0.0261841693476217,-0.0153707830725639,-0.0793058692000473,-0.0425356169856455,-0.032495030832227,-0.0187351953282314,-0.016970649314225
0.00850190492367874,0.0251454122562359,-0.0409716607802142,-0.0506303518181104,-0.0438537156769865,0.0316927352602073,0.0448104858265106,-0.0104426786239334,-0.0633398229475152,0.0012474321771203,-0.0499433772052437,-0.0272753032513932,0.0262165696719956,0.00742174050720612,-0.000659529718286804,-0.0454696423876319,0.0156837757271883,-0.000409712489404856,-0.0200305025101984,0.00572809662662213,0.00728063246776906
-0.00975149701819901,-0.0702986365327497,-0.00690181987996716,-0.0428164785275395,-0.020996943630454,-0.00446987442314797,-0.0309885924149126,0.00065159260923018,-0.0380381925299245,-0.00461714408278574,-0.0509066880339643,-0.0391958214019665,0.0315449346881658,0.0262020532183172,0.00541611623899792,-0.0266298924804528,0.0272796062420558,-0.0158572578045744,-0.0536370019669837,0.036719522222348,0.03955183898214
-0.00260628053794892,0.0059111022534383,-0.0317358202428958,-0.00383905063932752,-0.0459908454326818,-0.00845779311860474,-0.00583529538497424,-0.0398954975250593,-0.029737880350894,-0.031343859737232,-0.0516571376260495,-0.0512826373013029,-0.0199974578940241,-0.0194709570839619,-0.0149494625506193,-0.0207431171332083,-0.0281973300024442,-0.0116538611497234,0.0132388253973503,0.000737299511692879,0.00603666507041276
-0.0398644409696761,-0.023336676118818,0.00662787253840638,-0.0397706626086376,-0.026121927764528,-0.0293274051030483,-0.0238259045455107,-0.0225254267605085,-0.0395911221414781,0.00747642284862057,-0.0761128077971172,-0.0413234033562256,0.0172471720660905,0.0111513458299668,-0.0150729399359449,-0.0414558383643007,0.00090215974152022,0.00365137062613499,-0.0534662765261483,0.0212894546896696,0.0196904617814825
-0.00110431807889865,-0.0260354121722632,-0.0360748244464634,-0.00920263730358378,-0.0307916783578154,0.0187904083620442,0.0226672188002185,-0.0279169949360241,-0.0458067934131251,-0.000323264309172705,-0.0459090376248939,-0.0326157439750803,-0.0076198481823507,-0.00440357909455198,-0.0184416633153805,-0.0601156444523112,-0.00069260778383437,0.0000524028498781193,0.0128719137641868,0.00850923631144714,-0.0014853260954925
-0.0260246143357823,-0.0211848775940657,-0.033405481993752,0.0133916786505311,-0.105218397760224,0.0179271142522837,0.0288257830069648,-0.00987344750587019,-0.047689428048693,-0.0547846342974356,0.013764281358038,-0.0589768611402204,-0.0016515189107846,0.00291317123061306,-0.0431251710066559,-0.0525349797431963,0.00807674348548629,-0.0592596708287912,-0.0183610940792786,0.0309746728268906,0.0343808113376395
-0.012222703968389,-0.0425737422191456,-0.0350314496245527,-0.0400965687917624,-0.0275046319204518,-0.0028221515604866,-0.000420445166312976,-0.0262437752715168,-0.0109696672173626,-0.0120576400327328,-0.06993154169358,-0.079802626388978,0.0222589168438048,0.0272489475170293,-0.0201383498675856,-0.0148559861843474,0.0180046046893049,-0.00879116498361437,0.0116339555523093,0.00564228094310922,-0.0109021505991957
-0.0209565282244012,-0.0493421988115126,0.00411171315486344,-0.0361391909751594,-0.0807506587907765,-0.0216489828078674,-0.0257089260477488,0.013428153692211,-0.0619035519577586,-0.0557377861097438,-0.00734962304388503,-0.0368130436511173,0.0221707791842132,0.0224041759211839,-0.0129406114559293,-0.0239598232971094,0.0127013847836643,-0.0208535170362859,-0.0371221322582343,0.00961792500072149,0.00976209093233137
-0.018947307904703,-0.0458633783313495,-0.110544915113862,-0.0129184880291555,-0.0254494755865564,-0.012668346686901,-0.000100982071553429,-0.00949551150086404,-0.00525703375190895,-0.0357114641752502,-0.0161486280929586,0.019534919799198,-0.018336959158185,0.0144364146102786,0.00282277110443829,-0.033141279524112,-0.022780402913533,-0.0073221914404735,-0.0616886663148405,0.00565162632796355,-0.01949161630345
0.00451561022597454,-0.0137212748081175,-0.0758493036196808,-0.0267097807440549,-0.041967354334958,0.00932363234890288,0.0049471463956603,-0.0325326707195646,-0.0667508041746628,-0.0248549700847883,-0.0270420692232243,-0.073526182494521,0.0155404317980546,0.0163675188557968,-0.01118083984387,-0.075456363221221,0.00436274570139106,0.041487316738931,-0.0120655158877346,-0.0339158965263285,-0.031645424706912
-0.00034468375162526,-0.0345572684937776,-0.0100387224941586,-0.0288226526362789,-0.0667379289636066,0.0684365305299667,0.0719145688484257,-0.0219625759181139,0.0201122058725135,-0.00299499733521713,-0.0638983785064361,-0.0430905624687745,-0.0109934755482853,-0.00532349575888703,-0.0342551963552297,0.00946531353216271,-0.0447404737504328,0.0137063225915949,-0.0384674986825216,0.00413872184540821,0.00387660344579773
0.00789255194084101,-0.00593070440173929,-0.0436132008537073,-0.0394277734157816,-0.072563144145506,0.0216910103697712,0.0276791865796211,0.0160864941480647,-0.0953688903597109,-0.0139346400022838,-0.0194397547916051,-0.0261232757988341,0.0342653056607961,0.0263594623875332,-0.0312420190525615,-0.0440829687452498,-0.024411627809368,-0.0149439862739346,-0.0203837833457751,-0.0224185839122456,-0.0166392875934481
0.0218679680026172,-0.0338150480477668,0.0330296348921043,-0.0413007133776879,-0.0388362538048617,-0.00381633662960571,0.00580722129123349,-0.0378306116695189,-0.0211921052813897,0.000484780500019544,-0.0610825258791177,-0.0573944522330918,-0.0250269672963756,-0.0294136602533833,-0.00530992519540806,-0.0324683147909839,-0.0662808280937001,-0.00193405572682948,-0.0394566933122063,0.0044670436919064,0.0072046519228075
-0.033861372480911,-0.0218904820039051,0.0309966528058646,-0.0398649657568309,-0.0502352164632645,-0.0112647781951913,-0.0165872139566569,-0.0315911291934043,-0.047533988892856,0.00627773612482446,-0.0266895649146868,-0.0530758702529788,-0.00797111791749049,-0.0151736569246707,-0.0169447874435568,-0.0311444778559815,-0.065250212777552,0.010482812788896,-0.063803624647789,0.0211590741308084,0.0155119582951123
-0.00359582054621272,-0.0453617292052848,0.0548420172685527,-0.0211936598507836,-0.0508477144737868,0.0110347801726914,0.0282844528074657,-0.021432881754696,-0.0448571151732006,-0.000383627500276151,-0.011958137855666,-0.0113197614438147,0.0187541720830884,0.00119951413830603,-0.0125493120551215,-0.016588046945679,-0.0535064570114995,0.00852401639362005,-0.00717139361217434,-0.0103753387892012,-0.0204375475287028
-0.0209316442717303,0.00726953911907371,-0.0208295985336953,-0.0291235233146546,-0.0498858144441668,-0.0178398119745204,-0.00493358002703773,-0.012661492389743,-0.0382199529693958,-0.0537109909542156,-0.00584576989680072,-0.0176304838417863,0.00912990076423578,0.0109019939303765,-0.0259086636808837,-0.0411867299139363,-0.0164697864710197,-0.0701069381257077,-0.0482561702847427,0.000696167321235616,-0.00183999716290808
0.0166506035616407,-0.0168100435872945,0.000542876168715012,-0.0403011836331567,-0.0690035530158325,0.00346978476140668,0.0142734273259721,-0.0338113580522024,-0.0291343637560397,0.00352928180472184,-0.00341170706690438,-0.0100328885375014,-0.0130657055540742,0.0236021578990156,-0.0115662018760868,-0.0409455293035651,0.00796659008231122,-0.0504072617263237,-0.0699649925608892,0.00552986625773111,-0.00954969329590582
-0.00596687800598442,-0.0673049343215235,-0.00228718701188244,-0.0542866728557302,0.00723572071475997,0.0087248351254243,-0.00119277220392148,0.00250385544976977,-0.027439806786997,-0.047102345410147,0.00461133063642979,-0.0392380278694186,0.0295654608297254,0.0266424717940105,-0.0138049769715149,-0.0281372336382474,-0.0485270556574911,-0.045693469185512,-0.0232935270087569,-0.0145656705267549,0.00760065097709922
0.00106265990168845,-0.0220664849378381,-0.0441682307156605,-0.0542834330398598,-0.0540901261497185,-0.00513025408696494,-0.0121837922365158,-0.031894300004008,-0.00384003587902788,-0.0571520178070471,-0.0614477952741311,-0.0317486770117706,0.00713118149961437,0.025074771834838,0.00376092476276416,-0.00276364941714612,0.0577409591542211,-0.0413936025830235,-0.0654154278239216,0.043742574648383,0.0553821162935661
-0.0202932335937837,-0.0632431058311956,-0.0188636348871782,0.00985844283256909,-0.032192744533853,-0.004046502646702,-0.011841697395985,-0.00933359412421084,-0.0498241044324832,-0.0401885478995587,-0.0577301174373281,-0.00940549159304666,-0.00201407319415618,-0.00603983248092099,-0.0173926536924914,0.00131346013597353,-0.032104909420751,0.00723330414953485,-0.0450235292678199,0.0468079209209657,0.0500669491102877
-0.0164037332585111,-0.0742217567901982,-0.0352617471999172,-0.00198534629687411,-0.0245782091413014,0.0200814150379198,0.0144819115050056,0.0184875297359268,-0.0513232000589217,-0.0336202330773929,-0.0312150053487465,-0.00782247832098526,0.0374843820268472,0.039144819897725,-0.0326865013228927,-0.0459096037852227,0.0314661200826029,-0.0174259577862523,-0.0854976812630587,-0.0195342819667631,-0.0377225742673699
0.00505800723014883,-0.00599336002487985,-0.00346629324485118,-0.0619509017737176,-0.0123947112257856,0.0199788300913222,0.0218653110656277,0.00879751189786988,-0.0475799084816339,-0.0127040423379851,-0.0485438059569946,-0.0260038291479337,0.00591483184696092,-0.0207934267020752,0.00179781258028114,-0.0232910163928711,-0.0387833465589068,-0.0120665688959237,-0.0651558118307711,-0.00385554053156548,0.00564727730628105
0.00509310235649343,-0.00937967849513978,0.0286367988750395,-0.0781988643551343,-0.0246532218277179,0.010974892699083,-0.00465074376923035,-0.0255622711559491,-0.0253025891665761,-0.0280530325722259,-0.0317539826960874,-0.0655961180284872,0.00833227492260401,0.0103555550548912,0.0025604774951074,-0.0109183858479874,0.0108398837741126,0.0517199375767826,-0.0873908908609206,0.0294575858057288,0.0249150993596884
0.0125696712670241,-0.0511903217791765,0.0300689655115977,-0.055069584140657,-0.0661830343020318,0.00995610488378322,0.0202094683121793,0.0146208346740339,-0.0156585057899321,-0.0734017127003235,0.00813370874754832,-0.0117334788491019,0.0272464391386692,0.0321441443608805,-0.0285594871522971,-0.0411928228217262,-0.034505894486032,0.0177095884584963,-0.0146007056734147,-0.0547234249467611,-0.0619044554717631
-0.000476413324224711,-0.0103575404435159,-0.0309606796536844,-0.0584291748683624,-0.0777104304686939,0.00519635272178083,0.0047597066103207,-0.0375256034843401,-0.0255745907310714,0.0277742068821668,-0.0606595629001341,-0.0681347915374464,-0.0216988633419974,-0.0209187483790526,-0.0330289519213791,-0.0383716976096676,0.0464596909009155,-0.000247252601898756,-0.0598100955478713,-0.0115591888906638,-0.0153972969480024
-0.0140139538463009,-0.0379766495997582,-0.0621419361528032,-0.110216709949154,-0.0262195047290417,-0.0211312080472295,-0.0200710430114546,-0.0106918902338636,-0.0532436311398642,-0.0198960021095902,-0.0162273475757066,-0.00733464948876716,0.0282275483691503,0.0144279975978969,-0.017206411904377,-0.0432659913127786,0.00368565827671963,-0.0552976675288873,-0.0629354398325142,-0.0127337080940762,-0.0198294750617845
-0.0227734640467331,-0.0190753848915277,-0.029747825203255,-0.0902833852787085,-0.0526285499468638,0.0118922811212363,0.0123510487747069,-0.00322083969390118,-0.0530276390694225,-0.0279454127890821,-0.0120487798062653,-0.0218230293158431,0.040917009221051,0.0403370842248537,-0.0221299887502444,-0.0489886467607608,-0.00784633631991924,-0.0290911415266271,-0.0616018204488821,-0.0286614740091491,-0.0140697374359074
-0.00818814787523673,0.00377822631909915,-0.00257571939739004,-0.0358778465985454,-0.0633176089103828,0.00243811226327387,0.0084350819517451,-0.0465263699522115,-0.0524550963761504,-0.0516106678095822,-0.00793669958285431,0.00641764591881294,-0.0212278382987865,-0.0116484077654545,-0.0175173512105343,-0.0365989576800586,0.0439645429437846,-0.0587775080535751,-0.0185803021864861,-0.0131802493348224,-0.013784217919239
-0.0347512236907828,-0.0127879930664607,-0.0214022165628327,0.0111549649272189,-0.0403026474129235,0.00620544581694582,0.0196796250591263,-0.0225267201691749,-0.0225299743019858,-0.00191764500520902,-0.0433191148754764,-0.0153088489098425,-0.00350298641187461,-0.00248663080643492,0.0109617088131618,-0.0229503420658205,-0.0422214698641762,-0.00882290170439567,-0.0264881694282404,0.0316460092041041,0.0436814616291014
-0.00156441390241818,-0.0256067582839728,-0.0052840753692952,-0.030686291772616,-0.0403056332417532,-0.0122617075916446,-0.00274349555150996,-0.00266175185415066,-0.0586994225898498,-0.0169099234649444,-0.0753658553295149,-0.0048517656136709,-0.000116266049493108,0.0134660141690298,-0.00680305266293463,-0.0583167795426654,0.0153116739449669,-0.00149562783425303,-0.0423484560842602,0.0259265010294221,0.0287919884365026
-0.00565794070443802,-0.0151329817541187,-0.0116132378254102,-0.0285831282940631,-0.0662929700676487,-0.00226085027527292,0.00717257379087241,-0.0473743861863952,-0.00608344714752555,-0.0177083563764961,-0.00847963280521785,-0.0555260172941103,-0.0104678686550007,0.0124964999089243,0.0072884931439548,-0.0682361120769963,-0.00292833051484642,-0.0204834396761981,-0.0549688437431405,0.0116934071691965,0.0329033206330339
-0.0117679356912198,-0.0259722862319588,-0.0319571950865531,-0.0381195116212931,-0.101552440841313,-0.0107049929167257,-0.0197350687296176,-0.0310441477727932,-0.0141403685818075,-0.00196423245973593,-0.0236833266127615,0.0122450181550343,-0.00869349023805242,-0.0244238126834947,-0.0146591692742832,-0.0131988350481699,-0.02557923704069,0.0109764807299076,-0.0358618971567192,0.00222799979862586,-0.025248036962341
-0.0520878320817246,-0.0218090790726994,-0.0184116694750353,-0.0416913003568466,-0.0140626403466875,-0.0173017962478117,-0.0352597582793551,-0.00984352868643105,-0.0243469516445594,-0.0369631728447545,-0.0299194322574593,-0.0513913481907716,-0.0263781387586979,-0.00768120724500744,0.0000849706022586216,-0.0469043424522736,-0.00387121734226094,-0.0620219333822571,0.00605126537852041,0.0316269945695274,0.0538834951774435
-0.00670731103038703,-0.0133214517262267,-0.0522828605006308,-0.0692607713400923,-0.0566489555234725,-0.0430167842097692,-0.0377137165058201,0.017357837560334,-0.039589644298237,0.022660097374547,-0.0236867817049758,-0.0304428815046691,0.0454021038986874,0.0513851074592424,0.0119719255120567,-0.015992857832632,0.00192947666166625,0.00588859342096135,-0.068782967926998,0.00809351742722936,-0.00587597924455799
0.0150392523140737,-0.0485649496803248,-0.038332939162107,-0.00367096814331452,-0.0911765646515424,0.0196093001196941,0.0426658539923969,0.00816352098359913,-0.0245522985565527,0.0203009496767817,-0.0104466310890119,-0.0568377781284053,0.0332805101970643,0.020521566470821,-0.0245207556596638,0.00217720786399264,0.0117141135745301,-0.0431876615059749,0.0235622051910632,-0.00754054376979348,0.00134198342457859
-0.0207781943427349,0.0295407968681307,-0.0142683264123275,-0.0510331172654258,-0.0232184639153585,-0.030105910557337,-0.0124155575732082,-0.0131575149361324,-0.00649603808600983,0.000578314667252083,-0.0232066413723246,-0.00180511446301407,-0.0212051110032872,-0.0223579406897537,-0.0268746585971627,-0.0238876121347283,-0.023941094437458,0.0218982978769394,-0.0276038010472665,0.00773912712202515,0.00236164195187102
0.00668231545120204,-0.0401424412521402,-0.0179064354730459,-0.0440445038002119,-0.0519662773860788,0.00146975194082796,0.0178397460332526,-0.0129451128818877,-0.0359473530048506,0.00877685147186488,-0.0764764046857377,0.0164303740476655,-0.0336073917635856,-0.0029905578147687,-0.00576632524600326,-0.0149536705103422,0.0335678687885912,-0.0171353856167861,0.0187130577386379,0.0165006357733867,0.0087445635671297
-0.0222282597633919,-0.00946363487751073,0.0143173523942074,-0.0472387818715956,-0.0418265813913875,-0.0150046178160536,-0.0176560326616926,-0.0161871103492737,-0.0429565214748971,-0.0304973251350789,-0.0109581491794381,-0.0366485203864202,-0.0158121888799915,-0.0192023900353393,-0.00939469153467807,-0.04632953791594,-0.030775977718023,-0.0728753294053692,-0.060808033567781,0.0311509388283377,0.0283265568300547
-0.00956392948737096,-0.0326735943120971,-0.0535551297242929,0.0107810499603018,-0.0443443669672373,0.000877795566333522,-0.00637039454011387,0.0131484209289182,-0.0579595342800455,-0.0190987437448805,-0.0141795640873519,-0.0616739468776006,-0.00967432144252547,0.00960635375211746,0.00171924272794214,0.0051684472404806,-0.0259048012994491,0.000216388285916608,-0.0551003686477493,0.0204312439162639,0.0220692616346931
-0.00650641667110682,-0.0298486964700275,0.00112270432175796,-0.0574284810292177,-0.042306454073822,0.0527618961946348,0.0494151565968912,-0.00259158517239592,0.00822788331113243,-0.0476712287804713,-0.0347777406457115,-0.021200441068453,0.0207063249617411,0.0193209085062908,-0.0114228674972039,-0.024071052477707,0.00516859499435028,-0.0186840429457529,-0.0439464264853348,0.0109380781185456,0.0143651158105371
-0.017714789426183,-0.077032174273077,-0.0125787745862558,-0.0423704836107968,-0.0413115070551712,-0.00989085958717107,-0.00833515513485415,-0.021298973817129,-0.0781943735832881,-0.0353763999183916,-0.0199108169511785,-0.0193116167605094,-0.0151042581614581,0.00197563277617061,0.0164335158232307,-0.0366791151165836,-0.00490927831106691,-0.0140686564849267,-0.0478200497748698,0.0284304626008849,0.0285914604231867
-0.00826875497635071,-0.0207288836934612,0.00528600773599505,-0.0243891278904206,-0.0386753816012924,0.00696516997493332,0.0112232569335098,0.00379990916723322,-0.0212757800821274,-0.0295735597754279,-0.0466947345536043,-0.038005718794846,0.028473216573015,0.0306821103120155,-0.0187452109161347,-0.0559392617691223,-0.0240537333171384,-0.0279017867588302,-0.0623298445182872,0.00021630770404199,0.0131953534827286
-0.00834729664563465,-0.0308741241185898,0.0109225299757681,-0.0267357736349017,-0.0471023618401386,-0.0126509743801606,-0.0128659862215955,-0.00589882709655108,-0.064308785451025,-0.0384188442774557,-0.00812138580702715,-0.00982106277365036,0.0113669430175036,0.0116192987300001,-0.0486852830211482,-0.0234041764646718,0.0178793437099028,-0.0885296254000869,0.00379796265532312,-0.0410857108478172,-0.0326748802758107
0.00310853975255526,-0.0751537180309913,-0.0106747283270933,-0.00857363845904638,-0.0535263366624403,0.00820835296893762,0.0248047314052296,-0.00667762520357626,-0.0131737898656409,-0.0672025895917234,0.0094922982213875,-0.0146146234550035,0.00956712571065076,0.0116269864504984,0.0260365740921199,-0.0534988143002934,0.0173465523251841,-0.0513909992539748,-0.0522836855264526,0.0408099089486406,0.0326548068764401
-0.0190507611741136,-0.0498626613227919,0.0209067163523492,-0.0325209128510289,-0.0708954670822519,0.00669894621520609,-0.0508306848257459,0.011268481211507,-0.049515656294087,0.0077399792547857,-0.0804368985043428,-0.0307005136631306,0.0457362852633332,0.0132144877712581,-0.00879139839301367,-0.0337715877221034,0.0340984112312131,-0.0302555473295305,-0.0750771599173751,-0.0073670957519614,0.0402912802153229
-0.00558356715425707,-0.0247540658406403,-0.0672290965520106,-0.0190555629218127,-0.100876958623698,0.0112215602569109,0.0104948238405415,0.00548701334489378,0.0100699732783642,-0.0597488058910586,-0.060947015786469,0.0173503727610067,0.0419458085853511,0.0761379896353533,-0.0162637466467373,-0.0263760667904003,0.0122702074228256,-0.0203718131136737,-0.0639480123235424,0.00594711252601172,-0.00207628971038239
-0.00109167390666261,-0.0182594997328577,-0.00886519825541639,-0.037763562997553,0.000150167299733828,0.0205362885038686,0.0410118197905369,-0.0388343519042248,0.0308466212611137,-0.0756852396746447,-0.0644348272877105,-0.025239507472738,-0.0125590332401915,-0.0230513537119313,-0.0162533336364911,-0.00665964926403034,-0.0448995536492488,-0.0411611188379924,-0.0249576151255438,0.0193131975863941,0.0149421444627426
-0.0127639534998328,-0.00781378607044569,-0.0263079365932109,-0.0638493086884533,-0.0222734145269174,-0.00725013774328317,-0.00312935425190337,-0.0458350402471236,-0.0185438693325,-0.0355800619881564,-0.101936858372595,-0.0205372600983548,-0.00864669065609638,-0.0119765354952078,-0.0076382868191488,-0.0690041012800715,-0.0263896432713064,-0.049558799996984,-0.0617007791582722,0.0189089109695667,0.0127133623537597
-0.028273942871359,-0.0357449053938047,-0.0196569246264235,-0.0386557200956439,-0.054709141179979,0.00401166411343823,0.00245919200114281,0.0136111688981982,-0.0134063553107142,0.000909323567491765,-0.0513943941918894,-0.0404094116137594,0.013538873628009,0.019084866303159,-0.00773041951304062,-0.0570469360858233,0.0191972584306098,0.0700882583631965,0.0184562838924252,0.0126505065083888,0.0074809068390929
0.0147516422677749,-0.0265068581098503,-0.0450095861320265,-0.0093801155743419,-0.0349343611202013,0.0795033114081549,0.0652000846838095,-0.0178995599693599,-0.0371051987221821,-0.09021044357386,-0.0724045641016227,-0.0240201003590834,-0.00639883291647805,-0.0161094589833437,-0.0308178626514786,-0.0827696317460623,-0.03121756576802,0.00621244412136715,-0.0843357368021779,0.00527865579602466,0.00310442345256402
-0.0394457446638338,-0.0159185466410005,0.00391686293338531,-0.00726555602705875,-0.028749378687103,-0.034999191499896,-0.0452689392815712,-0.00485066753672333,-0.0442021354903918,-0.0400146135575262,-0.0684972459087488,-0.0980356549030547,0.00224408486443657,-0.00347812330783163,-0.0162701915933971,-0.0371100750842172,0.0276819650921845,0.0148367087166602,-0.0982603484381909,0.00226969845683983,0.00439735606739981
-0.0130761560390051,-0.00406535221156405,-0.0103593906081597,-0.00759144810159312,-0.00692337256943076,0.0129116142463501,0.0140137386334475,-0.00334181700773941,-0.0283532383630638,-0.0311562993917217,-0.0608724669571087,0.0247602600078732,-0.00472332509155832,-0.00411722380882375,-0.0218388076524223,-0.05016679604994,0.0235944685822986,-0.00819789455051381,-0.0462471683914579,0.0239687761105235,0.0264473688146825
-0.00113673361128201,0.00181788244766261,-0.0157214972382303,-0.0254418949602578,-0.0611844400964846,0.0284451095452013,0.0111571857264496,-0.0151597658859077,-0.0402001828462048,0.0274694105006785,-0.0217578777960243,-0.0347445679772632,0.0134557322767721,0.00631597242736267,-0.0148237353059724,0.00409465691758236,-0.0210316419702376,-0.0176024277923233,-0.0904572528307415,0.011882878274018,-0.00626754182279372
0.00466017813067264,-0.0323602346982812,0.00888457005745269,-0.120242841526241,-0.0787743865710842,-0.0088212176858314,0.0115041082709157,0.00852065874118926,-0.0463335888694667,-0.00792052782788558,0.00513095331938793,-0.0924577224446154,0.0141261234502939,0.034153260416677,-0.0123898607469599,-0.0484404288520317,0.0185564974376423,-0.00546906595155158,-0.0155714621751215,0.00858515848890741,0.0120813290894171
0.00324449909520622,-0.0222465918561472,-0.00191749149490616,-0.0267654382839392,-0.0773644211921707,-0.00185929489828379,0.00434284200052319,0.0166721699772158,-0.0700333439294859,-0.0173147728603716,-0.0400949957812886,-0.0463304721979218,0.022612340615218,0.0192314875186582,-0.0213774261752794,0.00154352992491315,0.0514885323663687,0.0115692554161034,-0.0565537616582444,-0.017732095995066,-0.0165809971534005
0.000458130544659957,-0.0507583280265784,-0.0320784080947099,-0.0256009714144434,-0.0310546634963065,0.0312547527544404,0.0593562930788661,-0.0136327931819475,-0.0663160041509083,-0.00941915413433853,-0.0541755381742091,-0.103134648810828,-0.0131792513051186,0.0165987026044043,0.0297266888628902,-0.0540312954905741,0.00000211835866978372,-0.00620444651962018,-0.0188680037346219,0.0749253954522072,0.0633498053924258
0.00445206412796443,-0.0603519905738682,-0.0273323381795416,-0.0464241155830418,-0.03159067800009,0.0406200655680454,0.0439988764935453,-0.00208459049215361,-0.0474373322041242,-0.0265069104694391,-0.0618695174975572,-0.0519118790198818,-0.0234037976354095,-0.00471986269422421,-0.0371905380615001,-0.0396046188727967,0.00946806985586637,-0.0416746298982355,-0.0287002838918709,-0.0299194642281904,-0.0267862188249868
-0.00821394145959464,-0.00732043941015925,-0.0621322919417254,-0.0964375390645807,-0.0254486836681703,-0.0194060766793007,-0.0283214396418266,-0.0367434012123686,-0.0647897951927405,-0.0322039361259953,-0.0281601509188636,-0.0900898557536062,-0.0353019071585871,-0.0515982235088538,-0.0270975332810566,-0.022869383787216,-0.0221090484411077,-0.0889298415999456,-0.109125191747244,-0.0214836780336457,-0.0258275870085173
-0.0162067370416293,-0.00645364168783238,-0.035557661794914,-0.00797637936547521,-0.0445164645644054,0.012465200971209,0.0174552171595091,-0.0231362500887136,-0.0428040615324364,0.00220915637711172,-0.0334790110318746,-0.0402303555875829,0.00821648556357105,-0.0041517692119475,-0.0195433268849695,-0.0373434401822025,0.0265862115924794,0.00742559928392511,0.00154688822299531,-0.0286792384609423,-0.0210270446039065
-0.00109026301594694,-0.0435723252735818,0.00344365627712895,-0.0651431933059269,-0.0567796996922081,0.0284100539662132,0.004362860023572,-0.0126590357671165,-0.0614528549610973,0.044815865208846,-0.10907137331183,-0.0149543674313735,0.00207808769975427,0.00124693180447596,-0.0171493523890681,-0.0348072657446799,0.000954361543640675,-0.0286708907711946,-0.0395671630621831,-0.019004725225651,-0.0262326885151878
0.00497515252973773,0.00344557247588376,-0.0259696470911864,-0.0525324688072474,-0.0305581905407979,0.0402295533933,0.028500531791715,0.00526759344303195,-0.0778991383250588,0.013484356291208,0.00933350123670701,-0.0366159495692627,0.016722831708586,0.0165336190976084,-0.0251804032170912,-0.0259048474940981,0.00887081712387278,0.00872045727828666,-0.0936239838236599,-0.0325231985499013,-0.0360450237500625
-0.0350377091998022,-0.0469442538175012,-0.0403761313503013,0.0379117955693345,-0.0520021463065501,-0.00548923979162956,-0.0234771276050093,-0.0193607187982018,-0.0580001181690015,-0.0140059370760347,-0.0244960560518664,-0.00663171964764148,0.0131896387164444,0.0139659037814821,-0.00645782791702955,-0.0572248655452049,-0.0442076521566299,0.0266137682928632,-0.0923466145848691,-0.00916086155844551,-0.008248692347063
0.0133310657049787,-0.0403214805428037,-0.0152957844777759,-0.0647968916280101,-0.0666259730419009,0.0522596481311614,0.0504680749801541,-0.0161331737513523,-0.0645648185776818,0.0158152793304156,-0.0634273688038462,-0.0300558100362031,-0.00502267085585151,-0.0184807246169865,-0.00213309235597487,-0.022165252264505,-0.00439635880807804,-0.0227458647071521,-0.101247874515481,0.0543859084464433,0.0797756302342026
-0.0192204029130721,0.00755306049466559,0.0192580245595387,-0.015451501887079,0.0044574792646857,-0.00331196250443642,0.000742200438208038,-0.0201813293151585,-0.0529542558915581,0.0258448759300228,-0.0247018867825379,-0.0383865048724282,0.0044445838795807,0.00507047278261517,-0.0128439816875371,-0.10903824337473,0.017381818524401,-0.000250190947662321,-0.067214526746474,-0.014504588049061,-0.00155343077140135
-0.0175277734098915,-0.0489866268909331,-0.0305339092067053,-0.0677833533268784,-0.0356824238952447,0.00675192980800865,0.016372555472789,-0.0208320977421147,0.00435300156795822,0.00345001597469191,-0.0682293853225564,-0.0207703168274901,0.00203799756669568,-0.0187682400973287,-0.00681211157332934,-0.0261019950965356,-0.0178489369647516,0.071228120027916,0.0586480754750728,0.0225267648042707,0.0071370313503755
-0.0112213916426207,-0.0478908215445826,0.00384842276171399,-0.0511662230122696,-0.0177863007237727,-0.0102603786615875,-0.015508425588442,-0.0218754857009905,-0.0280500651429367,-0.0311285313618458,-0.0434238902568582,-0.0301185512790152,0.00969529504368948,0.0164130212507394,-0.0117598547555369,-0.0227211623755019,0.00387432357813339,0.0130323043393245,-0.0179230156450484,-0.00935558946107371,-0.00797395594967241
-0.00778270385034587,-0.0646244556218484,-0.0167686797250581,-0.00450332169503706,-0.0670263758527326,0.0128221651990982,-0.00339827392197184,-0.0273883052721146,-0.0170687396791761,-0.074520191874279,0.0209007252843102,-0.0421592196566051,-0.00953084508957812,0.0171603369557773,-0.00309252162630849,-0.0412614082440695,0.00224090990650289,-0.0186640691806993,0.0319331690797762,0.0233435956329569,0.0233572324002566
0.00339855339897151,0.00037400965858371,-0.0470571744914603,-0.00615109116124024,-0.0676502615134116,0.0181576960576167,0.0101777519772972,-0.00694148180117273,-0.0460191021262897,0.0164971207282925,-0.0666995154184885,-0.05722383973726,0.0525739810049547,0.0584605339946106,0.00684186894740051,-0.0333324728992812,-0.0126034855748166,-0.0286574820603427,0.0347674755575785,-0.00400547912768511,-0.00486801409999098
0.0204483086650479,-0.0581389326131102,-0.0208280714378083,-0.0298891689971181,-0.0499130916205368,0.0462336420132323,0.0473234585406218,-0.0151789544605785,-0.0291076569621022,-0.0209326594233042,0.00949843206049222,-0.0275629408373773,0.0391087303477182,0.0182312831214486,-0.0189766879921769,-0.0412166962068315,-0.0198010557802944,-0.00900329931504595,-0.0274339482488561,-0.010481091066136,-0.00455670798583889
-0.0404217093549713,0.0014796053680302,-0.0288982125661989,-0.0121634636679175,-0.0142825245920297,-0.0194872606738747,-0.0300314575927888,0.000494342693299316,-0.034318274037626,0.0149481243908005,-0.0710182273030875,-0.00384408533828529,0.00256010728080967,0.00763115935240256,-0.00163796845152979,-0.00648298211896155,-0.0299103688244021,-0.00506863073669567,-0.0697754604229157,0.0181025718180744,0.0149727358893641
