"definition","replicate","Q1","Q2","Q3","Q4","Q5","bottom_decile","risk_lt_5pct"
"ALT_A_20_39_vs_40_79",1,-0.0085172339578755,0.0082804304528893,-0.0106808018167069,-0.0496260143263406,-0.0579988386531504,0.00447601130472352,0.0107777879433054
"ALT_A_20_39_vs_40_79",2,-0.0349316079393214,0.0116667336649548,-0.0198370404871899,-0.0441301985957117,-0.0669011540963375,0.0110313536704397,0.0178331391898712
"ALT_A_20_39_vs_40_79",3,-0.0102624626304786,-0.0296685817966676,-0.0556381222660562,-0.00590592920506486,-0.0633665753434656,-0.017049780939541,-0.0238363247882779
"ALT_A_20_39_vs_40_79",4,-0.0179408873617183,-0.0158437063465819,-0.00273373232815455,0.00902767533643606,-0.0404125419784471,0.0158914427456471,0.00561892264384727
"ALT_A_20_39_vs_40_79",5,-0.0111688296777062,-0.0325060737398674,-0.00148376475781153,-0.0234546302665611,-0.0842415410525586,0.00752257809850468,0.0128201981557047
"ALT_A_20_39_vs_40_79",6,0.0180255413132955,-0.025844108622081,0.0237389421490304,-0.0594142670902834,-0.0385803876864037,0.0229197269527111,0.0239027086199862
"ALT_A_20_39_vs_40_79",7,-0.0354182413597928,-0.0171298115551562,0.00405262571672427,-0.0151219598069367,-0.0470498462524668,-0.00649648330424157,0.00679078921276454
"ALT_A_20_39_vs_40_79",8,0.00834924428087525,-0.0764313469787694,0.0377162664518541,-0.0286733837730436,-0.0599910393232668,-0.00282889317630995,0.0183747607918104
"ALT_A_20_39_vs_40_79",9,0.00226184458817043,-0.033095669449273,-0.0438145712919022,-0.0796890715410508,-0.0985037331838992,0.0541303319417047,0.0538625012130793
"ALT_A_20_39_vs_40_79",10,0.00918054513248202,-0.062754946317505,0.0113373582846342,0.0093035067916421,-0.0554397215453269,0.0431218554636182,0.042912189791707
"ALT_A_20_39_vs_40_79",11,-0.0211801340980008,-0.00738912709238204,-0.00446077414145499,-0.0465215507370065,-0.0821755671000538,0.01056344715208,0.00373324954368374
"ALT_A_20_39_vs_40_79",12,-0.00598013487233323,-0.0132212235452531,-0.0543417351074523,0.00532587255594624,-0.0357439065401268,0.0412452583193094,0.0419698974240104
"ALT_A_20_39_vs_40_79",13,-0.00509077599784362,-0.0293589131329398,0.054081118903386,-0.0392968740605802,-0.0840089846756233,0.0287304775903692,0.0505908709844711
"ALT_A_20_39_vs_40_79",14,-0.0273280317501207,0.00544181097846447,-0.0161726328048196,-0.022599882059867,-0.0416772424969471,-0.0129468663648154,-0.0320950649622367
"ALT_A_20_39_vs_40_79",15,0.00612530194019201,-0.0716018211233031,0.00587016435880131,-0.059181979873828,-0.0866791216128999,0.0445365761741978,0.0343294348659126
"ALT_A_20_39_vs_40_79",16,-0.0150996515712616,-0.0682174947034345,0.0190287090107621,-0.037959225080249,-0.0793969868960568,-0.00170780392310651,0.0248319027641577
"ALT_A_20_39_vs_40_79",17,-0.00719525916404121,-0.0192927692524936,-0.0114607856703534,-0.0193271693398343,-0.0530048130878036,6.95197910215717e-05,0.0264710310288098
"ALT_A_20_39_vs_40_79",18,0.00850454533849421,-0.0519765381548915,0.0267735034303707,-0.0492568300596326,-0.105528050868417,-0.000569590708766637,-0.0020597050067879
"ALT_A_20_39_vs_40_79",19,0.0307979695365088,0.0117200522229916,-0.0141095681060973,-0.000208465083994192,-0.0753009550968966,0.0579571423485175,0.0791468693314791
"ALT_A_20_39_vs_40_79",20,-0.00110131697971057,-0.0227754253386241,-0.0114611011006898,-0.0108568846299722,-0.0468446985127075,0.0252045915445955,0.0252510370158597
"ALT_A_20_39_vs_40_79",21,-0.0138104122176992,-0.0243194223791736,0.0243725771312217,0.0418891713866833,-0.149951824344414,0.0135909190974335,0.0188627422153938
"ALT_A_20_39_vs_40_79",22,0.000960950704699877,-0.0239629000493412,0.0168497540410867,-0.0056564423260714,-0.0283550854015659,0.0583413604486017,0.0272866486571979
"ALT_A_20_39_vs_40_79",23,0.0039423564297001,-0.0327391757207569,0.0106863879290661,-0.0466716082632491,-0.0466303329782366,0.0670912348419417,0.0700423720888425
"ALT_A_20_39_vs_40_79",24,0.00351241036684488,-0.0601138463197223,-0.02355779845969,-0.0361123568299554,-0.0138122456752207,-0.0171692967401451,0.00781402591149499
"ALT_A_20_39_vs_40_79",25,0.0167934249224714,-0.0153538805457846,0.0681669698907799,-0.0550507884466047,-0.0917349903298803,0.0197280137225275,0.0184752959708794
"ALT_A_20_39_vs_40_79",26,-0.0044656555512764,0.0212355212623254,0.0144386835277795,-0.0747238284961357,-0.0833617731945956,0.0270800616689363,0.0252203543994515
"ALT_A_20_39_vs_40_79",27,-0.0341171254399175,-0.045920863910116,-0.0592873279342262,-0.0674751763922481,-0.0171200751194984,0.00711210416150124,0.00947390547946993
"ALT_A_20_39_vs_40_79",28,-0.011333939214986,-0.0106151594426366,0.016685979640945,-0.0393331011498159,-0.0344231935380686,0.0134906992113884,0.00992293458203837
"ALT_A_20_39_vs_40_79",29,-0.0218233106807764,0.000635352034533507,-0.0078154077745856,-0.0671122699301875,-0.0528084019052987,0.0108243519029216,0.0104396698194627
"ALT_A_20_39_vs_40_79",30,-0.000714076132613081,0.040556310522272,-0.0353356572408366,-0.0549830380968607,-0.0410427165116079,0.0379350062414378,0.0197517572281098
"ALT_A_20_39_vs_40_79",31,-0.00421014717239403,-0.0326359622246829,0.0129536758774644,-0.0195199087199678,-0.0461825155963941,0.0243671737047785,0.0238451047716568
"ALT_A_20_39_vs_40_79",32,2.20720305668526e-05,-0.0395302605571916,-0.0152667707844019,-0.0206278526890377,-0.086684760465495,0.0712429490175901,0.101641541210622
"ALT_A_20_39_vs_40_79",33,-0.00614728549699213,-0.0520915830638902,-0.000669267915522354,-0.0513154711181436,-0.0860204300365023,0.00568245068020042,0.0039965500639213
"ALT_A_20_39_vs_40_79",34,-0.0375180409174524,-0.0370878637626734,-0.0111523715910904,-0.0306680881771844,-0.0938209610034705,-0.00862668753305287,-0.0115987176627765
"ALT_A_20_39_vs_40_79",35,-0.0084700611238049,-0.0125419251266588,0.0250619621747256,-0.0191739419939189,0.0222854023821414,-0.00347309095120613,-0.00326769193188184
"ALT_A_20_39_vs_40_79",36,-0.00196792745726949,0.013823263465288,-0.00965460364765419,-0.0215364254438913,-0.0187181103795726,0.0493211609723406,0.0484777886327942
"ALT_A_20_39_vs_40_79",37,-0.0142833367386786,0.00707594395133668,-0.0186188907849691,-0.00412923411358027,-0.139227712836467,0.00367138932177979,0.00346285686466303
"ALT_A_20_39_vs_40_79",38,0.003305929120266,-0.0238121568443465,0.00860240184131597,-0.060031649755261,-0.0807267930037384,0.0358507129891909,0.0358507129891909
"ALT_A_20_39_vs_40_79",39,-0.0190237487308604,-0.0327343366786865,-0.043335616712574,-0.015485198589081,-0.00462828367931667,0.000222704494923585,0.0350133453410058
"ALT_A_20_39_vs_40_79",40,-0.00250464518981725,-0.0486424255713548,-0.0223303779704494,-0.104253487448897,-0.0547057570018722,0.0145156972127184,0.0122748869111449
"ALT_A_20_39_vs_40_79",41,-0.00773383073493205,-0.0136049796646987,0.0079804387965916,-0.0263521480410546,-0.0827027425171262,0.0217889625310892,-0.010376332429552
"ALT_A_20_39_vs_40_79",42,-0.00173845130351798,-0.0165966363674093,-0.0800592166077623,-0.0385130053401417,-0.0439852918888742,0.0198335074210157,0.0478320612765654
"ALT_A_20_39_vs_40_79",43,0.0134599823678229,-0.0428650037605049,0.0179901445666205,-0.0270690825060997,-0.113186139454602,0.0305885547063445,0.0385389303181516
"ALT_A_20_39_vs_40_79",44,-0.0162223140705165,-0.0382761229074602,0.000869854704647094,0.0139857400292984,-0.0299647639703748,-0.0272160182097952,-0.0199259986120783
"ALT_A_20_39_vs_40_79",45,-0.00248708511588305,-0.0565889316952805,-0.0155839392435637,-0.0122174412178521,-0.0228171620761475,0.0571302681888407,0.0540534688338702
"ALT_A_20_39_vs_40_79",46,-0.00443702268662904,0.00869077815542157,-0.0112449640185051,-0.0408381876657383,-0.046005972319728,-0.00345600128846722,-0.000984689460232238
"ALT_A_20_39_vs_40_79",47,-0.0309776602999667,-0.00878106857824157,0.00381965479783261,0.0143774221055911,-0.0799045793566746,-0.0179177540546673,-0.0213546584525256
"ALT_A_20_39_vs_40_79",48,0.00169315272542438,-0.0723651230386071,0.0148921334362701,-0.0672450152658106,-0.0480690517050453,0.0191489851878983,0.0159762220416916
"ALT_A_20_39_vs_40_79",49,-0.0340638238423775,-0.029463789866104,-0.0134986357668563,-0.0375773668354956,-0.0721818659788561,-0.0243359207159177,-0.0422757091659502
"ALT_A_20_39_vs_40_79",50,-0.00399664421376655,-0.0335212841769593,-0.00437032112327637,0.00668716649753412,-0.103178570615616,0.00431023010629457,-0.00734647082643733
"ALT_A_20_39_vs_40_79",51,-0.0118589875931988,-0.00794027938869825,0.00503137077150873,-0.088941436774948,-0.036192368038914,0.0255184425022207,0.0282274224815345
"ALT_A_20_39_vs_40_79",52,-0.000249706798156155,-0.0820194834920462,0.00709004333714566,-0.0380747734430435,-0.0798893951079542,0.00327510118882175,-0.00636715256168184
"ALT_A_20_39_vs_40_79",53,-0.0239418714143325,-0.00859319757205212,-0.0108107017016114,0.0127928744397479,0.0128837975792465,0.0420552739681524,0.0729129769993625
"ALT_A_20_39_vs_40_79",54,0.0127367335638548,0.0196194296810361,-0.0205081171525482,-0.0635855791077481,-0.054492760942425,0.0166330697686376,0.0156271074648787
"ALT_A_20_39_vs_40_79",55,0.0327056572689753,-0.0358564841885794,0.0164947960308962,-0.0647552535610519,-0.0721685130292532,0.0745013062702438,0.0996133004054647
"ALT_A_20_39_vs_40_79",56,-0.0161223005873562,-0.0850542151669858,-0.0166555185446984,-0.00235597500394413,-0.0756503319803439,0.0272843004836821,0.0246188288529647
"ALT_A_20_39_vs_40_79",57,0.00679448248306976,-0.0133533128755645,-0.0165284628908169,-0.0316844114722499,-0.0379205345103954,0.0265570423291866,0.0277246853503963
"ALT_A_20_39_vs_40_79",58,0.00937397977714695,-0.00989366012656084,-0.0371600027382124,-0.0247006002520829,-0.0155175368790688,0.0143550240752995,0.0506770846262732
"ALT_A_20_39_vs_40_79",59,0.022627251471488,-0.0411498660366896,-0.00867480242406535,-0.0602374609027521,-0.0867467301721134,0.0136952264053415,0.0041556308758775
"ALT_A_20_39_vs_40_79",60,-0.00662491634571281,-0.0580338841662524,8.10870584989909e-05,-0.00353855731090805,-0.0867243640643566,-0.0070946660015372,-0.00659094422726016
"ALT_A_20_39_vs_40_79",61,-0.0124124790849222,-0.0421681578189249,0.00955249375025341,-0.0193714201885334,-0.054953029094559,0.0177918792876434,0.0274140466454012
"ALT_A_20_39_vs_40_79",62,0.00824262840870781,-0.0297988078274653,0.00270286064053221,-0.0163690324763175,-0.0564535861943316,0.0423216124317888,0.0462863093535056
"ALT_A_20_39_vs_40_79",63,-0.035875703957787,-0.0108471803016209,-0.0291267272425927,0.0399811572459509,-0.0647774215648602,-0.0191987228326705,0.0169604738672837
"ALT_A_20_39_vs_40_79",64,0.0279816120183294,-0.0906934330717119,-0.0251751339314012,-0.0287079096115662,-0.0527266413118183,0.0395504479236093,0.0345377418188656
"ALT_A_20_39_vs_40_79",65,0.0124398853045019,0.00144475501994236,0.0276219766007071,-0.0916491540300334,-0.0677722641841397,0.0541709257870545,0.0480346934568781
"ALT_A_20_39_vs_40_79",66,-0.00252329896903962,-0.068448911485707,-0.0393337556275238,-0.0309767762614193,-0.0427602764885587,0.03125035439269,0.0487356969053961
"ALT_A_20_39_vs_40_79",67,-0.0212918702590978,-0.0609029536948196,-0.000918240597683584,-0.0256715241748893,-0.0837319795231407,0.00562030153164236,0.00467660314693832
"ALT_A_20_39_vs_40_79",68,0.00485573988523715,-0.05254985419464,-0.0590177684991725,-0.0194475796981366,-0.0922374433089866,0.0179339467910346,0.077342412071806
"ALT_A_20_39_vs_40_79",69,0.0322973734919817,-0.0539439233302365,-0.0019196627005382,-0.0274860268765224,-0.0422732936775076,0.0534874055587608,0.0484512401141177
"ALT_A_20_39_vs_40_79",70,0.00108784440344395,-0.0187890473029314,-0.0214345716487724,-0.0571734546124145,-0.0158346901291059,0.0318579485786804,0.0268516214178593
"ALT_A_20_39_vs_40_79",71,-0.0139962492935578,-0.0596368544909866,0.00635419378373769,-0.0353030730830965,-0.0236611300090677,0.0239349109723447,0.0239217178908474
"ALT_A_20_39_vs_40_79",72,0.0195270773936489,-0.0508729763038986,0.0062113096137246,-0.0333821229550058,-0.0390933184841674,0.082884779206697,0.0947289381268502
"ALT_A_20_39_vs_40_79",73,-0.00627473282518354,-0.0294617769130499,0.0187588152644475,-0.0475586096423038,0.0556189568951249,-0.0266815837576356,-0.0238702751473027
"ALT_A_20_39_vs_40_79",74,-0.00659632742705375,0.0289901932248727,0.013515947506209,-0.031739426125652,-0.083085861905649,0.0045603332837764,0.00973948560564248
"ALT_A_20_39_vs_40_79",75,0.0225591729181341,-0.0398431723282985,0.0137810162465163,-0.0477026396740208,-0.00743935086509856,0.00565578981225358,0.0126896150880597
"ALT_A_20_39_vs_40_79",76,0.00028460037601867,-0.0263913605665293,0.00301412813767499,-0.0195610038743879,-0.0713671165232011,0.029161835991306,0.0315578716782842
"ALT_A_20_39_vs_40_79",77,0.00677436417221726,-0.0177251189041644,0.0319897138612092,0.00320253625456229,-0.0292899460121273,0.0485658153232068,0.0475491238990479
"ALT_A_20_39_vs_40_79",78,0.00777290577978165,-0.0491829721060917,-0.0136831358570375,-0.0769615174914075,-0.0292355260822638,0.05697604586091,0.0627042024260891
"ALT_A_20_39_vs_40_79",79,0.0406139982022169,-0.0328468203004063,0.0093904153184951,-0.0247644553842719,-0.082437774151116,0.0360308797126801,0.0390713021949724
"ALT_A_20_39_vs_40_79",80,0.00682523264091267,-0.0498841801311344,0.0538445552392137,-0.0394011376991816,-0.0737816985381406,0.0399853747999146,0.0340881343662124
"ALT_A_20_39_vs_40_79",81,0.0188968478311016,-0.0243409228652014,0.000938476413340134,-0.064283247481064,-0.0430463523209172,0.0194598042416074,0.0183043811759507
"ALT_A_20_39_vs_40_79",82,-0.000158815127670298,-0.0376247708020896,0.0307149360198958,-0.0220469958702222,-0.0935485079138981,0.0290002227828545,0.0406127612429883
"ALT_A_20_39_vs_40_79",83,-0.0247074295033353,-0.0646612383438534,0.0168883399951854,-0.0157047807471626,-0.0641377825449538,-0.0364970739219268,-0.0464553326477013
"ALT_A_20_39_vs_40_79",84,-0.00465819714109744,0.00156638020142025,-0.0460764913499232,-0.0365506740406977,-0.0325745946291274,-0.025509748804303,-0.0229181487860396
"ALT_A_20_39_vs_40_79",85,0.00696139818479833,-0.046628947973846,-0.046935681636455,-0.00907811403478981,0.0103111284671507,0.0528490728718662,0.0320719997098565
"ALT_A_20_39_vs_40_79",86,-0.00191265349476565,-0.00796123760770881,0.00246905224261323,0.00551093606156972,-0.0674089099127334,0.0258814767151741,0.0141621221135696
"ALT_A_20_39_vs_40_79",87,-0.0117694210617662,-0.0319852065856376,-0.049662866481781,-0.00826263697684229,-0.0442075032771581,0.0258813211805854,0.0234581250786274
"ALT_A_20_39_vs_40_79",88,-0.00602664872442561,-0.0557291016761612,-0.00954673260573874,-0.0126792149026421,-0.0366057075912984,-0.00414362283778474,0.0049554498512594
"ALT_A_20_39_vs_40_79",89,-0.00896223533497767,-0.0201425447325623,0.0135380839401895,-0.0442587936488872,-0.0755360375017452,0.0311070623150995,0.0207241018963271
"ALT_A_20_39_vs_40_79",90,-0.0153200318171889,-0.0053149791801249,-0.0197896219953184,-0.046320447324757,-0.024887839881626,0.00921500933904328,0.00940767097436936
"ALT_A_20_39_vs_40_79",91,0.00228535259709559,-0.0293925472405689,0.0179011800264274,-0.065714383483794,-0.0457728972239388,-0.0294667409909802,-0.0291562030060872
"ALT_A_20_39_vs_40_79",92,-0.0195168584950271,-0.0186447967458955,0.0224441333610805,-0.0247622826705769,-0.0612996885675481,0.022689733140395,0.0213179279698873
"ALT_A_20_39_vs_40_79",93,-0.00797824960928051,-0.0271514054321372,-0.0411139293304545,0.0067569192019486,-0.131037012359205,0.0414216677056399,0.0427262872827731
"ALT_A_20_39_vs_40_79",94,0.0107386381897817,0.00281723519167615,-0.00734738172700769,-0.0342763559981288,-0.0442223958838401,0.0460060017971627,0.0452438683990901
"ALT_A_20_39_vs_40_79",95,-0.00237448123799298,-0.0620740677805357,-0.026622604669079,-0.0432954411177872,-0.0243863969194889,0.0107779958422463,0.000719788478581854
"ALT_A_20_39_vs_40_79",96,-0.00515300981850686,-0.0312873751471179,-0.0109815807925525,-0.0325865977615037,-0.00442313530991278,0.027758457439898,0.016890477161251
"ALT_A_20_39_vs_40_79",97,0.0217083714063626,-0.0413368790277693,0.00629804381115695,-0.0875911820199766,-0.0190872958583082,0.023891962412346,0.0586991609489757
"ALT_A_20_39_vs_40_79",98,-0.0218223573789875,-0.00320596551934622,-0.0420289488981747,-0.00238710150056398,-0.0738830158408343,-0.0234243649453442,-0.0097246044841402
"ALT_A_20_39_vs_40_79",99,-0.0269635018690212,-0.0604014401304387,-0.0442881305627818,-0.0235177986398683,-0.0263337150166376,0.0164628540170525,0.0207784522779453
"ALT_A_20_39_vs_40_79",100,-0.0100945107582585,-0.0506027559012811,-0.0142702950693547,-0.0343812912513601,-0.0739347938549996,0.0293225032508367,0.0427278111369996
"ALT_A_20_39_vs_40_79",101,-0.0163309602466715,-0.0105702942253394,-0.00642152750324221,0.0269866937482987,-0.0790999116650009,0.0478820764155362,0.0300428656619268
"ALT_A_20_39_vs_40_79",102,-0.0283284770447927,-0.00504031703801086,0.0026430797775909,-0.0240542094300868,-0.0250249919125085,0.0116085280264324,-0.00673882071321429
"ALT_A_20_39_vs_40_79",103,0.00886441285653913,-0.0517347698354208,-0.0262653346693001,-0.0303101474055551,-0.0121737690061455,0.00765746923282416,0.0112536098168649
"ALT_A_20_39_vs_40_79",104,0.00431791797998882,-0.0332014128592573,-0.0268124550918251,-0.0874083453114039,-0.0419418148066559,0.0513761978004395,0.0340865443576476
"ALT_A_20_39_vs_40_79",105,0.00580187251851519,-0.0530303947292692,0.0209063224827191,-0.0305668409156721,-0.0603351687525311,0.0366883548315374,0.0318609176711964
"ALT_A_20_39_vs_40_79",106,-0.00435648446128709,-0.0679717409477425,-0.0416810909721067,-0.0468392002475525,-0.0933056560110848,0.00610823931472637,0.014828508910772
"ALT_A_20_39_vs_40_79",107,0.00423184179157782,0.000987644337441931,-0.0189606298931481,-0.0560530086471648,-0.0168628847114006,0.0297416203779852,0.0291745349544629
"ALT_A_20_39_vs_40_79",108,0.0131109053056284,-0.0398127244214644,0.0131001963520855,-0.0103729304233542,-0.0483650076812063,0.0380778927235795,0.0484265151661286
"ALT_A_20_39_vs_40_79",109,-0.0229010521227391,-0.0474386048473427,-0.00169666726485987,-0.0193877283437437,-0.0845433481532878,0.0210484429539375,-0.0179101364500436
"ALT_A_20_39_vs_40_79",110,-0.011095750896119,-0.00999446844662753,-0.0343978898377545,0.0119609757783753,-0.0619971157319703,0.0556051915872128,0.0599525334591914
"ALT_A_20_39_vs_40_79",111,0.0288806988062089,-0.0413169294875484,0.00887537225764609,-0.0405345283594455,-0.0673471200601034,0.0653795539732801,0.0686204355311256
"ALT_A_20_39_vs_40_79",112,-0.0270445248664672,0.0165901707996039,0.0293926785085319,-0.0494105469705687,-0.0769528860941371,-0.00386920518899059,-0.00743215083751454
"ALT_A_20_39_vs_40_79",113,-0.00237427023385922,-0.0173808224493524,-0.0356889148243223,-0.0646738012035896,-0.0494705036652095,0.0381735039873904,0.0657960440046643
"ALT_A_20_39_vs_40_79",114,4.59549541366316e-05,-0.0162569745365861,-0.0228841553013914,-0.0786974946339557,-0.091138430491662,0.058723277835669,0.0571225640838655
"ALT_A_20_39_vs_40_79",115,0.00915072814964399,-0.010275462195577,0.00374817166388575,0.0132058198278208,-0.135242615861266,0.0369581597731612,0.0304203396466267
"ALT_A_20_39_vs_40_79",116,0.00201330088327905,-0.050749921639001,0.00436124350572037,-0.0741158556805647,-0.0530515018698442,-0.00801475404222642,-0.00767928634716664
"ALT_A_20_39_vs_40_79",117,0.00182359073797893,-0.0196235949910678,0.014603579058402,-0.0682517664908989,-0.0578741613435676,0.00149993819820352,0.0064742561778615
"ALT_A_20_39_vs_40_79",118,0.0258513895621708,0.00256332908863065,-0.0323620716169133,0.0217904505906966,-0.0812083135448294,0.0725220241042917,0.12042136835681
"ALT_A_20_39_vs_40_79",119,0.00862244334403243,-0.0334757006016823,-0.0249185097410353,-0.0273845191377929,-0.0311900726167816,0.0082843865578458,0.0240075497881141
"ALT_A_20_39_vs_40_79",120,-0.00956927072366806,-0.0559639158472366,-0.0192219824265473,0.0127212058537076,-0.0592528158574714,0.0455419232449727,0.0145222090134573
"ALT_A_20_39_vs_40_79",121,-0.0221431520936803,-0.0438356116881622,-0.0151355405722752,-0.0553426604333794,-0.0311693254903267,0.0242633300479825,-0.0151704342006393
"ALT_A_20_39_vs_40_79",122,0.00373735191340119,-0.0400335059826915,-0.00789470234273024,0.0276631559635429,-0.0577253186107115,0.0314886618567302,0.032683317745215
"ALT_A_20_39_vs_40_79",123,-0.00337217219351361,-0.0457546472971128,-0.0263957409543112,-0.00740143560966527,-0.0637368710981753,0.014794636390088,0.0231943691713844
"ALT_A_20_39_vs_40_79",124,0.00205290942606337,-0.00797709071109001,0.0482701941306789,-0.103857090756688,-0.122546558760531,0.0683509757270371,0.0368020645506741
"ALT_A_20_39_vs_40_79",125,0.00468770834393756,-0.0078605221864182,-0.043337350854909,-0.022178552943203,-0.0615350467801147,0.0015460364005896,0.0213772445537181
"ALT_A_20_39_vs_40_79",126,0.0126865319889836,-0.0180515717801907,-0.00180752860681563,-0.0518159758789132,-0.0277791623376653,0.0447186292162199,0.0445986815369116
"ALT_A_20_39_vs_40_79",127,-0.0102782577813548,-0.0335311216532602,0.00678083116701736,0.000897293173485358,-0.0534553385218938,0.0155758325395517,0.0167206512878262
"ALT_A_20_39_vs_40_79",128,0.000424478296564203,-0.0734900123183431,0.0548114090146009,-0.0305145113411155,-0.0651889688800978,0.049334673887224,0.0504982227306491
"ALT_A_20_39_vs_40_79",129,-0.0258819059253792,0.0089980759765789,0.000789166621658011,-0.0402933959514034,-0.0813941442919344,-0.0138771384254976,-0.0350842523100058
"ALT_A_20_39_vs_40_79",130,-0.00685977769140728,-0.0589604748224596,0.0104242975380928,-0.0232508702026489,-0.0848856507954658,0.0508621070787714,0.0459748178378598
"ALT_A_20_39_vs_40_79",131,0.00880571512803049,-0.0115599682498584,-0.00102251480937461,-0.0474394334535179,-0.071695856934524,0.0224199190237427,0.0176235272006686
"ALT_A_20_39_vs_40_79",132,-0.0104685744441643,-0.00357185487727522,0.0277776246258691,-0.0414975175364704,-0.0689840942020401,0.025558896195009,0.0110119115800392
"ALT_A_20_39_vs_40_79",133,0.0036957467887935,-0.0376774681025535,0.0220668491071767,-0.00559939100082379,-0.0662126133579861,0.0495018061452862,0.0128972482169726
"ALT_A_20_39_vs_40_79",134,-0.0311806575380762,-0.0429401328367156,-0.0215726116317366,-0.0439336669800267,-0.0669470583061771,0.0392468250720822,0.0375425323697449
"ALT_A_20_39_vs_40_79",135,-0.000558562321666803,-0.0201096121455397,-0.00661656459457807,-0.0802278390289192,-0.066622193242611,0.060953913011766,0.0619461603975045
"ALT_A_20_39_vs_40_79",136,-0.0124236492612573,-0.00588544779421288,-0.0232337672645019,-0.00368409435673051,-0.0280316718569439,-0.0315110426833544,-0.0310266603232209
"ALT_A_20_39_vs_40_79",137,0.0189142718099713,-0.0187468464835628,0.0152146739601271,-0.101235490035723,-0.0750005956174521,0.0597294203375246,0.0612536995141158
"ALT_A_20_39_vs_40_79",138,-0.00292696997918962,-0.0575185897151266,0.0146940193210064,-0.0374509371995327,-0.0599034331119143,0.0307399418662294,0.0446997420410586
"ALT_A_20_39_vs_40_79",139,-0.00559243406701951,-0.0265669320789838,-0.00974426883886551,0.00571115575522979,-0.0798213635195604,0.0137960394137366,0.00615246258240797
"ALT_A_20_39_vs_40_79",140,-0.0204613518034716,-0.0420602852105363,0.00245275628829753,-0.0322919090966792,-0.0108833452639965,0.0107902156889963,0.00631487116847242
"ALT_A_20_39_vs_40_79",141,-0.0297235182631624,0.0325792313063643,-0.0476253424325309,-0.0239380870194324,-0.0547413123028431,0.0338886896451455,0.00819270341834669
"ALT_A_20_39_vs_40_79",142,-0.00528929054557799,-0.0129522368957178,0.000968888641491888,-0.0424017930135883,-0.124312720084083,0.0127019124807898,0.0126475478675065
"ALT_A_20_39_vs_40_79",143,0.0162617429779223,-0.0553972430715795,0.000159930483601578,-0.0595030402384312,-0.0216402600974699,0.0464707819214011,0.0145192472012633
"ALT_A_20_39_vs_40_79",144,-0.0130263407332996,-0.0561033758082128,-0.0225659935378929,0.0259699059192064,-0.111335575554371,-0.000298447218376088,0.0322397150353005
"ALT_A_20_39_vs_40_79",145,-0.0169258835645285,-0.0618124592498412,-0.0172267153524019,-0.0410593861973994,-0.0273494831474049,0.00269874053702744,-0.00454706388359715
"ALT_A_20_39_vs_40_79",146,0.0240435564746286,-0.0602034971243324,0.00409926345004094,-0.0148196914318995,-0.0112962980905918,0.0248355207650164,0.0393631138011045
"ALT_A_20_39_vs_40_79",147,0.0168900836137065,-0.0256121010896083,0.0159656888332184,-0.0364999621288068,-0.0625947216718475,0.051947650330127,0.0432303203157747
"ALT_A_20_39_vs_40_79",148,0.0206803968229892,-0.0200898594062758,0.0093314769185722,-0.0306132009428567,-0.0780598663635354,0.0523370642532327,0.0738651820183858
"ALT_A_20_39_vs_40_79",149,0.00941496477397493,0.0237295978168667,0.0180582632648258,-0.0519687612130726,-0.0441966490866235,0.00879179273284571,0.0126916086170395
"ALT_A_20_39_vs_40_79",150,-0.0265809473330241,-0.0441232732174451,0.0046876456457482,-0.0243153439522825,-0.074567408022829,-0.0435573292631366,-0.0375266775492728
"ALT_A_20_39_vs_40_79",151,-0.00511928909865948,0.0284489994189635,0.0339785844062664,-0.0448528218702067,-0.0747217253582283,0.0351497952495389,0.0299653748204884
"ALT_A_20_39_vs_40_79",152,0.0203516434792487,-0.0127714957993193,-0.0340479690885774,-0.0143485669081597,-0.0632158962464134,0.0389531660313393,0.0744472885383173
"ALT_A_20_39_vs_40_79",153,-0.0134740946709141,0.00116093077721258,-0.0343118920873157,-0.0454876856219616,-0.0164426051090659,0.0181927131884583,0.0352095648649359
"ALT_A_20_39_vs_40_79",154,-0.00598075280184496,-0.0372195437093051,0.00071626745405734,-0.00448662877356959,-0.0419516937173374,-0.016203284985815,0.00857256165135107
"ALT_A_20_39_vs_40_79",155,-0.00968468351841237,-0.017962029962895,-0.0338300385425994,-0.0826874636169332,-0.102857851165676,0.0240253076149932,0.0302121554011487
"ALT_A_20_39_vs_40_79",156,-0.0131155676045368,0.0025892069142754,0.00519097017752587,-0.0382507156640704,-0.0630791176625504,0.0350065886247482,0.0458839776275983
"ALT_A_20_39_vs_40_79",157,0.0132254714458157,0.0165002426566482,0.00931644313793842,-0.0207888073739999,-0.0623283490888507,0.0432346741266089,0.0301813466864945
"ALT_A_20_39_vs_40_79",158,-0.0129907932664639,-0.0277796135379111,-0.0566612048507085,-0.0459778549204597,-0.0892463747949607,0.0506407566816069,0.039039361947881
"ALT_A_20_39_vs_40_79",159,-0.00616883796378945,-0.0200402216101537,-0.00030702379420075,-0.0129788632434535,-0.0797420732363487,0.0157553584623045,0.014797948988194
"ALT_A_20_39_vs_40_79",160,-0.0420178862407619,-0.0166288787158884,-0.0332883125609306,0.00181727180000274,-0.093680904325973,0.00908897715216273,0.00427086413477214
"ALT_A_20_39_vs_40_79",161,-0.0108078275388354,-0.0120308867605069,-0.0390217899786143,0.00186011587007262,-0.0663159987420003,-0.0161284833505871,-0.025761092117667
"ALT_A_20_39_vs_40_79",162,0.00928334215304788,-0.0105659551365706,-0.015172980745788,-0.0345830890135013,-0.0610742818485919,-0.00186994069236767,-0.00739561327656853
"ALT_A_20_39_vs_40_79",163,0.0071754111816256,0.000582403288286376,-0.0817561301646034,0.0146848899759131,-0.0817695778088163,0.0223331015344094,0.0175968481587726
"ALT_A_20_39_vs_40_79",164,-0.0188708835007545,-0.0564162622001372,0.0178427249777998,-0.0579752745959353,-0.0498117130212539,0.0300844065015475,-0.0113101354547258
"ALT_A_20_39_vs_40_79",165,0.020727229306044,-0.0685162215442961,0.030898743234917,-0.0133307168537949,-0.057409382293485,0.0376958935108803,0.0414450099253034
"ALT_A_20_39_vs_40_79",166,-0.00900482074701488,-0.0649689117061422,-0.00569581298178012,-0.044046397924858,-0.0412953174156593,0.0152428717066971,0.0178467574008966
"ALT_A_20_39_vs_40_79",167,-0.0130587925124535,-0.0300642802314832,0.00381410168975321,-0.0184666903864895,-0.0441200488072781,0.0449778367961123,0.0181388307705053
"ALT_A_20_39_vs_40_79",168,-0.00944083091072358,0.0104062253248566,-0.0186576996448352,-0.0296159238240328,-0.0398472057342362,0.00380413100381561,0.00593140587670059
"ALT_A_20_39_vs_40_79",169,-0.000717141188569179,-0.0821130700129204,0.000309083207063632,-0.0500026550328705,-0.0561182262217874,0.0145564182362845,0.0218764853679688
"ALT_A_20_39_vs_40_79",170,-0.0015532674760929,-0.061913531455989,-0.0197315696422578,-0.0413902338730036,-0.0488066347543488,0.0441191287983279,0.0680952603879361
"ALT_A_20_39_vs_40_79",171,0.0118147428506655,-0.0499039269623769,-0.0405053582055662,-0.0354168355726282,-0.00987194016263643,0.0220664282743688,0.0221700229335927
"ALT_A_20_39_vs_40_79",172,-0.00212673718725689,-0.0830668977990169,-0.0193573811744988,-0.0237643860634407,-0.0470290244098799,0.0207976481015697,0.0217173178639925
"ALT_A_20_39_vs_40_79",173,-0.00105305353328967,-0.0433841781974328,8.48400231052981e-05,-0.0432144531228673,-0.0392258841322897,0.0235062300021816,0.0223166294555891
"ALT_A_20_39_vs_40_79",174,-0.0253274485387817,-0.0270688288683373,0.0176971277420454,-0.0720519386394467,-0.107417309652481,-0.00420427423016945,-0.00224305259919019
"ALT_A_20_39_vs_40_79",175,0.000638840398103399,-0.0298467748938415,0.0237776052711497,-0.0134253283120428,-0.0344190817980777,0.0213310351704854,0.00449322791917521
"ALT_A_20_39_vs_40_79",176,-0.0219025121985427,-0.0509930918138759,-0.0638092976289927,0.0185049668419584,-0.0207260508331433,0.0165716415534276,0.0176491738218498
"ALT_A_20_39_vs_40_79",177,-0.019875491387611,-0.0079645826281898,-0.0387345401122425,-0.0999418136711689,-0.0804988200485773,0.0203698951256166,0.0193971556174449
"ALT_A_20_39_vs_40_79",178,-0.0166253708551938,-0.00728920356604564,0.0160684103743647,-0.0300748199265949,-0.0223395819444601,0.00923761418671785,0.00637599347135875
"ALT_A_20_39_vs_40_79",179,-0.0222652556861924,-0.0203653502205793,0.0319234422168642,-0.0631958776152506,-0.0490591146298925,-0.00830315677407939,-0.00724640841843161
"ALT_A_20_39_vs_40_79",180,-0.0184893810498684,0.0394863087794787,-0.0130647580913853,0.0162263750478112,-0.0554054417379015,-0.0080194221020498,-0.00401321381913414
"ALT_A_20_39_vs_40_79",181,-0.0138565120522724,-0.0475418078525102,0.0264889123190361,-0.0673475590111476,-0.0990570896996613,0.0174056630373863,0.0232934866885538
"ALT_A_20_39_vs_40_79",182,0.00019664946711008,-0.0367649011462952,-0.00227154289944173,-0.00453537225868331,-0.0272143371253722,-0.0237563425939198,-0.0238869505616609
"ALT_A_20_39_vs_40_79",183,0.00100667286924737,-0.00875588715087591,0.0356195161900286,-0.0683235822691748,-0.0648178018703541,0.0208440701739714,0.0243577162494499
"ALT_A_20_39_vs_40_79",184,-0.0175102177280307,-0.0330635230428729,0.00755385099620842,-0.0585055949884916,-0.0866623077237628,0.0281997771306813,0.0160560857236962
"ALT_A_20_39_vs_40_79",185,-0.00372842807670272,-0.0510252723544986,-0.00793801702415362,-0.066725608493809,-0.019398127322706,0.0491833614749149,0.0308701665405002
"ALT_A_20_39_vs_40_79",186,-0.00426071707285322,-0.0297671223992947,-0.00559294312789255,-0.0419314099308663,-0.00316286772007157,0.0400504406270161,0.05503204612356
"ALT_A_20_39_vs_40_79",187,-0.0678018495284774,-0.0331691487154653,-0.0179150223195177,-0.0626356155803949,-0.0724423661235608,-0.0309719591584014,-0.0360860731218129
"ALT_A_20_39_vs_40_79",188,0.00332423559577297,-0.00972709138451773,0.0161557138478561,-0.0735569139530325,-0.0442795192825189,0.0298339788251872,0.0276967100851713
"ALT_A_20_39_vs_40_79",189,0.0220755420519763,-0.0102370354900872,0.00203116232201517,-0.0565890467941089,-0.0570110116038514,0.0956102477174322,0.0962417683529453
"ALT_A_20_39_vs_40_79",190,0.00835066737843983,-0.0670109238117361,-0.0120194080948099,-0.0375397511141677,-0.0669538930400003,0.047728932713786,0.053415812928482
"ALT_A_20_39_vs_40_79",191,0.0549016099277155,-0.0820930776474991,-0.0256805619984687,-0.0445065395212151,-0.0730668647788437,0.0626820723853436,0.0471376021447961
"ALT_A_20_39_vs_40_79",192,-0.00942019511384964,0.0115748391660867,-0.0353048578546514,-0.0131009622599479,-0.0204019581177451,0.00692634646385406,0.01413871091193
"ALT_A_20_39_vs_40_79",193,-0.028293209253377,-0.0627790334632431,-0.0285816654264758,-0.0200850413055547,-0.0942466700327366,0.00395504231142348,0.0244515732438421
"ALT_A_20_39_vs_40_79",194,0.00447039728237157,0.025465787287425,-0.028112298296842,-0.0506379825989182,-0.0583077104551126,0.0467082247526801,0.0748794038711577
"ALT_A_20_39_vs_40_79",195,0.0121180574778025,-0.0177856933101273,-0.0445914543906394,-0.0222214255919705,-0.0693955015365467,0.045201704133525,0.0301521208324049
"ALT_A_20_39_vs_40_79",196,0.00135269423523549,-0.0448548900281009,-0.0303127033059805,-0.0612542640206645,-0.0211254131413816,0.0255861166036111,0.0177965744187827
"ALT_A_20_39_vs_40_79",197,-0.0115711105841272,0.0195507988066666,-0.0234702776180584,-0.0621241505815514,-0.0915005458964132,0.0115034551406282,0.0323439620062983
"ALT_A_20_39_vs_40_79",198,0.00303221485859671,-0.0480080058779815,0.0105406714564124,-0.0430493421381863,-0.0666641740975898,0.0460511563441491,0.0326689312068132
"ALT_A_20_39_vs_40_79",199,0.00378350959130891,-0.050456618049893,0.0177516503206557,-0.0710612979324536,-0.0627948891584473,0.0316474320263697,0.0415940800873957
"ALT_A_20_39_vs_40_79",200,0.023563275429607,-0.0109750383786638,-0.0275437010498993,0.015126090139223,-0.0502709119346697,0.0311983770213456,0.0552473964860844
"ALT_A_20_39_vs_40_79",201,0.0446808384505853,-0.0443905361373547,-0.018818363552898,0.0273557359777387,-0.0769105182841714,0.071777751289291,0.0617303869936998
"ALT_A_20_39_vs_40_79",202,0.00215374753196829,-0.0199111787291686,-0.0325105499696424,0.0130810764223759,-0.0463756421611554,0.020677184908949,0.0170229995159906
"ALT_A_20_39_vs_40_79",203,0.0128448727632129,-0.0365302777724615,0.00721393454110719,-0.000149200704764374,-0.00102331902805297,0.042671169143875,0.0374655692318206
"ALT_A_20_39_vs_40_79",204,0.00941320431045597,-0.0388832286469181,0.000290711732581578,-0.0100784894808423,-0.0500931472528626,0.0558491497786287,0.0493814994234041
"ALT_A_20_39_vs_40_79",205,-0.00158603313856427,-0.0151096728039465,-0.0250865322108241,-0.0270634482208858,-0.0229098478968152,-0.00750002738823252,-0.0172408766608467
"ALT_A_20_39_vs_40_79",206,0.00123968451261424,-0.0578202102297971,0.0238404122594471,-0.0316735138211921,-0.0383020825512525,0.0176440874932231,0.0109418665685526
"ALT_A_20_39_vs_40_79",207,-0.00355228341331331,-0.0259801242525867,0.00309859776859225,-0.00100825923531495,-0.0802014350339783,-0.00216960074589671,-0.0101659369250678
"ALT_A_20_39_vs_40_79",208,0.00925033502908836,-0.0127830696891801,-0.0110522022549328,-0.0468492625636308,-0.0274079720962683,0.0204824461615352,0.0178720763491239
"ALT_A_20_39_vs_40_79",209,-0.00239948533612608,-0.071753325179224,0.0115453284008983,-0.0154333120151431,-0.0569792172980924,0.020417149748171,0.0205076996271272
"ALT_A_20_39_vs_40_79",210,-0.0272953217341361,0.012383447459393,-0.0244715389581317,-0.00828321374197971,-0.0510002018142106,0.0228855706880257,0.022946996417331
"ALT_A_20_39_vs_40_79",211,-0.0103140995408634,-0.0330936449643944,0.0104825848067053,-0.0623795349951576,-0.127449739904627,-0.0213321462445085,0.00609769194298741
"ALT_A_20_39_vs_40_79",212,0.0126019596013993,-0.0292945062958222,-0.0232095968756796,0.0250629252320278,-0.0242632361147037,0.0512104486271256,0.0333744052659307
"ALT_A_20_39_vs_40_79",213,-0.0222279596930908,-0.0772195233684408,0.0192825632543218,-0.0704644753277812,-0.071540287227559,0.0398659188817683,0.045019539876798
"ALT_A_20_39_vs_40_79",214,0.0266218686321586,-0.0249456382105998,0.0284217199561729,-0.0497358308848976,-0.0221500233202322,0.0469378005625781,0.0316605439453031
"ALT_A_20_39_vs_40_79",215,0.00856412356017477,-0.0368773731483721,-0.0121544245610846,-0.00458611724054173,-0.035944099809352,0.0462786131090232,0.064029454931788
"ALT_A_20_39_vs_40_79",216,-0.0119808032807368,-0.0580200683153099,-0.00929749934653223,0.00810439993958864,-0.0523639946824155,0.00161682720489905,-0.00622132646850601
"ALT_A_20_39_vs_40_79",217,0.000796494693352065,-0.0143895179368381,0.00162321188662443,-0.0822771048546272,-0.0468233876314754,0.055211123703383,0.0470223346508881
"ALT_A_20_39_vs_40_79",218,0.00706762776237738,-0.0245952846385233,0.00885231346607446,-0.036679045674696,-0.0707303815579075,0.0371687939271398,0.0389357224491178
"ALT_A_20_39_vs_40_79",219,-0.00785211375486494,-0.0272627129043568,-0.0178554381401631,-0.0306419380201656,-0.0529034032748382,0.0212496077289745,0.0239916922347431
"ALT_A_20_39_vs_40_79",220,0.0200458409473723,-0.0389321060622616,-0.0231754043474935,-0.0326063543969987,-0.0675286117982268,0.0464017449864586,0.0306568006296077
"ALT_A_20_39_vs_40_79",221,0.000397290651516537,-0.0337307397507205,-0.019092735239646,-0.0483370384216953,-0.0535250289511749,0.0272235766101397,0.00904418326697355
"ALT_A_20_39_vs_40_79",222,-0.010390348109175,-0.0160523724734559,0.0331786475134584,0.00492310760598963,-0.0709010024409922,0.0311508705801901,0.0325994373135442
"ALT_A_20_39_vs_40_79",223,0.00924788212081036,-0.00444326636613492,-0.0109743681782462,-0.0584336295712903,-0.00947405366313797,0.0175123074463837,-0.00554015274638592
"ALT_A_20_39_vs_40_79",224,-0.013149176381206,-0.0425538960424862,0.0171314244596427,-0.00727641436907533,-0.0728606398401039,0.0150919876724617,0.0348065440619567
"ALT_A_20_39_vs_40_79",225,0.00381999654713277,-0.0603380126021967,0.0634900924352979,-0.00654443265566873,-0.0416222921898084,0.0147139057518768,0.0129323382308287
"ALT_A_20_39_vs_40_79",226,-0.0341245212746745,-0.0459028756217845,-0.00666648729628475,0.0279695348465785,-0.0283828217782316,0.017869519406827,0.017864341414523
"ALT_A_20_39_vs_40_79",227,0.0172811457544706,-0.00267164815826353,-0.015555304515858,-0.0528879438674526,-0.114950437250525,0.0410258117126441,0.0420553922681382
"ALT_A_20_39_vs_40_79",228,-0.000156646540988681,-0.0173670812666065,0.0324713498617875,-0.00954782784031707,-0.0588309896945401,0.0399900045673465,0.0062262947032336
"ALT_A_20_39_vs_40_79",229,-0.00339783363311129,-0.0279324250060963,0.0177825313163911,-0.0370665971425833,-0.0568204695787323,0.0303106437850865,0.0312383893879754
"ALT_A_20_39_vs_40_79",230,0.0135880817488472,-0.0341114418499611,0.0107435504869804,-0.0808324894242458,-0.0527994115894496,0.0362379295388851,0.0467679451620804
"ALT_A_20_39_vs_40_79",231,-0.0043250710688329,-0.0370328302475755,-0.0654286943802096,-0.0145873493729528,-0.0164500903344784,0.01556596408053,0.0395731223623563
"ALT_A_20_39_vs_40_79",232,0.0177117189438246,-0.0361320159129072,-0.0799403309933523,-0.0298806853998951,-0.0512211404546206,0.038890306005921,0.038167965517071
"ALT_A_20_39_vs_40_79",233,-0.0412323686430669,-0.0466662813752243,-0.0157407285062475,-0.0230054946446135,-0.0816081919753056,0.00962072969055961,-0.014018733556688
"ALT_A_20_39_vs_40_79",234,0.0127247753424672,-0.0424784158152956,0.0165973577087669,-0.0369305580799013,-0.101739176449971,0.0376987397047188,0.054302828416725
"ALT_A_20_39_vs_40_79",235,0.0174710715693483,-0.00508677046472822,-0.00731601127129039,0.0103910707440227,-0.0394503144882634,0.0629149046759224,0.061284166703846
"ALT_A_20_39_vs_40_79",236,-0.00729512364345398,0.0141007817084571,-0.00140161329085858,0.00449224692615327,-0.0810949408137657,0.00559246859835676,0.00036740241675183
"ALT_A_20_39_vs_40_79",237,-0.0163890011925247,-0.0577908996718135,-0.0271376992229168,0.000825354007170598,-0.0282274085646471,0.0227326222211128,0.0198425953778514
"ALT_A_20_39_vs_40_79",238,0.010090917090067,-0.0667079832966497,0.011066558409537,-0.0900622835264586,-0.0441463942967002,0.0637969722890877,0.0904118957834105
"ALT_A_20_39_vs_40_79",239,0.0195206590490418,-0.0414684265899134,-0.0229074153487126,-0.0219522536188431,-0.0839367304669066,0.0317037582945561,0.0449572926973462
"ALT_A_20_39_vs_40_79",240,0.00504256466392233,-0.0185277965132428,-0.000742768344774547,-0.0235148529598277,-0.133187099284451,0.013080208248665,0.0323161115226733
"ALT_A_20_39_vs_40_79",241,-0.00725360899838676,-0.0174853482459575,0.00607225301274417,-0.0331673539931855,-0.0883410580917989,-0.00524245787254404,-0.00379003915882886
"ALT_A_20_39_vs_40_79",242,-4.62582439023987e-05,-0.0281160917918349,-0.0822050478339397,-0.0194062102316823,-0.0737455031520135,0.0170730035082064,0.0104402191456718
"ALT_A_20_39_vs_40_79",243,0.00816886086484474,-0.0232249263691141,-0.0276870133649604,-0.00637028731302383,-0.0753768632479,0.0444891932952696,0.0727574724505356
"ALT_A_20_39_vs_40_79",244,0.0109368302249842,-0.0526337629553202,-0.0103071905155479,-0.0661290021644962,-0.0570237807616067,0.0320176248637378,0.0282954776553023
"ALT_A_20_39_vs_40_79",245,-0.0107992280725988,0.0207424342376202,-0.016938475450974,-0.0316871256582353,-0.0600318525856642,0.0250988439636005,0.0140008205632858
"ALT_A_20_39_vs_40_79",246,-0.00383760257974161,-0.0358061946871758,0.0321750182491427,-0.0259764314044705,-0.00782800211037238,-0.00465078979110174,-0.0023195196652757
"ALT_A_20_39_vs_40_79",247,-0.0188625143195164,-0.0557469948334758,0.00042778054447204,-0.0678625204213392,-0.0683005369647866,0.00659838448686076,0.00658232835349335
"ALT_A_20_39_vs_40_79",248,-0.0179277981327198,-0.0481280145251475,0.0180012679994957,-0.0314067730233263,-0.0803852867771075,-0.00484169003103334,-0.00908512349717776
"ALT_A_20_39_vs_40_79",249,0.0142045762567614,-0.065772754396408,0.00980015835523086,0.003199549401354,-0.0638139155320445,0.0229201987510727,0.0703622955617068
"ALT_A_20_39_vs_40_79",250,-0.0140452672531634,-0.0253608519515938,-0.0219666245703294,0.00874223559796097,-0.0937914622098013,0.00307402275992524,-0.0031191187693812
"ALT_A_20_39_vs_40_79",251,-0.0107658195696672,-0.0267229787607459,0.0366783284315026,-0.0719660404340219,-0.0723785528036459,-0.00737583508022482,-0.0037130650874772
"ALT_A_20_39_vs_40_79",252,-0.0150805630327053,-0.00952708385329912,0.0242427193874517,-0.0409398089171329,-0.0813460034379747,0.0429940622803992,0.0605970817555723
"ALT_A_20_39_vs_40_79",253,-0.0108814021647066,-0.0316171485046293,-0.01041222131425,-0.0736083834099727,-0.0304789532162631,-0.00681133905579855,0.000486312484156592
"ALT_A_20_39_vs_40_79",254,-0.0243771183681779,-0.0397438656039018,0.0169361870098935,-0.0336901950497774,-0.0401245658814329,-0.019199480222273,-0.0244578806261905
"ALT_A_20_39_vs_40_79",255,0.00504120352962303,-0.0329774503753822,-0.0131679553220185,-0.0331575629620185,-0.11256967267655,0.0411435700231851,0.0294623079104045
"ALT_A_20_39_vs_40_79",256,-0.015282630150741,-0.032866310468204,-0.0273942026680141,0.0175197921580688,-0.0581487586987254,-0.0207411385342102,-0.0354235682537928
"ALT_A_20_39_vs_40_79",257,-0.0230357376286116,-0.0100856239794473,0.0147755384922721,-0.072875197526921,-0.126653608391238,-0.00835595848062091,0.00976761493633645
"ALT_A_20_39_vs_40_79",258,0.000265515054999783,-0.0263519690965049,-0.00181485206522933,-0.0145110920513626,-0.0846056130193243,0.0317219837678843,0.0312605855300609
"ALT_A_20_39_vs_40_79",259,-0.0129370967484375,-0.0656467386140424,-0.0110581720853605,-0.00728955855141922,-0.0473317432911524,0.0227255024985395,0.0467187926522968
"ALT_A_20_39_vs_40_79",260,-0.00241045150055168,-0.0258333105982253,0.00425584099898341,-0.0378722493748989,-0.0482367291685838,-0.00160121155000338,0.0171474370486471
"ALT_A_20_39_vs_40_79",261,0.0245145894897958,-0.0272349803319593,0.00521512793533768,-0.07709755104507,-0.0980227548661137,0.0652167043317493,0.0536883165955262
"ALT_A_20_39_vs_40_79",262,-0.02407416732958,0.00533270908301217,-0.0305439491805014,-0.0370827878787966,-0.090957715032398,-0.00561287517558857,-0.0221128864114302
"ALT_A_20_39_vs_40_79",263,0.0138443166604869,-0.0111070351849678,-0.0177734558228544,-0.0469704259350696,-0.0922422877535968,0.0583230561725375,0.0563811817465368
"ALT_A_20_39_vs_40_79",264,0.0350261265634302,-0.0232316411678513,-0.010968747079265,-0.0216292683211417,-0.109040989289226,0.0597924890911809,0.0614056404078869
"ALT_A_20_39_vs_40_79",265,-0.00259691110042011,-0.0314615224217851,0.00960219890878969,-0.0336494012149093,-0.120469392609376,0.00205281312669643,0.00631863290348778
"ALT_A_20_39_vs_40_79",266,0.00448944707663963,-0.00835660494352758,-0.0342287809677612,-0.0344246498109469,-0.00683270315161411,0.0197798323916819,0.0186546882927118
"ALT_A_20_39_vs_40_79",267,-0.0520325177749949,-0.0334154722410603,-0.0276570620722794,-0.0607907551288608,-0.0637021578633094,0.000756057517659517,-0.0347570000999328
"ALT_A_20_39_vs_40_79",268,-0.00224272100069762,-0.0358034807815656,0.0222028111682865,0.0137965698106406,-0.0331815099513958,0.0197798050625079,0.0269199280835236
"ALT_A_20_39_vs_40_79",269,0.000745009283540862,0.000417225848438257,0.007910441636271,-0.020835455444905,-0.111106720267757,0.0129042093388214,0.0182228615372678
"ALT_A_20_39_vs_40_79",270,-0.01880797990091,0.0089734704265081,-0.0332011024060692,-0.013884702071976,-0.14588929855526,0.0183463125842025,-0.0140233096483772
"ALT_A_20_39_vs_40_79",271,-0.0120343316970139,-0.0200864197729005,-0.0258045302335037,0.00249478669658398,-0.0862146930467716,0.0195025313807312,0.0186853419530337
"ALT_A_20_39_vs_40_79",272,-0.000654202561681742,-0.015680465516059,-0.0191942793636337,-0.0375998144098084,-0.06816420058812,0.00628880177755536,0.00501787760763902
"ALT_A_20_39_vs_40_79",273,-0.019184374600019,-0.0366032050239189,0.0187422738238524,-0.0633337687300848,-0.0151782199460301,0.021234205998512,-0.00277466645399753
"ALT_A_20_39_vs_40_79",274,0.00204171056055268,-0.0586286058379931,-0.0050897103602687,-0.0535585005375745,-0.0491342546194805,0.0339304292151173,0.00838717650027615
"ALT_A_20_39_vs_40_79",275,0.00877196798705074,-0.00293544561269471,-0.0300477266059182,-0.0126513173322693,-0.0408223538879739,0.0239747640533051,0.0116762195029823
"ALT_A_20_39_vs_40_79",276,0.00509241248732359,-0.0357690574615764,-0.0488027883702747,-0.0219751800695826,-0.0639077722739563,0.0360040595009824,0.047219703095035
"ALT_A_20_39_vs_40_79",277,-0.0201684658512041,0.00410565546080187,-0.0220305459754059,0.00578995680234728,-0.044847445883141,-0.0100288299500719,-0.00964119434544961
"ALT_A_20_39_vs_40_79",278,-0.0201372089063759,-0.0274563522238022,0.0096464926796532,-0.0225155570759355,-0.0806261788752012,-0.0134884830280376,-0.0285411312655446
"ALT_A_20_39_vs_40_79",279,-0.0106057173150798,-0.0504292640319175,0.0220529027796834,0.00339069913691448,-0.0789692839209478,-0.0158641196758911,-0.00564521280078521
"ALT_A_20_39_vs_40_79",280,0.0206569577703467,-0.0446156208406573,0.0296295324623082,-0.0413142066389784,-0.0376355877013221,0.0336018235208662,0.0419558020069109
"ALT_A_20_39_vs_40_79",281,0.0071236446723848,-0.0469038899756371,0.00777094123193556,0.00280613185434883,-0.0732408377583389,0.0303730879164676,0.0325445463805932
"ALT_A_20_39_vs_40_79",282,0.00324434892740443,-0.0301021597503182,0.0213689964938876,-0.0964507765531399,-0.0378424918628027,0.0323000041840303,0.0671987484616132
"ALT_A_20_39_vs_40_79",283,-0.0161596691218354,-0.0508587671576463,-0.00177279868798766,-0.0404544126793388,-0.0687379183811327,-0.00297481291401819,0.0117470135699537
"ALT_A_20_39_vs_40_79",284,-0.000403645546969048,-0.0165471828299005,-0.0199611552581856,-0.065971030889989,-0.0013981114081712,0.00423575965322083,0.013275716355976
"ALT_A_20_39_vs_40_79",285,0.00551421590591555,-0.0146739353986013,0.00872677625877377,-0.0107220189829644,-0.0012643958978964,0.0452135139205041,0.0593100307192027
"ALT_A_20_39_vs_40_79",286,-0.0252857065954386,0.00423171999916436,0.00695549970310652,-0.0277002829286464,-0.0459586565352663,0.0158922412060767,0.0247538898971491
"ALT_A_20_39_vs_40_79",287,0.0156175699819438,-0.031285649132629,0.0232829027462057,0.0132303166939355,-0.0397242674007998,0.0356130847610286,0.0621745427667042
"ALT_A_20_39_vs_40_79",288,0.00333425561181298,-0.054878987630995,0.0262762784972538,-0.0155833222068417,-0.0776249044079307,0.0198979763058945,0.0230719759313318
"ALT_A_20_39_vs_40_79",289,-0.0184719293959705,-0.0326593241732974,0.049470780168123,-0.0420014917687506,-0.0584653392006493,-0.0178182034035728,-0.0305836741483585
"ALT_A_20_39_vs_40_79",290,0.011079590416643,-0.0272657573994496,-0.00795319294886773,-0.0518316962588503,-0.0273146732949308,0.0376372765758454,0.034530080846219
"ALT_A_20_39_vs_40_79",291,-0.0146452089566276,-0.0202748996412697,0.0171454046301624,-0.0483247610641916,-0.000661883202094871,0.0178174314539867,0.0166236540405036
"ALT_A_20_39_vs_40_79",292,-0.00295079763555572,-0.0507406317755811,-0.0142237133596859,-0.0609442147902808,-0.0503414231798368,0.0411450357779285,0.0370919509673455
"ALT_A_20_39_vs_40_79",293,-0.0197368255406628,-0.00131295401955824,0.0361488170097334,-0.0399966689965405,-0.0411045483487379,0.0225271534696225,0.0213152617182296
"ALT_A_20_39_vs_40_79",294,-0.00367560574597959,-0.0339686789149254,-0.0161561838409622,-0.0142258311315215,-0.0203795236899545,0.0131183544625492,0.0210812473848919
"ALT_A_20_39_vs_40_79",295,0.000114736366867089,-0.0544892891418685,0.0320216766232161,-0.02593573829393,-0.0888350670268749,0.047631926821076,0.0410825159792633
"ALT_A_20_39_vs_40_79",296,-0.00417664830875202,-0.00321636941149503,-0.0126443254916473,-0.0378533473582044,-0.0488914291116013,-0.00201046982786423,0.00653195500817485
"ALT_A_20_39_vs_40_79",297,-0.00820147728059162,-0.019813453748558,0.0029931720335242,-0.034835200449464,-0.0118249992825482,0.0354397047632909,0.024489699131893
"ALT_A_20_39_vs_40_79",298,-0.0126062542733423,-0.0104623510549382,-0.0181315145534047,-0.0770984963905716,-0.0741418736257055,-0.0248909566194468,-0.0331151107637056
"ALT_A_20_39_vs_40_79",299,0.00457516029099291,-0.0368514779748661,-0.00077696771779337,-0.0609014013883417,-0.0109596283526358,0.0332767104923512,0.0197864665329922
"ALT_A_20_39_vs_40_79",300,-0.010459149687107,0.000376555880785556,0.0316467886735993,-0.00846487386628655,-0.103643781666092,-0.00181752715404348,0.00441476917607228
"ALT_A_20_39_vs_40_79",301,0.00354878602710917,-0.066914133086089,0.0273914327054788,0.0105602451993176,-0.059740049736405,0.0235195465579948,0.0328240016345545
"ALT_A_20_39_vs_40_79",302,-0.0136604231366802,-0.0369202884447077,0.0292647739709447,0.00651681325375586,-0.0900838178654146,-0.0311055098969667,-0.0142018745386189
"ALT_A_20_39_vs_40_79",303,0.0202980912894497,-0.0514333070042426,0.00159318081010931,0.0239857604533265,-0.0622516889093656,0.0442131687317671,0.0364001713177598
"ALT_A_20_39_vs_40_79",304,-0.0292305630146082,-0.0613173139918559,-0.0164444160272735,-0.0541555947447963,0.000853836943175423,-0.0207354356020148,-0.0483779423868565
"ALT_A_20_39_vs_40_79",305,0.0116429038263207,-0.0179372603328879,0.0219533060907185,-0.0354692801914159,-0.0739066103236293,0.0445862460738744,0.0602046615578931
"ALT_A_20_39_vs_40_79",306,-0.00638306029426677,0.00751736899738106,-0.00145058054754048,-0.0497818148279197,-0.0435793701963753,-0.00274990063295998,-0.00155015217366999
"ALT_A_20_39_vs_40_79",307,0.0119026387274011,0.012726232639589,-0.0449119357468875,-0.0245935790770117,-0.0538871486992621,0.0339366278989411,0.0325180043517926
"ALT_A_20_39_vs_40_79",308,0.0179237712937916,-0.0745918315862927,0.0410649039975305,-0.0259286691373592,-0.0236887542573577,0.0382069211185374,0.0448407252834147
"ALT_A_20_39_vs_40_79",309,0.00849279615408977,-0.0634971880662883,-0.00776053918267308,0.0157318046623191,-0.0566180571710908,0.036795703479182,0.0396892454249689
"ALT_A_20_39_vs_40_79",310,-0.0133949438703067,-0.054191558341418,0.0102612910777403,-0.0349584389008979,-0.0750911123190138,0.0125350742471303,0.003035044781145
"ALT_A_20_39_vs_40_79",311,-0.0027617280828536,-0.0364976209149127,0.0193864395235459,-0.079981224834535,-0.0319299168302749,0.00972952247558716,0.0122765528274459
"ALT_A_20_39_vs_40_79",312,-0.00595344700802198,-0.0598008946466622,-0.00435402589564099,0.00716003274605836,-0.0640772049879886,0.0153152390102423,0.0360724519219798
"ALT_A_20_39_vs_40_79",313,-0.00777450498906789,-0.0291087442429396,0.00960978689053094,-0.0447448769662035,-0.0852815617890832,0.0113616135784836,0.0183177263842927
"ALT_A_20_39_vs_40_79",314,-0.0272502610973892,-0.0383571522120974,-0.00698004323287998,-0.042565153633944,-0.0356365634010318,0.0268048701352146,0.0498020520238327
"ALT_A_20_39_vs_40_79",315,-0.0076814110729443,-0.0166899473167683,-0.0281430546596014,-0.018008990757861,-0.118030147242071,0.0164588967892293,0.0039139533605121
"ALT_A_20_39_vs_40_79",316,-0.0211116731461078,-0.0127159212025198,-0.0436582686291503,0.00229381461129499,-0.0673524296058732,0.0179636061229453,0.018108535110104
"ALT_A_20_39_vs_40_79",317,0.00311346932476413,-0.0456558169739115,0.0247080893490575,-0.0492941423720892,-0.0150783663951863,-0.00544489130446017,0.00160015589310201
"ALT_A_20_39_vs_40_79",318,0.0124710974001101,-0.0185799942131431,-0.00742932014299139,-0.0253014546013451,-0.0608510981414618,0.0690187171599342,0.0817391258049135
"ALT_A_20_39_vs_40_79",319,0.00919656355404404,-0.0336266402232514,0.0636521411364658,-0.000191462815517157,-0.051355994902713,0.012962717207182,-0.00861971835310289
"ALT_A_20_39_vs_40_79",320,-0.0207057624000389,-0.0409753175648575,-0.0337124323207622,-0.00770924348981683,-0.0781044128884726,0.00127177595674564,0.0150714075034967
"ALT_A_20_39_vs_40_79",321,0.0180376936257703,-0.0276307233787717,-0.0176537638647153,-0.0703856789474674,-0.0574759521094371,0.0398182636664932,0.0335899891985532
"ALT_A_20_39_vs_40_79",322,-0.0184025670875181,-0.0543553551669113,0.00860416122749585,-0.0107214820852848,-0.0514768742569126,-0.00142625874878381,-0.0144381500686414
"ALT_A_20_39_vs_40_79",323,-0.00245189865398998,-0.0277635103108199,0.0194802097962259,0.0168400977345959,-0.127659860183152,0.0356029859363054,0.0549728484478747
"ALT_A_20_39_vs_40_79",324,-0.00714008125185747,-0.0860932280241709,-0.0500794019985009,-0.0172625965493382,-0.0265905744461549,0.028709544864046,0.00601236063155886
"ALT_A_20_39_vs_40_79",325,0.0176317855898171,-0.0355038894352755,-0.0363051040207658,-0.0154230584951404,-0.107542286841613,-0.015329046390967,-0.0105709189864992
"ALT_A_20_39_vs_40_79",326,-0.0136994845733045,-0.0166125739404712,-0.0176621535796311,-0.0342485265949703,-0.0750194898426315,0.0113118309832178,0.027216954032
"ALT_A_20_39_vs_40_79",327,0.0104274325023114,-0.0316808670060128,-0.0116314407032198,-0.0534808981298177,-0.103640346244253,0.0598467429391156,0.0632565636740622
"ALT_A_20_39_vs_40_79",328,-0.00277874232250215,-0.066230262708254,-0.00846980772596753,-0.0849055353290501,-0.0442810380086373,-0.000405220331320247,0.0223549158772185
"ALT_A_20_39_vs_40_79",329,-0.0119876969590842,-0.0453891364274197,0.00150520137546126,-0.0263546631548353,0.00852230588031799,-0.0119837741649567,-0.0111029975480842
"ALT_A_20_39_vs_40_79",330,-0.0154472935399571,0.00833033300501423,-0.0539925734168163,-0.0622884418497384,-0.040403300976968,0.0370861826203079,0.0504120164236297
"ALT_A_20_39_vs_40_79",331,0.00160453163154961,-0.0782938011905055,-0.012428657929179,0.00682654768041249,-0.0777951804521756,0.0029925948422545,0.00188875247931946
"ALT_A_20_39_vs_40_79",332,-0.00638061615242135,-0.0295330006372123,-0.0691059982608678,-0.0386063970503465,-0.0349786545048808,0.0223110159124762,0.0270528213264348
"ALT_A_20_39_vs_40_79",333,-0.00995849881100147,-0.0675247919344007,-0.011828629772234,-0.0159575796452583,-0.0677217417917211,0.0135767221725617,0.00853182747267785
"ALT_A_20_39_vs_40_79",334,0.02036492060388,0.0183327119887531,-0.0237952416066319,-0.102142774884394,-0.0230421203183697,0.0104771448413532,0.018622944871437
"ALT_A_20_39_vs_40_79",335,-0.0434474362878879,-0.063168310383513,0.0655137031972862,-0.108221046366053,-0.075582850918631,0.0135708735540309,0.00599683505541956
"ALT_A_20_39_vs_40_79",336,0.00571281486963533,-0.0522379866173442,-0.016156596605848,-0.0543880671422395,-0.055520385363872,0.0250461406726012,0.0359753932402141
"ALT_A_20_39_vs_40_79",337,-0.00922946717855861,0.0301992563741113,-0.0152831257582016,-0.0378454382700496,-0.0558448246495254,0.013938622741216,-0.0104670082626376
"ALT_A_20_39_vs_40_79",338,-0.00251270413274422,-0.0227589000565206,-0.0517085351561683,-0.0202831306685121,-0.00485417618658224,0.0248373122906547,0.0251057352896911
"ALT_A_20_39_vs_40_79",339,-0.0130659472418389,0.0115736879982785,-0.022378159880089,-0.0332913272445932,-0.106737180035036,-0.0122895762454089,-0.0115415587172049
"ALT_A_20_39_vs_40_79",340,0.000954634801318036,-0.048896288943825,0.00602000837995512,-0.100834930789211,-0.124860533591814,0.00107342941849549,0.0133470576628875
"ALT_A_20_39_vs_40_79",341,-0.0112971593129768,-0.0224132405486102,0.0309306246006582,0.0272873005332981,-0.0257968161451289,0.0535915023066299,0.0489666623150814
"ALT_A_20_39_vs_40_79",342,0.0194860222840611,-0.0513744245806927,0.0161783256939796,0.0262773661078183,-0.0763654564788782,0.0315028881202223,0.0339767190108003
"ALT_A_20_39_vs_40_79",343,-0.00768389578484283,-0.0186259909336969,0.00657101082992625,-0.00697814400209343,-0.0446251968740043,0.0348700695290777,0.0745944325862791
"ALT_A_20_39_vs_40_79",344,0.0222860485474347,-0.034859707428801,0.0623558052137604,-0.00221829864308487,-0.101244415211447,0.0299033210947713,0.0187467095881976
"ALT_A_20_39_vs_40_79",345,0.0282992478997698,-0.0650158132218716,0.00804940108442062,-0.00267410518603997,-0.0136547005161029,0.0831068839189794,0.0741265087086861
"ALT_A_20_39_vs_40_79",346,0.0329903871368634,-0.0367178075715547,-0.000871859953163079,-0.0310004088503374,-0.0255890698526717,0.0658115490805487,0.0634309125550624
"ALT_A_20_39_vs_40_79",347,-0.0156858994445687,0.00439201736485657,0.00739132539098994,0.02915387104321,-0.133041602315503,0.0417128561511276,0.036765281833195
"ALT_A_20_39_vs_40_79",348,-0.0138382210929472,-0.0823498705267941,0.0314496581955103,-0.0575741302503285,-0.0711170768456285,0.0283128599933953,0.0192596363946293
"ALT_A_20_39_vs_40_79",349,0.00341352810891831,-0.0231617272868688,-0.0167987463504542,-0.0624145675808397,-0.0680743954657029,0.045695306016584,0.0591073412130076
"ALT_A_20_39_vs_40_79",350,-0.000459309138253844,-0.0159798695102479,-0.0215171960869464,-0.0219624991082848,-0.0955242067344745,0.0285683248887595,0.0718620306080762
"ALT_A_20_39_vs_40_79",351,-0.0207070450877488,-0.0257258795551522,0.0206154692867685,-0.0382493212300701,-0.0308948222540901,0.003778951375221,0.0019082417147919
"ALT_A_20_39_vs_40_79",352,-0.00877438341599152,-0.00571198700001653,-0.0471992444505401,-0.053826790102141,-0.0636126005414475,-0.0249711853307427,-0.0228363985708379
"ALT_A_20_39_vs_40_79",353,-0.00528294369105124,-0.0343598923242623,-0.00611923849969068,-0.0795521211150245,-0.0130902110758458,-0.00411714149516806,0.0218866221773788
"ALT_A_20_39_vs_40_79",354,0.0316640090038393,-0.066692294687215,0.00729973370428724,-0.0384692572606473,-0.0633869885883844,0.0514051475177635,0.0657201873578137
"ALT_A_20_39_vs_40_79",355,0.00860533856063385,-0.050875142381048,-0.0292442317590857,-0.0715130301632584,-0.0475536077439622,0.0143681856671933,0.0302903122061442
"ALT_A_20_39_vs_40_79",356,0.00228741966172526,-0.0320068876759651,-0.00250550383545584,-0.0243149661216264,-0.0945253452024608,0.0297219625720437,0.0259463465578396
"ALT_A_20_39_vs_40_79",357,-0.0213155810305345,-0.0241846558307286,-0.00377447711474099,0.000156429562888305,-0.0718632777910901,0.0181018200832296,0.0189339962739096
"ALT_A_20_39_vs_40_79",358,-0.00387996408289199,-0.0454916809242989,0.0115419532926708,-0.0223150194120098,-0.0573012653368473,0.0161285994641657,0.0394414928907224
"ALT_A_20_39_vs_40_79",359,-0.0107340407378754,-0.0442851551759161,-0.0139012452698076,0.0139143585338261,-0.0648647383319096,0.0249340360178466,0.0216272753680104
"ALT_A_20_39_vs_40_79",360,0.0238329577036924,-0.0449933888004,-0.0301223878744402,-0.0383618705365786,-0.058436304451578,0.0399633463579277,0.0450734412856777
"ALT_A_20_39_vs_40_79",361,-0.0228130237682129,-0.0116517355213652,-0.0228882893625217,-0.0411865281522832,-0.0319806145494801,-0.000860879120812327,-0.000297764778281917
"ALT_A_20_39_vs_40_79",362,0.010658181527616,-0.0967186504802644,0.0352008741215603,-0.0325684372433887,-0.0733447690428429,0.0593178301565374,0.0722902625281402
"ALT_A_20_39_vs_40_79",363,-0.0236166366883533,-0.00851257788575048,0.0137330363018724,-0.0575122943328667,-0.0488945778172074,0.0182684244288465,0.0108196983308309
"ALT_A_20_39_vs_40_79",364,0.00377655395694465,-0.0244925236545369,0.0323571113253632,-0.0207506430773746,-0.0670707229049932,0.0350771246459604,0.0330467453935898
"ALT_A_20_39_vs_40_79",365,-0.00198604579118327,-0.0464243299875148,-0.0186812356534981,-0.0195188129959143,-0.00539692584053325,0.0225292175981899,0.0226824596140084
"ALT_A_20_39_vs_40_79",366,-0.0128876868757556,0.0209064834636105,-0.00417810825757103,-0.0426199207417406,-0.00934910437735381,0.0245882836479791,0.0278570428721038
"ALT_A_20_39_vs_40_79",367,-0.0135996280672543,-0.0438043587426154,0.0130924963605173,-0.0911323347847917,-0.0201643140777931,0.00115967505529347,0.023387296841623
"ALT_A_20_39_vs_40_79",368,-0.0152676541505606,-0.0319423628462836,-0.0107900349014177,-0.0742177195015389,-0.11434136246344,-0.0175034282827588,-0.0210601972705532
"ALT_A_20_39_vs_40_79",369,0.00633534994387959,-0.0342913001366089,0.0428474718906786,-0.100217168073275,-0.0812261033637874,0.0177563780796815,0.0154106940002487
"ALT_A_20_39_vs_40_79",370,-0.0473239240029211,-0.0450863039048879,-0.00739834274989909,0.0132131040635438,-0.104694761843282,-0.0257022309304116,-0.00937502112987077
"ALT_A_20_39_vs_40_79",371,-0.00491982797363855,-0.08998259066753,0.0231266300976903,-0.00396409270304016,-0.0638759138243361,0.0202818618683041,0.0372038625803582
"ALT_A_20_39_vs_40_79",372,0.0130012788077461,-0.0194924615542739,0.0243838658759774,-0.0329098220286751,-0.07770808929982,0.0319635193051299,0.0342560628107871
"ALT_A_20_39_vs_40_79",373,-0.0131940738090522,-0.011706334203838,0.0290169004884941,0.0139252553224014,-0.0742949506935331,0.0269790043715941,0.0271599507426389
"ALT_A_20_39_vs_40_79",374,-0.00141988745711258,0.00272942203822962,-0.0109431809617865,-0.0515409879850949,-0.0869014569799557,0.0148344346301591,0.0277488456185759
"ALT_A_20_39_vs_40_79",375,-0.00322211584661267,-0.0406076438672774,0.0277065106977633,0.00470394383073358,-0.0710649958997717,0.0362299629660921,-0.00253490635734224
"ALT_A_20_39_vs_40_79",376,0.0268844980189709,0.0131607594401281,-0.0207742316778511,-0.0118204094661134,-0.0345120094872313,0.00702329074065301,0.0327730732055469
"ALT_A_20_39_vs_40_79",377,-0.0229233715244876,-0.0612394591238055,0.0127015439755755,-0.0151263202163966,-0.100875273621547,0.0144526532161081,0.0138118513608633
"ALT_A_20_39_vs_40_79",378,0.0113325498080976,-0.012754054408638,0.0148670475343026,0.00892456670499187,-0.0922090981058332,0.0657876383750998,0.0611449277408983
"ALT_A_20_39_vs_40_79",379,-0.000948279458289104,-0.0345412545903691,-0.0122454674830981,-0.025013392427011,-0.0574943539588437,0.0268585450542981,0.0155301634935586
"ALT_A_20_39_vs_40_79",380,-0.00402476016077236,-0.0133836745269774,-0.041114356433925,-0.07196795552902,-0.0947793880019068,0.0184581279150724,0.0145481223807629
"ALT_A_20_39_vs_40_79",381,0.0162836744438634,-0.0320133222419561,-0.0406010154083403,-0.0365951455992502,-0.0560441953431151,0.0178032105674484,0.0189055200463815
"ALT_A_20_39_vs_40_79",382,0.0205902911808108,0.000769116019705335,-0.00300727107806023,0.049312927599462,-0.0687402483429785,0.0465720560313944,0.0365313893443866
"ALT_A_20_39_vs_40_79",383,0.0152301973355227,-0.0249643453566093,-0.0398816967903409,-0.0156408754590963,-0.00170078799984497,0.0472683293911551,0.0438037923818262
"ALT_A_20_39_vs_40_79",384,0.0012992238617474,-0.0340075696839029,0.0103027116164985,-0.034830891348519,-0.0837659955112811,0.017686484822881,0.00592836865105429
"ALT_A_20_39_vs_40_79",385,-0.0175171283638031,-0.0463907814983962,-0.0477046175302142,-0.0523351130032234,-0.040930332112434,0.0371253418367176,0.0754005441696945
"ALT_A_20_39_vs_40_79",386,0.000652311203033204,-0.054013642560658,-0.0286450612706899,0.0128784943032156,-0.0561000473638512,-0.00832168666310626,-0.00830747405044352
"ALT_A_20_39_vs_40_79",387,-0.0095041789885137,-0.0272196523786382,-0.0191246746780667,0.00246643705587687,-0.01032690083044,-0.00451503867877105,-0.00367462692324756
"ALT_A_20_39_vs_40_79",388,-0.00441807648772045,-0.0324840099928671,-0.0263446923515616,-0.00372213406526217,-0.0687572139248799,0.0151130813052608,0.014612695395342
"ALT_A_20_39_vs_40_79",389,-0.000356367680058887,-0.0315292538349232,-0.0325808102510054,-0.0472070420910103,-0.0362558503580095,0.0489032762093322,0.0465680937019018
"ALT_A_20_39_vs_40_79",390,-0.00145906350226622,-0.013191592141781,0.017521351534446,-0.0634058533452796,-0.0910225473946336,0.042287440390688,0.0603082125402169
"ALT_A_20_39_vs_40_79",391,0.0271581294580958,-0.0549599016117595,-0.0343166499492063,-0.0860904829546636,-0.0929823606519641,0.0319724910229612,0.0319724910229612
"ALT_A_20_39_vs_40_79",392,-0.00142512336153899,0.0393037670890819,-0.0503711174479125,-0.0274422118617983,-0.0204156649267592,-0.000108264762554003,-0.00773453781183087
"ALT_A_20_39_vs_40_79",393,-0.0304448128210864,-0.0232264402748242,0.00894406413718679,-0.0164733855381033,-0.02694337990506,-0.000319662983916627,0.0103117113249209
"ALT_A_20_39_vs_40_79",394,0.00602081229842783,-0.0369470562714476,-0.00433142056032318,-0.0479950049620923,-0.0237285426586235,0.0495020480125972,0.0499025166776468
"ALT_A_20_39_vs_40_79",395,-0.0251121857558512,-0.0129266998303963,-0.0387631303193977,-0.0129692982798849,-0.0998123270051112,0.00898262962453358,0.0130534694974198
"ALT_A_20_39_vs_40_79",396,-0.023479261001533,-0.030679659150745,0.0304327157102159,-0.0157575857544839,-0.0150404310901011,0.018895775195082,-0.0128629270170159
"ALT_A_20_39_vs_40_79",397,-0.0442115753686458,0.00985689331132793,-0.0110357408304598,-0.0831452758744429,-0.0679617712614358,-0.0124911406459538,0.0476835496853672
"ALT_A_20_39_vs_40_79",398,0.0130103700763954,-0.0108475609307168,0.0224624814779806,-0.0358964214143207,-0.101587524010782,0.0218272384096811,0.0251841792409228
"ALT_A_20_39_vs_40_79",399,0.0066022634001887,-0.0590370118210492,-0.067977123602484,-0.0904069835167133,-0.0384791785999027,0.0267955589181467,0.0437324865541911
"ALT_A_20_39_vs_40_79",400,0.00245960557683476,-0.0455338786511983,0.0470169655787167,-0.0520454644724334,-0.0645139065553703,0.0468445998879976,0.0391193444542645
"ALT_A_20_39_vs_40_79",401,0.00190850739295977,-0.0421207150092024,-0.0402342794397208,-0.0705770105019184,-0.0977633404761937,0.0236508428378874,0.0211191258402571
"ALT_A_20_39_vs_40_79",402,-0.0121119340101036,-0.048123623492372,-0.0175559900320851,-0.0181320246030062,-0.0184164066876871,0.00834286069278826,0.00762765166420787
"ALT_A_20_39_vs_40_79",403,-0.00503110404842431,-0.0433345603782839,0.00508091483232143,-0.00696128871690599,-0.0560237088136351,0.0187986574562125,0.0231670192033449
"ALT_A_20_39_vs_40_79",404,-0.0045534743846999,-0.0315907989622804,-0.0131760498537433,-0.00599473162537986,-0.0543620771303457,0.031056563706816,0.034347863397505
"ALT_A_20_39_vs_40_79",405,0.0155664183352188,-0.0148169422899574,0.00912880176724018,-0.0583242005689609,-0.0524581637764692,0.0517008314056562,0.0431838623668434
"ALT_A_20_39_vs_40_79",406,0.0101388968799809,-0.0102243720045576,-0.0363773385815623,-0.00646178479048026,-0.0235954836805745,0.0521600866481448,0.0606319598577372
"ALT_A_20_39_vs_40_79",407,0.0338186225436464,0.00259336422785193,-0.0499441003619158,-0.0314154890855621,0.0281154570251976,0.0673290566959441,0.0525099954325947
"ALT_A_20_39_vs_40_79",408,0.0163653730894058,-0.0266468767430023,-0.0354358555833527,-0.102698059388608,-0.0227726561655803,0.0324158667260832,0.0357984936149124
"ALT_A_20_39_vs_40_79",409,0.0184840407254388,-0.00552903605972975,0.025211499964519,-0.0426749952441619,-0.0115699988649126,0.0624046512852044,0.0674514309776989
"ALT_A_20_39_vs_40_79",410,-0.00710751590424805,-0.0141770841998701,-0.046670371401634,-0.0381543820119574,-0.0407345925728604,0.025008146273362,0.00982564566300616
"ALT_A_20_39_vs_40_79",411,0.000124620754903292,-0.0321143977287895,-0.0354443034221092,-0.0694284102813532,-0.0710563518917113,0.0254341505821121,0.0196666479789085
"ALT_A_20_39_vs_40_79",412,-0.00203042031732657,0.00319310784143015,-0.00623734583559785,-0.0457320919514285,-0.030813904975754,0.0482672581633378,0.0420450502694852
"ALT_A_20_39_vs_40_79",413,0.0074425271903315,-0.0158164902636476,-0.00911363446017301,0.00330112063116722,-0.097761322579473,0.0257104471492819,0.0252523295847625
"ALT_A_20_39_vs_40_79",414,0.0187129726157058,-0.071056351310512,-0.00796772203410467,-0.010627232972919,-0.0651515344308299,0.0700609991412259,0.0696792157981748
"ALT_A_20_39_vs_40_79",415,-0.00886641244975613,-0.0199285937982768,-0.0731261214613174,-0.0402874990688029,-0.0329948712836234,0.028671614163787,0.023866606061931
"ALT_A_20_39_vs_40_79",416,-0.0272800743148991,-0.0110226959949909,-0.051893842676789,0.0360180053801675,-0.0867359221690549,-0.0394218515066891,-0.0324174305733005
"ALT_A_20_39_vs_40_79",417,0.017873269610906,-0.0651595022100487,0.00517463221009926,-0.0541053269735732,-0.0496745843310244,0.0134765050516992,0.0145861805669043
"ALT_A_20_39_vs_40_79",418,0.00345525565727092,-0.0651649956674643,0.0321516498222349,-0.020571117336509,-0.113837243083849,0.0351850525079312,0.0419796207678491
"ALT_A_20_39_vs_40_79",419,-0.00587727105306003,0.00123658866922532,0.0257426730151855,-0.0360207505192752,-0.0532938404399491,0.0174135401852653,0.0174502891777139
"ALT_A_20_39_vs_40_79",420,-0.0103327136663847,-0.0470727747276405,-0.0194964433552142,0.0100296108296764,-0.0711956460548129,-0.00575907636698985,-0.0108064264045956
"ALT_A_20_39_vs_40_79",421,0.0282840330275536,-0.0408849864304772,-0.000209568562325041,0.0272512390371768,-0.0608665210100184,0.0949208307480287,0.0776631460759556
"ALT_A_20_39_vs_40_79",422,-0.0255027751045477,-0.0130387479755054,-0.0361333260127946,0.0431836873432912,-0.0641511101317507,0.000411930197379465,0.0238843548060865
"ALT_A_20_39_vs_40_79",423,-0.0103668157361958,-0.00454895007087719,-0.0153265288218207,-0.0575793470728783,-0.0884726437750222,0.0174382990192773,-0.0170714533705111
"ALT_A_20_39_vs_40_79",424,0.000494357342912671,-0.0231780141732332,-0.00908180438441247,-0.0254985571625675,-0.0290449660838908,-0.0308372312257353,-0.0350882212596825
"ALT_A_20_39_vs_40_79",425,-0.0034427299326223,-0.0648681885397193,0.0218263288021835,-0.0387635292535959,-0.0489655444620403,0.0520712524005312,0.039520699659509
"ALT_A_20_39_vs_40_79",426,-0.0129508650667535,-0.0164272333419587,0.0159198432000022,-0.0748011539693563,-0.0324004464461038,0.0129577476027389,0.0184758536719411
"ALT_A_20_39_vs_40_79",427,0.00673654572441801,-0.0477451151155374,-0.0561424342744254,-0.0540672589602986,-0.0379238485154728,0.0269095925975724,0.0213930434198628
"ALT_A_20_39_vs_40_79",428,-0.0391872246695518,0.0105781999340203,0.00259470122167327,0.00933351255018711,-0.107290573267757,-0.0421570811310149,-0.0244879136002034
"ALT_A_20_39_vs_40_79",429,0.00597936627299265,0.0071085169282564,0.0277975644312499,-0.0279061145355064,-0.0438947161707021,0.0484198019582439,0.0414609128568869
"ALT_A_20_39_vs_40_79",430,-0.0240966325260322,-0.000827277413117153,-0.0093952731204954,-0.0269189303993267,-0.0823954656781767,0.0183009970756133,0.0377182607132668
"ALT_A_20_39_vs_40_79",431,0.000318096811857231,-0.0260812053722319,-0.0414753165689763,0.0237109013001676,-0.0235717748516548,0.00938014771091377,0.0170813742157201
"ALT_A_20_39_vs_40_79",432,0.0162493717449487,-0.0283115536576672,-0.00613656307437385,-0.0432054156997631,-0.0876685613517647,0.00973006524636273,0.0170405966416985
"ALT_A_20_39_vs_40_79",433,-0.0182468781746632,-0.0408996478022659,-0.0111872113942319,-0.0612070976944498,-0.0446544862287514,0.0103726256540917,0.010196889760875
"ALT_A_20_39_vs_40_79",434,-0.00153864035151425,-0.0381772214493771,0.0429998888865336,-0.084273627448312,-0.0817690806105556,0.0365874887472759,0.0323675324828439
"ALT_A_20_39_vs_40_79",435,0.00597977690630604,-0.0487993588653481,-0.0464237442959121,-0.0431486337948852,-0.0763586631340196,-0.000445919739248068,0.00342520178144155
"ALT_A_20_39_vs_40_79",436,0.0175179589888435,-0.0290010151825123,0.0345881627176665,-0.0385272447999582,-0.0458474471635009,0.0265303676220408,0.0137439565724845
"ALT_A_20_39_vs_40_79",437,0.0310910302158493,-0.0110314041596493,-0.0331418787654612,-0.064078935176946,-0.0641358907152544,0.0464458379536538,0.0533863959494289
"ALT_A_20_39_vs_40_79",438,-0.00420846282713649,-0.078769127857368,-0.00705746446726438,-0.0438616071541166,-0.0571389548286838,0.045257464351032,0.0599520618405639
"ALT_A_20_39_vs_40_79",439,-0.00955216865977325,-0.026255605238444,0.00130220659762759,-0.040609420872028,-0.0263264296827125,0.0428708748338259,0.0405827640989831
"ALT_A_20_39_vs_40_79",440,-0.0135267755860582,-0.0535762275352168,-0.0232392855621044,-0.02365961612119,-0.00908871724253585,-0.056805743082775,-0.0479185788538377
"ALT_A_20_39_vs_40_79",441,-0.0140182134406076,-0.0151376142305953,-0.00670767722900015,-0.0523855493702768,-0.0483013299497594,-0.0162067867474124,-0.0121081428138
"ALT_A_20_39_vs_40_79",442,-0.0127594118662997,-0.0321586610617892,-0.0159565133480886,-0.059856299720744,-0.0472120349104445,-0.0139833324472047,-0.0171011621649414
"ALT_A_20_39_vs_40_79",443,0.016463752572827,-0.0420164578788247,0.0151091521306399,-0.05188045516788,-0.0752962405132062,0.0227820382483919,0.0500250804342885
"ALT_A_20_39_vs_40_79",444,0.0174682128739562,-0.0193717735609802,0.0431525935581921,0.0186472442403171,-0.0224609504395425,0.0598497785616028,0.0569526274034864
"ALT_A_20_39_vs_40_79",445,-0.0172071963367611,-0.0140240346799794,0.00823931663456259,-0.0102728159123855,-0.0493015086888949,0.0131682202461762,0.0314041281954824
"ALT_A_20_39_vs_40_79",446,-0.00607791164527788,-0.00980978219338055,-0.023812056845752,-0.0447206388287905,-0.0261737591949741,-0.0123464093712455,-0.0120417140813275
"ALT_A_20_39_vs_40_79",447,0.0181011734311257,-0.0199191561385608,0.00769578191793752,-0.0902017509523816,-0.0402790580057231,0.0648153003926062,0.102496796378386
"ALT_A_20_39_vs_40_79",448,0.00443374511376204,-0.0250683192582098,0.00942771123785013,0.0140400642973487,-0.0422408393866933,0.0201898679683715,0.0334668931078152
"ALT_A_20_39_vs_40_79",449,0.0117430771718927,-0.00444608619504977,-0.0473917081321537,-0.0123324731048697,-0.0519265238205072,0.0219241956198657,0.0255783771729862
"ALT_A_20_39_vs_40_79",450,0.0100557191947646,-0.00805201743321905,0.0198421385650895,-0.0612354369265387,-0.0213209525220912,0.0302085943303757,0.0345499421356789
"ALT_A_20_39_vs_40_79",451,-0.0150046871152694,-0.00806912167163604,0.00764147626875916,-0.0660601558529458,-0.0440257273531198,0.0386279024486564,0.0389185184237881
"ALT_A_20_39_vs_40_79",452,-0.00997761624962903,-0.027380342033055,-0.00815293823490118,-0.0397869823922269,-0.011404458548477,0.0126857327072426,0.00966388089048553
"ALT_A_20_39_vs_40_79",453,-0.0147746149607719,-0.0793520059960545,0.0369296872104553,0.0558172137098213,-0.0419507923739336,0.0380549629532985,0.0525223338119515
"ALT_A_20_39_vs_40_79",454,0.00750180631843543,-0.0351912087485091,0.016726630051168,-0.0582011026536911,-0.10576720586579,0.0406985017910843,0.0429541197338015
"ALT_A_20_39_vs_40_79",455,-0.00697273297612699,-0.021434397973559,-0.0185637618899745,-0.0130087692694692,-0.00607607296970414,0.0101478384069268,0.0144244036027887
"ALT_A_20_39_vs_40_79",456,-0.00619112426816304,-0.0543002994178063,-0.0192395099968787,-0.03473276544892,-0.00174805274839174,0.0293856951680352,0.0147456477893653
"ALT_A_20_39_vs_40_79",457,-0.0499300608025796,-0.0386682882063948,-0.0218119045659168,-0.024969387689627,0.00865066894038946,-0.0391988496812546,-0.0397275935941744
"ALT_A_20_39_vs_40_79",458,-0.0197922919436735,0.00754694739201832,0.017284115527683,-0.0757339099748919,-0.077342694241413,0.0215612567005484,0.0245464816912829
"ALT_A_20_39_vs_40_79",459,-0.0167221460753625,-0.0262907407967561,-0.00699540874156479,-0.0159500523832455,-0.0826518061890842,0.0330868002587402,0.0360477899269056
"ALT_A_20_39_vs_40_79",460,-0.00668635070804227,-0.0389423973086764,0.0123883716215606,-0.0299004942779064,-0.0345766310869907,0.0212211986912043,0.0392480747857347
"ALT_A_20_39_vs_40_79",461,-0.000716897771283712,-0.0414756874791473,0.00165161969668995,-0.0774455465148058,-0.0409022402450649,0.0370317081653165,0.0379295557499548
"ALT_A_20_39_vs_40_79",462,0.0210625640571138,-0.0263638449112207,-0.0467221828426152,-0.0636623671197557,-0.0229287155443533,0.0827627501813071,0.0798752107933616
"ALT_A_20_39_vs_40_79",463,0.0176443175595488,-0.0614941937725297,-0.00334430082613466,-0.0432318459069549,-0.0610108949940206,0.0334919947044975,0.0269607156460486
"ALT_A_20_39_vs_40_79",464,0.000283645423132792,-0.0217466342251832,0.0408931864640577,-0.0159687769806883,-0.0702674348881624,0.0151861461647397,0.0143107749737381
"ALT_A_20_39_vs_40_79",465,0.00154880831437619,-0.00826043802153431,0.0379227464812304,-0.035663614173592,-0.0207385546418342,0.0376981860691709,0.0312562130773053
"ALT_A_20_39_vs_40_79",466,-0.0210455568303314,-0.0339489991939917,0.00940921299740222,-0.0367222869744625,-0.0837035645011835,0.00416659223026302,0.00869278007375369
"ALT_A_20_39_vs_40_79",467,0.0036742984645903,-0.0132630542127181,-0.0488690206399028,-0.0049388790145756,-0.00333166260395235,0.0374114515625297,0.0438474895494376
"ALT_A_20_39_vs_40_79",468,0.0102470357096313,-0.0361238607439845,-0.00598102792896035,-0.00405230115140193,-0.0447401751829575,0.0259670769901876,0.0366674499314839
"ALT_A_20_39_vs_40_79",469,-0.0256626150287667,-0.00165050368903653,-0.025541043586856,-0.0386104930764156,-0.0785108006791924,-0.0244021185347028,-0.0411043188136239
"ALT_A_20_39_vs_40_79",470,-0.00427828956472187,-0.0420086869863852,-0.0315971196770153,-0.0458818637807118,-0.0661213476554409,0.0295732056997617,0.0292256255818932
"ALT_A_20_39_vs_40_79",471,-0.00933016979812987,-0.0352377773839214,0.0039111844044061,-0.0253208117451103,-0.0744268127492785,0.0143540877178049,0.0143540877178049
"ALT_A_20_39_vs_40_79",472,0.029524045942475,-0.0433922476373009,0.0100269504832274,-0.0256398289309496,-0.0250396489073614,0.0499080341684922,0.0484644361546321
"ALT_A_20_39_vs_40_79",473,-0.0192636442661038,-0.0306313122325566,-0.0402903087587618,-0.0177549048667028,-0.0495571700332633,0.00153605098367275,0.0116998369136445
"ALT_A_20_39_vs_40_79",474,0.0141255356093935,-0.0449354755421302,0.01163330714466,-0.0321625259155086,-0.042392660066222,0.0415903094676847,0.0478527577411719
"ALT_A_20_39_vs_40_79",475,0.00752311695648154,-0.0554111194168357,-0.0457293612805322,-0.0621002106368406,-0.0418365551143507,0.0310170706487101,0.0676800936397423
"ALT_A_20_39_vs_40_79",476,-0.0159158066233671,-0.0341356243405653,0.00554288333420902,-0.0255688814804397,-0.0388557173365149,0.0178747897742002,0.0419144980049761
"ALT_A_20_39_vs_40_79",477,-0.0200929171364052,-0.0335436754886301,-0.00658161261928344,0.0177855852108905,-0.0507382674449641,-0.00845289493393778,-0.0179018413958362
"ALT_A_20_39_vs_40_79",478,0.000236091463752162,-0.0400267373670453,0.0245311564979896,0.00126549076155114,-0.0581456477140925,0.024743284203644,0.0194955541488024
"ALT_A_20_39_vs_40_79",479,-0.0134949488539138,-0.0304731232910032,-0.0169817825873301,-0.0779284513149303,-0.0342918728868235,0.0368910987316508,0.0313543083978619
"ALT_A_20_39_vs_40_79",480,-0.00861539030198428,-0.0189841870584685,-0.0138756431427236,-0.00922991944894552,-0.0498125407558322,0.0262337234555979,0.0267225787250461
"ALT_A_20_39_vs_40_79",481,-0.0219276662943663,-0.00669668826922355,-0.00377025308015944,-0.0589598081676176,-0.00729347857629292,-0.019727107905269,-0.0297754319091381
"ALT_A_20_39_vs_40_79",482,0.0209510386268539,-0.0187670212200199,-0.0110472339241837,-0.00839931340162761,-0.0456916258115861,0.0519718912249513,0.0583613631655664
"ALT_A_20_39_vs_40_79",483,-0.0042099966420279,-0.0228635917782177,-0.0222093414590623,-0.0864311495686881,-0.0533438390469292,0.0429977805137094,0.0416089683315987
"ALT_A_20_39_vs_40_79",484,0.0185848042222042,-0.0311768979777689,-0.0112960089145336,0.034915152935448,-0.0333298945745621,0.0332296504780704,0.0322295680104231
"ALT_A_20_39_vs_40_79",485,0.0106467258290041,-0.0513927599259167,0.0125929628453287,-0.0516272826055028,-0.0543600474796316,0.0260424148077049,0.0261017603701918
"ALT_A_20_39_vs_40_79",486,0.0128453007597719,-0.0506514339357636,0.0104698937613038,-0.0575258015889427,-0.054367477089243,0.0500969560420964,0.0444342657316777
"ALT_A_20_39_vs_40_79",487,0.0134282282796741,-0.00869460877763333,-0.0442850560665703,-0.0680853542778277,-0.0754584341071908,0.0508472294004184,0.0429153246107279
"ALT_A_20_39_vs_40_79",488,-0.017339281963751,-0.0408090322476591,0.0308422177714499,0.0100766942226166,-0.0946045620128569,0.0445958848453537,0.0271641867724384
"ALT_A_20_39_vs_40_79",489,0.0136450424818068,0.00488509774672076,-0.00568581595418577,0.0252765429427238,-0.094242840318563,0.0410677108384234,0.0429338091012738
"ALT_A_20_39_vs_40_79",490,-0.003608948843568,-0.0350081922818014,-0.0447401682564154,-0.0325740716439596,-0.0723989488236503,0.0137912730330704,0.00367583039479399
"ALT_A_20_39_vs_40_79",491,-0.00450099285136998,-0.0195721207339838,0.0167873353507863,-0.0931885237409642,-0.046818911509546,0.00595400047950666,0.0162372338979074
"ALT_A_20_39_vs_40_79",492,-0.0167124020940796,-0.0474498512044328,-0.0113765542899133,-0.0400400444817259,-0.0651391757060763,-0.00677605841173245,-0.000783406953071691
"ALT_A_20_39_vs_40_79",493,-0.0404733090040432,-0.0214422043113881,-0.00633777782291092,-0.0293533637435881,-0.0899774182837613,-0.019237406107009,0.00835911560602516
"ALT_A_20_39_vs_40_79",494,-0.0191972889481579,-0.0121296340323385,-0.0230471680130946,-0.0252262480997068,-0.109198362031295,0.00161945547736328,-0.0332693590666636
"ALT_A_20_39_vs_40_79",495,-0.0196732877707248,-0.0130005284336994,0.0178853336606575,-0.0580124452942624,-0.14743991399881,0.0329414681701762,0.0394171218086174
"ALT_A_20_39_vs_40_79",496,0.0230056625639283,-0.0635607158123089,0.0351629543253509,0.0400574547513685,-0.0429381298468298,0.0570880503855321,0.0826022386971686
"ALT_A_20_39_vs_40_79",497,-0.00265138985241499,-0.0406254012534313,0.0443075641540607,-0.0342785549694367,-0.0472383234151266,0.0310951740546561,0.0516707491320776
"ALT_A_20_39_vs_40_79",498,-0.00721478185854105,-0.0658241778933749,-0.0142999791744398,-0.0601247500879956,-0.0770380322605423,0.0130368391272528,0.0174494839018138
"ALT_A_20_39_vs_40_79",499,0.0228880623954545,-0.0306564383428403,-0.0250999331731159,-0.0181031105727157,-0.0240501659521168,0.0614613432108453,0.0796127434838946
"ALT_A_20_39_vs_40_79",500,-0.00134161669033107,-0.0384139685536931,-0.00920175485489733,-0.025473647877611,-0.00864295760244332,0.0188616887456297,0.0211254838013317
"ALT_A_20_39_vs_40_79",501,-0.0106296762763882,-0.0111769903853969,-0.000488117924066195,-0.0253269348623944,-0.0720636250404542,0.0192595438408149,0.0160616695089655
"ALT_A_20_39_vs_40_79",502,0.0108447682640291,-0.0498415822942145,-0.0136184171544954,-0.0766519708064678,-0.0218237646095165,0.0324766495055204,0.0338930741571946
"ALT_A_20_39_vs_40_79",503,0.0036684969894677,-0.0255428110995866,-0.0315239138232154,0.0154444688956222,-0.0560918252994303,0.0084209133414165,0.0154493664045978
"ALT_A_20_39_vs_40_79",504,-0.017288196240336,-0.0576975253657982,-0.0218926333084431,-0.0306443708380933,-0.0188434116530589,0.0435220909477327,0.0233964155343705
"ALT_A_20_39_vs_40_79",505,0.0136966282764813,-0.0562296436182126,-0.0212727769268076,-0.0120073416144463,-0.0400740462705028,0.0282261523556814,0.00588643026996414
"ALT_A_20_39_vs_40_79",506,0.0241719785990702,-0.0745295987259212,-0.0129580395865404,-0.00262038898130068,-0.031590966838747,0.06362191486553,0.0605801960677217
"ALT_A_20_39_vs_40_79",507,0.001170029587803,-0.0105459202551562,-0.0203341160422683,-0.0757487285228801,-0.0687401272947623,0.0369852136699744,0.0345115693338324
"ALT_A_20_39_vs_40_79",508,-0.0254118664065869,-0.0403732269130103,0.0298900243417591,-0.0452776001800974,-0.0848312648687357,-0.000634840577121397,-0.0111709471955458
"ALT_A_20_39_vs_40_79",509,0.0213580645622307,-0.051310307937352,0.0201634433203031,-0.0383717765659086,-0.0808025928996903,0.0408503702648493,0.0438288738690474
"ALT_A_20_39_vs_40_79",510,0.0252652889377844,-0.0310482295928081,0.063985080386138,-0.0527086538695107,-0.0510642294045964,0.0331317849367117,0.0300078251824142
"ALT_A_20_39_vs_40_79",511,-0.00107645271077571,-0.0168374243375838,-0.0115180381275824,-0.0949404714531886,-0.0527704387146896,0.0344186459193095,0.038938956064379
"ALT_A_20_39_vs_40_79",512,-0.0101059680931686,-0.00128998519144492,-0.0056847577869614,-0.0304053139575766,-0.0501490906560823,-0.00239324661519226,-0.00141952344865359
"ALT_A_20_39_vs_40_79",513,-0.00938259747257189,-0.0892717718066786,0.0356817729604714,-0.0349302148916723,-0.0671784569332947,0.0107266166609158,0.00783255439000115
"ALT_A_20_39_vs_40_79",514,0.00734799490806252,-0.0226278165638632,0.0159009897716864,-0.078144606694365,0.00371341756000626,0.0380224652947809,0.0480812494696522
"ALT_A_20_39_vs_40_79",515,-0.0144684673836327,-0.0497574022280432,0.00728435708774239,-0.0341599523056131,0.0274577703955348,0.025489002544639,0.0330898113288721
"ALT_A_20_39_vs_40_79",516,0.00369185051806393,-0.0226569168211199,-0.0180106190305869,-0.055163738650754,-0.056957365193709,0.0657873190701465,0.0402128382253141
"ALT_A_20_39_vs_40_79",517,-0.0019805996765845,-0.0223618916972158,8.83915753718822e-05,0.034884709459985,-0.0232407359091955,0.0247473513133619,0.0258900800169588
"ALT_A_20_39_vs_40_79",518,0.0061499044113786,-0.00374704334784969,0.000976055010770943,-0.0387999663146668,-0.0848447611573004,0.031220746393991,0.0796247860808765
"ALT_A_20_39_vs_40_79",519,0.0148958285927895,-0.0450988249508658,0.0114668029413176,-0.0352148511782819,-0.0617269888060355,0.0315626326438486,0.0335087513104134
"ALT_A_20_39_vs_40_79",520,-0.0213785339666851,-0.0814011761600897,0.044746585714423,-0.0725677270033127,-0.0362513017993283,-0.014961189244482,-0.0194611283982331
"ALT_A_20_39_vs_40_79",521,0.0050591569790157,-0.0663529880868282,-0.0144616604861548,-0.0584263821179373,-0.0715397067287317,0.0143269784382643,0.0386556312472276
"ALT_A_20_39_vs_40_79",522,-0.00903821762728677,-0.0573585011523477,0.0421456215967971,-0.0301238914191042,-0.0470306224544656,0.031707976516669,0.0676236431675498
"ALT_A_20_39_vs_40_79",523,-0.00909426353653636,-0.00482864291401686,0.00994862210517503,0.0119715980766879,-0.0466359906732547,0.0138905094829247,0.0423730392907946
"ALT_A_20_39_vs_40_79",524,-0.00366484696267896,-0.0463776390394747,0.033381427917641,-0.0921610909419809,-0.0444571301099558,0.0250247698493592,0.0232877106197387
"ALT_A_20_39_vs_40_79",525,-0.011313642228755,-0.0206099227377598,0.0115735957608263,0.00870845263650807,-0.0330616541614818,0.0327698368959654,0.0208735097709383
"ALT_A_20_39_vs_40_79",526,-0.0186406582703053,-0.00727641412820247,-0.0302634115770828,-0.0135240177630683,-0.0655546682859799,0.0138390061564006,0.0146028339078657
"ALT_A_20_39_vs_40_79",527,0.00560277180934538,-0.0198119346602845,0.0107275932341539,-0.029033892146714,-0.04021789651166,0.0106592145133663,0.0743207243665403
"ALT_A_20_39_vs_40_79",528,-0.0250856575459522,-0.0329983754234706,0.00644747339000307,-0.0163379045614123,-0.114186544724478,0.0262725771678163,0.03246869774064
"ALT_A_20_39_vs_40_79",529,-0.00326389145850468,-0.0469748959864157,0.0177477009749983,-0.0367887451350653,-0.0482166496791342,0.0342725032658717,0.0314480597314393
"ALT_A_20_39_vs_40_79",530,0.0129917985538493,-0.000837388452433904,-0.0375066456001862,-0.0664666009480062,-0.0513151641994092,0.0323756384959165,0.0393760385077926
"ALT_A_20_39_vs_40_79",531,-0.000553086646958967,-0.0708501971492228,-0.0441503532529799,-0.0539252514294333,-0.0999391293243605,0.0504713592509769,0.0572528994560153
"ALT_A_20_39_vs_40_79",532,-0.0148763263493299,-0.00209782966505886,0.00218134599148501,-0.023704485957155,-0.0470982212479796,0.0158091575539729,0.00519546698870071
"ALT_A_20_39_vs_40_79",533,-0.0229211882232455,-0.03842061068292,-0.0214844143553276,-0.0370287480630468,-0.0848785614571657,-0.0322017238712422,-0.0384487448770906
"ALT_A_20_39_vs_40_79",534,-0.00425842009957726,-0.0238029786271966,0.0466930540326444,-0.0574439168860506,-0.029799442997002,0.0652753030154739,0.0858716106168933
"ALT_A_20_39_vs_40_79",535,0.0101386515726888,-0.0182096825545231,0.00432551601711717,-0.0315385341105325,-0.0847821732196397,0.0700180265660689,0.0746619274432811
"ALT_A_20_39_vs_40_79",536,0.00409185052164236,-0.0210143981943315,-0.0303466925925072,-0.0450242344096675,-0.047455649000407,0.0410253091383225,0.0339479316733865
"ALT_A_20_39_vs_40_79",537,-0.00455655088225113,0.00917890343163769,0.0185092684786727,-0.0151183120943803,-0.0342840531241917,0.0244464975883538,0.0287214789550049
"ALT_A_20_39_vs_40_79",538,-0.0303180805957227,-0.0376681108040621,-0.00298071643101097,-0.0691121086187133,-0.048455916786804,-0.0418499892112416,-0.0292901698328264
"ALT_A_20_39_vs_40_79",539,-0.0180654371363215,-0.0452699172248235,0.0168432206176866,-0.0448626643354384,-0.0698683749769199,0.035881092408468,0.0290669127696506
"ALT_A_20_39_vs_40_79",540,-0.0211361819593642,-0.000850134182920931,0.0231242677312386,-0.0681341683251042,-0.0543166368786115,0.0371095346426209,0.0577068305528858
"ALT_A_20_39_vs_40_79",541,0.00359288527705861,-0.00157684832504934,0.0144796958423451,0.0035787967187407,-0.038464369677338,0.0161417125144348,0.0192936933394815
"ALT_A_20_39_vs_40_79",542,-0.00221888904310059,-0.0449346878219814,-0.0316681944024515,-0.00441020852024279,-0.0521076868902747,0.0119908977367271,-0.00667991052073146
"ALT_A_20_39_vs_40_79",543,0.00261724958302612,-0.085503820177188,0.0450170409531462,0.0168606060137423,-0.0401224761155073,0.0166685091191495,0.0453990071354742
"ALT_A_20_39_vs_40_79",544,0.0219112531979404,-0.0308064078316197,0.0368177014468465,-0.102576307874438,-0.0853040588522924,0.0936305806148099,0.100795128637223
"ALT_A_20_39_vs_40_79",545,-0.00179094046896393,-0.0424556939372507,-0.0221395214624259,-0.0469454217143233,-0.0690913249233034,0.0590942396742558,0.0397714394208701
"ALT_A_20_39_vs_40_79",546,0.00310996370597053,-0.0417749653030648,0.00565247334521102,-0.0903411505557157,-0.0450393425626446,0.0157035194797418,0.0470890007510462
"ALT_A_20_39_vs_40_79",547,-0.024982488589156,-0.0437721479728468,0.00823804189033547,-0.0509460612389177,-0.0515521214235837,0.013862044285062,0.0153170403218996
"ALT_A_20_39_vs_40_79",548,-0.0068373275941096,-0.00891816710601276,-0.00158603347182718,-0.0408249241122218,-0.0751181771195417,0.0277317309056328,0.0260288930728925
"ALT_A_20_39_vs_40_79",549,0.0117658387227251,-0.0573009433040733,0.0161875824000765,0.0158125935954901,-0.0911137890087444,0.0358213608076252,0.0247673226400034
"ALT_A_20_39_vs_40_79",550,-0.00427377462877074,-0.0819520275348491,-0.0117876189982703,-0.0218308764711359,-0.106650668777689,0.0505955945049569,0.0687368628082047
"ALT_A_20_39_vs_40_79",551,-0.0308638108606559,0.0169472999145939,-0.010679992719463,-0.0290991951949905,0.0205580206935498,0.00634700095986186,-0.0215265799160814
"ALT_A_20_39_vs_40_79",552,0.0102385040112992,0.00445482644879502,-0.0385509085163882,-0.0174555662601607,-0.0929454712677172,0.0404916112882628,0.0294173967681974
"ALT_A_20_39_vs_40_79",553,0.0125189429114539,-0.0511207198627638,-0.0149686707490006,0.00377524003505331,-0.0943044668614466,0.0110447678673859,0.0222168679006829
"ALT_A_20_39_vs_40_79",554,-0.0254427863438633,-0.0361143455815783,0.00887719033718656,-0.0157938682766573,-0.0355082583324389,0.0288654578932909,0.0239659451448246
"ALT_A_20_39_vs_40_79",555,0.0258925157654846,-0.0751050565798154,-0.0498534853052326,0.00138854787654191,-0.0603742542930928,0.0723122503154903,0.08529822346601
"ALT_A_20_39_vs_40_79",556,0.00244608629452368,-0.0413045992386797,-0.0309478108254831,-0.0158678468942773,-0.0168322334709785,0.0199219186998104,0.0160626550078745
"ALT_A_20_39_vs_40_79",557,-0.0266611228572552,-0.0251714598449223,-0.0179205781893603,-0.0650141451526395,-0.0732717750203906,0.0176384854717811,0.028445808645755
"ALT_A_20_39_vs_40_79",558,-0.0126988289389211,-0.0418119235314776,0.0161870000245495,-0.0088757691928357,-0.0400369478775603,0.0193478718617912,0.0115179727816411
"ALT_A_20_39_vs_40_79",559,-0.00701896320096307,-0.0102651130394914,-0.0174048972282386,-0.0678878800200236,-0.0509889973478085,0.0241213753368485,0.024022049754773
"ALT_A_20_39_vs_40_79",560,-0.00311704519225139,-0.0146892400799794,-0.0651184606536459,-0.0332070864392791,-0.0309456088320895,0.0314809690160289,0.0306134919240186
"ALT_A_20_39_vs_40_79",561,-0.0112509238662918,-0.0137474682667037,-0.0460740215903071,0.0285407754423453,-0.098604162649482,0.0467938978633924,0.025303088581954
"ALT_A_20_39_vs_40_79",562,0.00108736051508256,0.0146445386666022,-0.0115570339523454,-0.0490748200344953,-0.0730820562421279,-0.0100278338844186,-0.0183071286506574
"ALT_A_20_39_vs_40_79",563,-0.00783442260962897,-0.0226047083169182,-0.0131987272870058,-0.0345880499755004,-0.0868259911537003,0.0155410293410173,0.031658252636565
"ALT_A_20_39_vs_40_79",564,0.0197171869190995,-0.0353188731286145,-0.0286289699984376,-0.0523969021856186,-0.0392928179356053,0.0601996451222833,0.0442039514481467
"ALT_A_20_39_vs_40_79",565,-0.0117843263468665,-0.00558557765056299,-0.00224190810985897,-0.0649907040928382,-0.0463400997927304,-0.00327411459947016,0.0077748014272332
"ALT_A_20_39_vs_40_79",566,0.0409702382539507,-0.0426598948344274,-0.0405348333596078,-0.0297365112781444,-0.0538908130025948,0.0621526126154838,0.0297993215130404
"ALT_A_20_39_vs_40_79",567,0.00542420903267681,-0.0365349828217806,-0.000610936815265167,-0.0241169288552499,-0.0515989459475055,0.029739007147819,0.0481158580783883
"ALT_A_20_39_vs_40_79",568,0.00296409295475862,-0.0398814357834809,0.00337022229949173,-0.0252630455516903,-0.12158592874803,0.0313578328698337,0.0304269412722431
"ALT_A_20_39_vs_40_79",569,-0.0226097899435872,-0.0247179199425536,-0.00194972176481126,0.00153087833862994,-0.0602587388957742,-0.0126817230697909,0.00451478743547222
"ALT_A_20_39_vs_40_79",570,-0.00114236735260737,-0.0638207165695504,0.00543454054066536,-0.0265385820747084,-0.00203036487343938,0.0240016852240875,0.0275160362377183
"ALT_A_20_39_vs_40_79",571,-0.0280118566425742,-0.0103496078253338,0.0103060602208974,0.0301837011721306,-0.114631617429231,0.0178529277988236,0.087846614906413
"ALT_A_20_39_vs_40_79",572,0.000710752610776209,-0.0228812322306684,0.0176733073479071,-0.0421450347581922,-0.0860245610134903,0.0329696012906441,0.0280132415068001
"ALT_A_20_39_vs_40_79",573,0.0169496106207643,-0.0271724622550576,0.00183853377266718,-0.0290223465751714,-0.0783663095138684,0.049579139335885,0.0663585704100224
"ALT_A_20_39_vs_40_79",574,-0.00864750676225846,-0.0191031551395631,-0.0355693715252618,-0.0442595546612317,-0.0885607072723568,-0.00336105170931653,0.00472202026615725
"ALT_A_20_39_vs_40_79",575,0.0149769678776692,-0.0267832224486219,-0.028060575814099,0.0172505795472669,-0.0320934827665779,0.0400537783439993,0.0198084398461564
"ALT_A_20_39_vs_40_79",576,0.0115751200955099,-0.0641570746402413,0.0122596753157733,-0.00350825805087654,-0.0668139022990084,0.0366847201714806,0.0312303982874757
"ALT_A_20_39_vs_40_79",577,-0.00103551295116571,-0.0277607685542552,0.0281016011616242,-0.00851290563186449,-0.0524334445638051,0.0167681626411452,0.0148916914716734
"ALT_A_20_39_vs_40_79",578,-0.0204173741920505,-0.0386234245636067,-0.0314021861997717,0.0274431855253628,-0.0931436371954579,-0.00750174855256805,0.0272633581161261
"ALT_A_20_39_vs_40_79",579,0.026927405636159,-0.0598895668494957,-0.0195934376408256,-0.0662135384489968,-0.095920154985552,0.034048683460919,0.0245252468080549
"ALT_A_20_39_vs_40_79",580,-0.016803931440073,-0.0430577309022583,-0.0172646645955707,-0.0626828130924398,-0.0250659710783405,0.00973938391330827,0.0142876645683998
"ALT_A_20_39_vs_40_79",581,-0.0070073379450233,-0.0557119722346009,-0.0159324169268001,-0.0140398850752048,-0.0183597559634548,-0.00211377382362216,0.0167148741927982
"ALT_A_20_39_vs_40_79",582,-0.00745065349402466,-0.0234259824301398,-0.0132501680033319,-0.014410868908623,-0.0772226709980082,0.0496536851708946,0.0497264877810881
"ALT_A_20_39_vs_40_79",583,0.0132827168019743,-0.0114829056186073,-0.0346740400962631,0.00492372903158567,-0.0355159395571415,0.0389530612808905,0.0397766932580264
"ALT_A_20_39_vs_40_79",584,-0.00653367100716786,-0.013735997689789,0.00112713540337692,-0.0592171347891811,-0.0727959230851047,0.00788435327951888,-0.000841882549136266
"ALT_A_20_39_vs_40_79",585,-0.000113717615868592,-0.00971017452123372,-0.0061401173398952,-0.0573675158391555,-0.0527267187236969,0.0258061429685276,0.0753611163734513
"ALT_A_20_39_vs_40_79",586,-0.00649035447902666,-0.0283052820814979,-0.0409529114889918,-0.0129640237545683,-0.074572707346323,0.0238937717504876,0.0199907052378677
"ALT_A_20_39_vs_40_79",587,-0.0108093218833461,-0.0506277889864511,-0.00411172138093488,-0.0559321222964938,-0.0931371824476015,0.00174150766299054,0.00168915523801483
"ALT_A_20_39_vs_40_79",588,-0.0341468181705644,-0.0254560592271464,0.000262063092403689,-0.0587701234367711,-0.0297786881407962,-0.0175093803550256,-0.0232701452078937
"ALT_A_20_39_vs_40_79",589,-0.0239452711434483,0.0377694689783959,-0.00066208727205444,-0.0509881056736039,-0.0605008158751084,0.041626130522769,0.0294586855615508
"ALT_A_20_39_vs_40_79",590,-0.0426361598268506,-0.00966145363645869,-0.0184856916018756,-0.0178799560418702,-0.0202273997562091,0.0276547484513472,0.0496901601242051
"ALT_A_20_39_vs_40_79",591,0.0195058212298377,-0.0227895858397689,0.0117856975961019,-0.0707682552009558,-0.0490904773684862,0.0395161076638512,0.0436671256218475
"ALT_A_20_39_vs_40_79",592,0.00210604649531853,-0.055364064725134,0.0156316119294647,0.021823111086925,-0.0294626927042648,0.0288417436562772,0.0656689312065651
"ALT_A_20_39_vs_40_79",593,0.0139308819513175,-0.0499349048842202,-0.000307945870445442,0.00731108681085926,-0.127298135119844,0.0402787664624671,0.0382287149083326
"ALT_A_20_39_vs_40_79",594,0.0140338420009407,-0.0361173818380767,0.000118366796640873,-0.0647193597108242,-0.0173976276303257,0.0370988509900546,0.0233915717186719
"ALT_A_20_39_vs_40_79",595,-0.0220621443482289,-0.0394524874376244,-0.0165348578186044,-0.0600396551245977,0.0149655675760531,0.00389006090624429,0.0138250420082982
"ALT_A_20_39_vs_40_79",596,-0.00526711240626793,-0.0359164936836828,-0.038311015209857,-0.0506047209220961,-0.0342463264574341,0.0536553381602114,0.0349449637305849
"ALT_A_20_39_vs_40_79",597,0.0104178460991292,-0.0311654279711181,-8.48990259575966e-05,-0.0429844850309666,-0.0943308835223259,0.0260916084779325,0.0290563661672764
"ALT_A_20_39_vs_40_79",598,0.00590023346179649,-0.0312514353466109,0.00309379591182488,-0.017504662283619,-0.0857216899194321,0.0307118978602073,0.0535405227470628
"ALT_A_20_39_vs_40_79",599,0.00187224641560243,-0.0110708827496975,-0.0572002426886128,0.021879093110842,-0.077899327800836,0.035475039911272,0.0656585408613949
"ALT_A_20_39_vs_40_79",600,-0.0131564612373242,-0.0223686038859073,0.0236417822754141,-0.0511525874045088,-0.059525446540867,-0.00306186087388306,-0.017244125772678
"ALT_A_20_39_vs_40_79",601,0.00150243542687217,-0.0303637672160342,-0.0543780295919809,-0.0422216511871493,-0.049510732584214,9.77941993616782e-05,0.0244458611756797
"ALT_A_20_39_vs_40_79",602,-0.00375720180668539,-0.0459293323808229,-0.00453970666692274,0.044692182027195,-0.0647856352708175,0.00718968590340308,0.0298977601263046
"ALT_A_20_39_vs_40_79",603,0.00912537529105781,-0.0327454525177573,0.00353408347189321,-0.055244263808191,-0.0474404537838472,0.0482718021027932,0.0503569351984258
"ALT_A_20_39_vs_40_79",604,0.00376313148499154,-0.0190029706916732,-0.0622675072558344,-0.013805477827447,-0.0887254693450651,0.0171900996804833,0.0176019679504205
"ALT_A_20_39_vs_40_79",605,-0.0163718268764047,-0.0465725804641607,0.00888274184160553,0.00628492829592442,-0.0619465067015264,0.0411437187937606,0.0561612123517585
"ALT_A_20_39_vs_40_79",606,0.0101754115503014,-0.0391623074857113,0.0283355613754112,0.00639124179201706,-0.0721834789914489,0.0384734101466457,0.0467492410202543
"ALT_A_20_39_vs_40_79",607,-0.00119231068398321,-0.0284826880601907,-0.0868968447804615,-0.0306955656290122,-0.0504072748610075,0.0183316865357173,0.0453926442981659
"ALT_A_20_39_vs_40_79",608,-0.0331689610340516,-0.0492371237552041,0.0133335951678893,-0.0522910421342583,-0.0430046305522631,0.00218040757940942,-0.0112217941898047
"ALT_A_20_39_vs_40_79",609,-0.0294477363229013,-0.0463728723014317,0.0074537463651827,-0.0405555627904554,-0.0209962885047498,-0.00586196020139038,-0.00627795505953013
"ALT_A_20_39_vs_40_79",610,-0.0066092404573806,-0.0263475655169151,-0.00457329209820892,-0.0556823676437252,-0.0732466836862588,0.00384559031012695,0.0098193568525736
"ALT_A_20_39_vs_40_79",611,-0.0273008906711006,-0.0311837945411529,-0.0237818300724841,-0.0444344467740267,-0.0437600565320164,0.00164817785881754,-0.00250376505305791
"ALT_A_20_39_vs_40_79",612,-0.00296524317578827,-0.0327780894128417,-0.0285737002149541,-0.0308869481428515,-0.0574679403383228,-0.0172890721523867,-0.0180819679307789
"ALT_A_20_39_vs_40_79",613,-0.0113387227596609,0.0126583452477677,-0.00401567416840956,0.0135239320632669,-0.0758821362402787,0.0474530160023345,0.0468943071580125
"ALT_A_20_39_vs_40_79",614,-0.0300840387588219,0.0122588770047517,-0.0155637610033753,-0.0233724229889385,-0.0342995177305478,-0.00465023528961544,0.0229736935178602
"ALT_A_20_39_vs_40_79",615,0.0195971333671963,-0.0417321148977095,-0.0160977519622878,-0.0550874494203533,-0.0234364875530517,0.0643950619150529,0.0555032185206653
"ALT_A_20_39_vs_40_79",616,-0.0117339287350656,-0.0602862170523757,-0.0369781336581342,-0.0450433244039278,-0.11737634277303,0.0147215035802978,0.0191015668992598
"ALT_A_20_39_vs_40_79",617,0.0271941052556527,-0.039794062279812,-0.0179471744045694,-0.0204363731926406,-0.055363060651239,0.0509386356973124,0.0470839770959766
"ALT_A_20_39_vs_40_79",618,0.00581307465277545,-0.0526573132692951,-0.0123801353988576,0.00388980548062393,-0.0430676364914998,0.0490420271705011,0.0370485935777383
"ALT_A_20_39_vs_40_79",619,0.00942066096067169,-0.0291202296897198,-0.0482890504333122,-0.061996576611222,-0.0308107372127238,0.00457307619840546,0.01241393683283
"ALT_A_20_39_vs_40_79",620,0.00557020805780975,-0.0333352769780376,0.030636992789754,-0.0416723999049647,-0.0651861206375634,0.0558305658532577,0.0317733842034307
"ALT_A_20_39_vs_40_79",621,-0.00954939198646866,-0.0981500581103773,0.013006590513755,0.0280062952672425,-0.0659646790490814,0.0373398413779227,0.0617695001450169
"ALT_A_20_39_vs_40_79",622,-0.00186952130422382,-0.0103777769709441,-0.0105996023851997,-0.0502092554417038,-0.0517314653832329,0.0535401252595051,0.0260989574718123
"ALT_A_20_39_vs_40_79",623,0.0121212724003091,-0.0707451217355279,-0.0944265432799998,-0.0431549380248553,-0.053656951108577,0.0477813506889638,0.066351730461949
"ALT_A_20_39_vs_40_79",624,0.00118732323427363,-0.0484039755291898,0.0145356224991404,-0.0178474704959584,-0.00524784150590207,0.00362613175429713,-0.0137979058898102
"ALT_A_20_39_vs_40_79",625,-0.00727619292250965,-0.0527061349572622,0.0234869048306626,0.00382889976629858,-0.0683285827877196,0.0417094382863782,0.0653321556857296
"ALT_A_20_39_vs_40_79",626,-0.00958799279249727,-0.0130318999678098,0.00792461481133452,-0.00123298661702789,-0.0966464348033357,0.0454394169932844,0.0364338425228313
"ALT_A_20_39_vs_40_79",627,0.0219394448775676,-0.00792799569768593,0.0011234964006453,-0.0074854089559398,-0.0451845342682586,0.057533262472901,0.0648068971276115
"ALT_A_20_39_vs_40_79",628,-0.00257076037995123,-0.0172667973281972,0.0053155424444328,-0.0374924190814612,-0.0387239682122819,-0.000912884769344889,-6.70162093997714e-05
"ALT_A_20_39_vs_40_79",629,-0.000750421388029041,-0.0611324261190177,-0.0367957861296314,-0.0860435147383542,-0.102158016331834,0.0460504447304961,0.0398456853757081
"ALT_A_20_39_vs_40_79",630,-0.00652942035955921,-0.0326198026620797,-0.0391738748557412,-0.0552583615871993,-0.00162366969793265,0.0078889822252388,-0.00191377369893861
"ALT_A_20_39_vs_40_79",631,-0.00172401325743191,-0.0138216393978879,-0.0569512712800048,-0.016180308936998,-0.0555493071737509,0.0353232240759319,0.0327598423583518
"ALT_A_20_39_vs_40_79",632,-0.0217439195106845,-0.0458504170525701,0.00264485733806853,-0.0199196501464055,-0.0327151940034261,0.0041659438295866,-0.0318314172560455
"ALT_A_20_39_vs_40_79",633,-0.00341735406764956,-0.00308320930282061,-0.0232263722560742,-0.0337478926804484,-0.108137332697869,-0.0097472138730952,-0.0163240662083225
"ALT_A_20_39_vs_40_79",634,-0.00604676824844681,0.00896243263610803,-0.0249261035307292,-0.0743348143930883,-0.0301144746204387,0.0277510267517502,0.0280911645587045
"ALT_A_20_39_vs_40_79",635,0.019975428812057,-0.0535666680948997,0.0632199704697165,-0.0407393599052713,-0.0202420393931488,0.0278406800053789,0.0220101140601625
"ALT_A_20_39_vs_40_79",636,-0.00616803765479325,0.00410289091914462,-0.0134063474942523,-0.0224407572009616,-0.0410620083785913,0.0155383748858647,0.00827127860547408
"ALT_A_20_39_vs_40_79",637,-0.0114762387959699,-0.0216072735565767,0.00507582202845649,-0.000114249342766437,-0.0515592943275628,0.0335081268860444,0.0697799920229843
"ALT_A_20_39_vs_40_79",638,0.00688771384548281,-0.0283532482607701,0.0303976699618523,-0.00422000587381616,-0.0730114825858449,0.0129390033419493,0.0158741599154673
"ALT_A_20_39_vs_40_79",639,0.0110847978528069,0.000616096095229127,0.0469537274955316,-0.0165975677560504,-0.00963351033339438,0.0328945448722327,0.0362363565594219
"ALT_A_20_39_vs_40_79",640,0.0356736450233726,-0.031087351336827,-0.00805652854553837,-0.0543863149820388,-0.0813319282424469,0.0923984202804222,0.0877866491173399
"ALT_A_20_39_vs_40_79",641,-0.0117600898178325,-0.0496641268455207,0.0423667133437906,-0.00525625736558236,-0.0680543287744393,0.0215382536751876,0.0272156536996587
"ALT_A_20_39_vs_40_79",642,-0.000241046248473056,-0.0435742236739086,0.016915442164629,-0.0306584516399312,-0.0860080586579868,0.0355863316701026,0.046347430409752
"ALT_A_20_39_vs_40_79",643,-0.0147766908960604,-0.0435190127664071,0.0388516885908728,-0.00687693769155362,-0.0757001093211215,0.016027760432691,-0.000185964070669224
"ALT_A_20_39_vs_40_79",644,0.0271363318273084,-0.0407958629511312,0.028827187689636,-0.0133595140296165,0.0120412827755847,0.0464701881020808,0.0372642137873594
"ALT_A_20_39_vs_40_79",645,-0.00778844689174836,0.0169731111248019,-0.0280430091131424,-0.00681305762297976,-0.0763427309177048,0.0219033580068437,-0.00474318966224901
"ALT_A_20_39_vs_40_79",646,-0.00533772750527356,-0.0654528894870949,-0.00443041651910686,-0.0517963798251757,0.046080559548656,-0.00755516307154398,-0.0138116934866013
"ALT_A_20_39_vs_40_79",647,0.00779765135349439,-0.0219686453331083,0.0127117222462222,-0.0213016132276962,-0.0776507875130362,0.0313894340716335,0.0293339478996775
"ALT_A_20_39_vs_40_79",648,0.00923946163295963,-0.0375877338674848,-0.0465688006954072,-0.0305249687517846,-0.0277915521090989,0.0293375151615539,0.0301255708184311
"ALT_A_20_39_vs_40_79",649,-0.0331771078538233,-0.0704667300727774,0.00301360206456996,0.0017156607460182,-0.0323884799357763,0.0245597831414105,0.0218169423225936
"ALT_A_20_39_vs_40_79",650,-0.00417297163030171,-0.0216241382807677,-0.0014445446599573,0.00328562110204703,-0.00795446359707502,0.0122232316554259,0.0440198235863923
"ALT_A_20_39_vs_40_79",651,-0.0215813210972067,-0.0434573192259649,0.0092519034234616,-0.00826399478219134,-0.0574961331858322,0.0131215717657582,0.0116660527965275
"ALT_A_20_39_vs_40_79",652,-0.045147126662697,-0.00390547306973765,-0.0156355954853759,-0.0338762870198797,-0.00191370207664904,-0.011496062750917,-0.0360820634664266
"ALT_A_20_39_vs_40_79",653,0.0152988453258518,-0.0103107726305191,0.00616515689553543,-0.00593280821349473,-0.0909069480783638,0.0422702900961919,0.026310968255183
"ALT_A_20_39_vs_40_79",654,0.00264423525162641,-0.0567903569687253,0.0336579409490521,0.0224014194667137,-0.108401026011894,0.0238232892221002,0.0272837540121399
"ALT_A_20_39_vs_40_79",655,-0.00022092278469206,-0.0323891135606496,-0.0213679778664075,-0.0494049384487521,-0.0436517790223497,0.00475477527006094,0.0122113060998028
"ALT_A_20_39_vs_40_79",656,0.0377823397273592,-0.0285873878485973,0.0147244535132239,-0.0143978014223704,-0.0300768294086973,0.0383627421159935,0.0365757205024836
"ALT_A_20_39_vs_40_79",657,-0.0146712796366129,-0.0481401455136595,-0.0325841368255319,0.020879870805661,-0.0839753858327296,-0.0189250943893708,0.00105496795769811
"ALT_A_20_39_vs_40_79",658,0.0179047524864716,-0.020158218303043,-0.00132858829557655,-0.055378547528108,-0.0608739675537379,0.0671490901122822,0.0824569092190724
"ALT_A_20_39_vs_40_79",659,-0.0320244847569504,0.00935323551433145,0.0569820805990115,-0.075677753518525,-0.0412027034176164,0.0153453942157778,0.0140962098843807
"ALT_A_20_39_vs_40_79",660,0.0193352722054256,-0.0206428663564025,0.0140875943074074,-0.0937844747793324,-0.0641773105299384,0.0149657149868262,0.0174104301692922
"ALT_A_20_39_vs_40_79",661,0.00402901431299077,-0.0615032052801749,0.0508249129782173,-0.0608812998150871,-0.0419626717665981,0.0600871791525182,0.0416435810934712
"ALT_A_20_39_vs_40_79",662,-0.0154366238488021,-0.0408783547676779,0.0116796405366499,-0.00206048858884197,-0.123245532327436,0.0441288373663375,0.0162622168746853
"ALT_A_20_39_vs_40_79",663,-0.0100044935688164,0.012697911751228,-0.00616854050033999,-0.0506480538569086,-0.086649794292419,-0.0238752631166728,-0.014464900391422
"ALT_A_20_39_vs_40_79",664,0.0130168538829916,-0.0329381533324486,0.0185472202342015,-0.0420152034341897,-0.0382592711574526,0.0470743205600225,0.0562077612919636
"ALT_A_20_39_vs_40_79",665,0.0039381388222191,-0.0353367144898288,0.0208345438730029,-0.0291293546610678,-0.0662841451763629,0.0352479402971781,0.0118991721104372
"ALT_A_20_39_vs_40_79",666,0.00404887859604873,-0.00952190718266374,-0.0403212906685158,-0.0101527894721615,-0.0759130163381885,0.0392828583690405,0.0899438898390068
"ALT_A_20_39_vs_40_79",667,-0.00779666190489101,-0.0424667148991532,0.0264286688553954,-0.027014735591693,-0.0551745024581376,0.0366629337804098,0.034159258757514
"ALT_A_20_39_vs_40_79",668,0.00945993267823445,0.0167850260214491,-0.0322543512474859,-0.0528783482937955,-0.139299610551021,0.0373121640496502,0.0679287997488663
"ALT_A_20_39_vs_40_79",669,-0.00451305633780884,-0.00679512702086475,-0.03597894385098,0.0242682012174827,-0.0858038097674131,0.0325869004327751,0.0108897723278148
"ALT_A_20_39_vs_40_79",670,0.00730064585688921,-0.0135128066046261,-0.043349303714379,-0.0136395911087284,-0.0584241276397729,0.0393431115098695,0.0427155870553866
"ALT_A_20_39_vs_40_79",671,0.00544349191212542,-0.0426781679962703,0.004424985752845,-0.0592901981480715,-0.0638602091411308,0.0357996894428471,0.0358572637110807
"ALT_A_20_39_vs_40_79",672,-0.017178516785704,0.0202842522597242,-0.0642858756267178,-0.00617517306512994,-0.0774108862351179,-0.00242632517297364,-0.00223909645859541
"ALT_A_20_39_vs_40_79",673,0.00725842235432594,-0.001914396633641,0.0507686389047338,-0.00879148957870096,-0.0669848991918067,0.0186314761017049,0.0213898465009297
"ALT_A_20_39_vs_40_79",674,-0.029185898870895,-0.0369479913570513,-0.0066817800106499,0.0193418892241174,-0.0662063754105132,0.000249742867193828,0.0260628136350257
"ALT_A_20_39_vs_40_79",675,0.00663057372560141,-0.0801874628840294,-0.0507346155605247,0.0384769258733753,-0.0905818608389723,0.0202149259660305,0.0176721385656686
"ALT_A_20_39_vs_40_79",676,-0.0110453657458815,-0.0470510804875862,0.018990016817193,-0.0164235402766622,-0.0399650590596776,-0.00773763083599316,-0.0075883315497847
"ALT_A_20_39_vs_40_79",677,0.0322394804779096,-0.0238522710835311,-0.00294844905086031,-0.00292552911007049,-0.00771744415598136,0.0717326728837784,0.0674533398424975
"ALT_A_20_39_vs_40_79",678,-0.0189757314195829,-0.0183876484284643,-0.0274303420275915,-0.0332047345480888,-0.0670729140148863,-0.00341546816373518,0.013991311888428
"ALT_A_20_39_vs_40_79",679,-0.0233346778394697,-0.0707837741557877,0.0201954805158153,-0.00723617993001513,-0.0881537843432171,0.00841389510389309,0.00144558842928191
"ALT_A_20_39_vs_40_79",680,-0.000992736654640301,-0.00698128271650821,0.0444967446417607,-0.033151854570951,-0.0516183743375362,0.00507491440299334,-0.0408660584557264
"ALT_A_20_39_vs_40_79",681,-0.0294539527642467,-0.0158021324051467,0.00691329136588731,-0.0911398704512084,-0.0652264558026887,-0.0284461177627134,-0.0218573128215505
"ALT_A_20_39_vs_40_79",682,-0.0146851056289037,-0.0528924541779531,-0.0254357616605628,-0.0637925254779989,-0.0541885089642486,0.00320484686167208,0.00549618311554363
"ALT_A_20_39_vs_40_79",683,-0.00861646603605679,-0.0404455802233776,0.00454461700745937,-0.0197553869610162,-0.0445280031051408,0.0134532151066019,0.0169889940641608
"ALT_A_20_39_vs_40_79",684,-0.00692440093205033,-0.0299558218199475,0.0187839159632708,0.00670020813420391,-0.0313899636845932,0.034622869062469,0.0494272734851156
"ALT_A_20_39_vs_40_79",685,-0.0013224476843254,-0.0244087420479782,0.0094340004093361,-0.0560969096166073,-0.0876591622661015,0.00391640110551258,-0.000332652832002782
"ALT_A_20_39_vs_40_79",686,0.00576788021706573,-0.00795139121312721,-0.0350610284885686,-0.0287821094508362,-0.00563676410354547,0.0351564861357871,0.0278778474989238
"ALT_A_20_39_vs_40_79",687,-0.00618225022600061,-0.0359217902864132,0.0140761438762756,-0.0393636656862317,-0.044080263709752,0.0512311036562812,0.0250386457751895
"ALT_A_20_39_vs_40_79",688,-0.0116397526758346,-0.0411000756242003,0.0154956864644068,-0.0340132908874987,-0.0537846056649139,0.0153029857326607,0.0139751778118224
"ALT_A_20_39_vs_40_79",689,-0.00175092806777111,-0.0472205936703983,0.0196574729615218,-0.0271189366368985,-0.0209719364220101,0.0236273082878141,0.0144755121743907
"ALT_A_20_39_vs_40_79",690,0.0105915624919507,0.00523047179260397,0.0133368128905027,-0.0297840211733,-0.0986016108926408,0.0276631074924043,0.0163687603083917
"ALT_A_20_39_vs_40_79",691,0.0105999999310967,-0.0410869635535061,-0.0592765514109772,-0.0138611124900224,-0.0631368373950388,0.0285714593627062,-0.00650672248849762
"ALT_A_20_39_vs_40_79",692,0.00384590241178116,0.015212487660873,-0.0250890842848369,-0.120883097001138,-0.0648076204237929,0.0487845905921321,0.0270290342378351
"ALT_A_20_39_vs_40_79",693,-0.000734171581696828,-0.0750745651885914,-0.0253404678417675,-0.0483402857034386,-0.0664725986585987,-0.0242642794162259,-0.0171358165858955
"ALT_A_20_39_vs_40_79",694,0.0227251113770831,0.0115836586198762,-0.0370614842452595,-0.0345276730028911,-0.0523139635488366,0.0471258497000149,0.0600101279160202
"ALT_A_20_39_vs_40_79",695,0.0182100805354586,-0.0450793164233704,-0.00726338201735668,-0.0716497665775935,-0.0921304836255817,0.0356266150484135,0.0330547795812573
"ALT_A_20_39_vs_40_79",696,-0.0237412293728706,-0.0220181994632033,0.0198866519448617,-0.0470633297355821,-0.0180493163718785,0.047798538446634,0.0474021404914133
"ALT_A_20_39_vs_40_79",697,0.0309215174457345,-0.0589447983166916,-0.017852073627123,-0.0527300173845845,-0.0494540713439626,0.0683537852308283,0.0652758568523195
"ALT_A_20_39_vs_40_79",698,0.0203229338282817,-0.0197468156858671,-0.0238688721510146,-0.0736041801949591,-0.0477581247538625,0.0571636004710092,0.0503987002621827
"ALT_A_20_39_vs_40_79",699,0.0194048791685402,-0.00171841795969634,-0.0201998113941101,-0.0240685559330457,-0.0206437888993268,0.0554161971522945,0.0627316670449922
"ALT_A_20_39_vs_40_79",700,-0.0242885021093533,-0.0140005486399464,-0.0381717124338315,0.0100496081931797,-0.088469328722068,-0.00297813138654712,0.00338319595630367
"ALT_A_20_39_vs_40_79",701,0.00397087211493223,-0.0353653234603615,0.000135135904942907,0.0049082790410892,-0.0179478385648247,0.0302131915844444,0.0262774730731071
"ALT_A_20_39_vs_40_79",702,0.00619043551246147,-0.0215853807757285,-0.030712728922554,-0.0300763108492091,-0.0362590340600146,0.0458636562196554,0.0514622228132544
"ALT_A_20_39_vs_40_79",703,-0.016557211061879,-0.0281969833431447,0.00841306183450929,-0.000227363507421169,-0.0551428733214421,0.0129478571197089,0.0314639826152615
"ALT_A_20_39_vs_40_79",704,-0.00314619251835382,-0.0183651773973623,0.0148338894111571,-0.0500185702826819,-0.0873057908869203,0.0279464036430654,0.0160852673086857
"ALT_A_20_39_vs_40_79",705,-0.0168629800991242,-0.0164444149120042,0.0045097437355083,-0.0296047449553332,-0.042138564105783,0.0245076109331871,0.0247535396800312
"ALT_A_20_39_vs_40_79",706,-0.0043799852644692,-0.0346055318687224,-0.0337224689698339,-0.0500705793633801,-0.0832827431640422,0.042654306277649,0.0551535781944721
"ALT_A_20_39_vs_40_79",707,-0.0178088338328251,-0.00770643656369094,-0.0318457662072612,0.0159083750663201,-0.0487088748184205,0.00726268924448407,0.0129917513422656
"ALT_A_20_39_vs_40_79",708,-0.0019136092210404,-0.00413304327687125,-0.00151053871483103,-0.03030985035986,-0.0442943381822467,0.00881023074842331,0.0507789149523478
"ALT_A_20_39_vs_40_79",709,0.0263396336768679,-0.0296975774172758,-0.00225778280256569,0.0198388588231514,-0.0655829919975427,0.0667959996487661,0.089957776679689
"ALT_A_20_39_vs_40_79",710,-0.00205558137286257,-0.00429410808156218,0.0197401213428598,-0.0419173104051714,-0.106323756504935,-0.00866412681041992,0.00523034824491012
"ALT_A_20_39_vs_40_79",711,-0.00806515911692307,-0.0284649964370266,0.0389821467204015,-0.00236774959412897,-0.0814852450483045,0.045547659347781,0.0355092298027846
"ALT_A_20_39_vs_40_79",712,0.00588545848691961,-0.040821098219192,0.0288167090953875,-0.047829759114395,-0.0728262089387649,0.00806200696830389,0.000275645642422565
"ALT_A_20_39_vs_40_79",713,0.0176105405079578,0.00181958820889556,-0.0521510835716587,-0.0260881552517022,-0.0372159817659931,0.0509569736405647,0.0703086660023351
"ALT_A_20_39_vs_40_79",714,0.0078738874507883,-0.00245066111665007,-0.0439903231334801,-0.00347128795236279,-0.0889911487550604,0.0215524432486567,0.0334329932072666
"ALT_A_20_39_vs_40_79",715,0.00783929743193404,-0.00915175750606396,0.00341714878327412,-0.0312646016578217,-0.0298066382671097,0.0506615497494683,0.0506615497494683
"ALT_A_20_39_vs_40_79",716,-0.0280360398670653,0.0174482590611029,-0.0558345963736742,-0.0586632803963341,-0.048662711102654,0.0295650264215317,0.032356227374344
"ALT_A_20_39_vs_40_79",717,-0.0199390986751723,-0.0125352969675619,-0.0332273559625235,0.00683975586658725,-0.0558832070922519,0.00603921136971609,0.0130958732653873
"ALT_A_20_39_vs_40_79",718,0.0101881210392581,-0.00780429353139778,0.0147856378561304,-0.00249515526710659,-0.0751492486495492,0.0424636637174951,0.0214234016987267
"ALT_A_20_39_vs_40_79",719,-0.00596241399158634,-0.0216167062440252,-0.00772899095795881,-0.0316790437319463,-0.0723531117040182,0.041459275620147,0.0557400072194784
"ALT_A_20_39_vs_40_79",720,-0.0117257104293098,-0.028629698879196,-0.0131070797742747,0.00764579584297087,-0.0436421017958032,0.0267800368918728,0.011504385765989
"ALT_A_20_39_vs_40_79",721,-0.00236530748560447,-0.0259348706620627,-0.0217194666785331,-0.02993652958825,-0.0507102147856511,0.00228493925699401,0.0174861637839416
"ALT_A_20_39_vs_40_79",722,0.0295211527003313,-0.00457716546367533,-0.0199843830078268,-0.0472435990515022,-0.0669307958963383,0.0394750659879469,0.0394580455944826
"ALT_A_20_39_vs_40_79",723,0.00501457560977592,-0.00553200506283529,-0.039304960782594,-0.0590664767899314,-0.0694051263606993,0.059349778649714,0.105716645930819
"ALT_A_20_39_vs_40_79",724,-0.00598591885874083,-0.0234901484919359,-0.00250495771484879,-0.0151391774276439,-0.0569882629243225,0.0114538110388038,0.0387279441755952
"ALT_A_20_39_vs_40_79",725,-0.00588051451431959,-0.0680817158021727,0.00080050247343455,-0.0371860719476123,-0.0247637487634704,0.0185630783004071,0.010324612247243
"ALT_A_20_39_vs_40_79",726,-0.0078877773181005,-0.0260278772513557,-0.0194421712638465,-0.0305740866565817,-0.114374802686807,0.0163443154635457,0.0274355079264499
"ALT_A_20_39_vs_40_79",727,0.0120441641743268,-0.0306181248735905,-0.0261893125436433,-0.00346542935025665,-0.076258961954058,0.0289606327564474,0.00991910884611524
"ALT_A_20_39_vs_40_79",728,0.0057094735117008,-0.00801937939316405,0.00802179561916297,-0.0530200230253327,-0.0340503762422814,0.0188780122464228,0.0217540112913036
"ALT_A_20_39_vs_40_79",729,-0.012046182290671,-0.0760253601543715,0.0305779691587381,-0.0493211007580246,-0.0963468934893198,-0.00658995636785777,0.00227765708698643
"ALT_A_20_39_vs_40_79",730,-0.0259459144119659,-0.0417319712677596,0.0036095151933318,-0.040568941326852,-0.0343675832621427,0.0295264987308884,0.0272935151678534
"ALT_A_20_39_vs_40_79",731,-0.0074000038168947,-0.0123121384281039,-0.0448043833902504,0.00957617446821774,-0.0911756300408286,0.0243285641104794,0.0252948599399987
"ALT_A_20_39_vs_40_79",732,-0.0188058631653064,-0.010198840927065,-0.0185767730160846,-0.0221090940091358,-0.0920343012161159,-0.00166564658237262,-0.0015722413001512
"ALT_A_20_39_vs_40_79",733,0.0143106958006179,-0.0163394647649113,-0.0206933006703587,-0.0814903220455229,-0.0720977404657325,0.0170197302037435,-0.0151109625951589
"ALT_A_20_39_vs_40_79",734,0.0163686092022342,-0.0230457297762624,0.0331133791669838,-0.0434456718050935,-0.0331897016233135,0.024773583599836,0.0256464728347341
"ALT_A_20_39_vs_40_79",735,-0.00103887410608972,-0.0124971740214485,0.013850748516969,-0.0638300124672196,-0.127626141337128,0.040275421650836,0.0398095814446898
"ALT_A_20_39_vs_40_79",736,-0.0304603399862783,-0.0256818408080049,-0.00269305049995983,0.00281171593234084,-0.0236599858039155,0.0274165972608566,0.0141397558055025
"ALT_A_20_39_vs_40_79",737,0.0181045490977828,-0.0440009518712482,-0.00673062854759401,-0.0260691214826029,-0.0977395452297723,0.0402974288059926,0.0247505314456468
"ALT_A_20_39_vs_40_79",738,0.0294771819020775,-0.0118322522292704,-0.0347754635883532,-0.036776145496073,-0.0312248136178545,0.0487695924474601,0.0479082266204743
"ALT_A_20_39_vs_40_79",739,0.00467436217515295,-0.0237062879964779,0.0494066422461492,-0.0229451554505473,-0.0836085217078512,0.0168174052271103,0.0173227686132934
"ALT_A_20_39_vs_40_79",740,0.0012361136230913,-0.027451126216843,-0.0513805802823257,-0.10302209761357,0.00259126185174979,0.0218232966464061,0.0284470232455407
"ALT_A_20_39_vs_40_79",741,-0.00250123708106506,-0.0268619934179231,-0.022460597702755,-0.0038082357442577,-0.0141542777835221,0.0376858498218649,0.0563532076634823
"ALT_A_20_39_vs_40_79",742,0.0068263474726941,-0.0568342946848806,0.0126856034411502,-0.0734940349285109,-0.0676526472948221,0.0058603405496377,0.0131158252183059
"ALT_A_20_39_vs_40_79",743,0.00516925287349933,-0.0135204956676463,0.00676102807971082,-0.059371025399766,-0.0876748236822478,-0.00668661961051892,-0.00394027043855611
"ALT_A_20_39_vs_40_79",744,0.00353865502715138,-0.00174891605197032,-0.0385917764438915,-0.0134142018820424,-0.113665934459224,0.0403958819668489,0.0422078596992484
"ALT_A_20_39_vs_40_79",745,-0.0320134576531083,-0.00462927867170586,0.0365912814670049,-0.0236530944121397,-0.0358852011384708,0.0266342481636949,0.0374677045666255
"ALT_A_20_39_vs_40_79",746,-0.0244377582381472,-0.0484404430810807,-0.0246408071154577,-0.00117935206778594,-0.0619529986688714,-0.0353405435938071,-0.0382282436920053
"ALT_A_20_39_vs_40_79",747,0.00258168990140744,-0.0359273704910022,-0.0107824741223748,-0.0327557018225764,-0.0258336968338123,0.0184231883438962,0.00766676169210939
"ALT_A_20_39_vs_40_79",748,0.00860630359147219,-0.0172944456413548,0.030321610832135,-0.0549947780119528,-0.0981981429062296,0.0508528205436133,0.0520962450157143
"ALT_A_20_39_vs_40_79",749,-0.00698666056762496,-0.00118553397782922,-0.00120115824362646,-0.0471556234248269,-0.0644748408552739,0.0215064250510365,0.0155652396526781
"ALT_A_20_39_vs_40_79",750,-0.00911086045070163,-0.0342220224899946,-0.00799910261371153,-0.0703055256524727,-0.0882140411399048,-0.0113668682998597,-0.0113494253555392
"ALT_A_20_39_vs_40_79",751,-0.0406199455269179,-0.0105194332842171,-0.0284420835813678,-0.0110310188357529,-0.017465332519743,-0.00532645121373367,0.011303217189016
"ALT_A_20_39_vs_40_79",752,-0.0161393040571156,-0.0171011444778647,-0.00891282585198735,0.0141498287890824,-0.0844859996942969,0.0249610386198932,0.0177702270287851
"ALT_A_20_39_vs_40_79",753,0.0264630958087619,-0.0680492980255995,-0.0201225183347107,-0.0621519437824002,-0.0192095085669627,0.0519457931775648,0.0540574278612165
"ALT_A_20_39_vs_40_79",754,0.0109373351146642,-0.0238694934207584,0.017327380891918,-0.0481953533426789,-0.02990781047179,0.0390256343968438,0.0304939850625436
"ALT_A_20_39_vs_40_79",755,0.0225932878906666,-0.0768674408949623,0.0152024869964696,-0.0479661577850446,-0.101990916150072,0.0708640560054013,0.056160290115193
"ALT_A_20_39_vs_40_79",756,-0.0083304506491227,-0.0394969954753612,-0.0457692927565959,-0.0209324630350136,-0.118678543937222,0.054849808259614,0.0385903485841778
"ALT_A_20_39_vs_40_79",757,0.0105498926673312,-0.0605642075290026,0.000524208074092258,-0.0249941889453851,-0.0765582222399514,0.0136366262863892,-0.00299720166784212
"ALT_A_20_39_vs_40_79",758,-0.0126123856539654,-0.0313613943980633,-0.0151329065760213,-0.0172627539395405,-0.112061442702864,0.0101938526022316,0.059422859173251
"ALT_A_20_39_vs_40_79",759,-0.00803182230814737,-0.0391142687670349,0.00422385797626615,0.0181248122883138,-0.0718853381234419,0.0293079081465908,0.0164879951359388
"ALT_A_20_39_vs_40_79",760,-0.0148071317054612,-0.0374682484466312,-0.00818817843090322,-0.0847056560708629,-0.0216701700996322,-0.0172381794014645,-0.0167641485493113
"ALT_A_20_39_vs_40_79",761,0.00726405493872839,-0.0238676060972311,0.00954527456329338,-0.0692487659932594,-0.0724171722320303,0.0752392812847184,0.0375860978454874
"ALT_A_20_39_vs_40_79",762,-0.0389767424600011,-0.0259838999131054,0.0461974728935341,-0.0540537474643956,-0.0610355533793656,-0.0175290406580654,-0.0123194881079164
"ALT_A_20_39_vs_40_79",763,-0.0254858516994899,-0.0211307429048443,-0.029193164798493,-0.0183282817581009,-0.0809068188337732,-0.00124541671840924,0.0225859680558898
"ALT_A_20_39_vs_40_79",764,0.0035603492971935,-0.00864723533972782,0.000827381818143708,-0.0254993943286778,-0.0640217324577685,0.0217107548504749,0.0137606361234041
"ALT_A_20_39_vs_40_79",765,-0.000834346157566071,-0.0522821466344876,0.00993976214961978,-0.0378518453135542,-0.088102300536127,0.0288341776401044,0.038534339510134
"ALT_A_20_39_vs_40_79",766,0.0029166321043482,-0.000984004124789259,0.000396293241967355,-0.0392865605644672,-0.0159059844435958,0.0335649383660961,0.0439762792156272
"ALT_A_20_39_vs_40_79",767,0.0230754352099558,0.0104934704152853,-0.0376858271553115,-0.0268519926299064,-0.0586362675820949,0.0626896902834419,0.0638581158139588
"ALT_A_20_39_vs_40_79",768,-0.0210822576010054,-0.0246915459111065,-0.0623835722934293,-0.0233469711531745,-0.0611365039981466,0.00427374910074726,-0.0296645002562405
"ALT_A_20_39_vs_40_79",769,0.0119599125393708,-0.0287978084551726,-0.00434472598338273,-0.0905726283262409,-0.0921502084736144,-0.00442243806747774,-0.00264586680136098
"ALT_A_20_39_vs_40_79",770,-0.0154124988490971,-0.0476822257343432,-0.00357586856159869,-0.0433746012344282,-0.0487011099513503,0.00798313501347862,0.00762893307112594
"ALT_A_20_39_vs_40_79",771,-0.0163441515429033,0.0100204097556506,0.0389026054168433,0.0111609510008154,-0.0449606039084731,-0.0215379132707366,-0.0233321850177275
"ALT_A_20_39_vs_40_79",772,0.0320925095342323,-0.0542031588676412,-0.0155161557256446,-0.0402657116675681,-0.113091208319589,0.0623658569989968,0.0555756529893855
"ALT_A_20_39_vs_40_79",773,0.00733703229748053,-0.0199678635478255,-0.0235906629020172,-0.028959081725637,-0.0347190380274546,0.0379948946598555,0.0657756146930378
"ALT_A_20_39_vs_40_79",774,0.0050154708863196,-0.0205156960502042,-0.0156595356042243,-0.0597335599461332,-0.0269820136165304,0.0456723758383159,0.0122109202190873
"ALT_A_20_39_vs_40_79",775,-0.0297980453248116,0.00511072345576097,-0.0104570068978599,-0.021621393069488,-0.0424560500389978,0.0118098885805768,-0.00578426947352342
"ALT_A_20_39_vs_40_79",776,-0.00758236109507957,-0.0147567539564652,0.0259984965266335,-0.0174317025406941,-0.0932056093296592,0.00986540038682094,0.00261747264218019
"ALT_A_20_39_vs_40_79",777,-0.00418864695864062,-0.00870553953282829,0.0105649913300758,-0.0570613502563368,-0.0518676470374825,0.025663794955182,0.0513199675742544
"ALT_A_20_39_vs_40_79",778,0.0105870806535521,-0.0237721556007982,-0.046109598118978,-0.0399268626878649,-0.0443695907384773,0.0658941210178188,0.0512219343351287
"ALT_A_20_39_vs_40_79",779,0.00165951508272139,-0.0424984247031539,0.00975882141363738,-0.0489683369737431,-0.0168312013630028,0.0123370926129996,0.0157649345434771
"ALT_A_20_39_vs_40_79",780,-0.0105302421532525,-0.0246709261232307,0.0489347481755348,-0.0283324663201885,-0.125592881687154,0.0347105633324409,0.0330920320765048
"ALT_A_20_39_vs_40_79",781,0.00519574735283525,-0.036896469051176,0.00892177356277046,-0.0264885528460311,-0.0645476069958594,-0.0163700712957778,0.00073268667436862
"ALT_A_20_39_vs_40_79",782,0.0173766845803219,-0.0347740967420976,-0.00813554850649545,-0.0582271764429765,-0.0873429369390131,0.0397845015176678,0.0328702702655269
"ALT_A_20_39_vs_40_79",783,-0.00854622463360556,-0.0296400979091887,0.0229618200920775,-0.0753666249093158,-0.0477086504992937,0.0396676446752912,0.0468605526372642
"ALT_A_20_39_vs_40_79",784,-0.0199709042122364,-0.0379792457445657,-0.015144036166843,-0.0166975460548908,-0.0529047413466655,-0.000641377445983977,-0.00647664976295161
"ALT_A_20_39_vs_40_79",785,0.00213637972255012,0.00118845432921019,-0.0156602235953191,-0.0276372377302422,-0.045090766627731,0.0259786200358515,0.0362483607993092
"ALT_A_20_39_vs_40_79",786,-0.014363446141729,-0.0905998347867751,-0.038155466975801,0.00225898137753019,-0.053824238916947,0.0339290743571891,0.0239946974931692
"ALT_A_20_39_vs_40_79",787,-0.0326003979088704,-0.0412297090775664,0.0315568218228289,-0.0219490301344499,-0.0585333680471175,0.0179596230264386,0.0127169425624509
"ALT_A_20_39_vs_40_79",788,-0.0247940338826675,-0.0365452503512331,-0.0192925143340552,-0.0288850574744421,-0.0574572261063663,0.00588259994417795,0.00876415200016392
"ALT_A_20_39_vs_40_79",789,-0.022055792415039,-0.0607313717706052,0.0180332236070971,-0.0243431015928054,-0.0261720781392543,0.000349181248809366,-0.00464173115909201
"ALT_A_20_39_vs_40_79",790,-0.0282705902969241,-0.0523408703289736,-0.0255374530702833,0.00599125276361401,-0.0376702756078138,-0.00999971303997823,-0.0108964644000235
"ALT_A_20_39_vs_40_79",791,-0.0349845359346788,-0.0398099783523353,0.0144415053640909,-0.0202842462901062,-0.0937897486974321,-0.00450078781246306,-0.0185423318313207
"ALT_A_20_39_vs_40_79",792,-0.0197554808466451,-0.0661476214704486,-0.00746988551065933,-0.050395278507805,-0.0187630023769261,-0.0520824239216173,-0.0525489672584651
"ALT_A_20_39_vs_40_79",793,0.0344425205690716,-0.0314345894997364,0.00973960902518509,-0.043494850477988,-0.0560991990847379,0.0618211714752982,0.0644269152479251
"ALT_A_20_39_vs_40_79",794,-0.0181828410438086,-0.0432037740210679,-0.0150240827560827,-0.0311088077014478,-0.0164135701488013,0.0149878065342764,0.00468504677109501
"ALT_A_20_39_vs_40_79",795,0.00192201189749061,-0.0338584856609316,-0.0170403984934835,0.00505886656099655,-0.0400112820894832,0.0130869365242604,0.0147833815521942
"ALT_A_20_39_vs_40_79",796,-0.0199060044352605,0.0131880744171117,-0.0332670731558321,-0.00480752027628195,-0.0360903323422112,-0.0163019882787824,-0.0166601482614827
"ALT_A_20_39_vs_40_79",797,-0.00422448097751396,-0.0537118822089798,0.0139769837643843,-0.0274972035539954,-0.0545911524414081,0.0205160799451735,0.0346302004397009
"ALT_A_20_39_vs_40_79",798,0.00193904215245418,-0.0296831114297026,-0.0542477022197524,-0.0175104150643798,-0.101609616129701,0.0235334336561073,0.00756600211364204
"ALT_A_20_39_vs_40_79",799,-0.0440535267487445,-0.0172033235561946,-0.00863321383096408,-0.060479243293304,-0.0578186330033589,-0.0320210676274844,-0.0349840805090394
"ALT_A_20_39_vs_40_79",800,0.00816607266914274,-0.0280285507032762,-0.059170465725117,-0.0600660444105843,-0.046728732119417,0.00581138840822608,0.00581138840822608
"ALT_A_20_39_vs_40_79",801,-4.8210812374952e-05,-0.0702841381214815,-0.00324374924279386,-0.0142012188489694,-0.0784760440004366,0.0244912739910981,0.00178024582814311
"ALT_A_20_39_vs_40_79",802,0.00454449318092456,-0.0289182365406974,0.000101328522059185,-0.0266183024848187,-0.104785918740807,0.0215314173125659,0.0570468137319198
"ALT_A_20_39_vs_40_79",803,-0.00799114062302598,-0.00526635386712392,-0.03171839994137,-0.089473470146832,-0.0768701467448527,-0.00208827102185658,-0.00867422660700753
"ALT_A_20_39_vs_40_79",804,0.0106027138361293,-0.0307719260903099,-0.0595786882681484,-0.0590942784878562,-0.0370209595569195,0.03690299245632,0.0494292996650071
"ALT_A_20_39_vs_40_79",805,0.00369715475015128,0.0232223294984368,-0.00245926918498354,-0.00236821223199526,-0.0776254513894502,0.0149549058478765,0.02650127709128
"ALT_A_20_39_vs_40_79",806,-0.00579537012205972,0.000114317044065879,-0.00768800838517683,-0.0505269736809751,-0.0710256688062341,0.0467709012140695,0.041110391735785
"ALT_A_20_39_vs_40_79",807,0.0140369693442278,-0.0189103964936997,-0.0510033144017612,-0.0132978989971705,-0.0331066699801496,0.0243306993632253,0.0173617109379152
"ALT_A_20_39_vs_40_79",808,-0.00816299780461619,-0.0320138055162068,-0.0182749488863907,-0.047455732350941,-0.0759918480746351,0.00602331345584673,0.00513581846973071
"ALT_A_20_39_vs_40_79",809,-0.00800069465957966,-0.0454726202463118,0.0151988730232933,-0.00236510030618689,-0.0498441225040863,0.0598356165800238,0.0422116841227216
"ALT_A_20_39_vs_40_79",810,-0.0297618649250558,0.000785144599800405,-0.0321386093433592,-0.0211757216839059,-0.0484090001852781,0.0122069137701866,0.00950909790569911
"ALT_A_20_39_vs_40_79",811,0.0319066019630166,-0.026159378021311,0.00849976294623611,-0.02166983077712,0.0135399865249491,0.0611149702915102,0.0544863311473066
"ALT_A_20_39_vs_40_79",812,-0.012461899984502,-0.0409886317506006,-0.00791030746536689,-0.031408967769778,-0.0428038049255633,0.0221002691610081,-0.00482417416930167
"ALT_A_20_39_vs_40_79",813,0.0164395989989616,-0.0366541115929636,-0.0177201613045359,-0.0145633325642162,-0.0432016157870297,0.0555597174468641,0.0226202144611942
"ALT_A_20_39_vs_40_79",814,0.0201675019757339,-0.00300527995771083,0.00908279365223869,-0.00322955003190323,-0.0685162158715529,0.0378424808844542,0.0397982109805414
"ALT_A_20_39_vs_40_79",815,0.00840884781633958,-0.0496265532954473,-0.0481301837432065,-0.0421979411302183,-0.0559952655807305,0.0312728954610983,0.0434373831144013
"ALT_A_20_39_vs_40_79",816,-0.0255074374483151,0.000434357392072635,0.0270326570321295,-0.0401244305951677,-0.046047765971405,0.0163943784949606,0.00446423128536326
"ALT_A_20_39_vs_40_79",817,-0.00323562322002094,-0.0396404927838151,-0.0651020994591827,-0.0385696460252569,-0.0427486955735256,0.0529568067816377,0.0514201481978891
"ALT_A_20_39_vs_40_79",818,-0.0097402556462068,-0.0221145949412848,-0.00191846878196061,-0.048618851804094,-0.141116830993749,0.0171869268471618,0.0268871826294479
"ALT_A_20_39_vs_40_79",819,-0.0150802577881946,-0.0515166931340357,0.0113025612929738,-0.0446771990950091,-0.0443099987508213,0.0264025018170174,0.0407328756658308
"ALT_A_20_39_vs_40_79",820,0.0101009110961899,-0.0174224401948313,-0.0351489797454708,-0.0104562634189637,-0.100695359252811,0.0279196433929935,0.0412020777162219
"ALT_A_20_39_vs_40_79",821,0.0174074703355086,-0.0570721872979087,-0.02642918384307,-0.0418068240461726,-0.04618710670473,0.0334899023409795,0.033478575198937
"ALT_A_20_39_vs_40_79",822,0.00603273907587996,-0.01720898083634,-0.0138581529365514,-0.0551915973675766,-0.0807979516714386,0.052355643325988,0.042017348867597
"ALT_A_20_39_vs_40_79",823,-0.0222038356687752,-0.00556830770581102,-0.0308148327134644,-0.0598557922665205,-0.0438384871005701,0.00258245317813351,0.0113308933943772
"ALT_A_20_39_vs_40_79",824,-0.0204396788646158,-0.0437415335295537,0.00459174118870709,-0.0460639945244822,-0.104222322531858,-0.00814881607701518,-0.00700768339724849
"ALT_A_20_39_vs_40_79",825,-0.032987267095766,0.00996677751165273,0.00595529951227784,-0.0446924149282066,-0.054254727742551,-0.0179030951571492,-0.0154742137800157
"ALT_A_20_39_vs_40_79",826,0.0175686413972102,-0.0584998888071842,0.0420313805879099,-0.0654307695807929,-0.0783302375781663,0.0536729830880525,0.044483487911737
"ALT_A_20_39_vs_40_79",827,-0.00474685046984519,-0.0513875308646186,0.0110418775362169,-0.0450339870767469,-0.0281242526566363,0.0175149257468394,0.0625869749473807
"ALT_A_20_39_vs_40_79",828,0.00130796361120209,-0.0480264316467154,0.0221959940000325,-0.0355307468952635,-0.0579069772532316,0.00118975388952841,-0.00508247545152814
"ALT_A_20_39_vs_40_79",829,-0.00854564052516763,0.00134749687687796,0.00180671495589493,-0.0198703839551643,-0.103169522914662,0.00504498462347113,0.00274080123385662
"ALT_A_20_39_vs_40_79",830,-0.018043865410182,0.00763549741992019,-0.074659549658193,-0.0201574390417428,-0.0505430973664395,0.0375395676857593,-0.00693138351007321
"ALT_A_20_39_vs_40_79",831,0.00655814578033827,-0.0265286342503551,0.00298673344698352,0.00242393338852634,-0.0120942279853133,0.00459073265429196,0.0123748683596978
"ALT_A_20_39_vs_40_79",832,-0.0119219379413021,0.0129351158942952,0.0046637994918596,-0.00127651301188653,-0.088502376014051,-0.00146069419359604,-0.0032064986858802
"ALT_A_20_39_vs_40_79",833,-0.0185872791628372,-0.063688873693816,0.0290455496365933,0.00253504773396801,-0.0471186499402674,0.00361386459302857,0.00615514450120482
"ALT_A_20_39_vs_40_79",834,-0.0109938661729488,-0.0290510627306785,-0.0205334944872075,-0.0201020911700712,-0.0534988698078238,0.0395511365086881,0.00275859303215108
"ALT_A_20_39_vs_40_79",835,0.0245476356546587,-0.0506405985712564,0.0517635648464122,-0.0646432985793015,-0.0347909932379321,0.0746255169076686,0.0485079681477554
"ALT_A_20_39_vs_40_79",836,0.00976822828836009,-0.0315181890523444,-0.0228915025246405,-0.0127206489956577,-0.0953241558432296,0.00960380362029292,0.0197640440955204
"ALT_A_20_39_vs_40_79",837,0.000638231921685987,-0.04018037407196,0.00662425470476183,-0.0571751145046721,-0.0963249750701333,0.0421657939444823,0.0660397440872314
"ALT_A_20_39_vs_40_79",838,-0.0172497924284218,-0.0740081042171143,8.63191548795827e-05,-0.0816568418685767,-0.0637235224112139,0.0214910825497692,0.00505216481829141
"ALT_A_20_39_vs_40_79",839,0.00687749846950814,-0.0469883573186234,-0.00260792524321346,-0.0483648343570009,-0.0776244247241856,0.0455451133948565,0.0430519178621016
"ALT_A_20_39_vs_40_79",840,-0.0040276623853366,-0.0349139395105674,-0.0197694524634755,-0.0444936387272887,-0.0289690177844734,0.0207306556964358,0.0185458576328641
"ALT_A_20_39_vs_40_79",841,-0.0225181748587295,-0.0492370319748554,-0.0170983004999448,0.00583672895395224,-0.023884801916813,0.00708444531825021,-0.0618706210433762
"ALT_A_20_39_vs_40_79",842,-0.00226959652979188,-0.0350184109467091,-1.21859217331044e-05,-0.052683575057097,-0.0498761834161597,0.0346022702525095,0.00692597058423094
"ALT_A_20_39_vs_40_79",843,-0.000165027677294594,-0.0364917305315635,-0.00254482402858414,-0.0546149531844361,-0.0656742085391274,0.00872807575257724,0.0410076372682179
"ALT_A_20_39_vs_40_79",844,-0.00284076038758441,0.00356707195038239,-0.0267187331458434,-0.0202553120321958,-0.0617509735578237,0.02838231657628,0.0299403490088297
"ALT_A_20_39_vs_40_79",845,0.0189063156251338,-0.0487272705865377,-0.0295226040855715,-0.000356157668525148,-0.0813307080820344,-0.00903626337492293,-0.00515892179300373
"ALT_A_20_39_vs_40_79",846,-0.0238922286213857,-0.0208592874395216,-0.0132864084125159,-0.0284491448907006,-0.0660473178084678,0.0301419205931872,0.0699976328622434
"ALT_A_20_39_vs_40_79",847,0.010165309429314,-0.0206916740992929,-0.0515155142608609,-0.00993472764774564,-0.036056968328591,0.0218189520367148,0.0236349055726878
"ALT_A_20_39_vs_40_79",848,0.00459014985853338,-0.0428506523248753,0.00271724669282708,-0.0198073461643898,-0.0154573318672231,0.0466830146722062,0.0610806003557496
"ALT_A_20_39_vs_40_79",849,0.0021017085154109,-0.00581880257548277,0.0323716070332379,-0.0996900475129347,-0.05409793943417,0.018800908787653,0.0144437223943477
"ALT_A_20_39_vs_40_79",850,-0.00977138037669945,-0.0313403592761547,0.0268577224462993,-0.0414976968069501,-0.017133252623632,0.0270030623140882,0.0341463896847898
"ALT_A_20_39_vs_40_79",851,-0.0234997342170186,-0.0608553241335307,0.0047297320248228,0.00762234137055803,-0.0677665123061958,-0.0386028566711565,-0.0176892857386867
"ALT_A_20_39_vs_40_79",852,0.003092693328973,-0.0440701507170255,0.00320340806963398,-0.0445819376374672,-0.0282559875943697,0.022324349264219,0.0220359371666367
"ALT_A_20_39_vs_40_79",853,-0.0230104832879949,0.00441675039154132,0.0108356176517467,-0.0791937678287853,-0.0449982211712611,0.00629497496657334,0.0175052917197829
"ALT_A_20_39_vs_40_79",854,-0.00616129503259662,-0.0262451291770814,-0.00422360017472592,-0.0138999981911076,-0.0223108266266617,0.0256879886765863,0.0123592413624798
"ALT_A_20_39_vs_40_79",855,0.0122592703679624,-0.02049598964728,-0.0170085467639103,-0.0293340219160087,-0.06738834911535,0.0613173041116574,0.0830504498559486
"ALT_A_20_39_vs_40_79",856,-0.00137921683140508,-0.0201212417145925,-0.00864464593995459,0.0129546715432819,-0.0839915262674538,0.0141720187938759,0.0333995465398543
"ALT_A_20_39_vs_40_79",857,-0.0316661164514832,-0.0225156976551452,-0.0389012451048897,-0.0208579676454523,-0.0927341940662746,-0.0157765213657467,-0.012043702645846
"ALT_A_20_39_vs_40_79",858,0.00152712861695448,0.0023161466894463,0.00653696436188683,-0.0294360799042429,-0.0147387105324952,0.012595058612274,0.0230148395330069
"ALT_A_20_39_vs_40_79",859,0.0215311647560713,-0.0362130680290161,0.0154920126053279,-0.0746390949922962,-0.0100042873346929,0.0720967425622126,0.0649435610900576
"ALT_A_20_39_vs_40_79",860,-0.0258673568239278,-0.0416964354126724,0.0475399268444441,-0.0309084684644083,-0.0426139443383168,-0.00118682921039114,-0.00210816221585329
"ALT_A_20_39_vs_40_79",861,0.0140869297852395,0.00765471945259591,-0.0241528048707299,-0.0391683220925956,-0.0626032158430165,0.0233514640448176,0.0271235655707621
"ALT_A_20_39_vs_40_79",862,-0.0135435205597185,-0.0101509059995177,-0.0451322196308088,-0.031955714343747,-0.0721988924951321,0.016959636350848,0.0206843767662881
"ALT_A_20_39_vs_40_79",863,-0.0198676064355192,-0.04422296091407,-0.0674084777831666,0.00324963758488514,-0.0432914992702499,0.0091240724311112,0.0087093417699379
"ALT_A_20_39_vs_40_79",864,0.011564843406602,-0.0427978671042063,-0.0326280642036599,-0.0265142261732215,-0.0735542973289852,0.0723271361177627,0.0476772562087154
"ALT_A_20_39_vs_40_79",865,0.00789131571895423,-0.0221330352471621,-0.0116347908322632,-0.0139139084047305,-0.0310569264902064,0.0503734973554436,0.0574125384540363
"ALT_A_20_39_vs_40_79",866,-0.000493772852489222,-0.0337412769146825,0.00542678148527292,-0.0100599217543335,-0.026275310631949,-0.00953971178847901,-0.0247616171797059
"ALT_A_20_39_vs_40_79",867,0.00748913935437617,-0.0515450596492339,-0.0295556050964361,-0.00989105640763616,-0.0197857413685293,0.0292758412910419,0.0258292417047389
"ALT_A_20_39_vs_40_79",868,-0.00471799304435593,-0.00577100501050745,-0.0423310252657947,-0.0129351873469579,-0.0827041336839799,0.000859332961049689,0.0298529064618151
"ALT_A_20_39_vs_40_79",869,-0.00815987684201699,-0.0504497964066017,0.0348637023754364,0.000761333854368801,-0.0800965437558437,0.0135945365978902,0.0148220995989977
"ALT_A_20_39_vs_40_79",870,-0.00332568431821051,-0.021828891033834,-0.036015268139212,-0.0137727647057715,-0.0388598305262235,0.0314771736282347,0.037357712633457
"ALT_A_20_39_vs_40_79",871,-0.0121167294874503,0.0146114882841282,-0.0293924111333884,-0.0166906311923865,-0.111120051565448,-0.0102741086445511,-0.00881137854080943
"ALT_A_20_39_vs_40_79",872,-0.00717445993224464,0.0245428079172187,0.0292142276216622,-0.0509128566676315,-0.0319560149391624,0.0425894490585549,0.0346156380234733
"ALT_A_20_39_vs_40_79",873,0.00140706086232757,0.00289173622109273,-0.0256455904733862,-0.0963021408996736,-0.0400239150144597,0.0421400073989435,0.0182102231118065
"ALT_A_20_39_vs_40_79",874,-0.00168698449247955,-0.0173883228329269,-0.000564890847808197,-0.0506949495966809,-0.0468381863214168,0.017044317246802,0.0266594652943333
"ALT_A_20_39_vs_40_79",875,-0.0123107091851819,-0.00589292245249867,-0.0458142498727433,-0.0407948544708851,-0.0534380157845099,0.0108328850957847,0.0123231425957548
"ALT_A_20_39_vs_40_79",876,0.00496835617578377,0.0177685136505846,-0.0185586368699952,-0.0420492247468146,-0.093784878488438,0.0241123483720314,0.0241477381309093
"ALT_A_20_39_vs_40_79",877,0.0251176277077177,-0.00446536134810673,-0.0209042021958702,-0.0759640631630216,-0.0590106779837337,0.0830040295388521,0.0913490978837369
"ALT_A_20_39_vs_40_79",878,0.017432355125555,-0.0161080029901111,-0.0315411452261904,-0.0131441432294442,-0.0772671945422803,0.0821471784214255,0.0897431419473341
"ALT_A_20_39_vs_40_79",879,-0.00366639516841283,-0.0439023950615968,0.00345868268112579,-0.0283747057987403,-0.0117975389578063,0.0236300648482237,0.0234895398898782
"ALT_A_20_39_vs_40_79",880,0.000656889495552274,0.00184956613103335,-0.0240544018066566,-0.0486898105537737,-0.0569575000272393,0.0353063296239748,0.0347205857123611
"ALT_A_20_39_vs_40_79",881,0.00317710603549355,-0.0202427818415105,0.0142824704840662,-0.030620137430021,-0.121806155512091,0.0354292339434879,-0.0117771332110869
"ALT_A_20_39_vs_40_79",882,0.0049297973092283,-0.0024425274729135,-0.00211710231133533,0.00792833699320475,-0.0936562345650594,-0.0240873045449563,-0.018800076151727
"ALT_A_20_39_vs_40_79",883,0.0141856941380357,-0.034390887248837,0.0083349978253606,0.0120100597576283,-0.089258415220583,0.0563941278132692,0.0853820076655487
"ALT_A_20_39_vs_40_79",884,-0.00362705908395908,-0.0384746685033982,0.0229085948181026,-0.0515416350393332,-0.0557846667235173,0.00916723037422666,0.00463121282288199
"ALT_A_20_39_vs_40_79",885,-0.00529522541360287,-0.00983233354052669,-0.0456977339214791,-0.0523162083033593,-0.0664680819531493,0.0116480844247869,-0.0439977009225127
"ALT_A_20_39_vs_40_79",886,-0.0178059102850291,-0.034673219727725,-0.0249135027020869,0.0143488309910215,-0.0657475204887077,0.0179881873649696,0.0150184412993686
"ALT_A_20_39_vs_40_79",887,-0.0140900073489916,-0.0256254300492515,-0.0115468241445651,-0.00809031164321442,-0.0787779650863226,0.01561036549805,0.0271401304853317
"ALT_A_20_39_vs_40_79",888,0.0200798853981521,-0.00663484942730985,-0.0245469225782706,0.0264175514258124,-0.03944886935524,0.071999657429056,0.0487484175612332
"ALT_A_20_39_vs_40_79",889,-0.00948217336988089,-0.0257746292562466,0.0415574109163954,0.00448986354699349,-0.0617075654955262,-0.0255421388308924,0.00610705188527604
"ALT_A_20_39_vs_40_79",890,-0.0181175569250302,0.0151167077341168,-0.0668670405629576,-0.0604303178599443,-0.0538191109637992,-0.0146929020942799,-0.0163907011340004
"ALT_A_20_39_vs_40_79",891,-0.0275129305342794,-0.0721862541333131,0.0172349864337836,-0.057459862893885,-0.0493052333893329,-0.00662903875352885,-0.00973643970039045
"ALT_A_20_39_vs_40_79",892,-0.0107154237327004,-0.0180485136146219,-0.0310473402502683,-0.00822392534147012,-0.0238165373563012,0.0228481034426246,0.0128595546176997
"ALT_A_20_39_vs_40_79",893,0.010928532759659,-0.0373453449175414,0.0107391803293598,-0.0666608674625464,-0.0839199979771872,0.0560908250413086,0.0372432336976532
"ALT_A_20_39_vs_40_79",894,0.019243241558263,-0.0368511226916893,0.00561766594458205,-0.0122305061860885,-0.0703213603631538,0.0730209489188118,0.0294130118019782
"ALT_A_20_39_vs_40_79",895,0.0224413672651717,-0.0383745988175594,-0.00297941256587156,-0.0142079678494157,-0.0471576212816491,0.0222315191652881,0.0257573513732093
"ALT_A_20_39_vs_40_79",896,-0.0171695784362708,-0.0395336579483519,-0.00575033509493036,0.0163688789331504,-0.0563050433050171,-0.00788297060852288,-0.014468260401625
"ALT_A_20_39_vs_40_79",897,-0.0189884342093039,-0.0111117602792337,-0.0432007746516457,-0.078452745573023,-0.00817083333816759,0.0261338941577305,0.0302564214927782
"ALT_A_20_39_vs_40_79",898,0.00682401468643497,-0.051448290706417,-0.0214865771279119,-0.0809212120130677,-0.0214327480289692,0.043721437453982,0.0378249715665403
"ALT_A_20_39_vs_40_79",899,0.0202991986011719,-0.0422292469529708,-0.0290097844314077,-0.0516192232732525,-0.0374046288241537,0.0986210683839899,0.0802632227770142
"ALT_A_20_39_vs_40_79",900,0.00851740411085698,-0.0567177068195969,0.0657649111626648,-0.0341189628482641,-0.0598494321440354,0.0186814342175432,0.0314327047596035
"ALT_A_20_39_vs_40_79",901,-0.0159966308597398,-0.0200503613325933,-0.0216391308747687,0.0156131884212532,-0.0248692155145752,-0.0143184117705102,0.0010925951711787
"ALT_A_20_39_vs_40_79",902,-0.012062762506923,-0.0625714305743768,-0.00803838765607426,-0.0375612960146786,-0.0576019750706842,0.0211018845836642,0.0125904592085717
"ALT_A_20_39_vs_40_79",903,0.0111615691247709,-0.0327502916301538,-0.0278968310558634,-0.0349649731362602,-0.0948074625905967,0.013505162221726,0.0294072538383384
"ALT_A_20_39_vs_40_79",904,-0.000363549920494699,-0.0168959060783214,0.00211314708079463,-0.0702448295511118,-0.0896351713599192,0.0170799911897182,0.0228241100505376
"ALT_A_20_39_vs_40_79",905,0.0054122971668719,-0.010095255854042,-0.000191997200987004,-0.0216831689568687,-0.0161881109829278,0.0477634820424587,0.0818164576055139
"ALT_A_20_39_vs_40_79",906,-0.0263947480172419,-0.0198869129928005,-0.0288697729111424,-0.073200780602457,-0.0529831210311227,0.0241927709701722,0.02125769540441
"ALT_A_20_39_vs_40_79",907,0.0295360372190026,-0.0161633196904261,0.00725251243918468,-0.0552977567437028,-0.0565745414954008,0.0403886234841819,0.0819770175304685
"ALT_A_20_39_vs_40_79",908,0.0211807204790873,-0.0142401292685766,-0.0174127176188174,-0.0209817338394067,-0.0398858337391668,0.0572825727679713,0.0794486342613973
"ALT_A_20_39_vs_40_79",909,0.00821170139884692,-0.0676360828838673,0.0596461255061543,-0.0180025524690189,-0.0506365663953467,0.00183958040981087,-0.00134632165382194
"ALT_A_20_39_vs_40_79",910,-0.00372791299014923,-0.0517123386138943,0.0141249051222798,-0.0564265264447618,-0.0445734451470695,0.00656996644607526,0.0098643777137908
"ALT_A_20_39_vs_40_79",911,0.00735535171733071,-0.070765603880971,-0.022036366679566,-0.00155382367285301,-0.0723396037837736,0.0334181383130726,0.0386621793714629
"ALT_A_20_39_vs_40_79",912,-0.0019664081012029,-0.0199027412723985,-0.0297024686727369,-0.00624384805648584,-0.025428422335292,0.0224068120854758,0.00562206824774829
"ALT_A_20_39_vs_40_79",913,0.0201471494518362,-0.0341212199924909,-0.00230374106957404,0.0110226727616076,-0.0282400424007079,0.0215032415404713,0.024056366910921
"ALT_A_20_39_vs_40_79",914,-0.00886413160456068,-0.0371970122501121,-0.0276984533992573,-0.00215270660586803,-0.0801666693540413,0.0181692629979028,0.00230659651648746
"ALT_A_20_39_vs_40_79",915,-0.00747899464267826,0.020474909585722,-0.0888882593499215,-0.0404184226206685,-0.0804950036193328,0.030122576537978,0.0412921689412511
"ALT_A_20_39_vs_40_79",916,-0.00716932927653623,-0.0211320075144024,-0.0442709111626884,-0.0211580535358593,-0.0635315089910973,0.00897619681434194,0.0174063826792307
"ALT_A_20_39_vs_40_79",917,0.00524589813223197,-0.0248319989377119,0.0462374849426787,-0.072284900335447,-0.0746165419725191,0.0412034448195807,0.0244593052364197
"ALT_A_20_39_vs_40_79",918,0.0136961202833665,-0.0436392335963876,0.0212037381058101,-0.0386064336464245,-0.0453722996443774,-0.0119635495468321,0.0236027017853814
"ALT_A_20_39_vs_40_79",919,-0.00722539754680745,-0.0387091645495216,-0.00407404013695936,-0.0145133416449369,-0.0828254362962813,0.0318446892428066,0.0322502748450444
"ALT_A_20_39_vs_40_79",920,-0.0167987035810222,-0.0275985587977293,0.00672688112773959,-0.0262061968474704,-0.0532584073177665,0.0222878913799757,0.014603164202728
"ALT_A_20_39_vs_40_79",921,0.00740402013100797,-0.063348017729671,0.0108680723045558,-0.0145026440443985,-0.0627455897291039,0.0493738671784265,0.059766103235016
"ALT_A_20_39_vs_40_79",922,0.00990594574457279,-0.0242740842702281,0.0365926547860248,-0.0187024320475263,-0.022724794316242,0.0460690911491109,0.0508535357727292
"ALT_A_20_39_vs_40_79",923,0.00846563197505795,-0.0376398300557555,0.00735388677189214,-0.0103937952306516,-0.0824276841371375,0.0500064658292719,0.0749639688781569
"ALT_A_20_39_vs_40_79",924,0.0144927274430744,-0.0864017658261581,-0.000152157775928419,-0.0211600631735377,-0.0577403692957993,0.0453570259975253,0.0389702748457262
"ALT_A_20_39_vs_40_79",925,0.00619359645997029,-0.0393342412423255,0.00118827976003461,-0.0939967956202866,-0.046182676075412,0.0537083945409673,0.0481693305953175
"ALT_A_20_39_vs_40_79",926,-0.00206977863047527,-0.021570890849832,0.00181491919843191,-0.0194063208641773,-0.0747663429910448,0.0137522845398291,0.0033766878294484
"ALT_A_20_39_vs_40_79",927,-0.0159532033921598,-0.0408151160471552,-0.0172297775192418,-0.0319442253747204,-0.0623736580076921,-0.015427957449132,-0.00698058629534459
"ALT_A_20_39_vs_40_79",928,-0.0115788327372235,-0.029940731326353,-0.0177258416187038,-0.0020886475388277,-0.0470670597318777,0.00289680203975595,0.00288361949708711
"ALT_A_20_39_vs_40_79",929,-0.0195100579129457,0.00585660017765562,-0.0465479883750302,-0.0131563448786487,-0.027292751662925,0.00162472724146838,0.00440498925469614
"ALT_A_20_39_vs_40_79",930,-0.00793650022898085,-0.0274871685453684,-0.00610352557445618,-0.0484299070442701,-0.0666826646772356,0.0403804087546246,0.080316182442256
"ALT_A_20_39_vs_40_79",931,-0.0215240036568645,-0.0351719983779157,-0.0303119228417719,-0.0427663500660552,0.0156743630941686,-0.0210360100248522,-0.00221855924216869
"ALT_A_20_39_vs_40_79",932,-0.0165319913229182,-0.025615078503547,0.0311824821035797,-0.0399091393791801,-0.0290624932534341,0.0304717527950687,0.029973104690445
"ALT_A_20_39_vs_40_79",933,-0.00422556328098707,-0.00611676373546251,0.00741921028614823,-0.0754440444691471,-0.0614652289629541,0.03932902182595,0.0322005714042234
"ALT_A_20_39_vs_40_79",934,-0.00552905288543718,-0.0151784474814325,-0.0439698739720597,-0.0201575760880654,-0.0474063571057909,-0.0335064520663022,0.0010919056419953
"ALT_A_20_39_vs_40_79",935,0.0159430595882866,-0.0373694588808123,0.00838110067145853,-0.0266511974506639,-0.068989724323414,0.0535651075248967,0.0632030615621144
"ALT_A_20_39_vs_40_79",936,-0.00619584394498453,-0.0424391091537802,-0.0244830865234099,-0.0622196769460232,-0.0418922133929985,0.023638158991148,0.0462653213229374
"ALT_A_20_39_vs_40_79",937,-0.0289335098469573,-0.0152035005349684,-0.0314184876337605,-0.0569689285812825,-0.0870908291683715,-0.0162707469967545,-0.0163558954287369
"ALT_A_20_39_vs_40_79",938,0.0133330670924553,-0.0148015552887535,-0.03449602730197,-0.056563396825392,-0.125362745765688,0.0609291384061934,0.073045306143067
"ALT_A_20_39_vs_40_79",939,0.0195123080982967,-0.0207065215997509,-0.0240738501217667,-0.0302605544973131,-0.0495581209666869,0.0560934842020454,0.0546554308039608
"ALT_A_20_39_vs_40_79",940,0.0249185357673116,-0.0172154997884548,-0.0284466764472613,-0.0532316518633298,-0.0733232851167708,0.0263685450328429,0.100145152861299
"ALT_A_20_39_vs_40_79",941,-0.0113479190543161,-0.0445637236116402,0.00577477054941808,-0.0288318596606874,-0.0674279240023005,0.046451739135982,0.0203956744725076
"ALT_A_20_39_vs_40_79",942,-0.00028877619679394,0.0199977823211123,-0.0219095379594807,0.00215711164981916,-0.0617969222630594,-0.0122866717040559,0.00423593188082855
"ALT_A_20_39_vs_40_79",943,-0.00190775888122911,-0.0422603150443402,-0.040127209636156,-0.0163587422781999,-0.0858546840945871,0.0267965931799348,0.00601022776925169
"ALT_A_20_39_vs_40_79",944,-0.0162509578470887,-0.0227264994272295,-0.025605557107385,-0.0715701953248828,-0.0619884486289562,-0.00985021610978871,0.00544428204625399
"ALT_A_20_39_vs_40_79",945,0.0249560499340557,-0.0439466400987263,-0.00422820742769184,-0.0199386567567739,-0.0326376055881918,0.070847630065346,0.0657927897323267
"ALT_A_20_39_vs_40_79",946,0.00389395775062296,-0.0364205995891048,0.00923634845330823,-0.00998690735535995,-0.0243934253675616,0.0113479700531662,0.0122077727465155
"ALT_A_20_39_vs_40_79",947,0.00361997163685372,-0.0220298838706662,-0.0319123907589458,-0.0177046795683752,-0.0307858459373347,0.00898066400397327,0.0088592249866404
"ALT_A_20_39_vs_40_79",948,-0.0274169918131398,-0.0263141467912608,-0.0236530267237239,-0.00406623670268264,-0.0528305486473055,0.0119224333832404,0.00835467329146892
"ALT_A_20_39_vs_40_79",949,-0.013265153259286,-0.0283733318213666,-0.00646273200933148,-0.0341370924521754,-0.0150905719744283,0.0139918980276241,0.0103311487785617
"ALT_A_20_39_vs_40_79",950,0.00303955124163459,-0.0215369786607594,-0.0288587912135462,-0.0151045498665841,-0.0434108681863759,0.0100652629097484,0.00908066436541177
"ALT_A_20_39_vs_40_79",951,0.0140441127346512,-0.0366085585332435,0.0155337571923752,-0.0670613977673651,-0.0691463528144312,0.0178240474302562,0.0191387169572095
"ALT_A_20_39_vs_40_79",952,0.0106140624066672,-0.0615333108431078,0.0210077056356874,-0.00627807939750821,-0.0699064543356432,0.0436602890817144,0.0446961617729527
"ALT_A_20_39_vs_40_79",953,0.00179345477018126,-0.0457007870934902,-3.8218317436417e-05,-0.00372057975060175,-0.0684016999326957,-0.0129074587531376,-0.0124426966484584
"ALT_A_20_39_vs_40_79",954,0.0129941671456015,-0.042942689377101,0.0188621897081744,0.0107303387950017,-0.0599684460123585,0.0225829817776023,0.0410932000226534
"ALT_A_20_39_vs_40_79",955,0.015260624330081,-0.0166082239484127,-0.0231330337108636,-0.0140132128443179,-0.00660171438536589,0.0274545279113864,0.038690297987494
"ALT_A_20_39_vs_40_79",956,-0.00702562928073127,-0.0407104060066458,0.034506316471301,0.00580203188965606,-0.034698110094911,0.00649357969905737,0.00748509944264707
"ALT_A_20_39_vs_40_79",957,-0.00314432428683786,-0.0360422595372192,-0.00356568857576625,0.00558792364869218,-0.0708745632589393,0.0334158968704542,0.0321180931773212
"ALT_A_20_39_vs_40_79",958,-0.0294869896114495,-0.0310530056116054,0.018149803191673,-0.0774647211519813,-0.0380016296460544,-0.0068107963865171,0.000637391896273133
"ALT_A_20_39_vs_40_79",959,-0.0116465056590947,0.00369383060304762,-0.0274012960014503,-0.0726628512521139,-0.0772160068507445,-0.0308954596748779,-0.0176016700496345
"ALT_A_20_39_vs_40_79",960,-0.00264300818900315,-0.0454438100287249,-0.0344445692188866,-0.00582828155645601,-0.0666842577880503,0.0331141026218773,0.0375469862114657
"ALT_A_20_39_vs_40_79",961,-0.00265694244824204,-0.0514475153790384,-0.00547196783797221,0.0108444576285321,-0.0414409820882597,0.0306287630355806,0.073317954084473
"ALT_A_20_39_vs_40_79",962,0.00661639757777246,-0.0420359810975974,-0.00740792062429821,-0.0454444563580166,-0.157019969397768,0.0175010359179919,0.0226988833023235
"ALT_A_20_39_vs_40_79",963,0.0232381735815808,0.00663127757347766,0.0129019609751925,-0.0193077586773545,-0.0527064760210245,0.0494969996174367,0.0568780360069885
"ALT_A_20_39_vs_40_79",964,-0.00681948017458812,-0.0403689636022971,0.00288117804893281,-0.0164977733337646,-0.0827526814946889,0.00147834165860704,0.015772560537846
"ALT_A_20_39_vs_40_79",965,0.00610959473137271,-0.063408089257822,0.0206280972734641,-0.0255703294340498,0.00822064671109513,0.00645184841479531,0.0109656165392088
"ALT_A_20_39_vs_40_79",966,0.0117194542558177,-0.0798509453248702,0.0348900558666821,-0.0619539611674154,-0.0247885616564204,0.0408630656959384,0.0495879016980908
"ALT_A_20_39_vs_40_79",967,-0.0467417941946995,-0.0106761180433292,-0.0310925546761777,0.0396288108340226,-0.0476337945769092,-0.0357959909501643,-0.0406923741355705
"ALT_A_20_39_vs_40_79",968,0.0108381914175753,-0.0424848499498835,-0.0693402157073755,-0.0374344462258319,-0.0553808412711477,0.0788484243733031,0.0793414691400615
"ALT_A_20_39_vs_40_79",969,-0.00274010476015805,-0.0503903441379958,-0.0608314781104994,0.0156331765752555,-0.0904878122550333,0.0270386529525137,0.0281618120360746
"ALT_A_20_39_vs_40_79",970,-0.00113602012883456,-0.0818282627647907,-0.0322478604666101,-0.0273101650431301,-0.100395289944582,0.00258264875828365,0.00359962711338085
"ALT_A_20_39_vs_40_79",971,-0.0362634261223668,-0.0333213705026573,-0.00112582204380612,-0.0307883295644205,-0.0396948097884688,-0.00336531287592053,-0.0105945000691988
"ALT_A_20_39_vs_40_79",972,0.00550149697477307,-0.028480517139609,-0.0286142666376998,-0.0667050323029897,-0.0726933536958508,0.0138180035599956,0.00971810907550934
"ALT_A_20_39_vs_40_79",973,-0.00247463368083139,-0.0483862734006042,-0.0264438024516484,-0.00666565070278749,-0.0409207404569319,0.0565344550518791,0.0507541279729988
"ALT_A_20_39_vs_40_79",974,-0.0138731999864979,-0.0233738530824058,-0.0201001673431776,0.000307839546985683,-0.0825055051897517,0.0105563424731039,0.00420120319860644
"ALT_A_20_39_vs_40_79",975,-0.00441988198900957,-0.0446828023661241,-0.0304815982157142,-0.0377778676518924,-0.089258319575701,0.0199075522398654,0.00585295406835425
"ALT_A_20_39_vs_40_79",976,0.00230290865862325,-0.062077441973817,0.0129632736264943,-0.0552534604067893,-0.054878753341269,0.0343167448467337,0.0367252828544261
"ALT_A_20_39_vs_40_79",977,0.0045397038872745,-0.0209741176777107,-0.0142097488574789,-0.0560203782896702,-0.0529464090740837,0.0185175780022311,0.0169180930226414
"ALT_A_20_39_vs_40_79",978,-0.00926690028403951,-0.0396347623999102,0.0472628162044675,-0.0581600212053212,-0.0865616367156852,0.0198674433559984,0.0742613661433016
"ALT_A_20_39_vs_40_79",979,0.00235265368494773,0.00281021949308685,-0.00823217164525941,-0.00533965749938176,-0.0201441432464851,0.019955237429258,0.0437567157820186
"ALT_A_20_39_vs_40_79",980,0.0264436055498309,-0.0333042890712553,0.0303492261228292,0.0173334026150223,-0.0733675883880485,0.0550484868731592,0.0512899758315483
"ALT_A_20_39_vs_40_79",981,0.0124395490322936,-0.0447421951345577,-0.0174538292302068,-0.023645483021451,-0.0964630957417639,0.0252084329121474,0.0179657339196382
"ALT_A_20_39_vs_40_79",982,-0.014507935226383,-0.0236971201144079,0.00681911593994255,-0.0468633039759292,-0.108340161869802,0.040009794625873,0.0201999844220191
"ALT_A_20_39_vs_40_79",983,-0.0107104535016648,-0.0258053540108182,0.0145121566219779,0.0093910849989858,-0.0989473899803716,0.028644504530619,0.0292223684661157
"ALT_A_20_39_vs_40_79",984,-0.00765478670241061,-0.0227016659519797,-0.00761239601804653,-0.0495216682590343,-0.0565203836148621,0.030087130402289,0.0391686332341394
"ALT_A_20_39_vs_40_79",985,-0.00964139511984589,0.00978104708655465,-0.0641295606020574,-0.0432385240510924,-0.0314836602013295,0.0327370887338297,0.0601107251020403
"ALT_A_20_39_vs_40_79",986,0.000462824587730754,-0.0418482996920882,0.0129774493124278,0.0213202826697494,-0.117250492306015,0.0330887416872477,0.0417827719001136
"ALT_A_20_39_vs_40_79",987,-0.00549115899674942,-0.0301588400091411,-0.0210717677039171,-0.0555996889773748,-0.0608161769534749,0.0451685805249867,0.0610744577924892
"ALT_A_20_39_vs_40_79",988,-0.0195721210180616,-0.0029434002340782,0.0070787359064432,-0.032648328032827,-0.100259374605378,-0.0127239311825257,-0.00482948727877264
"ALT_A_20_39_vs_40_79",989,0.00571954154949804,-0.0408821531292123,0.0202835549557911,0.0019276265339469,-0.0574727433984795,0.0260238298545278,0.0243239541671442
"ALT_A_20_39_vs_40_79",990,-0.0367541795955304,-0.0313463358014009,-0.0227022311752093,-0.0717859809246899,-0.0666029231283638,0.0314430795286576,0.00795647257101717
"ALT_A_20_39_vs_40_79",991,-0.00362089539417872,-0.0119276935827288,0.0124428573660275,-0.0922550134425541,-0.0804680794542283,0.0376553939749151,0.0425304448132967
"ALT_A_20_39_vs_40_79",992,0.000713344036656259,-0.0572068759041226,-0.0512952781337429,-0.0143287117080946,-0.0644118396037307,0.0512664235295298,0.0511278458144659
"ALT_A_20_39_vs_40_79",993,0.00276113007263395,-0.035644687714477,-0.0244501321607507,0.00796400823834945,0.0321390075677909,0.0684224707196044,0.067492459075138
"ALT_A_20_39_vs_40_79",994,-0.0181852443752083,-0.0358782589418431,-0.00118413036031093,-0.0630023235670194,-0.098771258484448,-0.0203467864416345,-0.0297779109481516
"ALT_A_20_39_vs_40_79",995,-0.0191749854323805,-0.00112783028064775,-0.00512919956013291,-0.0521697219251555,0.00151407296766498,0.00857755604328213,0.0134219006666541
"ALT_A_20_39_vs_40_79",996,-0.0065887884553467,-0.0194313521884408,-0.0129065844328548,-0.0405095405156768,-0.0407478980209394,0.0216819941901006,0.0232512154439035
"ALT_A_20_39_vs_40_79",997,-0.00851084668512114,-0.0200700662636593,-0.0259281270812011,-0.0946853269053532,-0.0784741348291184,0.035685015880507,0.0256165406033335
"ALT_A_20_39_vs_40_79",998,-0.00243781955880436,-0.0618939467476464,0.00253749230870523,-0.0910654529046387,-0.0338281526124717,0.0416659287118461,0.0269878563726245
"ALT_A_20_39_vs_40_79",999,0.0192233356501429,-0.0293692796945357,0.00853950391734368,-0.0390711138786324,-0.100251489317402,0.0364242313811928,0.0452422430069991
"ALT_A_20_39_vs_40_79",1000,0.00985960166171578,-0.0508440031144917,-0.024455182579081,-0.0165459516735734,-0.0414438864854202,0.0168166782297773,0.0288631820776281
"ALT_B_30_31_vs_40_41",1,-0.00445720785384347,-0.0119036004268247,-0.032643930318617,-0.0395947496157362,-0.0348852681106636,0.0201762825754808,0.00935638260530064
"ALT_B_30_31_vs_40_41",2,0.000408783061698927,-0.0408764435384486,-0.0114202822911017,0.028940252277996,-0.0251960554116697,0.0120904193316492,-0.0456701298816322
"ALT_B_30_31_vs_40_41",3,0.0251617537884544,-0.0239383723088922,-0.0243529645207493,-0.0695069710796378,0.00965435338648218,0.0459372614104387,0.0421668894815712
"ALT_B_30_31_vs_40_41",4,-0.0101547694160443,-0.0473207920842242,-0.0285216125586743,-0.0094427195401259,-0.0868858067121001,-0.00609027552433451,0.00788751790406132
"ALT_B_30_31_vs_40_41",5,-0.00715667962101656,-0.00880979240519497,0.00100837969802137,-0.0172186974569526,-0.0527796128243547,0.0179768828720876,0.022527966140089
"ALT_B_30_31_vs_40_41",6,-0.0154554839312864,-0.00887895019398557,-0.0484527992677275,-0.00270354965189962,-0.0445667314335612,-0.00888267492536227,0.00839026579217597
"ALT_B_30_31_vs_40_41",7,0.00739381754268578,-0.00176914603431672,0.00421538896193173,-0.0237297277220551,-0.0290018865974999,0.0473131965672146,0.0431694164058656
"ALT_B_30_31_vs_40_41",8,-0.00688526771832108,-0.0472180191958595,0.00115923138205401,0.00541650865709739,-0.00979802073428226,0.0080369374919328,0.0153228729151621
"ALT_B_30_31_vs_40_41",9,-0.000975082502209873,-0.0297523296510837,0.00224151810311524,-0.0082623379732045,-0.0671188734123814,0.00456307460324498,-0.0277384760331031
"ALT_B_30_31_vs_40_41",10,-0.0111039475098663,-0.0303635747311635,-0.0394366996599385,0.00391799551623712,-0.0505092061758167,0.0118671131280608,0.00968215761930544
"ALT_B_30_31_vs_40_41",11,0.00576583761226232,0.0157041908569371,-0.0302185945814819,-0.0242963267809207,-0.0300792079165872,0.0303169166454978,0.0319801592751726
"ALT_B_30_31_vs_40_41",12,0.00900655297394518,-0.0538483634119173,-0.00134417885678847,-0.0468252140239921,-0.057925154873976,0.0658234475701207,0.061387530481071
"ALT_B_30_31_vs_40_41",13,-0.0158547606219673,-0.0363802276780227,0.0150850206197489,0.0153564938338045,-0.0725059336457664,-0.0446737554135625,-0.0245499607125361
"ALT_B_30_31_vs_40_41",14,-0.0265494384888651,-0.00356472334891468,-0.0402769423802874,0.0112601062391305,-0.0636632568830446,-0.0146367373143676,-0.0161230458272936
"ALT_B_30_31_vs_40_41",15,0.0104727847195475,-0.022334012714244,-0.00331796578691074,-0.0498784292449577,-0.0719181019351496,0.0309672573532063,0.0351454629487825
"ALT_B_30_31_vs_40_41",16,0.0163376298183586,-0.0544868366461248,-0.0275153830444157,0.0393832590886087,-0.0754202527956583,0.0385032864419775,0.0374510823975643
"ALT_B_30_31_vs_40_41",17,0.00185173395803734,-0.0195623266838073,0.0122349669228714,-0.0452645715142675,-0.0532530913660867,0.0381865043290102,0.0388773019217636
"ALT_B_30_31_vs_40_41",18,0.0188347519049296,-0.0554866640630316,-0.00382148416226497,0.0181417435900849,-0.083836880428551,0.0634268439338267,0.0668357425948935
"ALT_B_30_31_vs_40_41",19,0.0138927028594733,-0.0408207733282633,-0.0126632092874237,-0.058808178847405,-0.042208753595676,0.0493607823034496,0.0566122066838284
"ALT_B_30_31_vs_40_41",20,-0.0148049708848116,-0.0293986073545911,0.00602125800480299,-0.0513042070798023,-0.00416529489356104,-0.0135056764634844,0.0059153429912932
"ALT_B_30_31_vs_40_41",21,0.0136473358906916,-0.0700936451527054,-0.0182366462994,0.0097687859397817,-0.0545565722422337,0.0119489162608538,0.0165310246154303
"ALT_B_30_31_vs_40_41",22,0.000496977023527488,-0.0136171802389543,0.0677439563823917,-0.0125228058488572,-0.00870065019267041,0.0329127293125553,0.0167839228461719
"ALT_B_30_31_vs_40_41",23,-0.00702462419112834,-0.00457307930596683,-0.00755484673803142,-0.047613637649147,-0.0574120073460751,0.0283756356629478,0.0194477399427793
"ALT_B_30_31_vs_40_41",24,0.020050659277717,0.000745251553193244,0.00398264678824062,-0.0274346494416345,-0.0451302017361228,0.0737296844185994,0.0910158509569156
"ALT_B_30_31_vs_40_41",25,0.00149500128038513,-0.0400486917909659,-0.0257134106032418,-0.040406190879885,-0.0279241516485164,0.0190394287329536,0.0213250621984376
"ALT_B_30_31_vs_40_41",26,-0.0202445148604233,-0.0262240668458422,-0.0563982700925614,0.0262627394891088,-0.0197862885273153,-0.00522918137415064,-0.0222929452706984
"ALT_B_30_31_vs_40_41",27,0.00228687618448082,-0.0638126163916593,0.0178220270282639,0.00132235925261664,-0.0547290362296152,0.0184677456051337,0.000813498080555766
"ALT_B_30_31_vs_40_41",28,0.00396074661709562,-0.00409126273515384,-0.0255516983531811,0.00888254317471271,-0.13380452559643,0.0478890324687992,0.032493308340794
"ALT_B_30_31_vs_40_41",29,0.00688840957868094,-0.0468156830394016,-0.0274771044912494,-0.0446196668874948,-0.0514462833913359,0.0265519856143213,0.0320765515201114
"ALT_B_30_31_vs_40_41",30,-0.0420505072191596,-0.036784241588063,0.00107659966505083,-0.0149557869119694,-0.0407011187983717,-0.0202162627092179,-0.0300700274125682
"ALT_B_30_31_vs_40_41",31,-0.00937829468303233,-0.0292332610848381,-0.0372735473721802,0.00413861969167972,-0.037094016448035,0.0186404961072112,0.0237708435510099
"ALT_B_30_31_vs_40_41",32,0.00286167596174244,-0.0424671738530911,-0.0231502529373637,-0.0440466846167384,-0.132686229473568,-0.0310053004858177,-0.0299735038972082
"ALT_B_30_31_vs_40_41",33,-0.00660254744696783,-0.0763862998747583,-0.00358259474120505,-0.0147111568232705,-0.03200174548017,0.0254459164396325,0.0153815708567823
"ALT_B_30_31_vs_40_41",34,0.00262742608224625,-0.0237174476333075,0.0267912253201998,-0.089367178754941,0.00331203601227642,0.00197064884235301,0.0195937779179822
"ALT_B_30_31_vs_40_41",35,-0.004280987100874,0.0247840117213249,-0.0250903376195431,-0.0309234201530819,-0.0173156331667018,0.0292188801219397,0.0288184266717017
"ALT_B_30_31_vs_40_41",36,-0.0204973112569642,-0.0265535145471203,0.0434788283064932,-0.0111076503378754,-0.0564593161919996,0.0224399016210256,0.0204986991238388
"ALT_B_30_31_vs_40_41",37,-0.0139341548741774,0.000953406511625399,-0.0307702871844184,-0.0199478885590486,-0.0661082412499978,0.0271823881297046,0.0448688093929076
"ALT_B_30_31_vs_40_41",38,-0.0108643860115717,-0.00729570024457017,-0.0194612804254048,-0.0664119542008361,-0.0441592946039348,-0.00577252259599163,-0.00758348078439942
"ALT_B_30_31_vs_40_41",39,-0.0260023669608366,-0.0172562650298917,-0.053564565873851,-0.0282144258003121,-0.0769790908910722,-0.00878741304599222,-0.0178939441906659
"ALT_B_30_31_vs_40_41",40,0.0349515407390698,-0.025875710609138,-0.012090690581911,-0.0134632352690685,-0.0284939403056563,0.0309146624535464,0.0223747962520221
"ALT_B_30_31_vs_40_41",41,0.00196169351999883,-0.0184923301243294,-0.0750509715373435,-0.00751825094236608,-0.121132582936815,0.00279258043449917,-0.0167673783717009
"ALT_B_30_31_vs_40_41",42,-0.015845198473084,-0.0337100050753242,-0.0211665873676845,-0.0454901323546336,-0.091289665251515,0.0382986892922219,0.0297526050450409
"ALT_B_30_31_vs_40_41",43,0.00458113608379878,-0.0265017789071812,-0.0327148807393599,-0.0581755865029973,-0.0263515353028949,0.0262894867312068,0.0143183920463203
"ALT_B_30_31_vs_40_41",44,-0.00423646522164045,-0.0193746849704667,0.0328267355268581,0.00355370261545884,-0.0459795381473802,0.00665694654326386,0.0136025245812095
"ALT_B_30_31_vs_40_41",45,0.0104972395314679,-0.0220763278495637,-0.0199645549582294,-0.0314445731737684,-0.0317544014549767,0.0221102801383438,0.0332817922511769
"ALT_B_30_31_vs_40_41",46,-0.0400788813319335,-0.0578927104634766,-0.0588816459742054,-0.0348484986589579,-0.11352180615322,-0.00956849092362932,-0.0127762047992244
"ALT_B_30_31_vs_40_41",47,-0.0238166465555386,-0.033717558820458,0.00118435474629361,-0.0449609412655828,-0.067305503796126,-0.00544240723681011,-0.00798961940114729
"ALT_B_30_31_vs_40_41",48,-0.00563074692227538,-0.00712249195999791,-0.0492680041641651,-0.0209815583090317,-0.00642892600760647,-0.0224114245855054,-0.0217283953776228
"ALT_B_30_31_vs_40_41",49,0.00364654172560624,-0.0456535080839049,0.0176981818344452,0.026460083157588,-0.0319957406562028,0.0154522753613254,0.0165456729132839
"ALT_B_30_31_vs_40_41",50,-0.00585254558306822,-0.0232155946094685,0.0332035665939789,0.0148893682265302,-0.0992614249266229,0.0195067068906261,0.030083738988548
"ALT_B_30_31_vs_40_41",51,0.0132483268458458,-0.068001001277673,0.00618904895261868,-0.0354675092568597,-0.0851638754580791,0.0330290920808677,0.00701796297974884
"ALT_B_30_31_vs_40_41",52,0.00867373780749152,-0.0351141451237416,-0.00410940446999392,-0.0958969625623537,-0.0569358819931411,0.053483776486334,0.0497523620877659
"ALT_B_30_31_vs_40_41",53,-0.0222121080737921,-0.0137298255388177,0.0291477153520008,-0.0373922557814167,-0.0238160578143842,0.00930784337990155,-0.033139020080118
"ALT_B_30_31_vs_40_41",54,0.00233632495165349,0.00623719340643422,0.00380700404157014,-0.0736753108818265,-0.0244535767871563,0.0419301996305859,0.0386021525470665
"ALT_B_30_31_vs_40_41",55,-0.0224849797300289,-0.017905381521625,-0.0212169757798758,0.0136650598253066,-0.0701142403048244,-0.00682698332872957,0.00227526437430597
"ALT_B_30_31_vs_40_41",56,-0.0293113748484499,-0.080068868765942,-0.0523815941618443,0.00814525904035657,-0.0204754176341452,0.0129064847575218,-0.00263966957936321
"ALT_B_30_31_vs_40_41",57,-0.00443742270022667,-0.0409147078629622,0.00107156775578496,-0.00475543398580744,-0.0703714476310975,-0.000655078954975553,-0.00507035161490888
"ALT_B_30_31_vs_40_41",58,-0.0102509811790722,-0.0329919294099292,-0.0290868275242664,-0.0354521222144862,-0.0291650274282934,-0.0113337257188265,-0.00475884867023962
"ALT_B_30_31_vs_40_41",59,0.00400964137208461,-0.0433706880145817,0.0176390886621991,-0.0288483182895533,-0.0485300270953211,0.0164585779972839,0.0206233669618243
"ALT_B_30_31_vs_40_41",60,-0.0257730730790714,-0.0431713602928313,-0.0399413045657051,0.0295757086140875,-0.0657856680483227,0.0439304320607083,0.0659818115630248
"ALT_B_30_31_vs_40_41",61,-0.00737898696901781,-0.0478850161081068,0.0114679953468079,-0.0658658171733127,0.00436895703585322,0.0393732982513659,0.0389680563635108
"ALT_B_30_31_vs_40_41",62,-0.0296691078923124,-0.0255059674502049,-0.00413073508443013,0.00851935512512225,-0.0602384350922391,-0.00571644260636063,-0.0124344219824623
"ALT_B_30_31_vs_40_41",63,0.00759165826855206,-0.0382534481746745,0.015831910600737,-0.0606004592990301,-0.0528926424987785,0.0528229963674275,0.0591265799509259
"ALT_B_30_31_vs_40_41",64,-0.0418619965067516,-0.00650078991491139,-0.0381845298282911,0.00498151378781775,-0.00541095022906368,0.00943539375324096,0.0136925621426467
"ALT_B_30_31_vs_40_41",65,0.0166453549964259,-0.0334409947961792,-0.0214450002778899,-0.0197655309521103,-0.088512095170815,0.0460177520806301,0.0814541310261049
"ALT_B_30_31_vs_40_41",66,-0.0298034412764197,-0.0232655220995574,-0.000836603384252593,-0.0179200547026908,-0.0682165880551048,0.00289344818270471,0.012635495063443
"ALT_B_30_31_vs_40_41",67,0.00146476719159488,-0.0381121943415299,-0.0119216793046685,-0.0364209468679513,-0.0369443923083155,0.00841496155836173,0.0528539517121178
"ALT_B_30_31_vs_40_41",68,-0.0235484802169383,-0.0449537969047133,-0.00380106373656074,-0.0429479269966013,-0.021894887417884,-0.00042439522520428,-0.0082810191180198
"ALT_B_30_31_vs_40_41",69,0.0110137253068537,-0.0170542758410641,0.0226432222031903,0.0150604969262813,-0.0978679415562882,0.0359558507263587,0.0375081923109299
"ALT_B_30_31_vs_40_41",70,0.00159914743380719,-0.0280264858974579,-0.0346260947558863,-0.0151473307775332,0.0214076895695863,0.0222812353424245,0.0205954391366474
"ALT_B_30_31_vs_40_41",71,-0.0463756176106801,-0.0425594382946975,0.0125021438503939,0.00510578802364592,-0.0406296704283416,0.0138653076593818,0.00703277605600388
"ALT_B_30_31_vs_40_41",72,0.0320792865012272,-0.00412992424948763,-0.00527359945157188,-0.0603410295089218,-0.0111984214013633,0.0581914712420468,0.0841054905752538
"ALT_B_30_31_vs_40_41",73,-0.02823342596463,-0.0878254234811036,-0.0230004480679968,-0.0224918176473319,-0.0238266785080015,-0.000624140243481446,0.00357162295792491
"ALT_B_30_31_vs_40_41",74,-0.0103432832857775,-0.00408392280610312,0.00232255574054852,-0.0204818343555384,-0.0717851949587134,0.0136002054612853,0.0143813862167782
"ALT_B_30_31_vs_40_41",75,-0.00194008405196287,-0.0413315080272284,-0.0523336360717628,0.0417200247081579,-0.065353723762884,-0.00674853166100327,-0.00687961887225906
"ALT_B_30_31_vs_40_41",76,0.0231270091692796,-0.0595285799761798,0.0196752815759487,-0.049663675025449,-0.0945722883362257,0.0305127083942837,0.0415470360922013
"ALT_B_30_31_vs_40_41",77,-0.0182098210948054,-0.0421273329210331,0.0015355926264041,-0.0313602185487797,-0.0917072968013505,-0.0114920930468643,-0.0103968587948029
"ALT_B_30_31_vs_40_41",78,0.00966816365398848,-0.0167367837549419,-0.00995330969235936,-0.068734472625105,-0.0102629496234256,0.0231495799309356,0.0226643080451965
"ALT_B_30_31_vs_40_41",79,-0.037751632008705,-0.00100741252956657,0.0228095767371813,-0.0514742257055331,0.00529210033291566,0.015688307726291,0.00802789528607216
"ALT_B_30_31_vs_40_41",80,0.00402315534577269,-0.0194127360295323,0.0305470182019767,-0.038105340920087,-0.0997115206818226,0.0358018907349826,0.0303732556467351
"ALT_B_30_31_vs_40_41",81,-0.0201664742802982,-0.0631434378479072,-0.029007536019068,-0.0300482453757238,-0.0241483860498616,0.00449577679296147,-0.0179608803966041
"ALT_B_30_31_vs_40_41",82,0.00638241715519257,-0.0433553676830054,-0.0175916815645555,-0.0407480014405513,-0.00711722880323484,-0.0127798208646477,-0.00399933649296659
"ALT_B_30_31_vs_40_41",83,-0.00477024101412803,-0.0670394056378274,-0.00958167225784748,-0.0513625702620695,-0.0360700781091281,0.00843589884349603,0.000936881456887209
"ALT_B_30_31_vs_40_41",84,0.0183142974097464,-0.0484856903082759,-0.0270039026293646,-0.02688298475795,-0.0938607718335162,0.0230239151961729,0.0265898029830809
"ALT_B_30_31_vs_40_41",85,0.00648004256081666,-0.0376533155063602,0.0426084138063179,-0.033782803808012,-0.0523742755598205,0.00804431532437858,-0.0179382334718477
"ALT_B_30_31_vs_40_41",86,1.98136632987914e-05,-0.0179617211482283,-0.0624629134311584,-0.00155963897073311,-0.0473552095531212,0.0205959392496272,0.00679679921363769
"ALT_B_30_31_vs_40_41",87,-0.0105825353484768,-0.0434349587704486,-0.0411790419188531,-0.0209729029160032,-0.0506367509135967,0.0052363188452389,-0.0234313736495709
"ALT_B_30_31_vs_40_41",88,-0.0062942349169018,-0.0490250923516812,0.0119594335092474,-0.0182990732483544,-0.0722616572615518,0.0112782832415603,0.000924841442625307
"ALT_B_30_31_vs_40_41",89,0.0202329232866404,-0.0278931658284219,-0.0398206401564682,-0.0419520819670839,-0.0480074353872172,-0.00123553677510291,0.0156402194821711
"ALT_B_30_31_vs_40_41",90,0.00547284517852471,-0.00516503342089647,-0.0137231619182989,-0.0519429390263117,-0.0571915447854695,0.0231264502142985,0.0343891134682453
"ALT_B_30_31_vs_40_41",91,0.00262197759914337,-0.0130637495052896,0.0201102709315648,-0.0459527313686252,0.0412685654766943,0.0405350452079466,0.0551799738033786
"ALT_B_30_31_vs_40_41",92,0.000385052583986037,0.00475024728733456,-0.0110190436362571,-0.0418497884300163,-0.0799614401804372,-0.00996863434181261,0.0263230268429969
"ALT_B_30_31_vs_40_41",93,-0.00919374685256261,-0.00681698043267254,-0.031826649337055,-0.0172021183863848,-0.0382097033558673,-0.00130580275624397,0.00889997517571226
"ALT_B_30_31_vs_40_41",94,-0.000229046370809366,0.0472940938876392,0.00285758625940527,-0.0257132786643578,0.00597983295434196,0.00777753702455511,0.00461941944927654
"ALT_B_30_31_vs_40_41",95,-0.00243180012190169,-0.0557927967935956,0.0103839730892834,-0.0163635917725828,-0.0123873355018321,0.052045725127213,0.0281421467821848
"ALT_B_30_31_vs_40_41",96,-0.0151509668894422,-0.0190161655660287,0.00485650317788902,-0.0111644741980668,-0.111191392187613,0.0399661589704593,0.0193588889859552
"ALT_B_30_31_vs_40_41",97,0.00365074047888656,-0.0405008980242032,-0.0424802084565941,0.00996774040366577,0.01212385747509,-0.0235995358470561,-0.0158963004141643
"ALT_B_30_31_vs_40_41",98,-0.0191736457606802,0.0110618182065564,-0.00518205056778057,-0.00890274588511816,0.0470002837194859,0.000634242678682909,0.00120972451225411
"ALT_B_30_31_vs_40_41",99,0.0131486416826661,-0.061522442285574,-0.0169402788878163,0.014166429238885,-0.0337991812101051,0.0323477011930879,0.0456979934931812
"ALT_B_30_31_vs_40_41",100,-0.0015546816540022,-0.014226074280316,-0.044925093286868,-0.0270225406101584,-0.0165682486346092,0.00714675828711113,0.00327608032342341
"ALT_B_30_31_vs_40_41",101,-0.00152484737617574,-0.061443803481283,-0.0227796989352076,-0.0389308190020107,-0.101446859163668,-0.00073182100840527,0.00442858112316853
"ALT_B_30_31_vs_40_41",102,-0.0151774368051898,-0.0153649060432723,-0.046127492278412,-0.00249896970025154,-0.0510971360714652,0.0162333522481617,-0.00704206119924586
"ALT_B_30_31_vs_40_41",103,-0.0444370374017759,-0.0350093060374976,-0.0180860867123441,-0.00830997298351258,-0.0376660987268558,0.014186914825056,0.0246745637095685
"ALT_B_30_31_vs_40_41",104,-0.0132081265275999,-0.00746506357160717,-0.0280012535355465,0.00254638417725397,-0.0402886557560679,-0.0177049492363689,-0.0101341232324872
"ALT_B_30_31_vs_40_41",105,0.0271474381195722,-0.0889510042752632,-0.0587317977002923,-0.016533575420479,-0.0553455018317509,0.0287356327959677,0.0192621919377577
"ALT_B_30_31_vs_40_41",106,-0.0148049036747864,-0.0328941335774486,-0.0160862456520494,-0.0776258390975796,-0.039299590482899,-0.0265309100064074,-0.0261985519486778
"ALT_B_30_31_vs_40_41",107,0.00489115913017098,-0.0267249626205879,-0.0286327846801449,0.0314359484432003,-0.0520472696289202,0.0257714094772313,0.0292339358895767
"ALT_B_30_31_vs_40_41",108,0.017428399466633,-0.0539307649188996,0.0156726305686428,-0.0015593594975287,0.0168836018872434,0.0221868765675313,0.0230537078328684
"ALT_B_30_31_vs_40_41",109,-0.0299841293291079,-0.0479248681625577,-0.0332123969715085,-0.0456587085176928,-0.0295127793743432,0.016281430484432,-0.0224839926178825
"ALT_B_30_31_vs_40_41",110,-0.000451184009518324,-0.0413019362649535,0.00334014091682677,-0.0313223247173518,-0.0270388656103114,0.0370653681255345,0.0377558403286678
"ALT_B_30_31_vs_40_41",111,0.0110724513295828,-0.0849706102562612,-0.0144070252248307,-0.0297668110386527,0.00599963743197623,0.0214524511602317,0.0219401325852339
"ALT_B_30_31_vs_40_41",112,0.00943144173745609,-0.0881426399836827,-0.0472200252134922,-0.0163019267057711,-0.0930653299460129,0.0514181892730508,0.0352875328540168
"ALT_B_30_31_vs_40_41",113,-0.0023315179829808,-0.0519741330859023,0.00334276174410722,-0.00583108005665964,-0.0352026239882465,0.00178905766143433,0.00385989410656478
"ALT_B_30_31_vs_40_41",114,-0.0277775339373128,-0.00564283045906047,0.00422492344686008,-0.0368121976680734,0.0302199967956418,-0.00832694223365932,-0.0105158149728007
"ALT_B_30_31_vs_40_41",115,0.0045238985336532,-0.0257552498003218,-0.0355021354745693,0.00328456940365657,-0.00369271718866748,0.0362887538903112,0.0328771446411646
"ALT_B_30_31_vs_40_41",116,-0.0285896187390118,-0.0581278407508404,-0.0204141652366777,-0.0345261592565653,-0.0721443700827502,-0.0284644887181781,-0.0417380692321061
"ALT_B_30_31_vs_40_41",117,-0.00175691004660854,-0.116079011050121,-1.64251797762915e-06,-0.0263232018574312,-0.103005963914712,-0.00641225227861596,0.0215627028514541
"ALT_B_30_31_vs_40_41",118,-0.0130590715037953,-0.0156868102904689,-0.0125052699629212,-0.00873856756212502,-0.0193249495500494,0.00908946442842475,0.0117814278423202
"ALT_B_30_31_vs_40_41",119,-0.0123482321849323,-0.0518585904113815,0.0217913123562871,-0.0644030505688071,-0.115875393394125,-0.000671979067483404,-0.00258715517669423
"ALT_B_30_31_vs_40_41",120,-0.0292406716466022,-0.00948748658534895,-0.0334951155317321,-0.0065209441613033,-0.0324845251835265,-0.0158947053298915,0.00551515970776307
"ALT_B_30_31_vs_40_41",121,-0.0115717246218867,-0.0531367741969108,-0.00932923771998917,-0.049654797613431,-0.048385567203827,-0.0146407385330539,-0.0140662209699455
"ALT_B_30_31_vs_40_41",122,0.00778821823819048,-0.0496962476101614,-0.0144187371645958,-0.0419796011005751,-0.0634268537320753,0.0547117940261428,0.0607521993358794
"ALT_B_30_31_vs_40_41",123,-0.00733953731154603,-0.00466645249815906,-0.0431356665866799,-0.0294588430049569,-0.0859966857962722,0.0085691412870755,0.0013925332301431
"ALT_B_30_31_vs_40_41",124,0.00028990837184556,-0.0141650056944567,-0.00167979609468305,-0.0138914826216348,-0.0718511297539229,0.0438552952001322,0.0385632126014477
"ALT_B_30_31_vs_40_41",125,-0.0223116513682702,-0.0685899831923567,0.0299158102086699,-0.00597927639286358,-0.0817288897625549,-0.000645887016634025,-0.00400856251801973
"ALT_B_30_31_vs_40_41",126,-0.00795818577139418,-0.0776360981986883,-0.00347311916730111,0.00111036684910448,-0.0656874344170436,-0.0249975958133875,-0.0252231195381163
"ALT_B_30_31_vs_40_41",127,0.00590690457381614,-0.0153522446507401,-0.00672540760427817,0.0114514863218745,-0.0132917398246957,0.0118277994193174,0.00434216187567046
"ALT_B_30_31_vs_40_41",128,-0.0233491292212215,-0.0195196815670975,-0.0206195018290554,-0.00520074902031895,-0.0848967042370631,-0.0246795878866624,-0.0222709081385906
"ALT_B_30_31_vs_40_41",129,-0.00607384475862773,-0.0691281663908303,0.0195851815008627,0.000728622174212129,-0.0166163153366596,0.000240110236982144,-0.00540563988401382
"ALT_B_30_31_vs_40_41",130,0.00944159732303492,-0.033204523060587,-0.00631632527260262,0.00773418457499986,-0.0335628447916612,0.0460562942538663,0.0345740796319414
"ALT_B_30_31_vs_40_41",131,-0.00828091234318633,-0.0693557143242829,-0.0456991730564704,-0.00891540579330763,-0.0104780981410009,0.00934325771505084,0.0247268256429699
"ALT_B_30_31_vs_40_41",132,-0.0126023324138836,-0.00558443944538738,-0.0170893550375875,-0.0284837823059738,-0.0304787771431965,0.0213481310956356,-0.00127055950859163
"ALT_B_30_31_vs_40_41",133,-0.00478591540606824,-0.00087855296124488,-0.0299278457669063,-0.0437249920430838,-0.00648256670810232,0.00313225097082244,0.0215213949065874
"ALT_B_30_31_vs_40_41",134,-0.0595359220331537,0.00748158575014045,-0.0303505113637682,-0.00129595071662814,-0.0235995343333013,-0.0550206321025517,-0.0320814824004824
"ALT_B_30_31_vs_40_41",135,-0.0283242523569633,-0.0434511204912647,-0.0157890112296226,-0.00440036738176633,-0.0906560413760343,-0.0209065882342022,-0.0250852308246564
"ALT_B_30_31_vs_40_41",136,-0.0260273185802116,-0.0313932616050974,-0.0331609282326785,-0.000355240627382652,-0.0208715954613664,0.0280853965262828,0.0426620601064964
"ALT_B_30_31_vs_40_41",137,0.039367256652391,-0.0521598103371579,-0.0359737282528877,-0.00341489575017245,-0.0855812967708793,0.039217321787803,0.0463199412972409
"ALT_B_30_31_vs_40_41",138,-0.0156180502997816,-0.045269190994156,-0.0227435515885357,0.00102794164262729,-0.0157682945137854,0.0151286580843661,0.00476904629538969
"ALT_B_30_31_vs_40_41",139,-0.0243874710718423,-0.00699539965531588,0.00553465241028295,-0.0644777311222575,0.0399584971849699,-0.00640990014541665,-0.00293918585359754
"ALT_B_30_31_vs_40_41",140,0.00325444792891053,-0.0544456953835054,-0.00930729929644006,0.00774236828743272,-0.0968352356604094,0.0104062264680883,5.48111225395359e-05
"ALT_B_30_31_vs_40_41",141,-0.0121409769993627,0.00366672560899238,0.0292280592734618,0.0142440351689344,-0.0278938573120091,0.0374565846210998,0.00914055951022877
"ALT_B_30_31_vs_40_41",142,-0.0158451684769497,-0.0493284535329711,-0.0291351600627887,0.0248630148725391,-0.0443172252005765,0.012202174801134,0.0106892394129267
"ALT_B_30_31_vs_40_41",143,-0.0181163102642575,-0.0448398021387789,0.0103101091704342,-0.0359224317014346,-0.0384641424836625,0.0139862315307375,-0.00622723750513481
"ALT_B_30_31_vs_40_41",144,0.0142986418033787,-0.0150587263674817,-0.00208142324680555,-0.00152722072597131,-0.0759807461595828,0.0476222008391238,0.0521020433558188
"ALT_B_30_31_vs_40_41",145,-0.00344225046550539,-0.0544539765116293,-0.0261609227355325,-0.0210622848389898,-0.106413893535666,0.0223217662383885,0.028353774663098
"ALT_B_30_31_vs_40_41",146,0.0258481380342459,-0.0506237009158871,-0.00736381141666176,-0.0427045292848569,-0.029454661536254,0.0398036695187438,0.0569255599502735
"ALT_B_30_31_vs_40_41",147,0.031863220485509,-0.0136079913573265,-0.038742708226166,-0.0338981776707991,-0.0191233691542333,0.0608716906228458,0.027839957680948
"ALT_B_30_31_vs_40_41",148,0.0133106564146549,-0.0225860684278039,-0.0583170658492507,-0.0192920757644408,-0.0338796299444158,0.0335658687827286,0.0243896845060968
"ALT_B_30_31_vs_40_41",149,-0.0124431524959915,-0.0523913546722217,0.0130787071838871,-0.0653543493093766,-0.0359014069514432,-0.00921055434446369,-0.0148388074435055
"ALT_B_30_31_vs_40_41",150,-0.0216393339747751,-0.0247613606265506,-0.0183992792920481,-0.000839455550346341,-0.0256602941690575,0.0215728292265025,0.0287976744221583
"ALT_B_30_31_vs_40_41",151,-0.00466222243268516,-0.0707329602314603,-0.0327463942338451,0.00570346015405093,-0.0998980569512407,-0.0186426180427323,0.00784733254016547
"ALT_B_30_31_vs_40_41",152,-0.000799511818539045,-0.0275333852032228,-0.0139166033315263,-0.00609986769754034,0.00780523290734092,0.0191494529385245,0.020279314052417
"ALT_B_30_31_vs_40_41",153,0.0140519697802267,-0.0637566434670872,-0.0268242723192641,-0.00869354712073572,-0.0307493241724566,0.0575147669114853,0.0566962518529978
"ALT_B_30_31_vs_40_41",154,-0.00301209071065506,-0.040746254613098,0.0144873050186429,-0.0589002949236074,0.0139339543327515,-0.0118304279513975,-0.00189919994425157
"ALT_B_30_31_vs_40_41",155,-0.00615433418913217,-0.0220836613491573,0.0258059451785684,-0.121367770169041,-0.00310558658308041,0.00506009850237731,-0.00395673662524841
"ALT_B_30_31_vs_40_41",156,-0.0531591743118007,-0.0131351177484199,-0.0447005852590695,-0.0129028118455786,-0.00350126509410975,-0.0299385630803177,-0.0287329136091048
"ALT_B_30_31_vs_40_41",157,0.00517679220146788,0.00144342167174935,0.00715539005739227,0.00549252160131575,-0.0430620825015267,0.0316598116249916,0.0303493826264429
"ALT_B_30_31_vs_40_41",158,-0.0288705349119883,0.0130837579323452,0.0017085662671005,-0.0751288562641773,-0.075388564440066,-0.0120151598039614,-0.0169976455338534
"ALT_B_30_31_vs_40_41",159,-0.0120458825242151,-0.000432188664151595,0.0296283310982949,-0.037731716495267,-0.0407933935407684,0.00147721786374209,0.0125383043574722
"ALT_B_30_31_vs_40_41",160,-0.0366209646102528,-0.0758064280544559,0.0150553250954515,-0.0172052211310133,-0.0536884593631012,0.0215034939965098,0.0160491474023288
"ALT_B_30_31_vs_40_41",161,-0.0216989533702631,-0.00827297240084084,0.0273162541498678,-0.0396133347622717,-0.0645388339988254,0.0110326576797102,0.00397123901762026
"ALT_B_30_31_vs_40_41",162,0.00409806169066326,-0.0432849621759194,-0.0216827330303444,-0.00404740740188408,-0.0823931880155324,0.0145230733345372,0.00472061997842256
"ALT_B_30_31_vs_40_41",163,-0.0290387632258871,-0.066075470177975,-0.0106723959918779,-0.0705316094232353,-0.0444703658867543,-0.0268500572229211,-0.0246707721023927
"ALT_B_30_31_vs_40_41",164,-0.00407868317654553,-0.00807383522793782,-0.0279378175790097,-0.021223046894168,-0.0517102080265964,0.0360922332439571,0.0553838663114565
"ALT_B_30_31_vs_40_41",165,-0.00978031567177709,0.010712354171316,-0.012296415542388,-0.00411207973110264,-0.049220403699312,-0.0242551974654006,-0.00238610789459141
"ALT_B_30_31_vs_40_41",166,0.0191336897566426,-0.0557474603352327,0.0127076908462518,-0.0269833845792236,0.00325834607335279,0.00934599929238752,0.0132083087381831
"ALT_B_30_31_vs_40_41",167,0.00820267227453823,-0.032286856210552,-0.0429852014716262,-0.0310588607508715,-0.0122783161760899,0.0508305491106877,0.0649880633410512
"ALT_B_30_31_vs_40_41",168,-0.0110137609190592,-0.082277164247316,-0.0169467966266483,-0.0265703437173835,-0.0190447496010098,0.0130079403451937,0.00970242545978597
"ALT_B_30_31_vs_40_41",169,0.0101698481374235,-0.0223192600924693,-0.0311985210629696,-0.0312156881184875,-0.0446039505072265,0.0486549013451297,0.0313698202050202
"ALT_B_30_31_vs_40_41",170,-0.0344666716386239,0.022727633658935,-0.0114365210861266,0.0228539675635678,-0.0400909475863493,-0.0164659360707755,-0.0214385678321474
"ALT_B_30_31_vs_40_41",171,0.0140262684114512,-0.0389456364741861,-0.0320132746022335,0.0149599359810742,-0.0248058150680444,0.0478591315318807,0.0649938963027034
"ALT_B_30_31_vs_40_41",172,-0.00341139053674158,-0.0139410150407446,0.0262128243714872,-0.065019958383306,-0.00708194562987025,0.0450199547037995,0.0654750449042965
"ALT_B_30_31_vs_40_41",173,-0.0355192960763892,-0.0222096551839225,-0.057756331813462,-0.0443108464232281,-0.0416853984351922,-0.0032551076682279,-0.0146051329299227
"ALT_B_30_31_vs_40_41",174,-0.0251658662331911,-0.0508075663545675,-0.00113892518359765,-0.0136792971973802,-0.0655866958680647,0.00429646993491286,-0.00339870336013828
"ALT_B_30_31_vs_40_41",175,0.00646626300534169,0.0182343995356158,0.0316261054249461,-0.0699491992979588,-0.0626192617898475,0.0371157844460073,0.0423576327852885
"ALT_B_30_31_vs_40_41",176,0.0164027619350052,-0.00222996634340526,-0.030424199274782,-0.0459819550067943,-0.0233826713272597,0.0308250059986789,0.0283836687249355
"ALT_B_30_31_vs_40_41",177,-8.59473258923021e-05,-0.0386186798916847,0.0420676524779494,-0.0378335979795381,-0.0832045018120144,0.0179203421521544,0.0569912352640838
"ALT_B_30_31_vs_40_41",178,0.000595239419044061,-0.0756408055031456,0.0196612999993929,-0.0310874491289767,-0.041843233013351,0.0309911144702491,0.0383183136899627
"ALT_B_30_31_vs_40_41",179,0.000149786260414529,-0.0428236802755594,-0.0493621408874099,-0.0286089078415303,-0.0774570945387634,0.0134494433368905,0.0221847787341223
"ALT_B_30_31_vs_40_41",180,0.00480336785361041,-0.0293242438552731,-0.022902383821493,-0.0422453889960898,-0.0853818006010117,0.0384259945588639,0.0383387548444952
"ALT_B_30_31_vs_40_41",181,0.017986742205106,-0.0116462179111552,0.00211016819523543,-0.00345266437531541,-0.0994108821325932,0.0209142506121847,0.028571143646593
"ALT_B_30_31_vs_40_41",182,0.00147347389780093,-0.0385984280971981,0.0094495003358999,-0.0201966304315714,-0.0556758874392068,0.00502866407008538,-0.00301469054063621
"ALT_B_30_31_vs_40_41",183,0.00881459007417319,-0.0249515351841148,-0.0547993649505838,-0.0274931028192742,-0.0407432803433043,0.000226000697196443,0.00653194659414987
"ALT_B_30_31_vs_40_41",184,-0.0221280453607136,-0.0171695337071185,-0.0157072777512416,-0.0466627645775591,-0.0346102891567321,-0.00162154208952721,0.031487068359762
"ALT_B_30_31_vs_40_41",185,0.0021553674358164,-0.0498615717261816,-0.00672128235044683,-0.0249178533892438,-0.0315486716661326,0.00717652686068042,0.0151935029164888
"ALT_B_30_31_vs_40_41",186,9.10054449268158e-05,-0.0517759145911112,0.00856615640942551,-0.00426190492107903,-0.060774022858068,0.0246261083249159,0.0132015743221219
"ALT_B_30_31_vs_40_41",187,-0.00700438405114458,-0.0296628653266405,-0.0865012753035164,-0.0930638591253686,-0.0374878402768497,-0.00337324888141545,0.00362803273247877
"ALT_B_30_31_vs_40_41",188,-0.00179848321713859,-0.0397465139971953,0.000210941219615762,-0.0272208690641212,-0.00488822917036047,0.0502847775591088,0.0194690143129893
"ALT_B_30_31_vs_40_41",189,-0.0446650211053058,-0.031336283224779,-0.0490282814475854,0.00803910770753599,-0.0395814250529615,-0.0317435658664393,0.00638468835226055
"ALT_B_30_31_vs_40_41",190,-0.0122993275542975,-0.0110175708232532,-0.0166863986030865,-0.00718858072984382,-0.0845808831296975,0.0174671460364834,0.0276049982983998
"ALT_B_30_31_vs_40_41",191,-0.0140732251030002,-0.0447364435284906,-0.00603159459564434,-0.0555538710618377,-0.0177912530570051,0.0123041962205074,0.00971375293105285
"ALT_B_30_31_vs_40_41",192,0.00480797042231997,-0.0508490628806691,-0.0136840958258886,-0.0717641030027762,-0.0368824457382,0.0120906459401934,0.00206153407299058
"ALT_B_30_31_vs_40_41",193,-0.0043624206170792,-0.022395668442122,0.0135745992162327,-0.0380910994500192,-0.00523589246384282,0.0318256187219548,0.0374485456645264
"ALT_B_30_31_vs_40_41",194,-0.0118238235972697,0.00690588204373187,-0.0529144045570971,-0.0462197557368865,-0.00617724781028944,0.000776080509845949,0.00790140103078989
"ALT_B_30_31_vs_40_41",195,-0.00118312779640793,-0.0205087359859927,-0.00316453625461222,0.020294011791644,-0.115135778710841,0.0277386907355885,0.00869188985242351
"ALT_B_30_31_vs_40_41",196,0.00703854005824584,-0.0245284121592354,-0.0136584674156947,-0.0258159224097363,-0.00703062348474792,0.0435440778805628,0.0274359636582432
"ALT_B_30_31_vs_40_41",197,0.0185411989606584,-0.0297162694071674,-0.00543679535236016,-0.0410648559283263,-0.0805717710918635,0.0256000062874386,0.0314287272559655
"ALT_B_30_31_vs_40_41",198,-0.0153681596157197,-0.0361673506600598,-0.0194573637560884,0.0306964877343001,-0.0410425901292018,0.0193134378458682,0.0349864364668669
"ALT_B_30_31_vs_40_41",199,0.0118772757056174,-0.0446216683739661,-0.0158191926588863,-0.0340624482003322,-0.0225259662588327,0.0108365638505267,0.0237825577863279
"ALT_B_30_31_vs_40_41",200,-0.0191869507632488,-0.0153024036519612,-0.0152982620936051,-0.0377808269172294,-0.0823711845071012,-0.00854304613504937,-0.0154186985450931
"ALT_B_30_31_vs_40_41",201,-0.0204669792916677,-0.029044617718567,0.00769522098545468,-0.0906265855363534,0.0216120252811705,0.0377906154751944,0.0430335850616864
"ALT_B_30_31_vs_40_41",202,-0.00980059146960025,-0.048106528746562,-0.0257671291933601,-0.073645320917477,-0.0547740725259861,0.0200813312277733,0.0201495499619117
"ALT_B_30_31_vs_40_41",203,-0.00469662659907403,-0.0393547943518976,-0.00510115278964343,-0.0517365992928256,-0.0303167957427323,0.0170870332748905,0.0165732403654147
"ALT_B_30_31_vs_40_41",204,0.0246053668656568,-0.0461720913758264,-0.00776650108327209,-0.0484589065352188,-0.0102403926367947,0.0293006465679448,0.0102590135675661
"ALT_B_30_31_vs_40_41",205,-0.000780783458100107,0.0199397700360736,-0.0431630052496047,-0.00506942259017837,-0.0353705541428766,0.0545977458250207,0.0192352558855766
"ALT_B_30_31_vs_40_41",206,0.0211794613094859,-0.0401944975475909,-0.0032843474217186,0.01944819136064,-0.009888708608145,0.0571114340705288,0.0297376874152966
"ALT_B_30_31_vs_40_41",207,0.0088959118969314,-0.0462701025625172,-0.00460026470899866,-0.000357522306986297,-0.0542392047508389,0.00898502513359006,-0.00269210294254871
"ALT_B_30_31_vs_40_41",208,0.0160828187648467,-0.0410868579248489,0.01065786513082,-0.0654716894291997,-0.0251906672611403,0.0100826443656134,0.00734325306765145
"ALT_B_30_31_vs_40_41",209,-0.00664498444904715,-0.0151320404250051,-0.0478025858265103,-0.029014174821828,-0.111200554982553,0.00430308350027855,0.00477720292360607
"ALT_B_30_31_vs_40_41",210,0.00871795371086589,-0.0577195174449289,0.0211878285542662,-0.0328769164995102,-0.0514113328706859,0.0185518608878169,0.0221462719610938
"ALT_B_30_31_vs_40_41",211,-0.0204866008750054,-0.0588337098972797,-0.0116580296379184,-0.0200439909106581,-0.0139396050337837,-0.00673496019185393,-0.0118254511358928
"ALT_B_30_31_vs_40_41",212,-0.010413329612025,-0.0470208248405728,-0.0121221326143092,0.0157060658957314,-0.031981089539123,0.0127358047490324,0.0158757504823236
"ALT_B_30_31_vs_40_41",213,-0.00937727743449647,-0.0838328677382152,-0.0110894921531471,-0.00246008151273183,-0.0371359380465254,0.00785624131319029,-0.0171820774795165
"ALT_B_30_31_vs_40_41",214,-0.0454221393462646,0.020744871678654,-0.0554028238091808,-0.0300008315977472,-0.0567135159748515,-0.0294834995930073,-0.0188782659897928
"ALT_B_30_31_vs_40_41",215,-0.020688773645275,-0.027338895185578,0.0010972471480703,-0.0169275497597843,-0.0298578602396267,0.0275263697941711,0.0280794773418622
"ALT_B_30_31_vs_40_41",216,0.0196412844615484,-0.0173502582954872,0.0216691597715328,-0.0359524306382553,-0.052281549223707,0.0476734095723557,0.0484911798668043
"ALT_B_30_31_vs_40_41",217,-0.00509774415336436,-0.0469458269435438,-0.0424621674361951,0.0218773967593417,-0.0606737887555515,0.0285740712838227,0.0288897239947021
"ALT_B_30_31_vs_40_41",218,0.0168315435020388,-0.0217309404481399,-0.0298845517022925,-0.0594665236859791,-0.00866084183516203,0.0555725876475888,0.0291014524687595
"ALT_B_30_31_vs_40_41",219,0.00178177422083979,-0.0258163612684479,0.00631332678451808,-0.0771966174983566,-0.0117873128023106,0.00823884424410185,0.00362900671664111
"ALT_B_30_31_vs_40_41",220,0.0236912532611704,-0.0272916747067126,-0.00396137658282564,0.00118832127630425,-0.0815640707065547,0.0708352651560288,0.092551583269105
"ALT_B_30_31_vs_40_41",221,-0.0204141590645274,-0.0417640899470454,-0.0360716174101074,0.0725879279100407,-0.0492826104871463,-0.0118104463023763,-0.0112453715264782
"ALT_B_30_31_vs_40_41",222,-0.0210996859084634,-0.0159848917245179,-0.00935719090319742,-0.0386412321233627,-0.0772112518323954,-0.00201635351963689,0.00496686131875571
"ALT_B_30_31_vs_40_41",223,0.0155024791603027,-0.0545960751408243,0.000200896876756423,-0.0133530812889192,-0.0444924587947271,0.0142422749789076,-0.00064453668781117
"ALT_B_30_31_vs_40_41",224,-0.0194320609523132,-0.0541051588451122,-0.0337457109680765,0.0682665769947131,-0.0568583659094574,-0.0166267500609931,-0.00974003643258338
"ALT_B_30_31_vs_40_41",225,-0.00896529185795555,-0.030549075357362,-0.0263774769970677,-0.0452668071187144,-0.0086095836537855,-0.00613758018445026,-0.00400746997538982
"ALT_B_30_31_vs_40_41",226,-0.0176356856388015,-0.0377337558325481,-0.0162835760385493,-0.0335147945313176,-0.0649411922915913,-0.0254820666929932,-0.0290259027805235
"ALT_B_30_31_vs_40_41",227,0.0118694253844608,0.00536040962133549,-0.000653075613886139,-0.0255081622440486,-0.0434702701341183,0.010758193444152,0.0115915734859789
"ALT_B_30_31_vs_40_41",228,-0.0106003112167396,0.0183363196761237,-0.0233751578578135,0.0330478864682797,-0.0887052880187166,-0.000458310454853041,0.0234073288604061
"ALT_B_30_31_vs_40_41",229,-0.0145564243709029,-0.0366719724035951,0.0246577654020384,-0.0810604761400031,-0.0116190658219728,-0.00045998754092428,-0.0100322524386975
"ALT_B_30_31_vs_40_41",230,-0.0123251543602234,-0.0189709792788354,-0.0598194220617387,-0.00458043497683105,-0.048393861400976,0.00431494167073656,0.0090812691243137
"ALT_B_30_31_vs_40_41",231,-0.0131605677164863,-0.0204928069426828,-0.0484232448189104,-0.0200301889933398,-0.0128897937222078,-0.00733819228686167,-0.0334391425071696
"ALT_B_30_31_vs_40_41",232,-0.0242074835765237,-0.0264224127411214,0.0149808004503171,-0.000379229138240927,-0.137573549017932,0.0261377548211639,0.00455050849746667
"ALT_B_30_31_vs_40_41",233,0.00465233939245487,-0.0366959977174869,-0.0264663301292877,-0.0703141349824372,-0.0598548637767847,0.0157834238658356,0.0623000857144329
"ALT_B_30_31_vs_40_41",234,-0.024206892701668,0.00399383527095044,-0.00110633263987736,-0.028074111121006,-0.0469989338525296,-0.00722532020338001,0.0472357506783863
"ALT_B_30_31_vs_40_41",235,0.00989304832494008,-0.0328471496142538,0.0368622623825384,-0.0178796182806093,-0.0297257997099868,0.0324604871906014,0.0355376989240744
"ALT_B_30_31_vs_40_41",236,-0.0326587884030314,-0.0264487081735035,0.00549778635015499,0.00316763897921846,-0.0879532078456404,0.0386641002796372,0.0558579241736359
"ALT_B_30_31_vs_40_41",237,-0.0032201474445506,-0.026020617949584,-0.0173988181525354,-0.00107552462490271,-0.0353241744350455,0.00502538963560593,-0.00324143131259975
"ALT_B_30_31_vs_40_41",238,-0.00338594107299446,-0.0494865016905483,0.0189291095846698,-0.00365391479576696,-0.000388845521628545,-0.000961357978399531,0.00449656610112845
"ALT_B_30_31_vs_40_41",239,0.00528064794996504,-0.0407418265803771,-0.0186600309278468,-0.0380359263798341,-0.0967937521227842,0.0373131172267391,0.0490474851749928
"ALT_B_30_31_vs_40_41",240,0.00966677220740619,-0.0363437290797095,-0.01970648935576,-0.0484199355715073,-0.0430055634281183,0.0132497628536216,0.0257781653735094
"ALT_B_30_31_vs_40_41",241,-0.0189193446027958,-0.0699697113911029,-0.0371718996908324,0.0151632344920532,-0.0206436295791891,0.0192783647742096,0.0054769644726285
"ALT_B_30_31_vs_40_41",242,0.0145957482242897,-0.0554047196686755,-0.0256100962786574,-0.0561414373164798,-0.0140418817256045,0.0215740876559225,0.041205486863996
"ALT_B_30_31_vs_40_41",243,0.00295937128566154,-0.0123666922974197,0.0134469268253339,-0.0206686886522167,-0.000845865371210952,0.0378662643583259,0.00686473414124174
"ALT_B_30_31_vs_40_41",244,-0.00691338255375704,-0.0641942789822245,0.00897321730860479,-0.0448176285774281,-0.0987915229857936,0.0292520210066523,0.0187579282378789
"ALT_B_30_31_vs_40_41",245,0.00294723630695226,-0.0545504559739192,-0.00934631052140651,-0.0365174007577095,-0.00243456427068139,0.050704251266963,0.0335825596748916
"ALT_B_30_31_vs_40_41",246,-0.0100344274917253,-0.015504482153687,-0.0137385520325824,0.0320323448561284,-0.0295274937439627,0.0486833993593373,0.0486556060671312
"ALT_B_30_31_vs_40_41",247,0.0221468479753472,-0.0398434547989028,-0.0112486880245585,0.0133983215626651,-0.0724082652125592,0.0385645486267245,0.0393573186481985
"ALT_B_30_31_vs_40_41",248,0.00654059755396852,-0.0301401808064843,0.0096268236925125,-0.0445042223340312,-0.0565692749186566,0.0300835360119031,0.00420660870625095
"ALT_B_30_31_vs_40_41",249,-0.0141772524332521,-0.0355656663143932,-0.00750881969079606,0.00988020011433757,0.0276916147638938,-0.0197740918335656,-0.0103197368170087
"ALT_B_30_31_vs_40_41",250,-0.0217774848066065,-0.0388723422132667,-0.0158450812220523,-0.0680982199776468,-0.0749487961095378,-0.00684436601572435,-0.00681354219594793
"ALT_B_30_31_vs_40_41",251,-0.0216359640465953,-0.0155857573719017,0.0208176373228155,-0.0286449339475681,-0.0758738210137683,0.00495720513086251,-0.00231811985625616
"ALT_B_30_31_vs_40_41",252,-0.00829831739438405,-0.0459460830386604,0.0184181632400509,-0.00733261451169986,-0.0748335973478237,0.000939137709000976,0.00630895826523899
"ALT_B_30_31_vs_40_41",253,-0.0338104569353347,-0.0173093431781837,-0.0532059369462403,0.00276933280518202,-0.0719812041401541,0.0203734211989161,0.0430029656011522
"ALT_B_30_31_vs_40_41",254,-0.0182494308251871,-0.0415564368544688,0.0238556469247658,-0.00502694547234273,-0.0559193691968995,0.00337364109170435,-0.00806244761159462
"ALT_B_30_31_vs_40_41",255,-0.00780185383055054,-0.100643152686864,-0.00505519548507855,0.0101617209161746,-0.0385730919877192,0.0185327138279271,0.017371186299646
"ALT_B_30_31_vs_40_41",256,-0.0513363587261842,-0.0147274442260544,0.0292705153305995,-0.0192082982204014,-0.0326871527949713,-0.025126183697577,-0.0490987687814473
"ALT_B_30_31_vs_40_41",257,-0.0344420350755412,-0.0194587925472949,-0.0668665479783793,-0.0383259396511704,-0.0976460017180746,-0.0212142334226183,0.0224456039853977
"ALT_B_30_31_vs_40_41",258,-0.0104899801294061,-0.00505251303048559,0.0235052726992469,-0.0365458128670506,-0.0449441460551958,0.0308373689510116,0.0480670645138283
"ALT_B_30_31_vs_40_41",259,-0.00755776582949566,-0.0374868454958926,-0.0213955400574273,-0.0159722773972432,-0.0312703185878774,0.00276406222003946,-0.00662774098041648
"ALT_B_30_31_vs_40_41",260,0.000283671022477484,-0.03003896949276,0.00120977289993196,-0.0199397966763959,-0.0286016070210297,0.0200877700818301,0.0254054500926802
"ALT_B_30_31_vs_40_41",261,-0.0135738478242538,0.00298222642354389,-0.0123732487520561,-0.0246517828784056,-0.0671743268110122,-0.00826270689785578,-0.00471112606603636
"ALT_B_30_31_vs_40_41",262,-0.0186956301388772,-0.0143423571976565,-0.017584023381894,-0.0654890805989194,-0.0549557182328276,0.0257816898930798,0.0617352326429173
"ALT_B_30_31_vs_40_41",263,-0.0427322435579771,-0.0444938658475333,0.0183699436907183,-0.029068854876402,-0.00218411167842142,-0.0122854117808382,-0.0198162304434255
"ALT_B_30_31_vs_40_41",264,0.00143554151963354,-0.022989132232814,0.046442885750613,-0.0333168029534481,-0.092943322773647,0.0222142652257738,0.0224590240443821
"ALT_B_30_31_vs_40_41",265,0.00102714898807836,-0.00268185513005999,-0.0130851175264791,-0.0203791019340221,-0.04399337264182,0.0389059763039887,0.0458616665869602
"ALT_B_30_31_vs_40_41",266,0.0154128356131308,-0.0649515095703827,0.0145863570557054,-0.0416878258498418,-0.0682700673986358,-9.79958831968664e-05,0.0169034127824387
"ALT_B_30_31_vs_40_41",267,0.00997681293384443,-0.0285415869900104,-0.0450234282930666,-0.0698742538157169,-0.098463441304573,0.023499594672651,0.0281624709109556
"ALT_B_30_31_vs_40_41",268,-0.000904174299217922,-0.0247490051112884,0.0207783333299991,-0.0481143026990341,-0.0280496575910158,0.0183937259215339,0.0458861983828109
"ALT_B_30_31_vs_40_41",269,0.000677698971398147,-0.0222100561471788,-0.0421207733133328,-0.0145909866407428,-0.0355103783989999,-0.00234096533368271,-0.00329169566648697
"ALT_B_30_31_vs_40_41",270,-0.0110680229831637,-0.0465577360729353,-0.0132656289311399,-0.015695623272878,-0.067097230448026,-8.92125442982158e-05,0.00590224151889752
"ALT_B_30_31_vs_40_41",271,0.00116352927665152,0.0130368826458367,-0.0103776545497498,-0.0179063364212791,-0.115980153062108,0.0192414188841203,0.0401519489208618
"ALT_B_30_31_vs_40_41",272,-0.02070822456671,-0.00894972546142878,-0.0297449458924476,-0.0692126927402721,-0.0147222091509755,0.000784199671149399,-0.0105607442151819
"ALT_B_30_31_vs_40_41",273,-0.00354879897779484,-0.0169872519126257,-0.0337540321482435,-0.013070524473426,-0.0610957788413975,0.0319411202851491,0.0187000194555896
"ALT_B_30_31_vs_40_41",274,0.0170046271743142,-0.0460951804830703,-0.0176414145664719,-0.0381906898559559,0.00937403036276285,0.0660303834012509,0.0463292708147568
"ALT_B_30_31_vs_40_41",275,0.0198735938014211,-0.0308941112651049,0.00540381696709916,-0.0597239530081175,-0.0657339033931917,0.023229626830493,0.0224157993425449
"ALT_B_30_31_vs_40_41",276,0.00954263341339082,-0.047701248852585,0.0159560147454148,-0.0397617465107892,-0.0298280491776532,0.0126138238392316,0.0183055889760484
"ALT_B_30_31_vs_40_41",277,-0.0302505974158198,-0.017526270463814,-0.0233861539488976,0.00663029975155072,0.015960487882172,-0.0318799561286821,-0.0250317904270303
"ALT_B_30_31_vs_40_41",278,0.0129359695325228,-0.0488262622740574,-0.0533227781745584,-0.0869269468330574,-0.0261063252481807,0.0196211350897277,0.0228720632066019
"ALT_B_30_31_vs_40_41",279,-0.0347422261289012,-0.0117202639944403,-0.0389589864420519,0.00400021653538318,-0.0805924412719968,-0.00575595266077084,0.00461242509464683
"ALT_B_30_31_vs_40_41",280,0.00803224667468064,-0.0282874627862791,-0.00493185078327811,-0.00886434314061793,-0.0478498493444247,0.0427078440651093,0.0307025147340672
"ALT_B_30_31_vs_40_41",281,0.0045027851078427,-0.0372486040889962,-0.00417547082681331,-0.0618443819186197,-0.0397290866896669,-0.010665917175433,-0.0153397343227052
"ALT_B_30_31_vs_40_41",282,0.00891127465601481,-0.0567883500491252,-0.0103698473439295,-0.0542226220546022,-0.0289848850566525,0.0200723361823426,0.0185495701968248
"ALT_B_30_31_vs_40_41",283,0.00816571632410632,-0.0622008022436895,0.0365384321087444,-0.0288294924701959,-0.0598666429907518,0.0183987237276845,0.0175292503595964
"ALT_B_30_31_vs_40_41",284,0.00301519748982045,-0.0471851430923742,0.023894584848237,-0.00936738560546105,-0.0749163156256559,-0.0111360112977436,-0.000823232138362093
"ALT_B_30_31_vs_40_41",285,-0.0390142480889933,-0.0141058113726471,-0.0359942980366151,-0.0248480614268953,-0.0485786087654202,-0.00545970317947388,-0.00109061952365717
"ALT_B_30_31_vs_40_41",286,0.0130089671046554,-0.0125923905369976,-0.0505347550204728,-0.0122595523329293,-0.0257429830873036,-0.00153642122582455,-0.0126620018134141
"ALT_B_30_31_vs_40_41",287,0.0207875434601144,-0.00254288912039999,-0.0312819547781566,-0.0626035643002367,-0.047022342309927,0.0215025709269343,0.0221462942520897
"ALT_B_30_31_vs_40_41",288,0.0120043682511617,-0.0513367352367637,0.0199798229003692,0.0143837667435309,-0.0598547510930868,0.0148378276587061,0.00669561979028109
"ALT_B_30_31_vs_40_41",289,-0.00379121678724367,-0.0602863692667252,-0.0627879999108151,0.00409551517452467,-0.032455856928879,0.0113423014229994,0.00435859567229398
"ALT_B_30_31_vs_40_41",290,8.45216421871825e-05,-0.0128052136763021,-0.000676922394646423,-0.00532829177639371,-0.10240854819058,0.0468221820497801,0.0638524694532971
"ALT_B_30_31_vs_40_41",291,0.0070126925657473,0.00837565620794807,-0.0351089672508356,-0.0374244496898745,-0.0516224632872637,0.0223676692749601,0.0143722746094757
"ALT_B_30_31_vs_40_41",292,-0.0176991759949465,-0.014347281270519,-0.048499428349314,-0.0282090505476997,-0.050540871643729,0.0167714929152331,-0.00759833975611261
"ALT_B_30_31_vs_40_41",293,-0.0103805459040475,0.00143281111799422,0.00754297675617624,-0.0612149472090452,-0.0159267745450009,0.0291670711024691,0.00796912848269481
"ALT_B_30_31_vs_40_41",294,-5.94843979176835e-05,0.0175637419938674,-0.000997662824099271,-0.0415616657690717,-0.0123382426743567,0.00599970567128037,-0.00313315423428454
"ALT_B_30_31_vs_40_41",295,-0.00885971072037618,-0.0182291845720232,0.0337472368315674,0.0173593534487228,-0.0435904490262209,0.0259000970677817,0.0190716673474504
"ALT_B_30_31_vs_40_41",296,0.00903689589838848,-0.0627396146439783,0.011337006827333,-0.0387986758353135,0.018844027692752,0.0204111105380266,0.0193760484053562
"ALT_B_30_31_vs_40_41",297,-0.00435207855890848,-0.0159478151449938,0.00284771769157843,-0.0376208051267651,-0.040841758733545,0.0114781621449211,0.0332467224611132
"ALT_B_30_31_vs_40_41",298,-0.000950348252501676,0.000904487216627003,-0.0146357963401943,-0.0277921871275734,-0.0633285291557676,0.00919926954397043,0.0149057785952222
"ALT_B_30_31_vs_40_41",299,0.00716778004970818,-0.0334186044144877,-0.00571028301275792,-0.0429206419710974,-0.0549303535338247,0.0489384026946744,0.0535085996218915
"ALT_B_30_31_vs_40_41",300,0.0488969949340583,-0.00958343436900794,-0.0271035876476874,-0.128504669013201,0.00972191986326565,0.0489284167597957,0.0511682259132383
"ALT_B_30_31_vs_40_41",301,0.0283609035022701,-0.0255796671988551,-0.0313423239387919,-0.0476832424734613,-0.0539351849469767,0.0281100860956119,0.0347796415388419
"ALT_B_30_31_vs_40_41",302,0.00565606490949189,-0.0127599884686367,-0.000142654792596203,-0.0434491380167032,-0.0215181679913476,0.0295808517270887,0.0393098353344857
"ALT_B_30_31_vs_40_41",303,-0.00974896631822179,-0.0338979582883269,0.0101421106099275,-0.0455290302311399,-0.0410461099820734,0.0300847122019605,0.0100317672853714
"ALT_B_30_31_vs_40_41",304,-0.0292100648100276,0.00128244793412689,-0.025532886806007,-0.0356546783545671,-0.0411223217093505,0.0150364997198542,0.0114899977642096
"ALT_B_30_31_vs_40_41",305,-0.00895210290248018,-0.0791632599283038,-0.0311182602011227,0.00118201761361664,-0.104915455521093,0.011685853586759,0.00998514142016239
"ALT_B_30_31_vs_40_41",306,-0.0255948197145395,0.00271187132281196,-0.0341410805061184,-0.0134547552777772,-0.0402044770379242,-0.00656772641506601,-0.00664614947568481
"ALT_B_30_31_vs_40_41",307,-0.0110421624014875,-0.0353850620805809,-0.045736832388357,-0.0437000613367599,-0.01450483746309,0.00932640268810002,0.0120095047557198
"ALT_B_30_31_vs_40_41",308,-0.0298495052929,-0.0493224963128639,-0.0224156775811785,-0.0658617974422244,-0.120734366865749,0.0301686931776696,0.0394308675470397
"ALT_B_30_31_vs_40_41",309,0.0282169515059399,-0.0759436716750733,-0.0172364250097608,-0.0818536691326417,0.0018815796869987,0.0341767934402159,0.0293276302647234
"ALT_B_30_31_vs_40_41",310,0.0089734686315521,-0.0472195630888133,-0.03075970623654,0.00922288830505438,-0.0598212912836691,0.0290943387239648,0.0615868182711258
"ALT_B_30_31_vs_40_41",311,-0.0414363222472231,0.0680161354636668,-0.0401888220030198,0.012499922818383,-0.0423135479832413,0.0207877689452998,-0.00193442365628956
"ALT_B_30_31_vs_40_41",312,-0.0280187971211367,-0.00497450615111605,-0.0316363369483993,-0.0418731878673967,0.0322126004993939,-0.0109277922481615,0.0011788903343156
"ALT_B_30_31_vs_40_41",313,0.0166271771087867,-0.0286504712347907,-0.0477956535199462,-0.0719434367254608,-0.0619960936890218,0.00950667036808509,0.0091468769296842
"ALT_B_30_31_vs_40_41",314,-0.00320247491628162,-0.0155598364301852,0.00191108263049136,-0.018624387939003,-0.0123048329322348,0.0361365656616866,0.02766361580103
"ALT_B_30_31_vs_40_41",315,-0.0259437892714599,-0.0366890450206278,-0.0256597277900762,-0.000228507391957455,-0.0505030899995872,-0.00548293949690565,-0.00361018687779491
"ALT_B_30_31_vs_40_41",316,-7.98125553059942e-05,-0.0233899117557839,0.0527740148406951,0.0296738237853166,-0.0342514518168878,-0.0246405604364664,-0.00467770811756013
"ALT_B_30_31_vs_40_41",317,0.0067430844564433,-0.0391724609313246,-0.0186743181609779,-0.0378986484945292,-0.0546330112924602,0.0172390214393785,0.0208337841183582
"ALT_B_30_31_vs_40_41",318,0.00869857709776815,-0.017461155040623,0.00192097948548582,-0.0334488874941665,-0.0740982226453018,0.0446778597029989,0.0289431099525389
"ALT_B_30_31_vs_40_41",319,0.00385347036248568,-0.0486611070833861,-0.023837195545345,0.0411894278042839,-0.0448156924284223,0.0242862600377834,0.0213250132214401
"ALT_B_30_31_vs_40_41",320,-0.0246838221067312,-0.0107674957707036,-0.00135494279041481,-0.056053368659387,-0.00690027008254684,0.00963677418289517,0.0150402360472845
"ALT_B_30_31_vs_40_41",321,-0.0181048841480866,-0.0204465232298954,0.00942814195405556,-0.0326123691129737,-0.0870487313130439,-0.0393855320544512,-0.0481367171716698
"ALT_B_30_31_vs_40_41",322,-0.00520719417610196,-0.0392163003430527,-0.031654777536089,-0.0117703135384394,-0.0355270360367919,-0.00383799971942052,0.0489737389764217
"ALT_B_30_31_vs_40_41",323,-0.00282357401352248,-0.0251906145161116,-0.0370951069396415,-0.0166636647062502,-0.0276345475578909,-0.027890869123606,-0.0105045263300889
"ALT_B_30_31_vs_40_41",324,0.0293055496913108,0.00334270090420236,0.0224330412238085,-0.00756253835316312,-0.0506052324381542,0.0373845367845323,0.0371325629204231
"ALT_B_30_31_vs_40_41",325,0.00999869889357194,-0.0423948468531143,0.00802225208714843,-0.0100167280831785,-0.0450792157750694,0.0501464655113974,0.0368275131397814
"ALT_B_30_31_vs_40_41",326,-0.0327162182446684,0.026544782643275,-0.0507975853528792,0.00400513701322608,-0.0524055569970783,-0.0216655337928686,-0.0303678791888916
"ALT_B_30_31_vs_40_41",327,-0.0291311264732238,-0.0486583375680389,-0.0539889631367874,-0.00864473862626627,-0.0154349101513445,0.0148085316732427,0.0089254188786696
"ALT_B_30_31_vs_40_41",328,0.0132201310333405,-0.0130901427899477,-0.0511734372949332,0.00940943385227871,-0.0269789004303729,0.0327187879246742,0.0270223360028184
"ALT_B_30_31_vs_40_41",329,-0.0100138341756288,-0.0198516923268003,0.0303226255567869,0.0237013824578854,-0.0967440338770994,0.0395363613084524,0.0252083370976216
"ALT_B_30_31_vs_40_41",330,-0.041151955387349,-0.0560328532019099,-0.0279808678111001,-0.00701494091538413,-0.104107337782753,-0.0253248410553872,-0.0167123589337271
"ALT_B_30_31_vs_40_41",331,0.00627566021613819,-0.0523780156009889,-0.030956169475072,-0.0270110521904566,-0.0524090917883833,0.00193793918721658,-0.00175711555018356
"ALT_B_30_31_vs_40_41",332,0.0191273187436794,-0.0668152253940492,0.0115543045861012,0.0374356822782894,-0.062564320518731,0.0325555044801827,0.0377702742166898
"ALT_B_30_31_vs_40_41",333,-0.0191559139464863,-0.0486459346719209,0.0137948319464277,-0.0112751726642318,-0.00668556282925281,-0.0223700891019316,-0.0205985846025023
"ALT_B_30_31_vs_40_41",334,-0.024838990714452,-0.0367418513489925,-0.00764974758944173,-0.00326502613257415,0.00818260615744315,0.0152176635454668,0.0312550080995354
"ALT_B_30_31_vs_40_41",335,-0.0191391517469475,0.0119437172670678,0.00323916941642535,0.0581409137724299,0.0182412557316028,0.0257028378126932,-0.00425988318979748
"ALT_B_30_31_vs_40_41",336,0.022897526552103,-0.047424957106086,0.00931952497474783,-0.0456698712324154,0.00338359350320044,0.0439495803182748,0.0460603447480393
"ALT_B_30_31_vs_40_41",337,-0.00608023702571266,-0.0435568249046607,-0.00368868121453256,-0.0100431515007426,-0.137889098243946,0.00558571607905982,0.00411395092485269
"ALT_B_30_31_vs_40_41",338,-0.00496905383638856,-0.0151757252717687,-0.0355546687167413,0.00595337844018709,-0.067454585379156,0.0182580494050946,0.0687608793156388
"ALT_B_30_31_vs_40_41",339,0.0130139553883244,0.000603757948395137,-0.0519331327265431,0.0650842857340316,-0.0322884712296399,0.0241511703916802,-0.00112654083807015
"ALT_B_30_31_vs_40_41",340,0.0229175407955773,-0.0724194433947161,-0.0116882560359309,0.0147083103612048,-0.0368887612903685,0.055079809063279,0.0277350002357808
"ALT_B_30_31_vs_40_41",341,-0.0148066589972126,-0.0702130150108215,-0.00573834448877242,-0.0213634549370238,-0.0374443537669999,-0.0148125436569137,-0.00555766484015931
"ALT_B_30_31_vs_40_41",342,0.0177827505174532,-0.046634524319418,-0.0789084624613302,0.02863390203936,-0.0582323307954782,0.0370444115898419,0.0302448652261033
"ALT_B_30_31_vs_40_41",343,-0.0261425685312738,-0.0153243928124914,-0.00555486213024453,-0.0831896623425741,-0.10115521979744,0.0198410391181965,0.0139909733550818
"ALT_B_30_31_vs_40_41",344,-0.00554451294463047,-0.0194625344147215,0.0296847489445901,-0.00213755284445108,-0.0429135524194925,0.0136992432240836,0.0115496764097319
"ALT_B_30_31_vs_40_41",345,-0.0179971160342246,-0.0420855321628459,-0.0440483582254946,-0.0240645095802438,-0.0459329221946379,-0.0296402851403353,-0.0296238405721557
"ALT_B_30_31_vs_40_41",346,0.00744943558022115,-0.0365167821695302,0.0112519457628728,-0.0435224093702844,-0.00259143006121937,0.0430120910659548,0.0435041574788071
"ALT_B_30_31_vs_40_41",347,-0.0289080424940459,0.0243046464779876,-0.0229818624062645,-0.0590487600595098,-0.0746546735638879,-0.00631955460623783,-0.000900092208822645
"ALT_B_30_31_vs_40_41",348,-0.00589561592774603,-0.0199788381753184,-0.0115306025090864,0.0275138387608932,-0.0137816005493494,-0.00760634136511672,-0.00668311223774459
"ALT_B_30_31_vs_40_41",349,-0.018185432500391,-0.0775377777265254,-0.0276163502404664,-0.0142856945174576,-0.0269605768924837,0.00877156457399218,0.0134609895723268
"ALT_B_30_31_vs_40_41",350,0.00491040489915839,-0.0624067143403623,-0.00979994245896457,-0.0425346207345764,-0.0530110137233484,0.032223375619196,0.0456474466509252
"ALT_B_30_31_vs_40_41",351,-0.00693951245045631,-0.0159647550375957,0.00592817741911023,-0.0196456810927222,-0.0260166894237343,0.00211287137022736,-0.00834456227291507
"ALT_B_30_31_vs_40_41",352,-0.0336853808842322,-0.021066263768384,0.00847055541190683,-0.011205116212078,-0.0685267363339169,-0.0358649624719888,-0.0333024957847396
"ALT_B_30_31_vs_40_41",353,0.0278673905437478,-0.0390106654552826,-0.0413142839284477,0.00953672341205405,-0.102719002239707,0.0368860562954763,0.0264792622032504
"ALT_B_30_31_vs_40_41",354,-0.0472470513320273,-0.0320111528796816,0.00319529704353036,0.0224907264617576,0.0152522801996622,-0.0669864351929708,-0.0792643035223447
"ALT_B_30_31_vs_40_41",355,-0.0341818072443715,-0.0384911024778449,-0.0371953069092099,0.0203740324894673,-0.0160686068761239,-0.026254082385496,-0.0339150151491955
"ALT_B_30_31_vs_40_41",356,0.0062504135543635,0.0194421747618598,-0.00933685294720346,-0.0252903223807789,-0.0296338518175764,0.0155377620805136,0.00512670497471997
"ALT_B_30_31_vs_40_41",357,0.0233663426714644,-0.0377171383490351,0.0167253605812478,-0.0330919446492913,-0.0380816052054968,0.0588443178916529,0.056633139432804
"ALT_B_30_31_vs_40_41",358,-0.0309128840249015,0.0079046433872835,-0.0143823920840838,0.0347983734820258,-0.0203088358728495,0.0195037985848539,0.018034244394365
"ALT_B_30_31_vs_40_41",359,-0.0158428815312363,-0.0439929053459627,-0.0437692177066027,-0.0327867148638238,0.0113732882875296,0.00981064723428683,0.0386322539742083
"ALT_B_30_31_vs_40_41",360,-0.039086784442445,0.0147295524557771,-0.07521390821991,-0.00563277348670205,-0.0244349896049555,0.0194440089732124,0.00530801669473162
"ALT_B_30_31_vs_40_41",361,-0.0130192834319746,-0.00327879220705644,0.0378515581033904,-0.0131632179707195,-0.0937925957019704,0.0203661322995114,0.0176963378125647
"ALT_B_30_31_vs_40_41",362,-0.00738898878879993,0.0324383604131081,0.000889899847623554,-0.048291405260896,-0.0425083887805173,0.0272845044713968,0.0230466468320725
"ALT_B_30_31_vs_40_41",363,0.00395126498863484,-0.00462471724799349,-0.00740505971984481,-0.0776873009075209,0.0105404303769004,0.0439108299062336,0.021078344980792
"ALT_B_30_31_vs_40_41",364,-0.0100793844718748,-0.00524002257978638,-0.00651722338028732,-0.035821693175093,-0.0520988916285385,-0.00459168082959831,0.00193773184573754
"ALT_B_30_31_vs_40_41",365,-0.0323618632362769,0.0188845137649963,-0.0367205088087907,-0.00143752570205877,-0.0242495250648513,0.00330563137491235,0.0170100144949457
"ALT_B_30_31_vs_40_41",366,-0.0051347738249945,-0.0710155262557443,-0.0076728297041472,-0.00393453646572481,-0.0121998038898132,-0.011143159337326,-0.0221017723604457
"ALT_B_30_31_vs_40_41",367,-0.0093961958854478,-0.0618718887875954,-0.0406823110141037,0.0113267847896643,0.0144021534910723,0.0375888323388851,0.0373031683008823
"ALT_B_30_31_vs_40_41",368,0.00846145526985945,-0.0140648771072343,-0.00273162686753353,-0.0659305229412434,-0.0530038369438641,0.0431734855325323,0.0281310865986537
"ALT_B_30_31_vs_40_41",369,0.0105005550262325,-0.0587794511025452,-0.020770539219505,-0.0143191239623844,-0.0298712530513114,0.0428474630130889,0.0330068206983452
"ALT_B_30_31_vs_40_41",370,0.00627820467039696,-0.0492873521344061,0.00693760722542407,-0.0572810458516461,-0.0780371351711934,0.0134957213656366,0.00933261751561518
"ALT_B_30_31_vs_40_41",371,-0.00428070732880067,-0.00936705600647257,0.043010256695944,-0.0114244346039886,-0.0420107120194094,-0.0182366236262468,-0.00322595408577052
"ALT_B_30_31_vs_40_41",372,-0.0271450449382762,-0.0373908696598977,-0.0633703131181566,-0.0270096770248952,-0.0190815843948344,0.0127218126262529,0.0292831310048453
"ALT_B_30_31_vs_40_41",373,-0.00670606630247798,-0.00951398128440696,-0.0243594814247788,0.00314264686346077,-0.0389813673419052,0.018221281748025,0.0522559652302833
"ALT_B_30_31_vs_40_41",374,-0.00929811489222532,-0.0567605163532482,0.00107101543631785,-0.0243248447277937,-0.06568496694614,0.00778633456657103,0.00599037434843482
"ALT_B_30_31_vs_40_41",375,-0.00584863817498455,-0.0074490198888869,-0.0528920469625032,-0.037012984095434,-0.033135300808482,0.0310459858762385,0.0226698204892449
"ALT_B_30_31_vs_40_41",376,0.00657886893509223,-0.0715026291207286,-0.0357651741402569,-0.0319060264640286,-0.0735866890435688,0.00251265193101756,-3.53620296256879e-05
"ALT_B_30_31_vs_40_41",377,-0.003485295548444,-0.0249748748631501,-0.0386699745016728,-0.0245190978715861,-0.0566811191450436,0.0116071098384544,0.0122753234574862
"ALT_B_30_31_vs_40_41",378,0.0135431893802167,-0.0314479342938827,-0.0417621353488405,-0.0127590842641246,0.00697556849715125,0.0318017738915363,0.01924568195198
"ALT_B_30_31_vs_40_41",379,0.01242742085923,-0.0617338869543214,-0.018433680177753,-0.0207476191297801,-0.126841854288677,0.0437982762694714,0.0396160108172984
"ALT_B_30_31_vs_40_41",380,-0.0287059578639086,-0.0130896868005525,-0.00765531983946452,-0.0567606755958192,-0.037326504490614,0.0298393898951284,-0.0106392864289042
"ALT_B_30_31_vs_40_41",381,-0.0126902269127726,-0.0299495696458417,-0.0336369124390783,-0.019985352679539,-0.0229346172572532,0.0209123747824288,0.0149233624058158
"ALT_B_30_31_vs_40_41",382,-0.0114296984792917,-0.0191222035596081,-0.0158295756139072,-0.0292827292580053,0.00401391202052204,0.0449616501996275,0.0436654274936726
"ALT_B_30_31_vs_40_41",383,-0.0212785742812252,-0.0388168721191499,0.0237630183731435,-0.066743842225537,-0.043482812599101,-0.02760269650051,-0.0133097674088028
"ALT_B_30_31_vs_40_41",384,-0.0217678181459941,-0.0224416251766796,-0.0312089817169541,0.0172061653978512,-0.00762882282151911,0.0144104874618442,0.0136821425016352
"ALT_B_30_31_vs_40_41",385,0.0243272623169876,-0.00479168757636178,0.00190571246609739,0.0187367739613469,-0.0649498324246651,0.0662503088522815,0.0531604223022326
"ALT_B_30_31_vs_40_41",386,0.0219510239398869,-0.0485428052966014,-0.0407649911290821,-0.0298652106193825,-0.0368957759553602,0.0349725535921684,0.0368715421797765
"ALT_B_30_31_vs_40_41",387,0.00573740574621021,-0.0530664151490381,-0.0559066178446287,-0.0328344897068499,-0.0473958566402774,0.0227420066584611,-0.0088213080336088
"ALT_B_30_31_vs_40_41",388,-0.00303021153297214,-0.0599764882041283,0.0105295800214702,-0.0515007758551783,-0.0296125938553472,-0.0132374695648714,-0.0145287578453181
"ALT_B_30_31_vs_40_41",389,-0.0170861049276864,-0.061036592011108,0.00206032386901303,-0.0651753404697175,-0.0569252686499517,0.0039194074596593,0.0177947689384862
"ALT_B_30_31_vs_40_41",390,-0.0265503866712877,-0.0210835038141908,-0.0211629616611151,0.0208381238898572,-0.0432079590584757,-0.00836445927633644,-0.00798304292283106
"ALT_B_30_31_vs_40_41",391,-0.0262698861143787,-0.0390486204342311,-0.0174847972607993,-0.0071565496312605,-0.0201551677480691,0.00527957043253804,-0.00182047225920427
"ALT_B_30_31_vs_40_41",392,-0.0174465896869022,-0.029309928751426,-0.0390651116371199,0.0210515922130615,-0.0866565356564136,-0.000403301833791517,-0.0202699806189213
"ALT_B_30_31_vs_40_41",393,-0.00365879685451573,-0.0357520860043722,-0.0728791962341772,-0.0390981278631572,-0.0963060509681937,0.0220104280901599,0.00903473108703711
"ALT_B_30_31_vs_40_41",394,-0.00864026183129427,-0.025142414971525,-0.00198136589565182,-0.0465473515751214,-0.0303635377748332,-0.00576629834655656,0.0232078092450101
"ALT_B_30_31_vs_40_41",395,-0.00271807217005442,-0.0476990211390126,-0.00774754946615408,-0.0920868399378264,-0.0774708970183872,0.00130783198669684,0.00332882274416185
"ALT_B_30_31_vs_40_41",396,0.00813826229535678,-0.0661108865767222,-0.00094750743125277,-0.0229454599809384,-0.0320864733854613,0.00691181707130771,0.00902073695126439
"ALT_B_30_31_vs_40_41",397,-0.0225038893885091,-0.0363019784802032,0.011851270203441,-0.0337037520346338,-0.0229410107584418,0.0226827073403052,0.00944943105381174
"ALT_B_30_31_vs_40_41",398,-0.00238097592141933,-0.0487195768145089,-0.02475718855056,0.00612941760359456,-0.0678372255108776,-0.0201547442579508,0.0259545187047624
"ALT_B_30_31_vs_40_41",399,0.00305771585636796,-0.0482453077153455,-0.0446995379845566,0.0479061049470997,0.00568970962934046,0.0291118382153758,0.0162401069704845
"ALT_B_30_31_vs_40_41",400,-0.0035367867819119,-0.0349786101839497,0.0292902057984533,-0.0224237879804303,-0.0859088814907847,0.02914710670151,0.0236913612993965
"ALT_B_30_31_vs_40_41",401,-0.0171373379253324,0.00981196814273867,0.0200769206781398,-0.00437831951517931,-0.0129289797369483,0.00132289928029391,-0.0109474149783744
"ALT_B_30_31_vs_40_41",402,-0.00410898900356617,-0.016935500806064,-0.00892488118740992,-0.000325531124053174,-0.0402793161122884,-0.000464436070290855,0.00488531670137301
"ALT_B_30_31_vs_40_41",403,-0.000420247863408996,-0.053867816104765,0.0317522378033493,-0.065478936895002,-0.0677921085257356,0.0250334955478306,0.0381951488773651
"ALT_B_30_31_vs_40_41",404,0.0361670199158097,-0.0401815659761646,0.0306531653712862,0.00124672921578609,-0.00742717284239897,0.0479593197354735,0.0396089776928089
"ALT_B_30_31_vs_40_41",405,-0.00785341971736941,-0.0526676214137944,-0.00803346068565716,0.0352820028344562,-0.109443815768009,0.00497885425832624,0.00267026323882467
"ALT_B_30_31_vs_40_41",406,-1.87409396366495e-05,-0.00502077386751901,-0.0371729443325162,-0.00630338032691777,-0.0345528962291467,0.0527443172728582,0.0340586452066872
"ALT_B_30_31_vs_40_41",407,-0.00130626310753298,-0.0372622261762431,-0.0191609495359401,-0.0502088909357473,-0.0400928205913216,0.0289553123031398,0.0461168016667095
"ALT_B_30_31_vs_40_41",408,-0.0108485398499887,-0.0574003054135162,0.0307670278413043,-0.0226633660068247,-0.065462547866174,0.0123525229912473,0.0197050953586288
"ALT_B_30_31_vs_40_41",409,0.00216382057474228,-0.0163617590742921,-0.0219556355928666,-0.0255913773472033,-0.0538698708088156,0.019449276978179,0.0186940904084264
"ALT_B_30_31_vs_40_41",410,-0.0116848238414293,-0.0245958395292107,0.00312373271237129,0.0361910770590223,-0.0448823500043172,-0.00618070230692279,-0.0093438234081729
"ALT_B_30_31_vs_40_41",411,0.0121433934402593,-0.0705947503690951,-0.0490204155897189,-0.026025412948025,-0.0344240837396515,0.00907843823045916,0.0155870891339963
"ALT_B_30_31_vs_40_41",412,0.00678529324701687,-0.0352348828495759,-0.00219591821803955,-0.0663941592245272,-0.053611079813069,0.0215645307034585,0.0447391214587415
"ALT_B_30_31_vs_40_41",413,0.0114225899174891,-0.0306786251377462,-0.048088360776873,-0.01816429330187,-0.0403355358354329,-0.00152261600075908,0.0246019768128631
"ALT_B_30_31_vs_40_41",414,0.00306318571822322,-0.0503765757660174,0.00139476209965442,-0.0233134130518063,-0.0239136830980783,0.00141877775179906,0.00520194749263568
"ALT_B_30_31_vs_40_41",415,0.0196226411291179,0.00498642977980465,-0.0319484073073157,-0.00251513123326269,-0.0299107612953221,0.00465607427805929,0.00479154477949722
"ALT_B_30_31_vs_40_41",416,7.55629692963944e-05,0.00272266027675122,-0.0455708161464017,-0.014677002051945,-0.0731853492179672,0.0346765067966257,0.0036638501403783
"ALT_B_30_31_vs_40_41",417,0.00153854241283447,0.0107888727159849,0.0316950421167116,-0.083292224469702,0.0328686065925816,0.010017935230559,0.00765882310510234
"ALT_B_30_31_vs_40_41",418,0.00526369178688973,-0.0363785273080841,0.0275122986087956,-0.0505308400378421,-0.00377381637544127,0.00105494573007706,0.0115824644694697
"ALT_B_30_31_vs_40_41",419,-0.0195253919921046,-0.0408982818123521,-0.000778360790303051,-0.00301974524009832,-0.108977129728976,0.0106577828875086,0.0103151598485463
"ALT_B_30_31_vs_40_41",420,0.0106106666077822,-0.0454505390040708,-0.0117951303628817,-0.0497298191977876,-0.0684590689603867,0.0361679078039239,0.0442157609706251
"ALT_B_30_31_vs_40_41",421,0.00673203194202184,-0.0292316488262124,0.019844088768794,0.0323790913967334,-0.0441953472836581,0.0186897288395346,0.0245750226819184
"ALT_B_30_31_vs_40_41",422,0.00292976685407527,-0.0366753290606698,-0.0144471427210346,-0.0738580494626543,-0.0149175953710212,0.00515447322290627,0.00757615485296378
"ALT_B_30_31_vs_40_41",423,-0.0301141427502215,0.00268131393439688,-0.00822558935942283,-0.0477239830181654,-0.0821359050343189,-0.0237660215318049,-0.0140761826138906
"ALT_B_30_31_vs_40_41",424,-0.00381738723158799,0.00958655649610743,-0.0271336967415324,-0.00387241832914773,-0.0310738974170816,-0.0140879026595201,0.00929146542092252
"ALT_B_30_31_vs_40_41",425,-0.0115039221091508,-0.0595674810394872,-0.0091715495236436,-0.00835131058790661,-0.0322022881622498,-0.0155923620971468,-0.00416030739565605
"ALT_B_30_31_vs_40_41",426,-0.00582856452369765,-0.0469699420986673,-0.0586006245044213,-0.0816625365125248,-0.0420773316621736,0.0184899714799189,0.00690115877319951
"ALT_B_30_31_vs_40_41",427,-0.0516056223897318,0.0241428681025203,0.00242823623751184,-0.0788669877735116,-0.00830756037626856,-0.0262338238126015,-0.0278186645354067
"ALT_B_30_31_vs_40_41",428,0.0383500648272655,-0.0595823689007883,-0.0339804757297412,-0.0789683760965677,-0.0202823024079761,0.0211947974220845,0.0414616429463884
"ALT_B_30_31_vs_40_41",429,0.0117240101978125,-0.0102443431827242,-0.0116721862443929,0.00712319859825516,-0.0169269839409175,0.0333452222731545,0.0398451095676155
"ALT_B_30_31_vs_40_41",430,-0.0043171494700868,-0.0011485913833691,-0.00918645153211275,-0.0121803115102198,-0.0781969836648499,0.0158866897556372,0.0097598281803449
"ALT_B_30_31_vs_40_41",431,-0.0204634881050739,-0.0248768801609349,-0.068387803952746,-0.0629225840313158,-0.0650946417801177,0.0390172813895154,0.0388595092661723
"ALT_B_30_31_vs_40_41",432,-0.0143954336458755,-0.0442775735080159,-0.0162916910717146,0.00516381417438583,-0.0768056829272957,0.0351722030811069,0.035982556943373
"ALT_B_30_31_vs_40_41",433,0.0278501419205391,-0.0474742005927527,0.0422282625502099,0.00503031176920279,-0.0258231319935662,0.0196468894294407,0.0255584386558128
"ALT_B_30_31_vs_40_41",434,-0.0205701293672044,-0.022376351766741,-0.0387490415219335,-0.0101135766176688,-0.0835533687830804,-0.00897306711072049,-0.0049976357157946
"ALT_B_30_31_vs_40_41",435,-0.00208649374205497,-0.0775814751368307,0.0138823841508524,0.00963707475796333,-0.0621762941665509,0.0353385588625005,0.0394408064899767
"ALT_B_30_31_vs_40_41",436,-0.0384415724071886,-0.0370760260607666,0.000646815890702812,0.0192550528297641,-0.0576726324843543,0.039899872882409,0.0221952668140748
"ALT_B_30_31_vs_40_41",437,0.0131033153733479,-0.0367924263179798,0.000801958037435935,0.0292217900134244,-0.0924059203444272,0.0417025594614993,0.0430331558325585
"ALT_B_30_31_vs_40_41",438,0.00143551067708023,-0.0441647482226724,-0.014074301655558,-0.0320085334316604,-0.0960201240417174,0.0249447408231805,0.0380161233058526
"ALT_B_30_31_vs_40_41",439,-0.014574899435469,0.00372735746092061,0.00209335458479201,0.00869245114945683,-0.0372475329608195,0.0195959446568674,0.0193788604838204
"ALT_B_30_31_vs_40_41",440,-0.0200443249856388,-0.00603585860298474,-0.0268731345929069,-0.0248769219266063,-0.0893182393329247,-0.020689692718344,-0.012920443163577
"ALT_B_30_31_vs_40_41",441,-0.00580923497635993,-0.0547151376552164,-0.0267747502012029,0.00437810096931363,-0.085615143394592,0.0157004360053199,0.0280634819752583
"ALT_B_30_31_vs_40_41",442,-0.0109433082504147,-0.0503012020825365,0.0147425855434306,-0.000131610404348531,-0.0271929028205864,0.00488257193498984,0.0406053194290123
"ALT_B_30_31_vs_40_41",443,0.00454442444700362,-0.0292386429719704,-0.0336593084608406,-0.0487566598427562,-0.0606606484589118,0.0305673460791751,0.0353653742625829
"ALT_B_30_31_vs_40_41",444,-0.0293470626742575,0.0157011399249159,-0.0848231300500759,0.0239480614975199,-0.0854117787880758,-0.00629450154096699,0.00709578611417908
"ALT_B_30_31_vs_40_41",445,0.0342618936394685,-0.000153257089187606,-0.016512380089632,-0.0130067418302269,-0.0289014813855003,0.0550568843559905,0.0335580216487338
"ALT_B_30_31_vs_40_41",446,0.0192420935917454,-0.0426864110105784,-0.0367148301428379,0.0075834960135851,-0.0662118817921371,-0.00709289372677767,0.00994372791521207
"ALT_B_30_31_vs_40_41",447,0.0250440468023481,-9.12872881670967e-05,0.00229396094438616,0.0191277658544936,-0.120872921662525,-0.00621662490869429,0.000316289152986829
"ALT_B_30_31_vs_40_41",448,-0.0079739782881894,-0.0202231699872269,-0.017070732823037,-0.0635312893115036,-0.0145645625176728,0.0614084729804019,0.0647784766038732
"ALT_B_30_31_vs_40_41",449,-0.00887374020353141,-0.0533653123023934,0.00107409266511335,-0.00440703420068458,-0.0558180719957727,0.0360843230355056,0.0331725886622402
"ALT_B_30_31_vs_40_41",450,0.0041143805849989,-0.0453387151445419,-0.0592971267467043,-0.0397369852468443,-0.101240427926905,-0.0200806586609598,0.00321259999757949
"ALT_B_30_31_vs_40_41",451,0.0073345361451174,-0.028625216804058,0.024545276926956,-0.0392943150178572,-0.00633238800519781,0.0316298841269083,0.0300706806097311
"ALT_B_30_31_vs_40_41",452,-0.0250586751579574,-0.0233326399151227,0.0156139084955436,0.00518877874050769,-0.00519243571722106,-0.00137431827974496,-0.0128686357411432
"ALT_B_30_31_vs_40_41",453,-0.0136835961944537,-0.0362470344250925,-0.0342571693600695,-0.00747639139924222,-0.0798199716158935,0.0170940972444799,0.00896425690909642
"ALT_B_30_31_vs_40_41",454,-0.00575205087989039,-0.0167137471393179,0.0031455965651592,-0.029289421050598,-0.00821390441118586,0.0329676645470079,0.0577539997945751
"ALT_B_30_31_vs_40_41",455,-0.012456992837511,-0.0282099099012281,0.00133153531823987,-0.0204406221541841,-0.0344914444845508,-0.0343825263816812,-0.0328776590791034
"ALT_B_30_31_vs_40_41",456,-0.00847416770797194,-0.0550633447316232,0.0198404112245961,-0.0216680754707205,-0.0730019456783994,0.00783876415596924,-0.000851919716540639
"ALT_B_30_31_vs_40_41",457,-0.0107775062122276,-0.0199463923077545,-0.0185947096632083,-0.0921582823638105,-0.0189186460963882,-0.0119965618323237,-0.0129781171623375
"ALT_B_30_31_vs_40_41",458,-0.0143079530254988,-0.0471448522119573,0.0105012236437252,-0.0502976066806725,-0.0425420540420625,0.0191141811050026,0.0220863359818804
"ALT_B_30_31_vs_40_41",459,-0.00160567534409978,-0.0370875220684466,0.0141880125305731,0.023765500680932,-0.0743136499916638,0.00572495285587783,-0.00772065921456605
"ALT_B_30_31_vs_40_41",460,-0.00331604372654067,-0.0564386828120066,0.0309993669871179,-0.0316527763012548,-0.0544080333452018,0.0547121366003169,0.0375383990095429
"ALT_B_30_31_vs_40_41",461,0.0235534212238534,-0.0102115732456789,0.0170209587353156,-0.0341303412980144,-0.025843390295813,0.0346395221084768,0.0254542704298412
"ALT_B_30_31_vs_40_41",462,-0.0176165485967484,-0.0227453360932131,-0.026137085870007,-0.0223315027852181,-0.00688586117373008,0.00277616926998979,0.000626270427488126
"ALT_B_30_31_vs_40_41",463,0.00437192258274691,-0.0212990295000291,-0.0382860388837495,0.00196519916226165,-0.0230822526706981,0.0363700467619454,0.00473806912620274
"ALT_B_30_31_vs_40_41",464,0.00284321221810381,-0.00847637185445432,-0.0575835542431437,-0.00332693300558573,-0.0130594642581149,0.0507323704675875,0.0609080915694458
"ALT_B_30_31_vs_40_41",465,0.0151341247030827,-0.0528130435941975,-0.00142442357490136,-0.0330005262402601,-0.0277224492645427,0.0403250248403126,0.0196667623372339
"ALT_B_30_31_vs_40_41",466,-0.0127900838714217,-0.0495404337480216,0.0114803836679814,-0.0284144845070378,-0.0833750204218295,-0.0018882604293875,-0.00026858199015601
"ALT_B_30_31_vs_40_41",467,-0.0246170622547617,-0.0386256019565893,0.030933049314853,-0.0461006268981617,-0.0536798750224263,0.038457018561011,0.0319762689374533
"ALT_B_30_31_vs_40_41",468,-0.00691469189155274,-0.0158204450405071,0.0458021926655617,-0.0564731619454198,-0.0400049914067268,-0.00818194964552976,-0.0102587384395539
"ALT_B_30_31_vs_40_41",469,-0.040269190943102,-0.00314635558734816,0.00568497072148383,0.000374714499734058,-0.0169047958086812,-0.0174605738914744,-0.0245762722051867
"ALT_B_30_31_vs_40_41",470,-0.00180820518170604,-0.027012961203368,0.00874749037394723,-0.0251796072689728,-0.059118522361904,0.00312243851791667,-0.0139588635973536
"ALT_B_30_31_vs_40_41",471,0.0219734053140854,-0.0159046146655627,0.0216533499366242,-0.0341779785396817,-0.0349359329350877,0.0237654307285925,0.0206356002920224
"ALT_B_30_31_vs_40_41",472,0.00382166711978797,-0.0189647913726885,-0.0361365631197283,0.027590148481309,-0.0184629990651621,0.00655741208137163,0.00750826981168815
"ALT_B_30_31_vs_40_41",473,-0.00166074615200643,-0.0368241071738027,-0.00468242890611287,-0.0402497260228831,-0.131029081392639,0.0303140252922632,0.00938871687008654
"ALT_B_30_31_vs_40_41",474,-0.0260952183061996,-0.0536865454702437,0.012682950991826,0.00987390130069668,-0.0836785247908668,0.00307218662377448,0.00782676129716315
"ALT_B_30_31_vs_40_41",475,-0.00780409688304856,-0.00740554292388886,-0.0538656820105521,-0.0112787415152002,-0.0695646197523142,0.0283340081333809,0.0114166301722827
"ALT_B_30_31_vs_40_41",476,0.00592635455099518,-0.0127797159979107,0.0647127842203493,-0.0828431430756936,-0.0272567864107236,0.0194304516327943,0.00415800074589124
"ALT_B_30_31_vs_40_41",477,-0.0011369143670551,-0.0406200770182224,0.00506451902427027,-0.0919181535586526,-0.0222801106928959,0.0349602191380474,0.0242862749731662
"ALT_B_30_31_vs_40_41",478,0.0102881427871364,-0.0398379000991196,0.0468050783938508,-0.0576209485162702,-0.0411211386467101,0.0380407275470422,0.0428514527317763
"ALT_B_30_31_vs_40_41",479,0.0103499798837735,-0.0426329899174755,-0.0347238511690575,0.0181784709103519,-0.0405755931765679,0.031906463660697,0.0417287954675415
"ALT_B_30_31_vs_40_41",480,-0.0325845567619354,0.00818742455309134,-0.0493979733071026,-0.0109559634095439,-0.0419361748247986,-0.000501129654648692,0.0162692359614635
"ALT_B_30_31_vs_40_41",481,-0.00577893169031389,-0.0533955799327614,0.00376359583688435,-0.0440934293548284,-0.046351126917489,0.0549965670943981,0.0636366965806179
"ALT_B_30_31_vs_40_41",482,-0.00752999692403251,0.000957108264151865,-0.0808628178467678,-0.040348257094254,-0.0287789566306643,0.0393742904098834,0.0404586532034762
"ALT_B_30_31_vs_40_41",483,0.0163789050911298,-0.021309493759289,-0.00309921793639698,-0.0148811987479976,-0.02713958558433,0.01637121565734,0.00929353486778492
"ALT_B_30_31_vs_40_41",484,0.00528444105080812,-0.0254940303020386,-0.046963994014424,-0.0367952563826922,-0.0488840291819078,0.00967782901216687,0.00481949091134975
"ALT_B_30_31_vs_40_41",485,-0.019904652021477,-0.0162477171078895,-0.020903966481601,0.0206131959758719,-0.0299746121516398,-0.00541500283306427,-0.0058819815727932
"ALT_B_30_31_vs_40_41",486,-0.0102718249640643,-0.0553288558055917,0.0143179614174375,-0.0409916210618183,-0.000335005597506655,-0.0392113732107037,-0.0280767301047302
"ALT_B_30_31_vs_40_41",487,0.0125624250482469,-0.00880554925310915,0.00550184140430338,-0.0846019594147973,-0.0782879443444107,0.0419694909321838,0.0421342252430741
"ALT_B_30_31_vs_40_41",488,0.0129619289924806,-0.0181346156058304,-0.0191023616055395,-0.0333906196683441,-0.0290749985571745,0.0401368182361127,0.044106336076763
"ALT_B_30_31_vs_40_41",489,-0.0178916963570858,-0.00831951643722291,-0.00381993439045844,-0.0717777053062868,-0.0207961660713836,-0.00804329398226304,-0.00881932510762477
"ALT_B_30_31_vs_40_41",490,-0.0106573224443152,-0.013402409761498,0.0345224441419754,-0.0450863771361145,-0.0529412018906306,0.0214645781068286,-0.0141324834907337
"ALT_B_30_31_vs_40_41",491,-0.0267428778666572,-0.0394306133574564,-0.0205870372366088,-0.0431468460092113,-0.000328970533335027,-0.050494549986222,-0.0127771429311243
"ALT_B_30_31_vs_40_41",492,0.00763040370560538,-0.0688904949369039,-0.047282424792089,-0.00862321612647432,-0.0571902580777713,-0.00214314050767259,-0.000901983385110924
"ALT_B_30_31_vs_40_41",493,-0.0115272344159982,-0.0275453397869124,-0.0474315426069657,0.00770161991077445,-0.0710551734288035,-0.0112078784998436,-0.0026359337310917
"ALT_B_30_31_vs_40_41",494,-0.0166320105420334,0.0184478593567215,-0.0233029516155192,-0.0242790456646255,-0.0968024974759767,0.0516912961441904,0.0356011631232548
"ALT_B_30_31_vs_40_41",495,-0.0323312896252238,-0.0044476330947955,0.0276436759253971,-0.0474636514100525,-0.0932999632697468,-0.00207114850498225,0.0159538882903864
"ALT_B_30_31_vs_40_41",496,0.0119862893477137,0.00506406652979481,-0.0166445020660049,-0.0429521250041327,0.0476636264473319,0.0505466688469243,0.0510932035660022
"ALT_B_30_31_vs_40_41",497,0.0340355385929026,-0.00389820515674097,0.0188508305103681,-0.00329362440919373,-0.051959580451059,0.0475258391537792,0.0518471011078141
"ALT_B_30_31_vs_40_41",498,-0.00764960944074581,-0.0402086842751262,-0.0200714081337466,0.00102540403578369,-0.076995859005091,0.0111256593667788,0.0204533260584258
"ALT_B_30_31_vs_40_41",499,-0.00946916262160215,-0.0209791460664958,-0.0140015669189891,-0.0145593938375977,-0.039521667739369,0.00174715074885586,0.000138115365519068
"ALT_B_30_31_vs_40_41",500,-0.00552897705629381,-0.0332036959528834,-0.014602413840651,-0.020883684960964,-0.0248702183548403,0.0317296736930484,0.0339242261893227
"ALT_B_30_31_vs_40_41",501,0.00312091088900498,-0.0483084240682728,0.00772490908823109,0.0252928297567125,-0.0917796950661139,-0.000448101154715795,-0.00265108431505975
"ALT_B_30_31_vs_40_41",502,0.0238238313094434,-0.0226521185376936,-0.0124189998541512,0.0223270560562682,-0.0602673407387216,0.0196151071238497,0.0355755600905692
"ALT_B_30_31_vs_40_41",503,-0.000961408948415024,-0.0320086244002389,0.0112129298730405,-0.00131353449360846,-0.0704934564584223,-0.0148354158296212,0.00355663114989101
"ALT_B_30_31_vs_40_41",504,0.00348412675042031,-0.0221681255931597,-0.0200757654340439,-0.0672090464846526,-0.0572791069587832,0.0378796453528273,0.0369767398686496
"ALT_B_30_31_vs_40_41",505,-0.0187216549718182,-0.0403930851511396,0.00786476167186975,0.010441315663062,-0.0642879471458225,0.01915884814083,0.0607564818642735
"ALT_B_30_31_vs_40_41",506,-0.0264696385002757,-0.00882765170701162,-0.0378423354670863,-0.0307439437150244,-0.02098172821616,-0.00677788655138238,0.0716892060326904
"ALT_B_30_31_vs_40_41",507,-0.0449830474701066,0.00354681104068902,-0.0495870184029803,-0.0331781504106719,-0.0580086532444553,-0.0392375369474334,-0.0545221788432047
"ALT_B_30_31_vs_40_41",508,-0.00259772946564178,-0.0541665468159404,-0.0391608371299592,0.0270215353397032,-0.0248237086666149,0.00944457804583303,-0.00387717455069547
"ALT_B_30_31_vs_40_41",509,-0.0132395193086702,-0.0616080465356294,-0.00218957931391608,-0.0136154046133446,-0.079619233871908,0.0340803916454428,0.0355624137581846
"ALT_B_30_31_vs_40_41",510,-0.0214806826303396,0.0144848827132792,0.0215959537370089,-0.0349856051366415,-0.0718539977771798,0.0127785653179597,0.0122094897613567
"ALT_B_30_31_vs_40_41",511,-0.0467594635154063,-0.0449960187263821,0.0320393718839751,-0.0146306006683853,-0.0181046285994776,-0.01497979282,-0.0445902464346951
"ALT_B_30_31_vs_40_41",512,-0.00965391847366818,-0.0274656542087741,0.0102732759955731,-0.00312237982836688,-0.0535640978407638,-0.0447896840878573,-0.0428342053304822
"ALT_B_30_31_vs_40_41",513,-0.0185241734515773,0.000680222496401248,-0.00345676406487869,-0.031372181365532,-0.0126178508858021,-0.000250194953619109,-0.0261177926757669
"ALT_B_30_31_vs_40_41",514,-0.0138310837006817,-0.00817841364099689,-0.00562528349451594,-0.0361898541171017,-0.0104466162710133,0.00426298409580204,0.00481934884597533
"ALT_B_30_31_vs_40_41",515,-0.0249054279591733,-0.0238109390083836,-0.028353067221777,-0.064983423768164,-0.0293145867122165,0.00184441284768942,-0.0114082775174809
"ALT_B_30_31_vs_40_41",516,-0.00651075909811165,-0.0708637909797335,0.035833397627258,-0.0508971205846444,-0.0661398951856668,0.025874402438508,0.0196602968497546
"ALT_B_30_31_vs_40_41",517,0.0321792874621143,-0.0278413961311244,-0.0123054314058629,-0.0246509297543264,-0.0923712045253687,0.0371874029845705,0.0372647321117981
"ALT_B_30_31_vs_40_41",518,0.0180954569893393,-0.0341108902457061,0.00677480863041258,-0.013121558567693,-0.000868598275465926,0.0464263245051754,0.0468138664269672
"ALT_B_30_31_vs_40_41",519,0.0259734134867737,-0.0183793720787296,-0.039962421755861,0.0290917345520026,-0.116750904999493,0.0715734685449223,0.0682021208687942
"ALT_B_30_31_vs_40_41",520,0.0101211207855382,-0.0198212898124267,-0.000274364132185706,-0.0282223612467582,-0.0385908620643401,-0.0013802066232256,-0.00178179487384469
"ALT_B_30_31_vs_40_41",521,0.0205235189628016,-0.0186232138944888,-0.0139466947876317,-0.047723398729088,-0.0417375726828382,0.0122712262223364,0.00301424875628281
"ALT_B_30_31_vs_40_41",522,-0.00918814845094443,0.00665527118707925,0.031880133630464,-0.0754843447313901,-0.0194494690168512,-0.00466873352137614,-0.000717934826994601
"ALT_B_30_31_vs_40_41",523,0.00991252160050617,-0.0247203084046391,0.0162609833406564,-0.0293546141171147,-0.0923045126455027,0.000686951650975938,-0.0329376807682479
"ALT_B_30_31_vs_40_41",524,-0.0124724019159377,-0.0260093216368245,-0.0574401864431213,-0.025633124444683,-0.0166792604630496,-0.0193072083402802,0.0108193415028215
"ALT_B_30_31_vs_40_41",525,-0.0189560887951555,-0.0274682258168126,-0.0536645888486709,-0.0456986489643891,-0.0686461306942646,0.0136192566167741,-0.00932136658429208
"ALT_B_30_31_vs_40_41",526,0.00098323872704565,-0.0291266805458274,-0.037937039358683,-0.00747243857314228,-0.0309840958307511,0.0155191940914996,0.0327653615231858
"ALT_B_30_31_vs_40_41",527,0.0109155996628737,-0.0888946090136402,0.00563907831015242,-0.0601196387515902,-0.0742635812664676,0.022820971092856,0.0223270338312374
"ALT_B_30_31_vs_40_41",528,0.000205732375808156,-0.044955245330521,-0.00156391056735899,-0.0573613947188472,-0.0702485134918867,0.0270860967709939,0.0276554387577551
"ALT_B_30_31_vs_40_41",529,-0.00935726266572852,-0.00350724861012702,-0.0394308525550755,0.00197249012340223,-0.0564385495044203,-3.83812140506493e-05,-0.00328269735386401
"ALT_B_30_31_vs_40_41",530,-0.0014442398722302,-0.0242861470002847,0.0176749206885317,-0.0790475429177014,-0.104277548191629,0.00296746005275865,-0.00678808569203082
"ALT_B_30_31_vs_40_41",531,-0.00466878989038259,0.00304725540341559,0.0368688908517297,-0.0150884349029962,-0.0676362701443626,0.0397084202153534,0.0280226852737559
"ALT_B_30_31_vs_40_41",532,0.00524457533318662,-0.0449327897970062,-0.0585811554189791,-0.063965684601561,-0.0419940379290187,0.00527354292493992,-0.00580069849080899
"ALT_B_30_31_vs_40_41",533,-0.0125653191017656,-0.094796677143184,-0.0504385160864002,-0.00633321983239249,-0.0230058647786885,-0.00468533774956769,0.00622524278616584
"ALT_B_30_31_vs_40_41",534,0.0409795403396083,-0.0627028732531842,-0.0209109993647503,0.0137361469090216,-0.0376398812273488,0.0564887603883402,0.0524647931680597
"ALT_B_30_31_vs_40_41",535,-0.0142667445451207,-0.0396498040230433,0.0372861236605758,-0.0513603470759176,0.0222689843838957,0.0203116061955859,0.0293451852033274
"ALT_B_30_31_vs_40_41",536,-0.0219092640898901,0.000207377800656244,-0.00790008843084974,-0.0439774116922643,-0.0735053504921048,0.000330577500564463,-0.00185925916143183
"ALT_B_30_31_vs_40_41",537,-0.00791939136860405,-0.0082892676402489,-0.0294876393799776,-0.00509871216496052,-0.023601701704256,0.0199920691504627,0.0303669191745537
"ALT_B_30_31_vs_40_41",538,-0.004257415000449,-0.0571223909309798,-0.028987126669514,-0.0122320620847213,-0.0897363133462419,0.0388477787521139,0.0267067094903
"ALT_B_30_31_vs_40_41",539,-0.0196226058111544,-0.0432019571115022,0.037346850071874,-0.0591251851528763,-0.0850577039470375,0.0343575117238526,0.0180544365913958
"ALT_B_30_31_vs_40_41",540,-0.0339561963233932,0.00739156567513358,0.00668063985376158,-0.0647560291519323,-0.0630338884755158,-0.0183930337350289,-0.0132915585917725
"ALT_B_30_31_vs_40_41",541,0.00260008552860062,-0.0476630591240849,0.0314989293251085,-0.0438781964883867,-0.0245400848094791,0.0150957861231358,0.0183080801993464
"ALT_B_30_31_vs_40_41",542,-0.030380834619854,0.0388052222726589,-0.00384466417319115,-0.0271697321628952,-0.0287888321435738,-0.0300392843609572,-0.00606363898216706
"ALT_B_30_31_vs_40_41",543,-0.0154365308910202,-0.0194872948001311,-0.0270409370059126,-0.0327582353208452,-0.143537584969919,0.018941975522104,0.0322620113537628
"ALT_B_30_31_vs_40_41",544,-0.00867638053322469,-0.0429811909490517,-0.0323119578298164,-0.0660670619020789,-0.0303553962168405,0.042144970580881,0.0352450246492934
"ALT_B_30_31_vs_40_41",545,-0.0281593860675116,-0.0174285244398922,-0.0547198133199135,-0.0258457557254188,-0.0272561218332716,-0.0114111221694843,-0.0280940538027165
"ALT_B_30_31_vs_40_41",546,-0.0263868201524455,-0.0396030155928186,-0.0169721936460915,-0.0220691050478242,-0.0205211591039268,-0.000581046038581237,-0.000642904323618354
"ALT_B_30_31_vs_40_41",547,-0.0251405792783207,-0.0591352607528515,-0.028837782859814,0.0363133403490875,-0.10481285594601,0.0190220640730655,-0.00638893754873748
"ALT_B_30_31_vs_40_41",548,0.00469962321374931,-0.0322295976036771,-0.0448567374413278,-0.00571319219817762,0.00181574219229214,0.035829447250002,0.0212883122133105
"ALT_B_30_31_vs_40_41",549,0.00440454216874091,-0.0769111957750487,-0.0311414162409442,0.0138686778199559,-0.0461029649859249,0.0251373228563647,0.0229508171357586
"ALT_B_30_31_vs_40_41",550,0.00874847792224263,0.0218496837058191,-0.0308364625072674,-0.00999079474198883,-0.124033878025328,0.0143152922017298,0.0146357127858174
"ALT_B_30_31_vs_40_41",551,0.00230553034185433,-0.0584002118243347,-0.035603281784435,-0.0519046065707318,-0.0589106455076802,0.00433133531254693,-0.00356008187875612
"ALT_B_30_31_vs_40_41",552,0.0121134145376441,-0.0168963729801728,-0.00373054221448191,-0.0222548648124321,-0.055547161720707,0.00651441651249458,-0.00287010790521558
"ALT_B_30_31_vs_40_41",553,0.00224883059660204,-0.0229845695610915,-0.0377484784907594,-0.0801221489964794,-0.034727321360731,-0.00548395192342276,-0.00484273365681812
"ALT_B_30_31_vs_40_41",554,-0.0408235522647625,0.0022161699627518,-0.0202938710840749,-0.0295456858787442,-0.0554892937823312,-0.0271205796875149,0.00915923946059139
"ALT_B_30_31_vs_40_41",555,-0.00513241146783669,-0.0183304051763013,-0.0378770210350325,-0.0291361147400395,0.0145308681857715,0.0184351388612363,0.0281734445139518
"ALT_B_30_31_vs_40_41",556,-0.0104215144795585,-0.0432604320280736,-0.0400055072784751,-0.0478217197568511,-0.0888588289885305,-0.0402708611770937,-0.0381316486342784
"ALT_B_30_31_vs_40_41",557,-0.0444130178462131,-0.0325381032971389,-0.0059151913481327,-0.0811367121473983,-0.0986224475793832,-0.0360847959443563,-0.0367958413802999
"ALT_B_30_31_vs_40_41",558,-0.0128629791955244,-0.0430247127459403,-0.0233894986221547,0.021045078148157,-0.0147052750192326,0.0129846403329226,0.0171510507284935
"ALT_B_30_31_vs_40_41",559,0.000807241147398274,-0.0118999941221553,-0.00994511981839213,-0.0369040376126568,-0.0904624552629541,0.000478584006971497,0.0175845853153544
"ALT_B_30_31_vs_40_41",560,-0.0112058741223472,-0.0348742703411225,-0.0434019166808737,0.030828271263929,-0.0332501162337548,-0.0103531673157153,-0.010507345997309
"ALT_B_30_31_vs_40_41",561,-0.0122295376252127,-0.0358566898802964,-0.00932749927961227,-0.0231884121410907,-0.0664197854447328,0.0222970038385346,-0.00866308482691379
"ALT_B_30_31_vs_40_41",562,-0.0196025493582294,-0.0593625955085012,-0.0157319921311772,0.0102616875970618,-0.0206204196618974,0.0210387495537708,0.027752223806173
"ALT_B_30_31_vs_40_41",563,0.00966375971029991,-0.0301771339659339,-0.036778279301829,-0.00811613516446621,-0.0719398853643921,0.0170522251428913,0.0177815643091837
"ALT_B_30_31_vs_40_41",564,-0.00018639968556753,-0.0669282265300085,0.000624012382830511,-0.0121637693694015,-0.0550934365769697,0.0025677934586316,-0.00760314638764035
"ALT_B_30_31_vs_40_41",565,0.00884146911428484,-0.0432475237032417,0.0108999135157948,-0.0309024260826391,-0.0133980883053552,0.00228847164798344,0.00395012747342364
"ALT_B_30_31_vs_40_41",566,-0.0101833824611309,-0.0665888430392924,-0.00667851243636694,-0.0529980255982694,-0.0591107122269371,-0.0139489509665919,-0.0333787212293601
"ALT_B_30_31_vs_40_41",567,-0.00242649318651145,-0.0490536431336253,0.0430904285560036,-0.0140321661064707,5.70076469276204e-05,0.00682022503149529,-0.00638323958618883
"ALT_B_30_31_vs_40_41",568,-0.0138995291040269,-0.0785343659500173,-0.024635037106608,-0.0244759028490738,-0.160064117314115,-0.00642848596868453,-0.0335936873440767
"ALT_B_30_31_vs_40_41",569,-0.0216113583051616,-0.00392247660197229,-0.0271786742441518,-0.0147199201909284,-0.0655514504515356,-0.0389861347739543,-0.0359599826355515
"ALT_B_30_31_vs_40_41",570,-0.0104994866068915,-0.0439332969724087,0.0141206403144749,-0.00742384573952776,-0.0892995506132591,0.0445968960263639,-0.00677844048353162
"ALT_B_30_31_vs_40_41",571,-0.0143238171366426,-0.031602117641644,-0.0184010421642705,-0.0292751427613069,-0.0706034386287855,0.00307161445958558,0.0161821820156376
"ALT_B_30_31_vs_40_41",572,-0.0142751057246904,-0.00747803099865477,0.0233526214768254,-0.02009315920248,-0.0205988282034588,0.0121725997645056,0.0208877883621149
"ALT_B_30_31_vs_40_41",573,-0.00177289866879279,-0.0212871052357637,-0.0114200449657995,0.0116653608113323,-0.0548841554074915,0.0196992435015135,0.0129015836105677
"ALT_B_30_31_vs_40_41",574,0.0073690472686926,-0.0101503187926746,0.0165433724215839,-0.0371018352784413,-0.0640510598068061,0.0459745119904623,0.0271428015022011
"ALT_B_30_31_vs_40_41",575,-0.00762108146952734,-0.034934751197917,0.00395050197186694,-0.0089090275408531,-0.0229870399808138,-0.00485956424225056,-0.00975516556657403
"ALT_B_30_31_vs_40_41",576,0.0318528152490456,-0.0400984754094794,0.00986814792432561,0.0121567124372401,-0.0138298120662457,0.00230416654674308,-0.00957255448028134
"ALT_B_30_31_vs_40_41",577,-0.00686475321100719,-0.0494211182641758,-0.0358066668525903,-0.0106821020969471,-0.0427571501912476,0.0213566145053357,0.0160814818120333
"ALT_B_30_31_vs_40_41",578,-0.0218429619680901,-0.0297149423777867,-0.0199424483147445,0.00676346654126164,-0.0861249525433325,-0.00767823984839848,-0.00730389526427872
"ALT_B_30_31_vs_40_41",579,0.0087144029378068,-0.0635390214048853,-0.0257594359007784,-0.0414837137030737,-0.0123788754305978,0.0487864038060305,0.0427135174729405
"ALT_B_30_31_vs_40_41",580,-0.0201178599370389,-0.0342028936420114,-0.0292150612509219,-0.0081857634152194,-0.0250449530449239,-0.01671867445314,-0.0142334473031648
"ALT_B_30_31_vs_40_41",581,0.000621331378357487,-0.0539382470880852,-0.0329986485488063,-0.0412801014766155,-0.0811587961012262,0.0627186540315283,0.056672821522072
"ALT_B_30_31_vs_40_41",582,0.0174440510717254,-0.0196774019844627,-0.0290490902752589,-0.00323907559174316,-0.00713847668366235,0.0349783752856079,0.0415142290428627
"ALT_B_30_31_vs_40_41",583,0.0119392335983227,-0.0470117593702185,0.0293500839250057,-0.00397796325999461,-0.0757107102815958,0.0442022809455714,0.0210447295154118
"ALT_B_30_31_vs_40_41",584,0.0199377900885823,-0.0457072571760922,0.0152977711321081,-0.0419632041535904,-0.080475850685636,0.045951833691665,0.0608502750643229
"ALT_B_30_31_vs_40_41",585,0.00271941909126661,-0.0339266436681492,0.0293142042081263,0.0217845743119436,-0.0153065509404116,0.0397907838433872,0.0293412357150895
"ALT_B_30_31_vs_40_41",586,-0.0190997549314993,-0.0225574341116103,0.00533439937994959,0.00334351596361179,-0.119263032987258,0.019933662836817,0.0207297821811065
"ALT_B_30_31_vs_40_41",587,0.003843906838508,-0.0425555458658734,-0.059098546096001,-0.0402724723356204,-0.0734905384652006,0.0207267722777186,-0.00726974028379604
"ALT_B_30_31_vs_40_41",588,-0.0142666336255311,-0.0189929591544373,-0.0469322666179967,0.0197144122510448,-0.0425246524496103,-0.00435478215998445,0.00339065699536733
"ALT_B_30_31_vs_40_41",589,0.0110172864159921,-0.0445440533426356,0.00993695203292003,-0.0736910737837403,0.012862476446911,0.0318808015307597,0.0395638005523595
"ALT_B_30_31_vs_40_41",590,0.000495688708750899,-0.0237009097321095,-0.0439363151178468,-0.0537148424625893,-0.0736647400502733,0.019535213459393,0.0288463969422642
"ALT_B_30_31_vs_40_41",591,-0.0165425897983613,-0.0388351168643298,0.0553616508496107,0.00276298643097406,-0.0882111423488238,0.0231383625798541,0.0234624306445447
"ALT_B_30_31_vs_40_41",592,0.00254096781150905,-0.0666851069030976,-0.0132314657386259,-0.0466874538463744,-0.0812486770990502,0.0448262454878867,0.0448262454878867
"ALT_B_30_31_vs_40_41",593,0.0102795716575393,-0.0527064745592519,0.0215946524001507,-0.0324123937246154,-0.0815798028399768,0.00648014723778829,0.006117469129035
"ALT_B_30_31_vs_40_41",594,-0.00255051498155984,-0.0219432075974243,0.0485297517254554,0.0235079143753768,-0.0234700830228524,0.0303677905786178,-0.00590947938463596
"ALT_B_30_31_vs_40_41",595,-0.0162557350711863,-0.0571116383268719,-0.00810050063355874,-0.0245773387021546,-0.0285831531189508,0.0449104233763147,0.0385195898272356
"ALT_B_30_31_vs_40_41",596,-0.011521601008914,-0.0431671129820625,0.00306280726989257,-0.0264270769169237,-0.0765391589193634,0.0263582218591348,0.0339960557986547
"ALT_B_30_31_vs_40_41",597,0.0231959570403662,-0.0559319586530742,0.0233488751305503,-0.00570783468389724,-0.105894860629507,0.0714167584256895,0.0556465295698514
"ALT_B_30_31_vs_40_41",598,-0.01079283715076,-0.0153716577966941,-0.0268566616651129,-0.0122008835493324,-0.0453865128084985,0.0234222744789091,0.0155457911249385
"ALT_B_30_31_vs_40_41",599,0.0242263141750404,-0.0684471811536546,-0.015367952213889,0.00892091424515457,-0.0526076446619721,0.0666442615579756,0.0581416305557961
"ALT_B_30_31_vs_40_41",600,-0.0170602712698024,-0.0512334929508594,0.0135711146420916,-0.059894214222902,-0.0184814431022623,-0.00520973933902434,-0.00165080839062553
"ALT_B_30_31_vs_40_41",601,0.0192608184508224,-0.0338660704698184,-0.03113444469797,-0.0674501031657231,-0.083562837274488,0.0317977644056397,0.0222527553729954
"ALT_B_30_31_vs_40_41",602,-0.0273624507665843,-0.007695599954178,-0.0238936770123258,-0.0147571124448352,-0.0290250474643594,-0.00605066541869497,0.0186753919329927
"ALT_B_30_31_vs_40_41",603,-0.00681426284303838,-0.00523483128635192,0.0242344329105813,-0.0284111152577139,-0.0218801375499688,0.028395952051303,0.0286524213892551
"ALT_B_30_31_vs_40_41",604,-0.0231003798179486,-0.0560958641006338,-0.00487356709351577,-0.00180718123380755,-0.108102930358039,0.0118319122518634,-0.0214703549226779
"ALT_B_30_31_vs_40_41",605,-0.000300559715941076,-0.0283718237051566,0.0628641938233724,-0.0324605257823167,-0.0400532339522513,0.029954163107152,0.0239421339074604
"ALT_B_30_31_vs_40_41",606,-0.00659986502915116,-0.0299873741861809,-0.028602452922672,-0.0371420618113032,-0.00891860593476484,0.00794729829895578,-0.0125171022894181
"ALT_B_30_31_vs_40_41",607,0.0189904106192911,-0.0370213618136234,0.0117614399684559,-0.0666153944420991,-0.0169161744716044,0.0657278033056166,0.0786619497712393
"ALT_B_30_31_vs_40_41",608,-0.00295287249364853,0.0207751065929384,-0.0464684047276059,-0.0598897963794475,-0.014930739492498,0.0074753552997729,0.00941708834127071
"ALT_B_30_31_vs_40_41",609,0.0132722659778423,-0.0169852695952051,0.0388876141582408,-0.0408889671452856,-0.0356440245519999,0.03348494035374,0.0384951336943573
"ALT_B_30_31_vs_40_41",610,0.0139841823475705,-0.0070569053974453,-0.047066791586144,-0.0653518404789755,-0.0719928048973178,0.0351097189830772,0.0388902746025542
"ALT_B_30_31_vs_40_41",611,-0.000117510404223135,-0.049592953965094,-0.020304852036851,0.0108181213332727,-0.0390496068811252,0.0579509650792764,0.0592741345518854
"ALT_B_30_31_vs_40_41",612,-0.00832436774502197,0.0308118856629613,-0.0128786556226427,-0.0494764359469825,-0.00819700932522283,0.0354370907791083,0.0405500534636318
"ALT_B_30_31_vs_40_41",613,-0.0165014545711969,0.0372926814969066,0.00274486390653275,-0.0935876778963809,-0.00212483152305543,-0.0251757832488654,-0.0167383865581512
"ALT_B_30_31_vs_40_41",614,-0.00968924427642863,0.00657523401870171,-0.0449719261536423,0.0413945627994975,-0.0956143187926783,-0.0204290135635946,-0.0301996782248952
"ALT_B_30_31_vs_40_41",615,-0.0115556210012153,0.00384756014438831,-0.0162461503967227,-0.029481588082928,-0.0736681792907177,0.0155815059796727,0.0342452389707336
"ALT_B_30_31_vs_40_41",616,0.0211186862339592,-0.00905203539888116,0.0423425562123435,-0.0733437615199458,-0.0953055947294831,0.045865128508477,0.0355959359108349
"ALT_B_30_31_vs_40_41",617,0.0175181356415005,-0.0627205984136658,0.0222043874136773,-0.0267134231511226,-0.132348991524119,0.00777580948937538,0.0463587790588332
"ALT_B_30_31_vs_40_41",618,-0.00369885659819389,-0.0713747756791591,-0.0888366667617361,0.0270924065362293,-0.0989360801696543,0.0131931656625726,0.000976253905392972
"ALT_B_30_31_vs_40_41",619,0.010812416081976,-0.0394076279003376,-0.0279952427569276,-0.00255050311226504,-0.0399365370252706,0.0691362799513824,0.0571418191717117
"ALT_B_30_31_vs_40_41",620,0.00123693533385671,-0.0266423886692625,0.034234930992742,-0.0426670016658981,-0.0818202093729352,-0.0155166809274659,-0.010210181067809
"ALT_B_30_31_vs_40_41",621,-0.00997945735601001,-0.0381173820046047,0.012381554573027,-0.05491187453508,-0.0460712086333275,0.00555183065361381,-0.00333490824925448
"ALT_B_30_31_vs_40_41",622,0.00639755893139213,-0.0522814940861005,0.00521773950723313,-0.00946717731508459,-0.0174964845457763,0.0171540323533108,0.00812166024297708
"ALT_B_30_31_vs_40_41",623,-0.0135346642306724,-0.0435639510851423,0.00282165266139808,-0.0287113681547678,-0.0151386718765276,-0.0267087397345205,-0.0460972045036322
"ALT_B_30_31_vs_40_41",624,-0.00323531654113468,0.0179024854263544,-0.0114384044831677,-0.087203790366808,-0.0732656372221512,-0.00182587811007935,0.00441461936738728
"ALT_B_30_31_vs_40_41",625,-0.0144066655458167,-0.0330612349775476,0.00403299512352523,0.0453761992904523,-0.0483158966968921,-0.0114445789199705,-0.0220594635884174
"ALT_B_30_31_vs_40_41",626,0.0119831262399771,-0.0535198747960857,-0.0101176884394153,-0.0802767836835306,-0.0268151029644764,-0.0264159454188689,-0.0274053596504297
"ALT_B_30_31_vs_40_41",627,-0.0128850390737569,-0.00953307654851206,-0.0389635849739582,-0.0667731339444149,-0.0731475818784716,0.0109642031230635,0.0115710620669631
"ALT_B_30_31_vs_40_41",628,0.0160876425057666,-0.0601686817348364,-0.00600817255870398,-0.0271416664120329,0.00913726816194088,0.0223853577075217,0.00214241611247856
"ALT_B_30_31_vs_40_41",629,0.0217025075861603,-0.0272308713522834,-0.0909743284019836,-0.050435723111341,-0.0579327449911006,0.07470743885131,0.095348633188529
"ALT_B_30_31_vs_40_41",630,-0.0101267690769355,-0.0620982700284897,0.00107237430540355,-0.0434743270954863,-0.059266767873404,0.0119712893261884,0.0213716161035521
"ALT_B_30_31_vs_40_41",631,-0.00267619408181504,-0.0845768733962286,-0.0430549027914662,-0.0456953662839028,-0.000442873614493799,0.0259298854559651,0.0246056355120532
"ALT_B_30_31_vs_40_41",632,0.000755039980678544,0.0166327663629149,0.016058701060522,-0.032037083850622,-0.0315303254570295,0.0211326831718858,0.0272280522505479
"ALT_B_30_31_vs_40_41",633,0.00282980605422681,-0.0283742146206085,-0.00672824804589683,-0.0377149905681619,-0.0193103863598895,0.0244806634411424,0.0261604316418941
"ALT_B_30_31_vs_40_41",634,0.00940045912140574,-0.0514298768128733,-0.0111118877007933,0.00785264993579132,-0.0670097574784523,0.0397830502491102,0.0379787070440127
"ALT_B_30_31_vs_40_41",635,0.0283497041154756,-0.0446726015072174,-0.0829423275797682,-0.043273862258749,-0.102184228245561,0.0262062211532477,0.0148700206825883
"ALT_B_30_31_vs_40_41",636,-0.0264903551175179,-0.0635462252174804,-0.00812833853411765,-0.000997996508894816,-0.0636258409776714,-0.0109189576792812,-0.0367416992122946
"ALT_B_30_31_vs_40_41",637,0.0162920921000864,-0.0117671804264629,-0.00641821081089497,0.0131004895723253,-0.0733137378834664,0.0354783558765579,0.0428021002820356
"ALT_B_30_31_vs_40_41",638,-0.0118223768206489,-0.0507706922938737,-0.0187440641221563,-0.0571740535538522,-0.0291764224585906,0.0174016339217878,0.0684807725593767
"ALT_B_30_31_vs_40_41",639,-0.006084171113753,-0.0344547516371463,0.03890147034353,-0.04188457471299,-0.0726141056377499,0.010176489332083,0.0096873594513192
"ALT_B_30_31_vs_40_41",640,0.00507564493860581,-0.0485564648258443,0.0058840567058783,-0.0504375536115472,-0.0209077936270698,0.00632577989438766,0.00710086881384413
"ALT_B_30_31_vs_40_41",641,-0.0170247367544928,0.0138149391281084,-0.0453717928097507,0.0133802309196588,-0.0558055410517423,0.0147189530049463,0.0169258348967607
"ALT_B_30_31_vs_40_41",642,-0.0110508642696229,-0.0735445334829143,-0.0194813500377195,-0.0682128268329871,-0.0338180405130316,-0.0215139740155806,-0.0365050079753964
"ALT_B_30_31_vs_40_41",643,-0.00206255627335025,-0.0296477989080901,-0.0146757740302316,-0.0432013738317477,-0.0492582005435026,0.0104715905467954,0.00457974987067915
"ALT_B_30_31_vs_40_41",644,0.00352345980385036,-0.00873104356950821,-0.0242866111093159,-0.0255876409220618,-0.101547156094353,0.0119229357580959,0.0119168266931499
"ALT_B_30_31_vs_40_41",645,0.0164823402986296,-0.0442201094746387,0.0129466698917407,-0.0376334943351671,-0.113091933459957,0.0239939823331906,0.0224046291938525
"ALT_B_30_31_vs_40_41",646,-0.00682492422435851,-0.0654158213688725,-0.0297530507313682,-0.0432803571212126,-0.122148835872941,-0.00964599914638989,-0.0182517849190234
"ALT_B_30_31_vs_40_41",647,0.0142650752006193,-0.0176184494854537,-0.00632200003413222,0.000485454319053114,-0.0445457158649529,0.0235268792480788,0.0153740779646463
"ALT_B_30_31_vs_40_41",648,-0.00501801531521803,-0.0490784191790965,0.00698132344757735,0.0134806138417442,-0.0727110752413349,0.00993958875727875,0.018832844745694
"ALT_B_30_31_vs_40_41",649,-0.00860687862608161,-0.0524465092755658,0.00776684217549345,0.0252089633541193,-0.0468829074095889,-0.0108060685196203,-0.00360773426325378
"ALT_B_30_31_vs_40_41",650,-0.0358796248894233,-0.0232007235083719,0.0447862560112712,0.0133341972619822,-0.0334197542909275,0.0177314826465237,0.00433667248259462
"ALT_B_30_31_vs_40_41",651,-0.0157431883850997,0.0128529164835356,-0.0620211634205692,0.0190922764663773,-0.0202277833424266,0.0458820578163429,0.0386428127161223
"ALT_B_30_31_vs_40_41",652,-0.00764062234632401,-0.0199171344823258,0.00418531780674539,-0.0801696962956682,-0.0533516089805197,0.00203870879699222,-0.00168995929962497
"ALT_B_30_31_vs_40_41",653,-0.0145965575226899,0.00960302877260305,-0.0230229724748256,-0.0635314808739758,-0.00887304033240793,-0.00885569660923018,-0.0109129633171718
"ALT_B_30_31_vs_40_41",654,-0.0260069577723953,-0.0160788341218548,-0.0204794620462002,-0.00986231144420072,-0.0289615572391479,0.00862724424529285,0.00182512657781642
"ALT_B_30_31_vs_40_41",655,-0.0181159513151412,-0.0341803883448152,-0.0235648542408605,0.0670417216734522,0.0108784000357718,0.0114183496964591,0.0226970067124488
"ALT_B_30_31_vs_40_41",656,0.00283065029898596,-0.0115591175713713,0.0121931115346889,-0.0392394004708958,-0.0671769223497637,0.0173607723997686,0.00742284834447658
"ALT_B_30_31_vs_40_41",657,0.0108316494327136,-0.0600136743211927,-0.000475075882840265,0.00992360194512937,-0.054270175839602,0.00448645737447557,0.0113462323204434
"ALT_B_30_31_vs_40_41",658,-0.0194644688388523,-0.0275018520774322,-0.0302289150314352,0.00929321658551008,-0.0437431087996183,-0.00991433812700715,-0.00817564825632752
"ALT_B_30_31_vs_40_41",659,-0.00211087779501096,-0.0626078976812905,0.0109450786968218,-0.0362989414453198,-0.0362516750351924,0.0136930592712397,-0.00405092745440674
"ALT_B_30_31_vs_40_41",660,-0.0204515714840525,-0.0147762866700132,-0.0613292367452356,0.0212782857346053,-0.0225023539088996,-0.0179654374402805,-0.000579262517461585
"ALT_B_30_31_vs_40_41",661,0.00879306488538184,-0.0624637212831167,-0.0291699653267449,-0.0260182595576975,-0.0549144840074951,0.0381126599992624,0.0175046003088209
"ALT_B_30_31_vs_40_41",662,-0.00876201014724431,-0.0392422911069694,-0.0315728579259527,-0.0101929443378304,0.0147597909144527,0.0296878530796636,0.0138896436473438
"ALT_B_30_31_vs_40_41",663,0.00301396793722399,-0.0229812006294324,-0.00332038367242607,-0.0277251409312713,-0.0337892921864593,0.0275364893612945,0.0298440188507511
"ALT_B_30_31_vs_40_41",664,0.0172744029634521,-0.0333658635328122,-0.0655919012879826,-0.047040961245242,-0.0037810197251863,-0.00451641473432496,-0.00337586228439575
"ALT_B_30_31_vs_40_41",665,-0.0197233547699368,-0.047818148820747,0.0339066840722929,-0.00706998229284786,-0.0870073643524832,-0.0127307775229564,-0.0122687103879506
"ALT_B_30_31_vs_40_41",666,-0.00164842868224412,-0.0362859009892322,-0.0467148157266329,-0.0437447318377747,-0.050768685944401,0.0393215919809163,0.00865495903727985
"ALT_B_30_31_vs_40_41",667,-0.00834843222473047,-0.0449814796220217,-0.0272115255290103,0.0238474243996182,-0.0617614122731283,0.00727158420109519,0.0152025877573449
"ALT_B_30_31_vs_40_41",668,0.00504349547230435,-0.0293530060151732,-0.0215538894670615,-0.036445072683556,-0.0777247375204201,0.0287777082664761,0.0145616564111241
"ALT_B_30_31_vs_40_41",669,-0.0151008120410611,-0.0890178893752051,-0.0159265608861691,-0.0362872098382314,-0.00269258164965724,0.0288579094186107,0.0548594615036739
"ALT_B_30_31_vs_40_41",670,-0.0103681668967823,-0.00459500247492715,0.00230782394830273,-0.0465695919000613,-0.047153962822744,0.0169784204860022,0.00867685568054424
"ALT_B_30_31_vs_40_41",671,-0.00955323229422957,-0.010823549912992,0.0134134792313193,-0.0408108298114353,-0.0461244126303948,0.0011499218450984,0.00367311442159085
"ALT_B_30_31_vs_40_41",672,0.0107626598968564,-0.0144915975214359,-0.040904972926948,-0.0160892373203042,0.0258720148484768,0.0215747902306358,0.0113958013092155
"ALT_B_30_31_vs_40_41",673,0.0129688998312556,-0.0485126793340549,0.00116691908057535,-0.0305393561781405,-0.0901853132048724,0.0241608142931961,0.0254594987996352
"ALT_B_30_31_vs_40_41",674,-0.00718107436995208,-0.0357222861675184,0.0264163426337625,0.0141196325240529,-0.108763794043888,0.0200494181023659,0.0398511030715754
"ALT_B_30_31_vs_40_41",675,-0.00567363260532839,-0.0695344468759356,-0.00741968828953338,-0.0799935661424497,0.0129514873536737,-0.00120582921442209,-0.00996034027495503
"ALT_B_30_31_vs_40_41",676,-0.0396412242108737,0.0201279077241588,-0.0243302068344605,0.0457146175740901,-0.0307994856034261,-0.0302257610949505,-0.0421732037606499
"ALT_B_30_31_vs_40_41",677,-0.0197384522078407,-0.0370128103886025,0.0224368378486303,-0.0353547296789536,-0.0673898297389733,-0.00388126530023579,-0.00523602246132011
"ALT_B_30_31_vs_40_41",678,-0.0145408723422391,-0.00791284590511721,-0.0844683566646476,0.0192775516957044,-0.0226082056501904,0.00599052147573373,0.00440755394483623
"ALT_B_30_31_vs_40_41",679,0.026093213484225,-0.0567928954178614,0.0694625198903559,-0.060399484597403,-0.0220539754039805,0.0757715163413718,0.0734157793277969
"ALT_B_30_31_vs_40_41",680,0.000144188581462694,-0.0229230187080336,-0.00957625334420806,-0.00794552420045799,-0.0489240515280371,0.0137184141104777,0.00829528167371989
"ALT_B_30_31_vs_40_41",681,0.0213820763219227,-0.00933195146751328,-0.0145385972050635,-0.0153039163099486,-0.09202017898932,0.0327656570302337,0.0189485722488446
"ALT_B_30_31_vs_40_41",682,0.00414740072141009,0.0202025141426475,-0.0569087680521914,0.0143101523353909,-0.0558683817279196,0.00743664394238347,0.0153613079720921
"ALT_B_30_31_vs_40_41",683,-0.0263279512290235,-0.032864686941581,-0.0327277531048229,-0.0311773158484081,0.0119465888598198,-0.00397707835598984,-0.0220789407874138
"ALT_B_30_31_vs_40_41",684,-0.00914089880515158,-0.0680764295864395,-0.0507471811631445,0.0159910667221639,-0.0437209499070828,-0.0235183695666971,-0.0275853474491278
"ALT_B_30_31_vs_40_41",685,0.0338046735492392,-0.0575027192502055,-0.0177182051716288,0.000996710895751179,-0.0281629183334729,0.0450040077521091,0.0392884617690126
"ALT_B_30_31_vs_40_41",686,-0.00597617356629503,-0.0275983451285872,0.0243481369299168,-0.0308465041130236,-0.0516573655970519,0.00602710628932174,0.00558435476136289
"ALT_B_30_31_vs_40_41",687,0.00875911964553611,-0.0199743086785459,0.0251146604434538,0.00462484750596767,-0.0050236849521848,0.0286864717616943,0.0399951480858793
"ALT_B_30_31_vs_40_41",688,-0.0357277522409779,-0.0184459354146162,-0.0630710327352761,0.0142563738475704,0.00236775024622388,0.00983415862659428,0.00723943099536429
"ALT_B_30_31_vs_40_41",689,-0.0119687587530654,-0.000501804228531091,-0.0566660193569125,0.0103422250721728,-0.0939304648205641,0.0273324682346946,0.0103437324547787
"ALT_B_30_31_vs_40_41",690,-0.00429160793050536,-0.0402634239706044,0.0272627413337296,-0.0287953830633853,-0.0635065342466471,0.0322751307429736,0.0212089099576189
"ALT_B_30_31_vs_40_41",691,0.00953454686607656,-0.0131512897024265,-0.0260419405578818,-0.0242915563610696,-0.00179719510753096,0.0384124839743764,0.038492168103345
"ALT_B_30_31_vs_40_41",692,-0.00603941851440603,-0.0156771695663328,-0.0202008752944687,-0.0222712885996705,-0.00802292436198648,0.00588957031872707,0.0064850486956978
"ALT_B_30_31_vs_40_41",693,0.0176988589692419,-0.0224818364368407,-0.0332328368700794,-0.0369410672033351,-0.0517011942946704,0.0136987717255001,0.0298510010716181
"ALT_B_30_31_vs_40_41",694,-0.0257917930559394,0.00538154104698511,0.00767910751088161,-0.0334400616417709,-0.0207715968931073,0.0041871425822456,0.0124142512717667
"ALT_B_30_31_vs_40_41",695,0.00100026429528787,-0.0530974148184811,-0.080275255164475,-0.0452139163997155,-0.0629075188893569,0.00924880802880686,-0.00367668329358931
"ALT_B_30_31_vs_40_41",696,-0.0166926624957246,-0.0365902008051626,0.0257831210684319,-0.0181544187648492,-0.044949520480063,0.0194679849918659,0.0277585554089141
"ALT_B_30_31_vs_40_41",697,-0.0383605357056722,-0.00265111941346845,0.0146434538111658,-0.0970393121427046,0.00917400576672101,-0.0166228472947882,-0.0147430900175774
"ALT_B_30_31_vs_40_41",698,0.00478510916744602,-0.00758632756603933,-0.0375138679133761,-0.0220145339188797,-0.075265977525608,0.0143777970355701,0.00495371985499921
"ALT_B_30_31_vs_40_41",699,0.00508746506047261,-0.0242684998653998,-0.0214484219967117,0.0313996890733946,-0.00430959982855811,0.0140896647170639,0.0104832233348076
"ALT_B_30_31_vs_40_41",700,-0.0254613841861179,-0.0297537762494139,-0.0320028128868235,0.0061154226671058,-0.0478391287123879,-0.0074300090208512,-0.0180204189588984
"ALT_B_30_31_vs_40_41",701,0.00679703387160742,-0.00465845749176337,0.00973628725913278,-0.0152964541804183,-0.028180506600782,0.0209485549364186,0.010330681652379
"ALT_B_30_31_vs_40_41",702,0.0198745167791648,-0.0417549112990623,-0.0297103111483269,-0.0405821922275631,-0.0548293447319024,0.0438863808668064,0.0634992748699637
"ALT_B_30_31_vs_40_41",703,0.0231988603148726,-0.060808472248271,-0.0229398661679729,-0.0195287689030905,-0.102522321528299,0.0268731646280073,0.0297272462837419
"ALT_B_30_31_vs_40_41",704,-0.00779552489989498,-0.0399959997199786,-0.0101308108403506,0.00582805917894283,-0.039741320518519,-0.00559819406122308,0.00128767371557435
"ALT_B_30_31_vs_40_41",705,0.00903818843377466,-0.029662851572156,0.0174849654028664,0.00885589703579936,-0.0734820376175028,0.0234364353234507,0.0528438732811243
"ALT_B_30_31_vs_40_41",706,-0.00866127768170528,0.00675022055872276,-0.0362750518457228,-0.0260599985513647,0.018210338638033,0.0157630752039779,0.0176067105938178
"ALT_B_30_31_vs_40_41",707,-0.0124404472584315,-0.032594964842839,-0.0267429689661468,-0.0238958309543275,-0.021133662839688,0.0121905050715497,-0.00778810629600408
"ALT_B_30_31_vs_40_41",708,0.0402471666695851,-0.00909079122962407,-0.0121151070020855,-0.0209300465734128,-0.062339081092788,0.0591001895530259,0.0628888261437137
"ALT_B_30_31_vs_40_41",709,-0.0241370346565978,-0.0315441108683612,0.0126790162550533,-0.0328400167855719,-0.00232514760729974,0.00984107814749205,0.0105696540634167
"ALT_B_30_31_vs_40_41",710,-0.04926294007994,-0.0245303519990212,-0.00923455101741272,-0.0296449729311076,-0.0856278973998094,-0.02576918921478,0.00927866935260248
"ALT_B_30_31_vs_40_41",711,0.000342142310629227,-0.030997832603525,0.00359289775623545,0.00475317461262981,-0.0470362813654938,0.035007342494028,0.0256838980847612
"ALT_B_30_31_vs_40_41",712,-0.00605122255560271,-0.00553613977719634,0.0308369638898323,-0.00615752674851333,-0.0413816104489585,0.0507797424362421,0.0477787049029056
"ALT_B_30_31_vs_40_41",713,0.00259474618895154,-0.0269154260505649,-0.00698977217966365,-0.0734170856110431,-0.0167403881372901,0.0254556581752422,0.0273461246269499
"ALT_B_30_31_vs_40_41",714,-3.40938991326423e-05,-0.0317842655852833,-0.014161222954962,-0.0495803310239648,-0.0187020861986076,0.0136146106264774,-0.00824840867073675
"ALT_B_30_31_vs_40_41",715,-0.0141759077439898,0.00378041759321573,-0.0277491008891892,-0.0242925918931261,0.0199575364913013,-0.0190492592368181,0.0152266843652305
"ALT_B_30_31_vs_40_41",716,0.0151564624829278,-0.0430402893657942,-0.0168571710884695,-0.0084557723988351,0.012226968926024,0.0279597908833119,0.0279597908833119
"ALT_B_30_31_vs_40_41",717,0.00333380462563616,-0.0443044088530413,-0.00375560048449528,-0.0624753234728023,-0.0288174688630191,0.0289249119558766,0.00949715040690531
"ALT_B_30_31_vs_40_41",718,-0.00421186168552008,0.0220454879307467,-0.0584113311418533,0.00103441961901213,-0.00232085160403422,0.0308186860655733,0.0300327441431007
"ALT_B_30_31_vs_40_41",719,-0.0058245277424244,-0.0401281476539759,0.0144692868581355,-0.0188368083141745,-0.0680247933552714,0.000563852820462646,0.00487139166881896
"ALT_B_30_31_vs_40_41",720,-0.0163508228181423,-0.0423213523621333,0.0157400200635465,-0.030110464936827,-0.0252264681806255,-0.00503515022188504,-0.00503515022188504
"ALT_B_30_31_vs_40_41",721,0.00332160471712833,-0.0128266829196235,-0.0172188080632248,-0.0518850170242145,0.0130367483774116,0.030672939215975,0.0304913510500806
"ALT_B_30_31_vs_40_41",722,-0.0111099375007472,-0.00910624021759752,0.00884445058186237,-0.0894438339106529,-0.0184646034553854,0.00309453526012249,0.000214677439030808
"ALT_B_30_31_vs_40_41",723,-0.0140317816872062,0.0125808398563464,-0.0491187657465812,-0.0128564798702607,0.0174223511267894,0.016157264492918,0.09392799968011
"ALT_B_30_31_vs_40_41",724,-0.0184103220782986,-0.0412229212716181,0.0164974546698235,-0.060204603347277,0.0479706132430063,-0.0230405476355119,-0.0187308026294153
"ALT_B_30_31_vs_40_41",725,-0.0245858518292085,0.0123081347800249,0.00943790676039322,-0.0440124802651775,0.00240524825082883,0.0210076328751312,-0.010941402958619
"ALT_B_30_31_vs_40_41",726,-0.0339803321362385,-0.00042072801311499,-0.0148961322561877,0.0157094531735262,-0.017029812178574,-0.00729395107929968,-0.00729395107929968
"ALT_B_30_31_vs_40_41",727,-0.0300298480436831,-0.0548060878536855,-0.0388861898071673,-0.0223224039484869,-0.0575955769614059,0.0286703698168351,0.0309749150626681
"ALT_B_30_31_vs_40_41",728,0.0333207508347011,-0.0203116244711251,-0.0529994058355517,-0.00296711335356625,-0.0382118357715779,0.0597436980890936,0.0619245517549438
"ALT_B_30_31_vs_40_41",729,0.00841039735571291,-0.00486758108180303,0.0267508524873614,-0.0760968047535819,-0.0788701903886891,0.0183036282700948,0.040410708397738
"ALT_B_30_31_vs_40_41",730,0.00543574532137166,-0.0191884644128296,-0.0180903700510413,-0.0756320143086206,-0.0426016668235088,0.0402788022445694,0.0380161066893621
"ALT_B_30_31_vs_40_41",731,-0.00101412524752981,-0.0508099612840011,-0.058640199066755,0.014853527868715,-0.0824799764103864,0.0251843134643731,0.0257057199461234
"ALT_B_30_31_vs_40_41",732,-0.00615874265337218,0.000466101558594195,-0.0104737613718964,-0.0125294270088683,-0.0201665820012707,-0.031030791281165,-0.0231854159456282
"ALT_B_30_31_vs_40_41",733,0.00975594719980901,-0.0298292436946481,-0.00285709990896166,-0.0434256397991971,0.00169510969354142,0.0296745429114648,0.0296771482652075
"ALT_B_30_31_vs_40_41",734,-0.0411983494124955,-0.0195097425590942,0.00392805967826648,-0.0143950136976529,-0.0831561866799366,-0.0246331565431427,-0.0274782127344226
"ALT_B_30_31_vs_40_41",735,-0.0214816237428523,-0.0300747580360903,0.00438515969556966,-0.00785811976618872,-0.0498192857342246,0.0314997499554502,0.0199583660168708
"ALT_B_30_31_vs_40_41",736,-0.00828638786002588,-0.0394894540689791,0.00183062318077007,0.000745954077571082,-0.0628039821080597,-0.00703589276490332,0.00122014173288111
"ALT_B_30_31_vs_40_41",737,-0.024496016988791,-0.0146172590028976,0.0410657316148784,0.00446585125016591,-0.0797971562627335,0.00884631901850488,-0.00185698451695786
"ALT_B_30_31_vs_40_41",738,-0.00205869445510098,-0.0194940296252705,-0.0384850243604624,0.0450317126988806,-0.0590137374815899,0.0269279148841784,0.0274541065415971
"ALT_B_30_31_vs_40_41",739,-0.00662382688215841,-0.0575802819345387,-0.0552521813219207,-0.0309074598870223,-0.10428595499842,0.0104916446494615,-0.000812273121915626
"ALT_B_30_31_vs_40_41",740,-0.00470564417845568,-0.0198230361042039,0.0198836364486288,-0.0316750252517148,-0.109275786709214,0.00779866072232641,0.0143202489035499
"ALT_B_30_31_vs_40_41",741,0.016797026347498,-0.0287791609215304,0.0043095386357318,-0.0287673523459752,-0.00535647054263805,0.0266331346745137,0.0330454695789218
"ALT_B_30_31_vs_40_41",742,0.0105111251612211,-0.0193934994138475,-0.0637567495272502,-0.0224477287731964,-0.0763337513681117,0.0628569282913789,0.0714142418720343
"ALT_B_30_31_vs_40_41",743,-0.00781397677722858,-0.0605008083157177,-0.0431064806874806,-0.0294530880180345,-0.0343135271326164,0.0109551761691527,0.00388666435030727
"ALT_B_30_31_vs_40_41",744,0.0117466988715093,0.0209276031664385,-0.0134215830574051,-0.0592465002590145,-0.0312558484615096,0.0577957165786677,0.0394085178711784
"ALT_B_30_31_vs_40_41",745,-0.00637454134937954,-0.0268264791868055,-0.0573492344749537,0.00482745534331644,-0.0272663229452799,0.0286656712876847,0.0142458080122334
"ALT_B_30_31_vs_40_41",746,0.0260923058190775,-0.0360734280881547,-0.0113810250503552,-0.0808023817414774,-0.0315873093235957,0.0501168016593127,0.0757869237554262
"ALT_B_30_31_vs_40_41",747,-0.0160820826398134,0.0313010675038952,-0.108696059953881,-0.0431401273932857,-0.0207878952158086,0.0642628856054468,0.0512617758996639
"ALT_B_30_31_vs_40_41",748,-0.0115361796395119,-0.0169544431890485,-0.051673760694915,0.0228447711819303,-0.066216680341485,0.00633383656466176,0.0043740706436721
"ALT_B_30_31_vs_40_41",749,-0.0198725924002189,-0.0376538349549206,-0.00179972034194256,-0.0751567652640295,-0.0459121156017222,0.0263968756017732,0.00986123357186124
"ALT_B_30_31_vs_40_41",750,0.00365393447039364,-0.0584073469622491,-0.00347097586787967,-0.0941100437230952,-0.0170293912427363,0.00370289108812889,0.00730782366165877
"ALT_B_30_31_vs_40_41",751,-0.0191919816297952,-0.0470600188662008,-0.030943560943075,-0.00943450140293589,-0.103561492774912,-0.0169250769049696,-0.015889421521536
"ALT_B_30_31_vs_40_41",752,-0.0192085003766611,0.0222778664116042,-0.0493061594944083,-0.0223459020339598,-0.0458838904036982,-0.0179747006343589,-0.0223699879906174
"ALT_B_30_31_vs_40_41",753,0.00980850696817626,-0.0465426359043819,0.00301340198080127,0.00847146185879916,-0.0575211400071997,0.0174713353325473,0.0251996691034685
"ALT_B_30_31_vs_40_41",754,0.00871366914679071,0.000806479958960327,-0.0106305665342114,0.00739591896633729,-0.0532752938016398,0.00430595882044722,0.00660390269624438
"ALT_B_30_31_vs_40_41",755,-0.00366322159474743,-0.0266005271926553,-0.00866016779578059,-0.0218980413077359,-0.0313064718204684,0.00797906034386392,-0.00491433989691328
"ALT_B_30_31_vs_40_41",756,-0.0208362489401831,-0.0397050458614154,-0.0395655880901528,-0.0225015895470564,-0.0218083488599515,-0.00207616914689369,-0.0108731739550132
"ALT_B_30_31_vs_40_41",757,-0.015492653560509,0.0141046254388797,-0.0359145879409413,-0.0983639115396209,-0.0273509933523024,0.0179973614974777,0.0200059940340545
"ALT_B_30_31_vs_40_41",758,0.00935438943306564,-0.015971493851413,0.000792011329357301,-0.0364668417804619,0.0403244618702115,0.034511362239581,0.0419578332047811
"ALT_B_30_31_vs_40_41",759,0.0218443310285381,-0.0325660848593373,0.0421900625107036,0.0106987436729905,-0.00320232842007845,0.0277004563028054,0.0618438361866605
"ALT_B_30_31_vs_40_41",760,-0.0096947077395932,-0.0502607674939131,-0.0112192337956152,0.000687311829332765,-0.0347380568920412,0.018160460118344,0.0180094978651211
"ALT_B_30_31_vs_40_41",761,-0.000471364299856003,-0.023973971157816,-0.000209605329385798,-0.064189860297371,-0.017719904077467,0.0195329963571921,0.032965164062592
"ALT_B_30_31_vs_40_41",762,-0.0460731921710494,-0.0133180257363164,-0.0238900699150756,-0.0381143644525884,-0.0612612944731593,-0.000481962778553939,-0.00148745666834027
"ALT_B_30_31_vs_40_41",763,0.0152944319023342,-0.0138281962413042,-0.00378263151576463,0.00790945962906378,-0.0506517807276605,0.0506368352333375,0.0547785824853026
"ALT_B_30_31_vs_40_41",764,0.00853955646751618,-0.0533855186920629,0.00269938365548227,0.003371256255529,-0.0434577314534611,0.0407325242672892,0.0552270015703534
"ALT_B_30_31_vs_40_41",765,-0.00448373106452729,-0.0401128097216112,0.00169446244101992,0.00669200825563498,-0.0891361617719056,-0.00241323141996025,0.0172037232233756
"ALT_B_30_31_vs_40_41",766,0.0032749825240213,0.0014576932172707,-0.0358866175265267,0.0317802527004691,-0.0368388125521857,0.00805622610621276,0.0095813305819616
"ALT_B_30_31_vs_40_41",767,-0.0057253728019507,-0.030273497748008,-0.0289398630448344,0.00976974981444159,-0.0887395886539561,0.00981330784341664,0.00664020958940816
"ALT_B_30_31_vs_40_41",768,0.00821292359706349,-0.0523903455964411,-0.00585424347302621,-0.0854460265825932,-0.0781146748635058,0.0154494575607717,0.0121032837504348
"ALT_B_30_31_vs_40_41",769,-0.0203169846689642,-0.0419968545428555,0.0117635002922267,0.0111873619879159,-0.00890819885316119,0.0233030476097242,0.0539941989964957
"ALT_B_30_31_vs_40_41",770,-0.00302357110754496,-0.0286168869667492,0.00691761727814662,0.00420446946699191,-0.0395503070424258,0.0362085085573474,0.0286113809096841
"ALT_B_30_31_vs_40_41",771,-0.0186551220951452,-0.0210251332313642,-0.012277505137116,-0.0290483862270116,-0.0536323915440766,-0.00779474349653542,0.00824378278706259
"ALT_B_30_31_vs_40_41",772,0.00360316656211545,0.0026149263690488,0.00689410907073473,-0.0355580451390698,-0.00402571696738191,0.0159220550556697,-0.0170513687504993
"ALT_B_30_31_vs_40_41",773,-0.0445019551671694,-0.0452030008702505,0.0130548186596417,-0.0148447960151262,-0.0102470922790388,0.00703982694535121,-0.0267551378206801
"ALT_B_30_31_vs_40_41",774,0.00395163599084518,-0.0236312088694066,0.00313796275496833,-0.00807997222530168,-0.0968354871863671,0.0358601830218517,0.0409248710073227
"ALT_B_30_31_vs_40_41",775,0.0226534275108378,-0.0303906155046184,-0.0481722380689341,-0.0209736108123619,-0.0715323467691633,0.0387396861522051,0.0486359027483503
"ALT_B_30_31_vs_40_41",776,0.017963296136953,-0.0389422300846928,-0.0561434617197804,-0.0390171083094049,0.0151459218099254,0.0416521507225452,0.0259983155834242
"ALT_B_30_31_vs_40_41",777,-0.000176618800034264,-0.0340706112308573,-0.0471507039981761,-0.0364914152750321,-0.0713471397698713,0.0424753357792551,0.0428269511627384
"ALT_B_30_31_vs_40_41",778,0.00246929137911636,-0.0337370573377301,-0.0530028180116711,-0.0228452013823883,-0.0314191771455744,0.0258505334662062,0.0240217523298176
"ALT_B_30_31_vs_40_41",779,-0.00962764857845873,-0.0575350237013553,-0.0176264752052595,-0.0653034409550995,-0.0220274916727808,0.007462947845938,0.00956219967637788
"ALT_B_30_31_vs_40_41",780,-0.0200761078423663,-0.0194325914036645,-0.0290617439800262,-0.0451718330018404,-0.0138251706790389,0.00710687916674163,0.00635099848026081
"ALT_B_30_31_vs_40_41",781,-0.0095240372438725,-0.0155241321206342,-0.015320580308454,0.0065995090637701,-0.0294389647655876,0.0410981959367187,0.0387907888928309
"ALT_B_30_31_vs_40_41",782,-0.00930677389806613,-0.0186997162030434,-0.0177198753440688,-0.038729324487875,-0.0291829604156703,-0.00959521758169753,-0.000249605111496104
"ALT_B_30_31_vs_40_41",783,-0.00188644763856026,-0.0133597536627952,-0.0361621962834266,-0.0391585694262085,-0.0305875916155838,0.0267847842566004,0.0205456996259361
"ALT_B_30_31_vs_40_41",784,0.00896744805511512,-0.032178509923639,-0.0401203928771961,-0.0375773742084479,-0.0262961215972575,0.0385797670364052,0.0402836627565407
"ALT_B_30_31_vs_40_41",785,-0.0154294630869582,-0.036571091342514,-0.026260137937455,-0.0277014373257302,-0.0553174702434245,0.0147243715547024,0.0178149143710684
"ALT_B_30_31_vs_40_41",786,-0.0206970757512195,-0.0340965482629162,-0.0339139571447408,-0.0244682545669356,-0.0283234585705486,0.0135281273967024,0.00721350254086835
"ALT_B_30_31_vs_40_41",787,-0.00895694211336292,-0.0111873821941192,-0.0443000455076915,-0.037440814059695,-0.0888155002458399,0.0276818060504721,0.0249562117713679
"ALT_B_30_31_vs_40_41",788,-0.0146451667030423,-0.0487786975075016,-0.00140170218513863,-0.0339841488249518,-0.00730515249075581,0.00174500161822852,-0.00283454470665216
"ALT_B_30_31_vs_40_41",789,-0.0190264830279609,-0.0616611712625098,-0.0534801024027612,0.00970789427809626,-0.0376851367093866,0.0158485430017478,0.0035464884532468
"ALT_B_30_31_vs_40_41",790,-0.00454897319111134,-0.0429583993952436,-0.0305125703255457,-0.0112474808031022,-0.0389684494610301,-0.014382688749574,-0.0157312634886105
"ALT_B_30_31_vs_40_41",791,0.0100534389488654,-0.0503959683967066,-0.0334756005684811,-0.0568908714360107,-0.0155966662195011,0.0198342114837067,0.0202454492686801
"ALT_B_30_31_vs_40_41",792,0.0131727851399196,-0.0364838357648966,0.00461902213739113,-0.0899498000004244,-0.0492253714294064,0.0267587457236947,0.0141848304484077
"ALT_B_30_31_vs_40_41",793,0.0169137327450491,-0.00708359929867786,0.0284843728938852,0.00532768508446363,-0.0556300300206324,0.0454061342397824,0.0402060541921358
"ALT_B_30_31_vs_40_41",794,0.0154882957578714,-0.00241775705651272,-0.0228743603662673,-0.013403197461878,-0.0160300436199842,0.0281742589856894,0.0377851184830497
"ALT_B_30_31_vs_40_41",795,-0.0200967977179153,-0.0563489090512445,-0.0559423963478819,-0.0575836989822606,-0.0660119724057951,0.0259530121982921,0.0163058906682596
"ALT_B_30_31_vs_40_41",796,0.00285218159176594,-0.0498174984438601,-0.060523594917337,0.00997271473447151,-0.0907353327539033,0.0150758453253655,0.00826777425582449
"ALT_B_30_31_vs_40_41",797,-0.0154297611683215,-0.0509698650920034,0.0175069746314998,-0.0500780499864409,-0.00185275219572828,0.00791430664985013,0.0191182502745424
"ALT_B_30_31_vs_40_41",798,-0.0379570789505493,-0.0345896648174932,0.00752059647495595,-0.0354900427291924,-0.0242761765749852,-0.015446506604143,-0.0286755564743527
"ALT_B_30_31_vs_40_41",799,0.024509713616163,-0.0551735175866016,0.0273342830015844,-0.0699536492897146,-0.0287902980393724,0.048686409354831,0.0510470306196843
"ALT_B_30_31_vs_40_41",800,-0.0218927208029595,-0.0196873365195284,-0.040076281221026,-0.0891900327440035,-0.026748647641243,-0.0148531841602209,0.0167693636607482
"ALT_B_30_31_vs_40_41",801,-0.0263616726442677,-0.0297425880405972,0.0281878305072319,0.000948973539110803,-0.0660182679242659,0.0147873114302453,0.013316700223529
"ALT_B_30_31_vs_40_41",802,-0.0166975908133831,-0.0354416726133013,0.0151633001621871,-0.0159430667778318,-0.00979338872649838,-0.00124903045519134,0.00416397767643849
"ALT_B_30_31_vs_40_41",803,-0.00260908817061054,-0.0156801311643684,0.0135166136565236,-0.00506414261394181,-0.0678245216069404,0.0470085406266306,0.0539067640400765
"ALT_B_30_31_vs_40_41",804,0.0167679974904833,-0.0355510169367059,0.0237818441105418,-0.0828609844580936,-0.0644838070641922,0.037563764359483,0.0367300742906053
"ALT_B_30_31_vs_40_41",805,-0.000366167451332264,-0.000139948116134422,0.00788061757102368,-0.0867740143122065,-0.0278707584208876,0.011989923740785,0.00251483794973627
"ALT_B_30_31_vs_40_41",806,-0.000762795862686613,-0.0206362513022771,0.0237534789940555,-0.0204023242731739,-0.090840419227474,0.00106092654196968,-0.000398863404300259
"ALT_B_30_31_vs_40_41",807,-0.0169622726173161,-0.0415908459288531,0.00848405697426283,-0.0179105632423176,-0.107017168574427,0.0360512095404011,0.0364082279580571
"ALT_B_30_31_vs_40_41",808,0.00212562456175212,-0.0491570083679887,-0.0338308463941224,-0.018798430377339,-0.0808490088722855,0.0411460416853379,0.0437248096323693
"ALT_B_30_31_vs_40_41",809,-0.0160398378902375,-0.0243140231787705,-0.00396169391808757,-0.0242643864511325,-0.0504616609687278,0.0295337422064852,0.0256665748217434
"ALT_B_30_31_vs_40_41",810,-0.0168494797205097,0.00405251190685831,-0.0566734188897771,-0.0118902982604778,-0.0526056066535731,0.0400285910034412,0.0506934025502257
"ALT_B_30_31_vs_40_41",811,0.0399077413361742,-0.0300751353018549,-0.0286270504269145,-0.0152549062600046,-0.0666687775106533,0.0367537006634222,0.0457441341464968
"ALT_B_30_31_vs_40_41",812,0.00138163020755606,-0.00880545530740032,-0.0070623191778576,-0.031975685667695,-0.102591972395943,0.0333079250849655,0.0167836752810466
"ALT_B_30_31_vs_40_41",813,0.00763189698666836,-0.0726160412469094,-0.0233092167278857,0.0521574019378102,-0.10709392018117,0.0361586033300316,0.0358941938546477
"ALT_B_30_31_vs_40_41",814,0.0110548515875615,-0.0463205280455951,0.0295114319001023,-0.0570505348450614,-0.0431584475558007,0.0350112151517227,0.0559528353271324
"ALT_B_30_31_vs_40_41",815,0.0143366548391437,-0.0233399938231162,-0.0194865767052571,-0.092755948213291,0.0357380666016948,0.0306786032475913,0.0387008591360409
"ALT_B_30_31_vs_40_41",816,0.0053024436446693,-0.0600333702079427,0.0409306367616882,-0.0373889580754618,-0.0801545261262689,0.0121748620195013,0.0119736078485432
"ALT_B_30_31_vs_40_41",817,-0.0348778120554063,-0.00745495532044797,0.0185345933300487,-0.0463864697234491,-0.0266764918358147,0.00360963559349516,0.0134250461935171
"ALT_B_30_31_vs_40_41",818,0.00400684609682113,-0.0273796975749448,-0.025661258192469,-0.0334036555924325,-0.0617505468891383,0.00342317718024844,-0.00682456329217188
"ALT_B_30_31_vs_40_41",819,0.00449738398011049,-0.040533519787285,0.00615085360448658,-0.00540454360897463,-0.0601221509289854,0.000924540748858942,0.0122334001055828
"ALT_B_30_31_vs_40_41",820,-0.0067335098169381,-0.031842809194757,-0.0146938475392306,-0.0436101304034861,0.019298989939703,0.00445159913536562,0.0332143938220513
"ALT_B_30_31_vs_40_41",821,0.0157673499174124,-0.0370434243718366,0.0210403287108279,-0.0420478078099481,-0.0577510427988571,-0.00173633209404401,0.0142752589173521
"ALT_B_30_31_vs_40_41",822,-0.000179685455011583,-0.0263016989394969,-0.00420342378329219,-0.0484187348009181,-0.0483307519849251,-0.0164830296326264,-0.017022811508359
"ALT_B_30_31_vs_40_41",823,0.00490471455844389,-0.0614158253899852,-0.0273170829727952,-0.018508965448983,-0.0648094735027619,0.0099408024710991,0.0232922218383768
"ALT_B_30_31_vs_40_41",824,0.0201067776810743,-0.0367108816851552,-0.00892047265113638,-0.0199542067678381,-0.0467597903216999,0.0334344790090839,0.0382912388506111
"ALT_B_30_31_vs_40_41",825,0.00973723400441208,0.0213627481469122,0.0156308884459793,-0.0426692079556703,-0.00237617975207227,0.042140030238534,0.0189568694720065
"ALT_B_30_31_vs_40_41",826,-0.0286174795243499,-0.0439320900903876,-0.0303787680763882,0.0107409845315453,-0.00294451483492408,0.00092533170517238,-0.0182689622917948
"ALT_B_30_31_vs_40_41",827,-0.000286190480366079,-0.0291205272524479,0.0154050426574057,-0.0621001673898207,-0.0256071546313753,0.0180363817115027,0.0252010381436613
"ALT_B_30_31_vs_40_41",828,-0.00061495661092955,-0.0412072730263045,-0.0119340470350074,-0.0251387797914222,-0.0854376193988198,0.0190548016579873,0.0190772026669284
"ALT_B_30_31_vs_40_41",829,-0.0213914057008972,-0.0114945166027027,-0.00344772054231379,-0.0637728635544415,-0.000280573091758274,-0.000252072291641266,0.0126322957810158
"ALT_B_30_31_vs_40_41",830,-0.00934815300102578,-0.0847601442525328,-0.0270204586434852,0.000779911617881907,0.00115002417660348,0.0129228589439407,0.0116649571423538
"ALT_B_30_31_vs_40_41",831,-0.0145459970273252,-0.00436144875054499,-0.0168343346460975,-0.0111049710233778,-0.0518955750980356,0.0294132564859826,0.02814333624301
"ALT_B_30_31_vs_40_41",832,-0.0147768387528004,-0.0237483593437834,-0.0073843823262838,-0.0482076571971167,-0.0277914159973954,-0.0240251346701943,0.00182986521952251
"ALT_B_30_31_vs_40_41",833,0.00285859749746374,-0.0283612361111127,-0.0221105072557653,0.0103577065450303,0.0112670556091994,0.0175298123599572,0.0359486853720738
"ALT_B_30_31_vs_40_41",834,0.00425918643552626,-0.0646532236545399,0.00451395774801919,0.040339933118888,-0.0678474040968588,0.0114963655467467,0.00748065329445375
"ALT_B_30_31_vs_40_41",835,0.00815903847231893,-0.0182079230612025,-0.000530276154151799,-0.016564386011668,-0.0647839342951497,0.000336063798659119,-0.00275893935102645
"ALT_B_30_31_vs_40_41",836,-0.0184167658458152,-0.00147865126316737,-0.00547445543100769,-0.0229091760482666,-0.0530147844067186,0.00220707962679919,0.0123496774046737
"ALT_B_30_31_vs_40_41",837,0.000446380629941172,-0.0151811233992762,0.017352868728806,-0.0133707372472152,-0.0309997826135844,0.0408100702539025,0.0514049772824176
"ALT_B_30_31_vs_40_41",838,-0.00767558984570393,-0.0182618378264253,-0.0271530978449638,-0.05398042468362,-0.0166089584165424,0.016206344711706,0.0181284276701328
"ALT_B_30_31_vs_40_41",839,-0.0123105227935065,-0.0159409324391488,0.013202662302096,-0.04963432056789,-0.0701891705903183,-0.00820607430431872,-0.00549945558187582
"ALT_B_30_31_vs_40_41",840,-0.00084375566891827,-0.0533465658162135,0.00316478348398699,-0.05844540974252,-0.0247982444778869,0.0229755343920649,0.0297326946199953
"ALT_B_30_31_vs_40_41",841,0.0219716262252256,-0.0180469559779706,-0.00495677058186234,-0.00669240060275747,-0.0224506116872019,0.0196747517000408,0.0207571957163331
"ALT_B_30_31_vs_40_41",842,-0.0201946345160404,-0.071194097738948,0.013587018629532,-0.0246712480550947,-0.101141740560015,0.00906500287178459,0.0028561307157558
"ALT_B_30_31_vs_40_41",843,-0.0327281512179822,0.00670661624334855,-0.000212156996070578,-0.030557456052978,-0.045528532535729,-0.0238181403618765,-0.0112837995400575
"ALT_B_30_31_vs_40_41",844,0.0244934324055981,-0.00469589296589311,-0.0747089186800443,0.00965816377811624,-0.0585961879371262,0.107940683671694,0.104968037152447
"ALT_B_30_31_vs_40_41",845,0.0307774660073658,-0.0531849386385488,0.00659764776757633,-0.0461799377263511,-0.0566765632251304,0.0654192399522218,0.0538772464265127
"ALT_B_30_31_vs_40_41",846,0.0130690955688129,-0.0193423009240613,-0.0392501128814176,-0.0074317229227234,-0.0276612237785615,0.0168217498569098,0.00639708946690278
"ALT_B_30_31_vs_40_41",847,-0.0145094231184632,-0.0435391997581506,0.018428203261121,-0.0119380228559959,-0.00998436138151926,-0.025886184996118,-0.0285745320778702
"ALT_B_30_31_vs_40_41",848,-0.00565861804528486,-0.0457130435047092,-0.00374120098540201,-0.0534127415802768,0.00140035829741436,0.00418487924178846,-0.0080551015790761
"ALT_B_30_31_vs_40_41",849,-0.0147642648734213,-0.0210245751454154,-0.0323779733740393,0.0233293760578167,-0.0731979170284319,0.012304124636218,-0.00516488694484055
"ALT_B_30_31_vs_40_41",850,0.0324557646536054,-0.0668592787306942,-0.0543456674458997,-0.0405538682413676,-0.060591670830493,0.00112051312660202,0.00356221547347633
"ALT_B_30_31_vs_40_41",851,-0.00623152345531795,-0.0328892434037323,-0.00201750397485745,-0.00384273888920589,-0.0896937624693734,0.0515440101146664,0.00858385551118142
"ALT_B_30_31_vs_40_41",852,0.0010546630046115,-0.0313270259319464,-0.038222529178885,-0.0113887178158095,-0.0721666433662269,0.0313102330814186,0.0186478654844105
"ALT_B_30_31_vs_40_41",853,-0.00119566540079852,-0.0487419128761742,-0.0386355270291889,-0.0196454881895499,-0.128179545066944,0.0348381618586215,0.0381174432646043
"ALT_B_30_31_vs_40_41",854,0.0144978181612657,-0.0125447564691702,0.0173570317919526,-0.0312745146330173,-0.0684680828871367,0.0248434165636256,0.025564639510013
"ALT_B_30_31_vs_40_41",855,-0.00646479781793453,-0.0125089240320607,-0.0399629368294303,0.00629125303671452,-0.0221685632017296,0.022344030176623,0.0110315850615348
"ALT_B_30_31_vs_40_41",856,-0.0153750198247948,-0.0217364314826053,-0.0521392618563765,-0.0744707857181324,-0.0472515063501818,-0.00613642789651801,-0.00836672288876665
"ALT_B_30_31_vs_40_41",857,-0.00299785291249743,-0.00210490522262353,-0.053551503777257,-0.0408446536496259,0.00528144456805124,-0.0136041020744304,-6.67398461695126e-05
"ALT_B_30_31_vs_40_41",858,0.0441943347548017,-0.0149630916761338,-0.0153000754808686,0.00352514667882345,-0.0174880710808861,0.0259205767564615,0.0151013229300664
"ALT_B_30_31_vs_40_41",859,0.00292854773090273,-0.0379913407548927,-0.00200933982623661,0.0159308454442078,-0.0301331727265365,0.00979924873821249,0.0170244141318555
"ALT_B_30_31_vs_40_41",860,0.0165667747153589,-0.0147059369487893,-0.00707797892914669,-0.0310047995699113,-0.0444671567606932,0.0299726141094984,0.0325946678695662
"ALT_B_30_31_vs_40_41",861,-0.0189183615281112,-0.0251653955719747,0.012360726686135,-0.0404406401893194,-0.05530349938769,-0.0206366390966858,-0.0111573012347919
"ALT_B_30_31_vs_40_41",862,0.0108075700938185,-0.0323916807046401,0.015854542349928,-0.0126877137364312,-0.0924114657991011,0.0425112017338797,0.0374031841403051
"ALT_B_30_31_vs_40_41",863,0.0146714679019103,-0.0552473962825636,-0.00828219042067654,-0.0653202509108334,-0.0106056485684628,0.0238812705033432,0.0254523602806347
"ALT_B_30_31_vs_40_41",864,-0.0203016675862865,-0.0134086323524254,-0.0418876600567996,-0.0300727082052649,-0.0554627997331,-0.00529701941265014,-0.00705098860067502
"ALT_B_30_31_vs_40_41",865,0.0209182763682887,-0.052553401031144,0.000298008254377369,0.0253124371662913,-0.061245181393319,0.0215957206776805,0.023519724661129
"ALT_B_30_31_vs_40_41",866,0.000297274147041032,-0.0254830922608534,-0.0262987574272372,-0.0857375233649919,-0.0570532899168212,0.00557415440712832,0.00426144950371529
"ALT_B_30_31_vs_40_41",867,0.0194711015990643,-0.0284842496784439,0.0125676861430742,-0.0247520401641624,0.00768631387943497,0.0200113072667827,0.00171681521241159
"ALT_B_30_31_vs_40_41",868,-0.0039429658988069,-0.0386078426741619,-0.0323151641825363,0.0308170344050531,-0.0509976377744532,0.0215646497090548,0.0139288034332641
"ALT_B_30_31_vs_40_41",869,-0.00378362762183991,-0.0159018827062377,-0.00728850978983595,-0.0669502447862264,-0.075075918199121,0.0373681197421502,0.0529016783325744
"ALT_B_30_31_vs_40_41",870,0.0159729070538186,0.0139076587278289,0.0273187020806649,-0.0444340184174697,-0.047021050601092,0.0545240149902983,0.0571236362908313
"ALT_B_30_31_vs_40_41",871,-0.021728599915542,-0.0417060364133902,-0.0267774419194026,0.0125838944459633,-0.057983164485365,0.0295242299026197,0.00658409427682307
"ALT_B_30_31_vs_40_41",872,-0.00508670700949242,0.00334281002885332,-0.0152604596257618,-0.0441222225640727,-0.0620347212503793,0.014546370058803,0.000642162024239779
"ALT_B_30_31_vs_40_41",873,0.00804602000921668,-0.0225552285933788,-0.0376784713892551,-0.0188664522047769,-0.0295331702410913,0.0281162785751894,0.0315343989959744
"ALT_B_30_31_vs_40_41",874,0.0177646618774122,-0.011987439698613,-0.0239363979542031,-0.0197174820332575,-0.0556578009091314,0.062392384593983,0.0637736221504948
"ALT_B_30_31_vs_40_41",875,0.0161484187932692,-0.0330841854096026,-0.00473537382951178,-0.1020985126467,-0.00612664202430996,0.0240833971996228,0.0251937878401836
"ALT_B_30_31_vs_40_41",876,-0.00298122859990609,-0.0564404439414962,-0.0403286968409971,0.0473524350315826,-0.120084519845662,0.03053668693521,0.0393788654422574
"ALT_B_30_31_vs_40_41",877,-0.0190342321249648,-0.0239361530596234,-0.056206241168504,-0.0323710644973487,0.0169294292232085,0.00132435783632345,0.00525238368359046
"ALT_B_30_31_vs_40_41",878,-0.0128411144365227,-0.0106889316100856,-0.0518341741607048,-0.0288661564422661,-0.0832580907916963,-0.000382343758013423,0.00643462019266636
"ALT_B_30_31_vs_40_41",879,0.000741596175332031,-0.012094688790841,-0.00151215096301849,0.00723127661237472,0.023622796101937,0.0311575891450713,0.0314703143725008
"ALT_B_30_31_vs_40_41",880,-0.0149300827051358,-0.0027793425091029,-0.0122010650853711,-0.0988069063969829,-0.063177550981324,0.035044862769908,0.0471284879340761
"ALT_B_30_31_vs_40_41",881,0.00436387898908669,-0.0201263739787904,-0.00644619581016859,-0.0193996567167107,-0.0487520350034953,-0.00281245094569495,0.00246565104670597
"ALT_B_30_31_vs_40_41",882,-0.0169526378293084,-0.0476730866894215,0.0460119431403233,0.0454521190453679,-0.107043121908248,-0.0294464810896754,-0.0297327326841089
"ALT_B_30_31_vs_40_41",883,-0.0017614476907204,-0.0953303500182349,0.0130390825386248,-0.0453414844797599,-0.0741063769523195,0.00272510929220172,-0.0112395560287807
"ALT_B_30_31_vs_40_41",884,0.00648181907377751,-0.0463054500036699,0.00272860116048448,-0.0281769971311165,0.00755112821890935,0.0311396908834022,0.048855545547167
"ALT_B_30_31_vs_40_41",885,-0.0081277477384183,-0.00970854669872501,-0.0425539776038763,-0.0289183761034184,-0.11450088111459,0.0195972407644549,0.0535290627915908
"ALT_B_30_31_vs_40_41",886,0.0152319911590507,-0.0403749714441093,-0.060954454768084,-0.0050103260165919,-0.0182837189707299,0.0116021659256894,0.0216204025884483
"ALT_B_30_31_vs_40_41",887,-0.0210344644281546,0.0146647168380421,0.00014459682005119,-0.09438077016565,-0.0558547699005966,0.0485052258245757,0.0604705699397966
"ALT_B_30_31_vs_40_41",888,-0.000462405806844285,-0.0303956882266776,0.0140186115056515,-0.0142336088255276,-0.0482810637665473,0.037683382147129,0.0311787031049185
"ALT_B_30_31_vs_40_41",889,-0.00316842299343675,-0.0486121839996121,0.0201223954996466,-0.0080879777856922,-0.0254883494429978,0.0238147170934351,0.0242867740050626
"ALT_B_30_31_vs_40_41",890,-0.0369994595394037,-0.0389076963897571,-0.00943178947973404,-0.0416222751277991,-0.0371079983718196,0.0114825450527846,-0.00751265746959863
"ALT_B_30_31_vs_40_41",891,-0.000916047753542891,0.0118989538291142,-0.000516698581534414,-0.0173383956365251,-0.0144023558464622,0.0198151491981786,-0.000129391911749842
"ALT_B_30_31_vs_40_41",892,-0.00727899643197313,-0.00856056598040898,0.0120386326598163,-0.0158841731774974,-0.0347227407989008,0.0457578267293985,0.0326662810576762
"ALT_B_30_31_vs_40_41",893,0.0165068128330648,-0.059041408067157,-0.0367422462424038,-0.0663383751833726,-0.0399263664008883,0.00545497982338473,0.00589109174233828
"ALT_B_30_31_vs_40_41",894,0.00759970971028848,-0.0172862962161967,-0.080134223368872,0.0143923341624916,-0.0363062936287334,0.0614484928299588,0.0545402208930351
"ALT_B_30_31_vs_40_41",895,-0.00746741598508951,-0.00819793721948495,-0.00830168946533871,-0.0826899887681455,-0.071371932037826,0.0191151506452144,0.0164752013967981
"ALT_B_30_31_vs_40_41",896,0.0181625567241197,-0.0134883520607811,-0.0222865945068928,-0.0160393431166531,0.0287367941397927,0.0600545756229782,0.0606215918577076
"ALT_B_30_31_vs_40_41",897,-0.0198825725094565,-0.0483476834124103,-0.0312478936877225,-0.0404063842123127,-0.034821419369618,-0.0289116373810877,0.0192403131969953
"ALT_B_30_31_vs_40_41",898,-0.00957679147767773,-0.0194523730690917,-0.0727972687193483,0.00429647930082772,-0.0527898750564227,-0.00653580141617909,-0.000199099543859979
"ALT_B_30_31_vs_40_41",899,0.020032796322771,-0.0264578074124718,-0.0328435001228485,-0.00799038428198437,-0.0786849274054718,0.0062172504740438,0.00535611600025168
"ALT_B_30_31_vs_40_41",900,-0.0128284574909253,-0.0089478672040995,-0.0460044953930038,0.0192684586756693,-0.00654170175660651,0.00411401434608232,-0.00795136390843122
"ALT_B_30_31_vs_40_41",901,-0.0108522513286319,-0.0102412100065549,-0.0227797223261938,-0.04648312248035,-0.0754946398935493,0.0155521684798645,0.0190884161993322
"ALT_B_30_31_vs_40_41",902,0.00972248568729783,-0.0111958099506781,0.0304934013756937,-0.024509279323884,-0.136656435122707,0.0236238507660722,0.0412466315960155
"ALT_B_30_31_vs_40_41",903,0.00143705872076801,-0.0306533894568565,0.00368792789450301,-0.0239900928295295,-0.0733926459360119,0.0239662775771269,0.0228851247953837
"ALT_B_30_31_vs_40_41",904,-0.027388450079033,-0.0126758420412843,-0.0964603367452607,-0.0271454937888961,-0.0046092696226257,0.00940550940129554,0.0213677866565773
"ALT_B_30_31_vs_40_41",905,0.00836240067312439,-0.017929890387237,0.0110413139655246,-0.0433442955035212,0.0214592578154927,0.0162844039190607,0.0317729032455748
"ALT_B_30_31_vs_40_41",906,-0.00204493419227332,-0.0810293183187393,-0.0146424276886173,-0.0632556418194896,-0.034445268867447,0.033380639820073,0.0490289194059303
"ALT_B_30_31_vs_40_41",907,0.0132603215189689,-0.0413412417053994,0.0356111287674952,-0.0487752064796265,-0.0262164908916651,0.0233977779489859,0.00741578380001544
"ALT_B_30_31_vs_40_41",908,-0.0205212584993795,-0.0532817805843657,-0.0168544358242858,0.0301775554333809,-0.0381588953989282,-0.0236896635429618,-0.0247982307292551
"ALT_B_30_31_vs_40_41",909,0.00164784597069862,0.00919898824600655,0.00151126153249859,-0.100796563152102,-0.0326500138419126,-0.00496894090658957,-0.00664383539733988
"ALT_B_30_31_vs_40_41",910,-0.00878215612962481,-0.022784168081735,0.0230358525954471,-0.08601658392661,-0.0316029895664519,-0.00949884296427557,-0.0138472898731708
"ALT_B_30_31_vs_40_41",911,0.00320564831408865,-0.0573389173699996,0.00434019566050814,-0.0559847961336609,-0.00064709946369057,0.0367191376873178,0.022908885784744
"ALT_B_30_31_vs_40_41",912,0.00897878921860731,-0.0362259848017664,0.00766415001004869,-0.0205265493633377,-0.0723883446206639,0.0210977365796216,0.0199765962447104
"ALT_B_30_31_vs_40_41",913,0.020242990866983,-0.0660570166065262,0.0279536298915716,-0.0211247345033193,-0.0272160657133824,0.0415752617637651,0.0216664560941882
"ALT_B_30_31_vs_40_41",914,-0.0217150461689041,-0.00655960309837311,-0.000663808803297361,0.00622894201642341,-0.088741180064536,0.0250123606586305,0.021155197326487
"ALT_B_30_31_vs_40_41",915,-0.00866990056501928,0.00170283084383256,-0.00611116598401096,-0.0641838617820236,-0.0691016414802143,0.00539004557677732,-0.00222933642430004
"ALT_B_30_31_vs_40_41",916,-0.000947021127181882,-0.0418425204862851,-0.0384990546788739,-0.0338423969893484,-0.0572086988563384,0.0132355186566043,-0.00809012021844026
"ALT_B_30_31_vs_40_41",917,-0.00425645732929256,-0.0608349248047748,-0.0272939020816425,0.0191676550397641,0.00358910030865461,-0.000271747815350887,0.00136805583677474
"ALT_B_30_31_vs_40_41",918,0.000881877199931144,-0.0131929672081813,0.0196127060294851,-0.0207071336259046,0.000608256824857878,0.0360674192415546,0.0252217072578584
"ALT_B_30_31_vs_40_41",919,-0.0138960044260899,-0.0663464457323065,-0.0122602469502404,0.0438360774032648,-0.00606273958856646,-0.00320488378743863,-0.00300620357589698
"ALT_B_30_31_vs_40_41",920,-0.0299618431295484,-0.0370538210729054,-0.0475275064218265,-0.0242106321723284,-0.0262354851693806,-0.0168513593605356,0.0134281019743612
"ALT_B_30_31_vs_40_41",921,-0.0106795854258295,-0.0289286339439536,-0.0306104314575173,-0.0212044341697765,-0.0632603820605145,-0.0149614070807716,-0.0175659009007424
"ALT_B_30_31_vs_40_41",922,-0.0177496687481491,-0.0309799108010356,-0.0494349184380958,0.0245423995618098,-0.0437872604985791,0.0385150897761949,0.0265803075763438
"ALT_B_30_31_vs_40_41",923,-0.0177251627013756,-0.0374671399709161,-0.0174190139442586,-0.0502553161358523,-0.0472948152253527,0.000988265191273222,-0.0234461659734724
"ALT_B_30_31_vs_40_41",924,0.00128706738847041,0.0069023114422329,-0.0512680693613885,-0.0558835590462815,-0.100224338380769,0.0502316802707997,0.0661141473485733
"ALT_B_30_31_vs_40_41",925,0.00428735266690926,-0.0370064022244602,0.0117022940242831,-0.033634170827047,-0.0166304677072499,0.00587296370214652,0.00239043963016039
"ALT_B_30_31_vs_40_41",926,-0.00316902839025474,-0.0446749869565449,-0.0129361671311411,0.0165303099145727,-0.0474834606163989,0.004661498819684,3.49407555912395e-05
"ALT_B_30_31_vs_40_41",927,-0.00613149501950523,-0.0646507956903347,0.0277172332081474,-0.0271411513863253,-0.0996795318117204,0.0243037178824709,0.0235080056689154
"ALT_B_30_31_vs_40_41",928,-0.0138660040237856,-0.0744773429610668,-0.0347115612902947,-0.011927242437177,0.00354051967818975,-0.00015448869052203,-0.000292929835334223
"ALT_B_30_31_vs_40_41",929,0.0238836443868484,-0.0271113578961685,-0.0567826541751813,0.0120017930523169,-0.0745792661368637,0.00726106846205237,0.00747801973827452
"ALT_B_30_31_vs_40_41",930,0.0219488658223725,-0.0365471453954849,-0.0241119886026378,-0.0864687032770293,-0.0487923028238183,0.0505796882601697,0.0401113816122872
"ALT_B_30_31_vs_40_41",931,-0.0162532128094238,-0.0296938502968936,0.0116841804202529,-0.074552195084392,-0.0115951284462675,-0.00229789472569267,-0.0189261118194036
"ALT_B_30_31_vs_40_41",932,0.0016603696261757,-0.0113664610974054,0.00268831102039011,-0.0608208389576629,-0.0997193714970653,0.0198494197028187,0.0285774242942937
"ALT_B_30_31_vs_40_41",933,0.0156843749265266,-0.0678781922582949,-0.0464808910458738,0.00355583279016272,-0.0393346709657146,0.0199530406536513,0.0212562281152035
"ALT_B_30_31_vs_40_41",934,2.80964445841386e-05,-0.0139237903112204,-0.0258393567706666,0.00789520945986527,-0.0395372198396326,0.0131914451993773,0.0205715285868856
"ALT_B_30_31_vs_40_41",935,-0.0163072861985774,-0.0444704985281953,0.0375868148360716,-0.0756773531335981,-0.0270324277748579,0.0101477933824986,0.0213757802832139
"ALT_B_30_31_vs_40_41",936,-0.0275680164915633,-0.0141757851278111,-0.010541517213514,-0.00442732179334407,-0.0401148395276179,0.00829814701357807,-0.0067632486788214
"ALT_B_30_31_vs_40_41",937,0.02076872292907,-0.0553790701301352,-0.0106519499003944,-0.0348847045005456,0.00518569443752059,0.0336594958650081,0.0305146268551086
"ALT_B_30_31_vs_40_41",938,-0.0399578741945766,-0.00932588667561036,-0.0377128897528941,0.00188968329064054,-0.0690577144895488,-0.0152602374712766,-0.0138672913589504
"ALT_B_30_31_vs_40_41",939,-0.0330144913514924,-0.00908050103541348,0.0396126902512915,-0.0316194394293218,-0.0432705526986146,-0.0112682285883424,0.00428287534344643
"ALT_B_30_31_vs_40_41",940,0.00284036600783941,-0.0268992478317708,-0.0507899379716232,0.000504825747636578,-0.0214942414690364,0.031873326643026,0.0256518207690533
"ALT_B_30_31_vs_40_41",941,-0.0141234283720498,-0.014366407569605,-0.0419105278388622,0.00554817096430033,-0.00880134931350157,0.0203333390280235,0.0180511822143269
"ALT_B_30_31_vs_40_41",942,-0.0195278766499816,-0.0614216222875838,0.0121621426047728,-0.0486159484759053,-0.0701982434676726,-0.0223546039339832,-0.0184417091841521
"ALT_B_30_31_vs_40_41",943,0.00541704886961094,-0.00995729261805657,-0.0340926296310411,-0.0419774368242922,0.0190806387975673,-0.00670628726257536,-0.00266356892133888
"ALT_B_30_31_vs_40_41",944,0.00342405477014852,-0.0454503843047934,-0.0339991437997029,-0.0139656250351015,-0.0394213224582126,0.0114380085787555,0.0270806192412621
"ALT_B_30_31_vs_40_41",945,-0.0359710484780729,-0.0162263161467576,-0.0196645920765494,0.0100655920551092,-0.0488056204647006,-0.0217713214049824,-0.0217713214049824
"ALT_B_30_31_vs_40_41",946,-0.0373130286540215,-0.0569806955518427,-0.00696510471343068,-0.042965705127844,-0.00890713776547625,-0.0133949633441274,-0.0300622652107156
"ALT_B_30_31_vs_40_41",947,-0.00908249685306845,-0.0205013679864854,-0.0168114612293971,-0.056901501796873,-0.0977322219109882,0.0300230625916371,-0.00784381769973275
"ALT_B_30_31_vs_40_41",948,0.00855812018913257,-0.0161819745421737,0.00184775484399852,-0.0207322694759606,-0.12886422051024,0.00809362077981283,-0.0259250130623031
"ALT_B_30_31_vs_40_41",949,0.000119302446945899,-0.00766212678726799,0.0449152729241249,-0.0222975962124748,-0.0853794575522062,0.0112751290937251,-0.00528345964151443
"ALT_B_30_31_vs_40_41",950,-0.0200548658449762,-0.0132807918195323,-0.0342778550900377,-0.00737445588579808,-0.0227722243998368,0.0523850560859622,0.0712710292801757
"ALT_B_30_31_vs_40_41",951,0.00975632613199869,-0.0280551619940677,-0.00147215723305547,-0.0688615604599589,-0.0749673554030178,0.017111639050166,0.0176453330609412
"ALT_B_30_31_vs_40_41",952,-0.00623726192107281,-0.0571849153444328,-0.0129996482102281,-0.0367430112437797,-0.0594722750882423,0.00373401412849041,0.00525198736280956
"ALT_B_30_31_vs_40_41",953,0.00316392787458483,-0.0558596651127635,-0.0260067757651998,-0.0304694869599207,0.00718044066986567,0.0163295225864316,0.0181548137030336
"ALT_B_30_31_vs_40_41",954,0.00481233554296936,-0.00813040354108438,-0.0118221080709433,-0.075174484081724,-0.0374664280674104,0.0319746307774416,0.0361451586702987
"ALT_B_30_31_vs_40_41",955,0.0184886881606777,-0.0586633876183271,0.0223720676209122,0.0219610612504452,0.0100284487801676,-0.00114926902970598,-0.00274497041466018
"ALT_B_30_31_vs_40_41",956,-0.0249048760673459,-0.0702977314322387,-0.0347362881972787,0.00388133694524667,-0.0627646596990956,-0.0128192551585288,-0.0298202520845303
"ALT_B_30_31_vs_40_41",957,-0.0141902647353095,-0.039812359615061,0.0186597776044995,-0.0302954121526731,-0.0219021381322463,-0.0128523572372923,-0.00372888243267318
"ALT_B_30_31_vs_40_41",958,-0.0325571535493315,-0.0706356051460849,-0.0519714515731141,-0.0153495762459978,-0.0484348410646083,0.0319420169166336,0.0540553461861727
"ALT_B_30_31_vs_40_41",959,-0.00810146236472346,-0.0145834664735732,-0.00389982391055291,-0.0435474379694037,-0.0636792838218275,-0.0166453017704937,-0.0195220187277645
"ALT_B_30_31_vs_40_41",960,0.00136626703683594,-0.00863280814095238,-0.0127075536380263,-0.0206545019381471,-0.0267007728302663,0.0211274014450194,0.0246595539270968
"ALT_B_30_31_vs_40_41",961,-0.0103291138657816,-0.0123872010500368,0.0135847447752247,-0.0609308430720154,-0.0688981766009042,0.0418966099691594,0.041213034928477
"ALT_B_30_31_vs_40_41",962,0.00269132917433947,-0.0496886566792293,-0.0340222110899395,0.00229133494527547,-0.0216585447743141,0.0136746536053581,0.0290153373012524
"ALT_B_30_31_vs_40_41",963,0.0247453342231159,0.00107707292631601,-0.0362052394692691,-0.0743894749144483,-0.0953500218054081,0.0242378660831412,0.0324221660324101
"ALT_B_30_31_vs_40_41",964,-0.00996288286847914,-0.00622699095697715,-0.0153796743995064,0.0110627455940413,-0.0583620583778846,0.00586974210681473,-0.0229386472510376
"ALT_B_30_31_vs_40_41",965,0.00437774841191134,-0.00735386841282178,-0.0109199597349713,0.00715147467799659,-0.0942729989428132,0.0375534247658702,0.017165214861826
"ALT_B_30_31_vs_40_41",966,-0.00601700323309949,-0.0507913014409281,-0.0624235773117026,-0.0451846349945062,-0.0684082996624713,-0.00271724853008147,-0.00504856691006686
"ALT_B_30_31_vs_40_41",967,0.0119926003435427,-0.0259833698156123,-0.0314021166444325,0.0147339865327045,-0.0531939492856037,0.033920811733747,0.0391878485750369
"ALT_B_30_31_vs_40_41",968,-0.0106144451687234,-0.0250534952233424,-0.0363106653524373,0.0280832460192356,-0.0630555305436662,0.00798455832546495,0.0159789416588516
"ALT_B_30_31_vs_40_41",969,-0.0118193056693937,-0.0451467862766598,-0.00186741684935156,-0.0287431227829241,0.00350749582000598,0.0123804141262043,0.0126296918164774
"ALT_B_30_31_vs_40_41",970,-0.0153612793739831,-0.0129668053042461,0.027423541760446,-0.0420602249815553,-0.0447932534154192,-0.0141895364006431,-0.00871700911690776
"ALT_B_30_31_vs_40_41",971,-0.0226431083217038,-0.0544197828893422,0.0348345436918438,0.00273109238076757,-0.0679879655357691,-0.0219212422860301,-0.014208053403415
"ALT_B_30_31_vs_40_41",972,-0.0184262834934093,-0.0100920517263099,-0.0477997641330113,0.0106736869041448,-0.0263127655829408,-0.00098435795421719,-0.0082552811238257
"ALT_B_30_31_vs_40_41",973,0.0170949971061116,-0.055124043564074,-0.0106028034048538,-0.0542401094224328,0.00489981838173748,0.0323165300361283,0.026231678806792
"ALT_B_30_31_vs_40_41",974,-0.0157947170961958,0.00443922372049768,-0.0743370377306187,-0.0393692966072619,0.0102210873807362,-0.0151415753136619,0.00647662360134007
"ALT_B_30_31_vs_40_41",975,0.0216584059686274,-0.0378047891629522,0.00459576301170952,-0.0577956684708632,-0.0385673133064949,0.0387124068437159,0.0284084617842006
"ALT_B_30_31_vs_40_41",976,-0.0264095304687064,-0.0342125981253238,0.00246370423422734,-0.0557321660870737,-0.0505627121545432,-0.0461912874620125,-0.04120824592391
"ALT_B_30_31_vs_40_41",977,-0.00360357277406321,-0.00383463681974776,-0.0250510054666835,-0.00837434611087792,-0.0338061305411378,0.022115300505473,0.0262093295424702
"ALT_B_30_31_vs_40_41",978,-0.0133981803960803,-0.0502617886827018,-0.0565894993987756,-0.034541500040652,-0.0575276458249585,-0.0271380641925446,-0.000529640362126015
"ALT_B_30_31_vs_40_41",979,-0.00952393210311284,-0.0433474024588556,-0.00528245056106663,-0.0007052311326535,-0.0203219648492041,-0.00295970273131295,-0.0019221073665926
"ALT_B_30_31_vs_40_41",980,0.0241551270673626,-0.0568197777457024,-0.028248834101548,-0.0240708153501788,-0.0736982316450198,0.0670287515373492,0.0469230189223978
"ALT_B_30_31_vs_40_41",981,0.00180090434963093,-0.0450425446358114,-0.0153620284510319,-0.0234142047389527,0.00638927506971482,-0.0111270929471485,-0.00106469489813832
"ALT_B_30_31_vs_40_41",982,-0.0125892717392128,0.02557526602532,-0.0487870128787314,-0.00808131077247778,-0.0895040167613724,-0.0184636136134225,-0.0169880200429778
"ALT_B_30_31_vs_40_41",983,0.00242446619856324,-0.0657384746382979,-0.0128705095956002,0.0284504092073392,-0.0345373067090767,0.00544461657486224,-0.0270260269368259
"ALT_B_30_31_vs_40_41",984,-0.00780038361405544,-0.0278224843859397,-0.0290335858843342,0.00874229402095561,-0.0142131834831762,0.00862731252525108,-0.0166448851695025
"ALT_B_30_31_vs_40_41",985,-0.00899466907973637,-0.0363879266715791,0.00369328695842489,0.0303942997006364,-0.0277888419529839,0.0449662902174057,0.0442913141522275
"ALT_B_30_31_vs_40_41",986,0.0192024883122467,-0.0347432252316953,-0.00525010689031019,-0.027419217628469,-0.051873935435891,-0.00717245913630723,0.017221135238253
"ALT_B_30_31_vs_40_41",987,-0.00842604250600294,0.00398039413291504,-0.034264462200044,-0.0272744959673476,0.0360420124822893,0.0195136768586677,0.0184493359502404
"ALT_B_30_31_vs_40_41",988,0.0100081744425918,-0.0518644767637354,-0.032885577720939,-0.0256796851107604,-0.0183307677378557,0.0203752912041041,0.0118385470894546
"ALT_B_30_31_vs_40_41",989,-0.00209624189848902,-0.00123391284520762,-0.0330570363716374,-0.0219377505274988,0.0101859467075753,-0.0477358948606831,-0.0477618115849264
"ALT_B_30_31_vs_40_41",990,0.0219597432999514,-0.023834359744752,-0.00141380241318928,-0.0439070946710758,-0.0155355155649272,0.0555388126786427,0.0642660662649307
"ALT_B_30_31_vs_40_41",991,-0.00432852725676976,-0.0187746287373218,-0.016146993069736,-0.0242063061363495,-0.039576655473347,-0.0161610379003797,0.0136730928857286
"ALT_B_30_31_vs_40_41",992,0.0080003449008554,-0.0209874130553025,0.000437850701113712,-0.0162589431463716,-0.0189428752622065,0.0145273015606701,0.0222641749875929
"ALT_B_30_31_vs_40_41",993,-0.0263629896277506,-0.0169546443048826,-0.0642440397029966,-0.0533177651535262,-0.0742979924268707,0.0327006820266724,0.0236939317043745
"ALT_B_30_31_vs_40_41",994,-0.0554448336843379,0.0148285979901876,0.00110385564360038,0.00631426676395894,0.0136240582489848,-0.0285826240976114,-0.0279773210397534
"ALT_B_30_31_vs_40_41",995,-0.0116244154065156,-0.0449592879826679,-0.00156650350501725,-0.0388639889808749,-0.0706565659090715,0.00952053647601557,0.0142379330469912
"ALT_B_30_31_vs_40_41",996,0.00831287092249121,-0.0381493869183116,0.0283081761052993,-0.0267286739926935,-0.0710116279709413,0.016806213351883,0.00224180961414611
"ALT_B_30_31_vs_40_41",997,-0.00396030270865681,-0.0493842948923772,-0.0214508562909914,0.00437555986991631,-0.0742151331833243,-0.0186391241264955,-0.0241462094598473
"ALT_B_30_31_vs_40_41",998,0.0126007634607539,-0.0234032865125729,-0.0559358859053072,0.00685211253746407,-0.0787183985121113,0.0332882624875629,0.0248661206884758
"ALT_B_30_31_vs_40_41",999,0.0314329545096501,-0.0798855050316409,-0.00937197074664112,-0.0236014127851137,-0.00359230181787573,0.0734844790045453,0.0802810742658864
"ALT_B_30_31_vs_40_41",1000,0.00163331383298587,-0.0068434969059092,-0.0075098650254129,-0.0351562819793462,-0.0293451654987534,0.0385868277912652,0.0366683553717204
"ALT_C_30_32_vs_40_79",1,-0.0103302086961365,-0.0390746290481931,0.00421832202841335,-0.0423235779285341,-0.00767114447551714,-0.0378471786983457,-0.039983526366282
"ALT_C_30_32_vs_40_79",2,-0.0190724601464528,-0.0697657111451395,0.0168953190391889,-0.0122812305689874,-0.044693385158912,-0.0484594733850323,-0.0298761136115817
"ALT_C_30_32_vs_40_79",3,-0.0317516641941771,-0.0834905752773812,-0.0348422133652249,-0.044604431637767,0.00802318594530571,0.0067296326011642,0.00835493324364504
"ALT_C_30_32_vs_40_79",4,-0.0213877626301997,-0.0295187644399792,-0.020985615831066,-0.0141458069355035,-0.0374672380286435,-0.0485909471836842,-0.00959686965440107
"ALT_C_30_32_vs_40_79",5,-0.000929721088449686,-0.0487838208202006,0.00602207581103278,-0.042931092140914,0.0364216876979907,0.013180297568426,0.0155952551667683
"ALT_C_30_32_vs_40_79",6,-0.0189434516941058,0.0175059603805899,-0.0124910605426431,-0.0373116258465057,-0.0417330152162584,0.0332452924974031,0.0211596786540583
"ALT_C_30_32_vs_40_79",7,-0.0207221020946232,0.00862717563327539,-0.0290168363097775,-0.0812858426420992,0.0229436802598429,0.00985965839795135,-0.0129911028681404
"ALT_C_30_32_vs_40_79",8,-0.00054790747207769,-0.02553284445178,-0.0302454390229385,-0.00298171448410625,-0.0220251762494477,0.0379839763871291,0.0503067562559411
"ALT_C_30_32_vs_40_79",9,-0.00208914783299777,0.0114091019354604,-0.000127730442436025,-0.0241133014612522,-0.0272009884316209,0.0669789333001333,0.0431049772466255
"ALT_C_30_32_vs_40_79",10,0.00365642720079136,-0.015204432880245,0.0345938904021964,-0.039508495448948,0.0136533467873703,0.0366036638531378,0.0583241162118035
"ALT_C_30_32_vs_40_79",11,0.0140659614381053,-0.0767998951705082,-0.0198418026335479,-0.0435532440414088,-0.070702482475813,0.0267022978181916,0.0247318767053206
"ALT_C_30_32_vs_40_79",12,-0.00280128662404784,-0.0150161755394831,-0.00419123532916676,-0.0710864411375782,0.0171035247562666,0.00562085531854446,-0.0116305078620477
"ALT_C_30_32_vs_40_79",13,-0.00749710377926759,-0.0583066007463897,-0.0518643930402052,-0.0062389317488469,-0.0968141977846964,0.0299105552041783,0.067901387524957
"ALT_C_30_32_vs_40_79",14,0.00675316160957452,-0.0307521652514704,0.0114758713836833,-0.0327229101038685,-0.0857564688913451,0.0221835667105229,0.0279383251329311
"ALT_C_30_32_vs_40_79",15,0.00811295954961751,-0.0502042433162341,-0.00495690769211979,0.0300550914406936,-0.0703283036124638,0.0504225666211808,0.0537296205227888
"ALT_C_30_32_vs_40_79",16,-0.0239051264494385,-0.0693708834118398,0.0413637086685454,-0.0589520061572645,-0.0719934029638857,-0.0115100385139081,-0.00559512531430768
"ALT_C_30_32_vs_40_79",17,0.048565323379707,-0.0249874920481742,-0.024041741884992,-0.018943465110382,-0.0741155549335735,0.0631500478465627,0.0488064718197669
"ALT_C_30_32_vs_40_79",18,0.0115498170454392,-0.0443051852644843,0.0206901851551409,-0.0110002570948913,-0.0297359550926496,0.000926180474095005,0.017533227573981
"ALT_C_30_32_vs_40_79",19,-0.0102357609802105,-0.045267971758103,-0.00608644109895529,-0.0463116845843564,-0.0126078656214113,-0.0144296419654701,-0.0208231981282244
"ALT_C_30_32_vs_40_79",20,-0.00628283782962587,0.00605137200241899,0.054544204571315,-0.0265715709585596,-0.0474905906103813,0.00380034247474244,0.0305974364956513
"ALT_C_30_32_vs_40_79",21,0.00364887806780854,-0.0312935331014677,-0.00588209726415193,-0.0164628742230071,0.0116349656930408,0.034521827441885,0.0195095575876399
"ALT_C_30_32_vs_40_79",22,0.0085726387337382,-0.000409152425264889,-0.0434023214540134,-0.0338076191228747,0.00128903982808709,0.0438326415806243,0.0329974988650886
"ALT_C_30_32_vs_40_79",23,-0.0157659875662994,-0.0207491560330877,-0.0208741196026939,0.00946925277806709,-0.0547811134343089,0.00562756998938397,0.000644980105029683
"ALT_C_30_32_vs_40_79",24,0.00159297515740338,-0.0264711421375168,0.0610270266141138,0.00311348456310426,-0.0315386748012962,0.0638674250017935,0.0831200407967431
"ALT_C_30_32_vs_40_79",25,0.00232854791436866,-0.0514186692336107,0.0379493552862263,-0.0346219133435795,-0.0627945186798926,0.0384502239121237,0.0326055617793897
"ALT_C_30_32_vs_40_79",26,-0.0159443213189647,-0.0165431297336691,0.0163273575625599,-0.0184565306475374,-0.0519861870051986,0.0260953897032796,-0.00445244316544463
"ALT_C_30_32_vs_40_79",27,-0.0251723341061161,-0.0236973729008479,-0.00586891004862342,-0.0322544844011158,-0.0468151737267412,-0.0182807686144897,-0.00646605246068718
"ALT_C_30_32_vs_40_79",28,-0.0139027821025882,-0.0793292860245858,0.000114121867692996,-0.0573994268887857,-0.0711336356572641,0.0105800126041219,-0.00961096888429055
"ALT_C_30_32_vs_40_79",29,-0.00171114645671266,-0.0319256429316363,-0.0493549528871429,-0.00109989733054353,-0.0484518234038881,0.0301730907550764,0.0213840176597887
"ALT_C_30_32_vs_40_79",30,-0.0078685601774712,0.0110720933858032,-0.0155796982710104,0.0132052907694473,-0.0665040976141243,0.00233315998177457,0.0954878867052448
"ALT_C_30_32_vs_40_79",31,0.000611054945856129,0.00642457694260877,-0.00898812039722616,-0.0993848395413343,-0.00321996802356422,0.0425516787607947,0.0268749551807415
"ALT_C_30_32_vs_40_79",32,-0.00164546311383353,-0.00361648354003248,-0.0368200876306741,-0.0603231693460649,-0.0613638666469208,0.0179369201153324,0.0129152897290541
"ALT_C_30_32_vs_40_79",33,-0.0110461888518457,-0.0504885747324272,0.00822875349415678,0.021313140837284,0.00192294462016235,-0.0206299028831017,-0.0277210511964114
"ALT_C_30_32_vs_40_79",34,0.054203509552321,-0.0477132797827685,-0.0106782024620662,-0.0318176740475688,-0.0866620766825443,0.0354086485922966,0.0514694164407219
"ALT_C_30_32_vs_40_79",35,-0.00949992657309017,0.0190045928648998,-0.0129288110800362,-0.0721767672539895,-0.0650281506797796,0.0128633418775071,0.00679668445975641
"ALT_C_30_32_vs_40_79",36,-0.0388550750073346,-0.0351156001998613,-0.0455671412171384,0.0202377320628103,-0.0312963101372898,-0.0141998675417711,-0.0247875050845134
"ALT_C_30_32_vs_40_79",37,-0.0273774228618857,-0.0136175468656667,-0.0128091994534293,-0.0178199496201139,-0.00668215534111338,0.0180499743124237,0.0190170343430642
"ALT_C_30_32_vs_40_79",38,0.0253225028408719,0.00257682164975499,-0.0462125378561108,-0.0310087245077964,-0.0226570924211268,0.0518794166667381,0.0567787908177561
"ALT_C_30_32_vs_40_79",39,0.0106666181366964,-0.0516153186300004,0.0601605551809261,-0.0416168353882088,-0.0234134609725236,0.00745644874250455,0.00303401743512102
"ALT_C_30_32_vs_40_79",40,0.0253125363832281,-0.0206802790880348,0.0132402327031767,-0.0168278452816248,-0.067442552239296,0.0450867499226792,0.0609553583748498
"ALT_C_30_32_vs_40_79",41,-0.00109976906480169,0.0281707453620364,0.00766708314557354,-0.0411688766646643,-0.107255453599141,0.0615251138949719,0.0242752121364765
"ALT_C_30_32_vs_40_79",42,-0.00379455842539039,-0.0341646461915133,-0.00010970694635945,-0.0152515976339574,-0.0405389569534962,0.0779228898332302,0.0498021045983906
"ALT_C_30_32_vs_40_79",43,-0.0108949323946557,-0.0268126886372001,-0.0057768586961976,-0.0617803017092357,-0.0488115295936556,0.0193027443538552,0.0175742151795367
"ALT_C_30_32_vs_40_79",44,-0.0346623451662366,0.00533167458989263,-0.00788489701194511,0.017753066645451,-0.0663867421210727,0.0304275392290847,0.0155404032301749
"ALT_C_30_32_vs_40_79",45,0.00723953816172598,-0.0406649679119543,0.0100777960024134,0.0128532783634042,-0.0504012207528222,0.00841697028483983,0.0557948858809633
"ALT_C_30_32_vs_40_79",46,0.0383775009346998,-0.0389458518499918,-0.0250997729483089,-0.0139948206729245,-0.0274106265591871,0.0653794019165119,0.0677528156009178
"ALT_C_30_32_vs_40_79",47,-0.000817826914178671,-0.0517010176432709,0.00913369478659357,-0.0576446202678099,-0.0419373294134524,0.0131998415164569,0.00711543286542132
"ALT_C_30_32_vs_40_79",48,-0.0228602580544954,-0.0201952159279643,0.0455565937912462,-0.0125771500499848,-0.0484925348442116,0.0122545660009655,0.00775518180712401
"ALT_C_30_32_vs_40_79",49,0.0109156916042399,-0.0334224223700967,0.0215525849656843,-0.0168871124012885,-0.0309266912642168,0.0583043803107681,0.0545827109958308
"ALT_C_30_32_vs_40_79",50,0.0101813662526762,-0.0377158587026832,0.00948932096601432,-0.0551300815370884,-0.0689048324831507,0.0332524673175277,0.0392659647944999
"ALT_C_30_32_vs_40_79",51,0.0225171669878089,-0.0187178967043467,0.00231376574951581,-0.0115090028592661,-0.0543070640676821,0.0451599972226658,0.0180520803069356
"ALT_C_30_32_vs_40_79",52,-0.00234309243467003,-0.0221722248486861,-0.0243957004959059,-0.0679157303835081,-0.0263845376883008,0.0328169031107398,0.0203459701796863
"ALT_C_30_32_vs_40_79",53,-0.0322787409370892,-0.00869081644445716,0.048179351453349,0.0331678878775091,-0.157147251972515,0.0334447039663721,0.0271544454802493
"ALT_C_30_32_vs_40_79",54,0.0207137475110279,-0.0164086841992958,0.0267364826368361,-0.0521506493674184,-0.0319070883870395,0.0139163227080795,0.0170775980733383
"ALT_C_30_32_vs_40_79",55,-0.0308239729637432,-0.0181810069237841,0.0325939285326627,-0.0445083532190528,-0.109205483325602,-0.00379238176776646,-0.0338855797677367
"ALT_C_30_32_vs_40_79",56,0.0130042597941432,-0.0192368509133929,-0.0175554648550917,-0.0366692147266726,-0.092534208901586,-0.0135667563412235,-0.0214652189739581
"ALT_C_30_32_vs_40_79",57,-0.00733038350220567,-0.0522790624852026,0.00770035339321262,-0.0254875217155693,-0.0444950770197911,0.00645312243757774,-0.0219176961354029
"ALT_C_30_32_vs_40_79",58,-0.00283117783720779,-0.0102787571168113,0.0490211029318941,-0.0450447824177675,-0.0541304881118348,0.0392412108498858,0.0437359191531957
"ALT_C_30_32_vs_40_79",59,0.0137291991450995,-0.0223818080281729,-0.0342263124338643,-0.0133527896906769,-0.0755476243927934,0.0398189027826149,0.0400455619254204
"ALT_C_30_32_vs_40_79",60,0.00868044323259559,-0.0317615691275273,0.00685130843846837,-0.0235342441754328,-0.0419754584558276,0.0324216134450889,0.0296576783264337
"ALT_C_30_32_vs_40_79",61,0.00584993083296215,-0.0516112032411446,0.0203521131791978,-0.0209745429829366,-0.0683297614871146,0.0169559244091345,0.00994913802744713
"ALT_C_30_32_vs_40_79",62,-0.0222769610576629,-0.0354078844234367,0.0104472235354012,-0.0504137205276302,-0.0653991243665951,0.0053184821305856,-0.000710536527264008
"ALT_C_30_32_vs_40_79",63,-0.000146059864357062,-0.00712642580261953,-0.0584578790225413,-0.0368230791811325,-0.0555155811651653,0.0180007116038949,0.0246861444412572
"ALT_C_30_32_vs_40_79",64,-0.0220022620662161,-0.0478028599010763,-0.0211397209352986,-0.0478763692893328,-0.0145211732604575,0.000735292581902268,0.0122183025905899
"ALT_C_30_32_vs_40_79",65,0.00902095800810886,-0.037206288564813,-0.0114134435771194,-0.047091418296294,-0.065741418827845,0.0299650268082556,0.0351273508186909
"ALT_C_30_32_vs_40_79",66,-0.01466541913724,-0.0633676492586919,0.000482401515982417,0.00241093604268247,-0.0249282137546132,0.0123887904659408,-0.00703160868086666
"ALT_C_30_32_vs_40_79",67,0.000508390484517549,-0.0332407049910385,-0.0171381824297535,0.00185673160785021,-0.0194435762140475,0.0459164968028624,0.0409944919151589
"ALT_C_30_32_vs_40_79",68,0.00303522499481315,-0.0330202998293129,-0.0358877905192062,-0.0397169217955048,-0.0793883120193221,0.0115517676119244,0.0213171365077221
"ALT_C_30_32_vs_40_79",69,-0.0051143780696488,-0.0151543137003848,-0.00415035443476622,-0.0429078193961906,-0.0499937799092163,0.000829064189899281,-0.00226366841029977
"ALT_C_30_32_vs_40_79",70,-0.00156427546314586,-0.0294632478498289,-0.0158720417607232,-0.0741432465084393,-0.0465888168374366,0.0493893388117862,0.0461222507754189
"ALT_C_30_32_vs_40_79",71,0.0169054592708818,-0.0690702941849355,0.0342810286162397,-0.0445461649709108,-0.0547792637948309,0.0132684110109173,0.0141192058087557
"ALT_C_30_32_vs_40_79",72,-0.0084883091417376,-0.0432687726893612,-0.00129052364527918,-0.00691967250031136,-0.0636450592110545,0.0277222525101486,0.00161951901253429
"ALT_C_30_32_vs_40_79",73,-0.032276270462728,-0.0370257137385018,0.0266244837906923,-0.0602633947380228,-0.0790488250766789,0.0108060086681962,0.00427188593412822
"ALT_C_30_32_vs_40_79",74,0.00810311035271528,-0.0172543951921484,-0.0244198216478737,-0.0549925468089535,0.0282257132454787,0.00690945451336553,0.0132275606784107
"ALT_C_30_32_vs_40_79",75,-0.00462544310023472,-0.037749241230849,0.0246847549074257,-0.00464391487159169,-0.0252385780079481,0.0117404500902566,0.000925077213213346
"ALT_C_30_32_vs_40_79",76,-9.56138515489716e-05,-0.0551018636313869,-0.0353150897555633,-0.00983198972544053,-0.0621630379807278,-0.0269982685856105,-0.0178538475354107
"ALT_C_30_32_vs_40_79",77,-0.00206886425386857,-0.0217942177005026,0.0235086111396429,-0.0563784191988644,-0.012975432215215,-0.00186305573477875,-0.0345580378474308
"ALT_C_30_32_vs_40_79",78,0.00369478508399278,-0.0821161355729801,0.0451172685653208,-0.0396406161128354,-0.0264805105278068,0.00992794400520765,-0.00126920173688182
"ALT_C_30_32_vs_40_79",79,0.0220756343796632,-0.0157570057228827,-0.0379303115636145,-0.00952986123435826,-0.0141513569059641,0.0428496974773482,0.0234909306398398
"ALT_C_30_32_vs_40_79",80,-0.0232044124368389,-0.0420749681697127,-0.000179188861311713,-0.0751749264745496,-0.0512634450040669,0.0152014121035366,0.0141729457895738
"ALT_C_30_32_vs_40_79",81,-0.0284681964323231,-0.0421881864719293,-0.0193764682334564,-0.0227577250712834,-0.066803980769203,0.0114880957492472,0.0135816548320642
"ALT_C_30_32_vs_40_79",82,0.00493479315339972,-0.0147420843723809,-0.0339091721974676,0.00459439905438608,-0.0504023779015234,0.0281813424918165,0.0246962461722883
"ALT_C_30_32_vs_40_79",83,-0.00581356417400598,-0.00738630569733435,-0.00451747396325602,-0.0238708415500283,-0.0256901718995912,0.0405568853216248,0.0332546989360447
"ALT_C_30_32_vs_40_79",84,-0.00692577422827192,-0.0476202587283497,-0.000816269864441804,-0.0627512022727991,-0.0472004540068989,0.0140438930843239,0.01976244714079
"ALT_C_30_32_vs_40_79",85,-0.00387032259895295,-0.0825406532309512,0.0299899399734715,-0.0156877714053922,-0.0778053121097624,0.0113961273760136,0.00832160314728367
"ALT_C_30_32_vs_40_79",86,-0.0121828444757261,0.0180351843305697,-0.0369876189301555,-0.0232018609197609,-0.0112393907635937,0.00924963121875404,-0.0173917184320859
"ALT_C_30_32_vs_40_79",87,-0.0257979556082742,-0.0330421121074458,-0.0151434070518832,-0.018659822446096,-0.0861998068223503,0.0143674668909347,0.00545252863885853
"ALT_C_30_32_vs_40_79",88,0.0102195046733569,-0.0175521740060828,0.0571876499630235,-0.0124678768733339,-0.0739880016062401,0.0369605375118455,0.0212212629543684
"ALT_C_30_32_vs_40_79",89,-0.013147725812107,-0.0121308680887052,0.0245542597619999,-0.0532867748034003,-0.114448709516208,0.013859897766186,0.0237888769598469
"ALT_C_30_32_vs_40_79",90,-0.0174013317606496,0.00936037104132557,-0.0471316408271504,-0.000436240829686213,-0.0694962324693985,0.025849014948318,0.0325721203063966
"ALT_C_30_32_vs_40_79",91,0.0143723877105192,-0.0410032785290575,0.0148350612420542,-0.0684165033157703,-0.0269868517209684,0.0481936172755635,0.0511590324052427
"ALT_C_30_32_vs_40_79",92,0.0233444471041833,-0.0371298370533619,0.0139245420873394,0.022505081056354,-0.0702943308803058,0.0317628021760537,0.0305269400020271
"ALT_C_30_32_vs_40_79",93,0.00124425899572497,0.028599502407399,-0.0166358548882162,-0.0617430175663366,-0.0246219096964414,0.0394860195917778,0.0533652555487671
"ALT_C_30_32_vs_40_79",94,-0.00340993981219474,-0.0238312070957231,0.0135042153591891,-0.00483049597341165,-0.136935393195132,0.0862521834843964,0.125718955448645
"ALT_C_30_32_vs_40_79",95,0.00532679140882177,0.0202416900214687,-0.000200503834945465,0.01220586402532,0.0202069922361308,0.0335957398688473,0.0378752521207834
"ALT_C_30_32_vs_40_79",96,-0.00426891748652213,-0.0596389838602677,2.91238531918148e-05,-0.0197345855953432,-0.128881455609108,0.0296918694312542,0.0429808004039268
"ALT_C_30_32_vs_40_79",97,0.00157883292997545,-0.0271366790127199,-0.0131779470346262,-0.0395800299961368,-0.0319548127673647,0.0346698110106394,0.0324683808207272
"ALT_C_30_32_vs_40_79",98,-0.0258399647349477,-0.00600229416583593,0.0182878847444312,-0.00813754960909457,-0.0143356805684797,0.00189900459666747,-0.000782574041114315
"ALT_C_30_32_vs_40_79",99,-0.0384557355124031,0.00298184116557247,0.00135535929908495,0.00851337205425809,-0.0524463566530547,-0.0103732753466112,-0.00893350526695112
"ALT_C_30_32_vs_40_79",100,0.00431218780313777,-0.0446585661025952,0.001460386298612,-0.018602598488034,-0.0535541868674996,0.0170979550183043,0.00949464609362265
"ALT_C_30_32_vs_40_79",101,-0.0265094838391128,-0.0436243277650882,-0.00612013363443012,-0.0770479223655203,-0.0298963647800413,0.00279400553666559,0.000955484580661133
"ALT_C_30_32_vs_40_79",102,-0.00593593392382279,0.0222533515923006,-0.0163154279403965,-0.0020125659433019,-0.0790553458047858,-0.00198828078584846,-0.0211355431493805
"ALT_C_30_32_vs_40_79",103,-0.0204224529895825,-0.034602318933767,-0.00818007899045509,-0.0478183860106115,0.00783679847427821,0.0261514722904045,0.0500379066262713
"ALT_C_30_32_vs_40_79",104,-0.00204903758708681,-0.0354410457997547,0.0161671307241268,-0.02792417004317,-0.0138321914754236,0.0266072411117463,0.0234446591111391
"ALT_C_30_32_vs_40_79",105,0.00676196336077402,-0.0383751553010083,-0.00247888617893288,-0.0349000260847447,-0.0060203773854523,0.0306819045456179,0.0442691394504154
"ALT_C_30_32_vs_40_79",106,-0.000341482907391548,-0.0251252497208155,-0.0520368776769281,-0.0714186259538255,-0.0969143769039612,0.026945672535194,0.0291116627560636
"ALT_C_30_32_vs_40_79",107,-0.0158965622038248,-0.0464284152097003,-0.0244331717548518,-0.000458764544017443,-0.0658650711421457,0.0130392886181512,0.0539474187508084
"ALT_C_30_32_vs_40_79",108,0.00636408876214795,-0.0638564043483996,-0.0276930568681532,-0.0303946798007865,-0.117511738999319,0.0222299835910738,0.0109854710979154
"ALT_C_30_32_vs_40_79",109,0.00478102292381967,-0.0336243334474664,-0.0322324420574915,-0.0179348074684722,-0.0626661457094523,0.0271838557244669,0.0209447203654543
"ALT_C_30_32_vs_40_79",110,0.0144977872599712,-0.0464145995495879,0.000228311794541552,-0.0176397100824228,-0.023566457637816,0.0246315003650482,0.0392910418484753
"ALT_C_30_32_vs_40_79",111,0.00313209685741468,-0.015226532815014,-0.0266104871226736,-0.027389262844597,-0.0462422700507162,0.0314799338946703,0.0256847413784546
"ALT_C_30_32_vs_40_79",112,-0.00696622181670953,0.00130578070659684,-0.0372642878701347,-0.0448112191647489,-0.054508366935336,0.024469096105114,0.0395296977094072
"ALT_C_30_32_vs_40_79",113,0.0117091940900769,-0.0288109639140626,0.0240559077264682,-0.0448957211020595,-0.0506131707887713,0.0349480391913023,0.0700168779111683
"ALT_C_30_32_vs_40_79",114,-0.0276234222615318,0.0458389378884707,0.0217643595772518,0.00728684454720391,0.0414430943910938,-0.0264079287522877,-0.0118978892852616
"ALT_C_30_32_vs_40_79",115,-0.0290099832341559,-0.0069396875556936,-0.0149116755796836,-0.087007329456304,-0.00351593909572034,-0.0166140728994335,-0.0128058935578979
"ALT_C_30_32_vs_40_79",116,-0.00994016085210089,-0.0535696149325201,-0.00824321608105344,-0.0196652570410177,-0.0458909398428959,-0.0272920401532793,-0.013252442411534
"ALT_C_30_32_vs_40_79",117,0.0383985087107751,-0.023724213613884,-0.00698034032861514,-0.042060105291483,-0.0753542118848632,0.012842104099186,0.0272207549397693
"ALT_C_30_32_vs_40_79",118,-0.00255370983093366,-0.0508323222923276,0.0369445943514063,-0.0361520506895827,-0.106993821033084,-0.00954625767845748,-0.01997186078023
"ALT_C_30_32_vs_40_79",119,-0.00580059419823266,-0.0396586367390848,-0.0178949359477352,-0.0662421041334351,-0.0227103832002545,0.0096944823408836,0.00391388232008182
"ALT_C_30_32_vs_40_79",120,-0.00478813207384662,-0.0178320565734053,-0.01145609611724,-0.0428743016547183,-0.0816797165950089,0.0179891275470053,0.0172595018816903
"ALT_C_30_32_vs_40_79",121,-0.0192340533938407,-0.0109537676472294,-0.0151806444870045,-0.0153345355319955,-0.02188169649646,0.0350684521365517,0.0320966547891726
"ALT_C_30_32_vs_40_79",122,-0.016531461786444,-0.0404786898962913,0.0159318764411249,0.00404107655339012,-0.0905380359196309,0.0132029759066816,0.012162236704686
"ALT_C_30_32_vs_40_79",123,-0.00976543351460901,-0.0527437405399111,-0.0373888825828109,-0.0986822695583766,-0.00906540273937095,0.0127284628405957,0.00882636842361055
"ALT_C_30_32_vs_40_79",124,0.006229282247009,-0.0277817811204717,0.0369333739705448,-0.093536848220467,-0.0755187646114074,-0.00739865068811886,-0.000884260220739057
"ALT_C_30_32_vs_40_79",125,-0.029614818316341,-0.0344946714431337,0.0289336894531445,-0.049085469722126,-0.0152716321650911,0.0239963307559381,0.023141349646851
"ALT_C_30_32_vs_40_79",126,-0.0143132392633702,-0.0419318211735736,-0.0187909912309269,-0.0622327184506772,0.000316960757695717,-0.0257789683716728,-0.00428434529023854
"ALT_C_30_32_vs_40_79",127,0.0308747316137634,-0.0782810600805674,0.0473519939313387,-0.000384789127235025,-0.078664122246996,0.0371233138860816,0.0584270656414501
"ALT_C_30_32_vs_40_79",128,-0.0105859975361082,-0.00407507817122799,-0.0141895671555444,-0.105310772979634,-0.0390793157781776,0.045789139743674,0.0465499529029582
"ALT_C_30_32_vs_40_79",129,-0.0120434496557198,0.00515148650890936,-0.0454514291707959,-0.0472020635761288,-0.0424901718081244,0.00148782866350087,0.00391880439913798
"ALT_C_30_32_vs_40_79",130,0.00776621589963533,-0.0142083948274073,-0.0927165212445665,-0.0436544690348791,-0.0573743619843447,-0.00906496041915406,-0.0191765879119046
"ALT_C_30_32_vs_40_79",131,-0.0153972978478548,-0.0462757064016611,-0.0319352937656829,-0.000595746894986926,-0.0034530987200419,0.045440392954547,0.0763952824521419
"ALT_C_30_32_vs_40_79",132,0.019630125680665,-0.0501464798809741,0.0228754845890849,-0.0124302645702906,-0.111856494129811,0.0323072181377216,0.00951542781843727
"ALT_C_30_32_vs_40_79",133,0.0275957833614356,-0.0192294958593867,-0.058173741036821,-0.066188689762714,0.022173440694209,0.050792661394461,0.0293395088449
"ALT_C_30_32_vs_40_79",134,0.0206714366071837,-0.0700819571353665,-0.00695680344002469,-0.00694979758401398,-0.00863336357724132,0.0483923288340303,0.0487622760522335
"ALT_C_30_32_vs_40_79",135,0.00631707755200048,-0.0299658934882742,-0.00103174805875605,-0.0104794688685386,-0.0739386415763278,0.00856873424298638,0.00982382278058599
"ALT_C_30_32_vs_40_79",136,-0.00902542552990459,-0.0431527809929888,0.00360589948903703,-0.0653468234882569,-0.063144476983934,-0.00777759642469274,-0.00743232139688089
"ALT_C_30_32_vs_40_79",137,-0.0133961938801499,-0.0279694448231119,0.0153592672601314,-0.033802004988178,-0.0946160443111965,0.00849313110381654,-0.0088565600446968
"ALT_C_30_32_vs_40_79",138,0.0114393591099807,-0.00104594982274031,-0.0284993043005328,-0.0285332174934,0.00803347107852614,0.0025222239622299,0.050285819055911
"ALT_C_30_32_vs_40_79",139,0.00313336888427344,0.0139859533383872,-0.0396647172600203,-0.0515751899094205,-0.0526143174978657,0.0385871620902994,0.0253580136504794
"ALT_C_30_32_vs_40_79",140,0.0307907286656596,-0.0709171212647318,0.0368901596807611,-0.0673234196567277,-0.0437990478469931,0.0739830852542381,0.0734872535235515
"ALT_C_30_32_vs_40_79",141,-0.0100326437517574,-0.0302149963348928,-0.0214809054493973,-0.031546042800467,-0.084208890552613,-0.00441326317081438,-0.00967827859138264
"ALT_C_30_32_vs_40_79",142,-0.011443696135228,-0.0249509175554106,-0.0408213068535166,-0.0152656687546198,-0.0652373550928015,0.0153501402451747,0.0361751690918446
"ALT_C_30_32_vs_40_79",143,0.00140064850969456,-0.0500456245082823,0.0145803876297569,0.0385713850208341,-0.0633700754141887,0.0625872757311245,0.0353480829763527
"ALT_C_30_32_vs_40_79",144,0.0200638624803295,-0.0327312932916188,-0.0328915702820695,-0.0685603616375019,-0.068035398023126,0.0147410529673324,0.0550585484253762
"ALT_C_30_32_vs_40_79",145,-0.0247167816697311,-0.0229649489407126,0.00204823904240822,-0.061282990585781,-0.0514289627857338,-0.0213937557648534,-0.0323023550723217
"ALT_C_30_32_vs_40_79",146,-0.0258835648754294,-0.0356431047607802,-0.0217619724084461,-0.0542540143655173,-0.0808139637744661,0.0118946007749977,0.0136484273354637
"ALT_C_30_32_vs_40_79",147,-0.00864241503524629,-0.0432324862838198,0.0230342040156213,-0.0566874036910711,-0.0583512104228286,0.0129033844186538,0.00858972881012479
"ALT_C_30_32_vs_40_79",148,0.0176769500593484,-0.0284381533995509,-0.0152146400558854,-0.0252265696780216,-0.0401809663806754,0.0499691388211908,0.0620196056261195
"ALT_C_30_32_vs_40_79",149,0.0368518931508605,-0.0152350213575964,-0.0293516526881096,-0.0195808554216369,-0.0548526953886314,0.0484449926713682,0.0368113298529646
"ALT_C_30_32_vs_40_79",150,0.00538835508297614,-0.00232062665848254,-0.0099745697324732,-0.042435837183637,-0.00792421969400109,0.0329308183122334,0.051517410145728
"ALT_C_30_32_vs_40_79",151,-0.00925214082358167,-0.0193027854256113,0.00342948678863389,-0.0992236103522773,0.00620511865096285,0.0306169585744073,0.0455800322622226
"ALT_C_30_32_vs_40_79",152,-0.00883752501102673,-0.0602791462120603,0.00488941056881084,-0.0105201104574591,-0.0386502354299263,0.0341782580778116,0.0450953950148538
"ALT_C_30_32_vs_40_79",153,-0.000409443767308032,-0.0564452666894567,0.023453577621281,-0.00994798546545478,-0.0940917171827442,0.0300141182356536,0.0278566237388947
"ALT_C_30_32_vs_40_79",154,0.01714017708302,-0.034042438107948,0.00220681609681894,-0.00139987583734219,-0.0272114126963841,0.04829272103757,0.0688479166051337
"ALT_C_30_32_vs_40_79",155,-0.015757124427178,-0.0295908814562978,0.0394979775246559,-0.035602516100142,-0.0512718451252571,0.00574614284386533,0.0249468379678762
"ALT_C_30_32_vs_40_79",156,0.0197635274397913,-0.0601454777328717,0.0117642832748119,-0.0514268690291045,-0.0446538438443951,0.0490485183894498,0.069912927811682
"ALT_C_30_32_vs_40_79",157,0.0131913383665119,-0.0442158470046605,-0.0322494449970891,-0.0983604168224792,-0.0696240530403472,0.0325183843554748,0.0317691796918187
"ALT_C_30_32_vs_40_79",158,-0.0192905064916802,-0.0361307653529411,0.0170326368731168,-0.0464654280311067,-0.00997587343525086,-0.0362758864802004,-0.0446554149056417
"ALT_C_30_32_vs_40_79",159,-0.00402411868539182,-0.00391154849187764,-0.0234887827064626,-0.0139763985445294,-0.0720266776375371,0.00153737462407813,0.00311886271753163
"ALT_C_30_32_vs_40_79",160,0.000317199671484331,-0.0452154269927748,-0.0152293241039912,-0.0498565079105355,-0.0415141334552888,0.0337104995115859,0.0169066716242956
"ALT_C_30_32_vs_40_79",161,0.00522481516689638,-0.0334392866999932,-0.00719029769557852,-0.0509138164437393,-0.0260485261575263,0.0407517037774687,0.0382205878038611
"ALT_C_30_32_vs_40_79",162,-0.00566690467881929,0.0166612057848142,-0.0069166402242555,0.0134232184182227,-0.0380015070240816,0.0284462804828623,0.00349648290026812
"ALT_C_30_32_vs_40_79",163,-0.00707853755179262,0.0167864379029456,-0.00621512330887501,-0.0575814211493242,-0.0276045696157705,0.00689691996504816,0.00255532003699917
"ALT_C_30_32_vs_40_79",164,0.0211664974381534,-0.0701259437478897,0.0145836517715232,-0.0796413648333618,-0.0761139200272998,0.0146584207163626,0.0132534671598787
"ALT_C_30_32_vs_40_79",165,-0.0112961366439867,-0.00344675839174428,0.00805856320914738,-0.088315203477447,-0.021878991221123,-0.013594770452705,-0.0185286202011474
"ALT_C_30_32_vs_40_79",166,0.003257421241865,-0.0637766356766105,0.0192294637637857,-0.0912680421229567,0.0220619013528159,0.0462914785773011,0.0680570130643825
"ALT_C_30_32_vs_40_79",167,0.0149048344518258,-0.07785390676576,-0.0244554282916968,-0.0569364062983854,-0.0567655182690993,0.0649866444130487,0.0584291432228724
"ALT_C_30_32_vs_40_79",168,-0.0129655847549933,-0.0210305631555028,-0.00726214216459062,-0.0781472209065543,-0.030245502664619,0.0131483966494281,0.00458742372415137
"ALT_C_30_32_vs_40_79",169,0.0125581445266268,-0.00944456127600202,0.0295452246690177,-0.028391012225632,-0.00802772170605504,0.0349050204658321,0.0399651200222115
"ALT_C_30_32_vs_40_79",170,0.0294215550070955,-0.060122574520026,-0.0294123465829934,-0.0229468754834828,-0.0233901487313259,0.0700706689451759,0.0505891142779495
"ALT_C_30_32_vs_40_79",171,0.0126336095596091,-0.0326945804392614,0.0018081290786895,-0.0350162158963009,0.0583712768868742,-0.00379287973493422,0.00662387795400325
"ALT_C_30_32_vs_40_79",172,0.0104207180908947,-0.0409908150101134,0.017432973422285,-0.0684471555792847,-0.0960419720506496,0.0220961060634109,0.0248584445210727
"ALT_C_30_32_vs_40_79",173,-7.77013672305787e-05,-0.0728106941496175,0.0363260382630131,-0.0448662414238028,-0.108548091254442,0.015321855176914,0.0097985360380675
"ALT_C_30_32_vs_40_79",174,-0.0250288240439393,-0.0470008304285394,0.0195090511869025,-0.103314551547462,-0.0418721484940783,0.00905133136819235,-0.0204358031242784
"ALT_C_30_32_vs_40_79",175,0.00765523436579539,-0.00637111105451774,-0.000322732974967183,-0.0534125226688752,-0.0847509747384074,0.0308426755355026,0.0191192315856306
"ALT_C_30_32_vs_40_79",176,-0.00109378079468547,-0.0100397461685668,-0.0457019552886688,-0.0540476627296873,0.0130824448413719,-0.00463857732822855,-0.00234328451672612
"ALT_C_30_32_vs_40_79",177,-0.0186419780284762,-0.0100398828393364,0.0320949522474304,-0.0520385321654324,-0.0608793428430489,0.00912673223864913,0.014602485501359
"ALT_C_30_32_vs_40_79",178,0.0319341894276733,-0.0232950521761614,0.0102373668038711,-0.0382373925896258,-0.100524180701746,0.0645460819080661,0.064506170141982
"ALT_C_30_32_vs_40_79",179,0.00097766177247656,0.00986967932116223,0.00936621698227952,-0.0250054401699414,-0.0225667853914462,0.00718079726933128,-0.00620599802799542
"ALT_C_30_32_vs_40_79",180,0.00103712817561576,-0.0555211216413461,0.0282877977295829,-0.0112196850564803,-0.0547837228256935,0.0153392742530675,0.00843834119474937
"ALT_C_30_32_vs_40_79",181,-0.0131000735414135,0.0177421181323238,0.00656398563446167,-0.0118165950879626,-0.0823625831877963,-0.0204636834368879,-0.0135334642993863
"ALT_C_30_32_vs_40_79",182,-0.0052174134324557,-0.0234743580037861,0.0352958964622476,-0.0918482016180238,-0.0530745996581389,0.00431130477677914,0.00609640561698864
"ALT_C_30_32_vs_40_79",183,0.00142589839770632,-0.0209501567545654,-0.0469871091054997,-0.0299751667062201,-0.0670077092790285,0.00316293246023088,-0.0201719768889683
"ALT_C_30_32_vs_40_79",184,0.00419178288906027,-0.0200071550215763,-0.00585567466642742,-0.0721756594241623,-0.0757322834825566,0.0580186769141005,0.0447716456865932
"ALT_C_30_32_vs_40_79",185,0.00201174960770852,-0.0219889834850205,-0.0282483819167388,-0.0238744332174185,-0.0456109542076993,0.00439123628441192,0.00351828546377053
"ALT_C_30_32_vs_40_79",186,0.00630196700174233,-0.073280487122703,0.0313115049408346,-0.0572033899875843,-0.0432657248695826,0.0219150123911344,0.0228426492292836
"ALT_C_30_32_vs_40_79",187,0.0111254452145597,-0.0562445244605519,0.0118608509153942,0.00486651748801861,-0.0648295596975936,0.0605261089816427,0.0729581878424576
"ALT_C_30_32_vs_40_79",188,0.000793382720594892,-0.0155804478176906,-0.0215082422487266,-0.00384855967511621,-0.0784316139243943,0.0311798421043568,0.0463348820279311
"ALT_C_30_32_vs_40_79",189,-0.0350392425295769,-0.0511049098565423,0.0441931631593522,-0.0239448921867538,-0.0525946174775904,-0.008633103201228,-0.0315161699577386
"ALT_C_30_32_vs_40_79",190,-0.0134262153115635,0.0186499468001517,-0.0467507397797834,-0.076212334210012,-0.0646023240835966,0.0128934315579294,0.0121805617001307
"ALT_C_30_32_vs_40_79",191,0.00673674023570593,-0.00459891994251227,0.001997316219913,-0.0219649873835333,-0.0733367819209839,0.0121783460989067,0.0189003932621181
"ALT_C_30_32_vs_40_79",192,-0.0147004785838476,-0.0216607535099856,-0.0139200428654671,-0.0888782040895885,-0.0527593423733799,-0.00287985607566012,-0.0149741645248836
"ALT_C_30_32_vs_40_79",193,0.000188280931921997,-0.0319885362527569,0.0190944739453985,-0.0585164968999372,-0.100451208604766,0.00301798113115614,0.0021105692954539
"ALT_C_30_32_vs_40_79",194,-0.0175468229258413,-0.00687619971446493,-0.0146090389563281,-0.0451020051693048,-0.0944603343098991,0.0171854906723984,0.0192879409868463
"ALT_C_30_32_vs_40_79",195,-0.00518989793760942,-0.00154966883592578,-0.0324046961412853,0.0325098697374411,-0.101142029891697,0.0083709551041586,0.0112702548775298
"ALT_C_30_32_vs_40_79",196,-0.0144458554222454,-0.0634992536172276,-0.00862328438689625,-0.0208154597988031,-0.10741185525175,-0.0124690608359854,-0.00654111556364263
"ALT_C_30_32_vs_40_79",197,0.0315711561457101,-0.0105289993410907,-0.0197000521177383,0.00493236674924133,-0.0555248929351306,0.0568259527354473,0.0487810726657119
"ALT_C_30_32_vs_40_79",198,-0.0157719658268864,-0.0230922370795772,-0.0231950067229992,0.00923387230817346,-0.0433752549661688,-0.0224761373878882,-0.0342050918054386
"ALT_C_30_32_vs_40_79",199,0.0104318646664952,-0.0244805334970826,-0.0300215743033205,0.00302404810559662,-0.0705092242456555,0.0446287316945802,0.0513226600145664
"ALT_C_30_32_vs_40_79",200,-0.0234958863845106,-0.00335263817847206,0.0129598291219889,-0.0236375921105055,-0.0803233210157693,0.0111109553906,-0.00103018071183068
"ALT_C_30_32_vs_40_79",201,0.00808042023871881,-0.0262730378255194,0.0189302771604185,-0.0692469108164131,-0.0803125274489369,0.0408502250445485,0.0661136847065289
"ALT_C_30_32_vs_40_79",202,0.00429831704365584,-0.0436041028791941,-0.0168503182038991,-0.0625979633855437,-0.0605112946137867,0.017318567199776,0.0391876442027549
"ALT_C_30_32_vs_40_79",203,0.0207587892196509,-0.0559764612837193,-0.00505039927040493,-0.0305793446014517,-0.0796911214443534,0.0508753272434921,0.0478238311177288
"ALT_C_30_32_vs_40_79",204,0.00391707348607512,-0.0376151160738962,0.0184646531703927,-0.0432890829097662,-0.0710049032088962,0.0203625447727349,0.00670854081785702
"ALT_C_30_32_vs_40_79",205,0.000788627174319378,-0.0258999242940119,-0.0270735887088683,0.00534691689190908,-0.0707467243206777,0.0455322101355413,0.0516725335830753
"ALT_C_30_32_vs_40_79",206,0.0141135823239215,-0.0297112093626632,0.000811521500670015,-0.0317270293856846,-0.0673895586357632,0.0435701772402485,0.0668929577963097
"ALT_C_30_32_vs_40_79",207,0.00796266114680899,-0.0153986300542921,-0.0364085794158369,0.0192545990115236,-0.0249908886089787,0.0365516183871386,0.0423084866312027
"ALT_C_30_32_vs_40_79",208,-0.00912976221909804,-0.0156852119666471,-0.0284439487489042,-0.0209194448627102,-0.0198851919217776,-0.0299940640087972,0.00847481198013078
"ALT_C_30_32_vs_40_79",209,-0.00831401774756789,-0.0158396171885715,-0.0281059816146446,-0.04540108169228,-0.066629872304345,0.01049181161019,0.0341067079887942
"ALT_C_30_32_vs_40_79",210,-0.0125368137204032,-0.0210072305533075,-0.0533384889248731,-0.0646239194440296,-0.129535601733007,-0.00695327346714136,0.00312960614256905
"ALT_C_30_32_vs_40_79",211,-0.00175098557351848,-0.0333402973579647,0.000838343174495992,-0.0646491939746809,-0.0490001968555431,0.00093671848587909,0.000610626069219716
"ALT_C_30_32_vs_40_79",212,0.00145084517613727,0.02216546001111,-0.0268447104074764,0.0176198080735633,-0.0472692527187918,0.0257390580791495,0.0342213194402803
"ALT_C_30_32_vs_40_79",213,-0.0217172011393471,-0.0473796041457584,-0.0287882954627819,-0.0470856208743506,-0.0337111693100973,0.0150309238420538,0.00883717307232741
"ALT_C_30_32_vs_40_79",214,0.0229900788832171,-0.0555685355226389,-0.00766819647773015,-0.0369857017731197,-0.0400280642616364,0.0523132006689564,0.0771167076694588
"ALT_C_30_32_vs_40_79",215,0.0183008387201911,-0.0725945496461921,0.0148715971208104,-0.0165045738518236,-0.0432943267275146,0.0582975616439668,0.0267677886585948
"ALT_C_30_32_vs_40_79",216,0.0119408099579388,-0.0350390067227127,-0.00986030682002922,0.0433481138897141,-0.0169795582798147,0.0120686376176138,0.017042582966844
"ALT_C_30_32_vs_40_79",217,-0.00982396275942209,-0.0205479513278432,-0.0715878796929883,-0.05679195564454,0.0186739385352727,0.0258041428342536,0.0252087686557763
"ALT_C_30_32_vs_40_79",218,-0.0366185409856573,-0.0279149469039469,-0.0258514181119082,-0.0714796551997713,-0.0671329007827385,0.0211051491930962,0.0425217820017299
"ALT_C_30_32_vs_40_79",219,-0.0470589476578687,-0.000251729200442113,-0.00408009748396021,-0.0393533612745873,-0.029208068488399,-0.0394313255891297,-0.0460915381393112
"ALT_C_30_32_vs_40_79",220,0.00135644678707537,-0.0366096343941429,-0.00258233487641149,-0.0390448279303028,-0.0745968221647026,0.0331763661396901,0.0369164873224513
"ALT_C_30_32_vs_40_79",221,0.032891834422582,-0.0175851197857794,-0.00581921767125301,0.00231438467849249,-0.0232785602280852,0.0767435241481237,0.057628194388106
"ALT_C_30_32_vs_40_79",222,-0.00557592910091349,-0.0188854286254117,-0.0400808239723602,0.0506772524144931,-0.0571349647792648,0.0163090567799863,0.0382805508770894
"ALT_C_30_32_vs_40_79",223,0.000509860377815474,-0.0510505099848663,-0.014884852346472,-0.0218752567843142,-0.0786582204311573,0.00525353663789287,0.0268890999736398
"ALT_C_30_32_vs_40_79",224,-0.0120138013635212,-0.0104476409085721,-0.00184481220497423,-0.0606508233400573,-0.0868905053880364,0.020713972209355,0.0203983730109667
"ALT_C_30_32_vs_40_79",225,-0.0171204275254021,-0.00571533380040745,-0.00648360315020385,-0.0751766881182357,-0.022377404415169,-0.0320004331609653,-0.0304952691670225
"ALT_C_30_32_vs_40_79",226,0.00488847299198418,-0.0643523975909555,-0.0387511093149251,-0.0332868709153148,-0.0631467901374334,0.0438991583764074,0.0220544155820181
"ALT_C_30_32_vs_40_79",227,-0.0331951338120394,-0.0471502454975101,-0.0115474028803433,-0.00462839914912244,-0.0214179692221141,-0.0159137790556491,-0.0162832338215864
"ALT_C_30_32_vs_40_79",228,-0.0176529751520035,-0.0173633956646092,0.0235526185595439,0.0251196968191734,-0.0676700904289558,-0.00302584770497141,-0.007575678811681
"ALT_C_30_32_vs_40_79",229,-0.00426493613605337,-0.0539487378409347,-0.0481192116927557,0.028631313795027,-0.060691972908922,-0.0103110088812043,-0.0499479865975643
"ALT_C_30_32_vs_40_79",230,0.0123856830747432,-0.0524666342466568,-0.0217718986320026,-0.00622440154691792,-0.0749051256645054,0.030739201469645,0.0241445920717889
"ALT_C_30_32_vs_40_79",231,-0.0216329175845095,-0.0168522344982743,0.0111405131057909,-0.051550632356239,0.00274722364512037,0.0021636676345599,0.00275554889028042
"ALT_C_30_32_vs_40_79",232,-0.0197340446079303,-0.0814278796278598,0.0054147868685408,-0.0197392886632649,-0.052618360388098,-0.0179152942171991,-0.0247953094371147
"ALT_C_30_32_vs_40_79",233,0.00238038020634981,-0.0486339690422295,-0.0294070503681736,-0.0502471848681961,-0.0382952780760633,-0.0269313856184943,-0.0192103411354077
"ALT_C_30_32_vs_40_79",234,-0.000881474955141091,-0.0204773786367894,-0.0100800540965749,-0.0947540731454322,-0.0407334532280051,0.0400602271078496,0.0405550829708272
"ALT_C_30_32_vs_40_79",235,-0.0514872295709178,-0.0259286422109922,-0.0315871660910743,-0.0578463852851198,-0.040587256611823,-0.0205259267019966,0.00794250527838186
"ALT_C_30_32_vs_40_79",236,-0.0116453197578651,-0.0468303390860104,0.000967905504200922,-0.0224848534990299,-0.0788896655307444,-0.0181445789359463,-0.00692901371436756
"ALT_C_30_32_vs_40_79",237,0.000144472107286381,-0.0144555254972627,-0.015102577143992,-0.0398082974824709,-0.0554590440706322,0.00820242736238781,0.0089568740114843
"ALT_C_30_32_vs_40_79",238,-0.00069764483542098,-0.00602306852028306,0.00800554194905781,-0.0382556500270853,-0.031121025023145,0.0137061379814755,0.018530434689696
"ALT_C_30_32_vs_40_79",239,0.00253166601898611,-0.0623550612906741,-0.03535245156263,-0.0184896510587423,-0.0495413374503301,0.0225229830036652,0.00541295973505967
"ALT_C_30_32_vs_40_79",240,0.00347697457130301,-0.00127551785853061,-0.111771560295381,-0.0310165386724505,-0.0658198676282915,0.0201238704662965,0.0203060704219476
"ALT_C_30_32_vs_40_79",241,-0.00990948699253361,-0.0346002735607034,-0.0138082440620095,-0.0271230486245622,-0.0711033729927872,0.026071990393092,-0.00041983699638512
"ALT_C_30_32_vs_40_79",242,0.00113469943762602,-0.00605157106123132,0.00517508488298038,-0.0259444974776692,0.0102726765819849,0.0219654682016364,-0.00706045678511852
"ALT_C_30_32_vs_40_79",243,0.0027393257836115,-0.0336119281535753,-0.0321209518865198,0.00639352760740874,-0.0291664971527814,0.0268872628534409,0.048086832544835
"ALT_C_30_32_vs_40_79",244,-0.0225715604360599,-0.0492608612487903,0.00550827931460324,-0.092638018466816,-0.0690591811574564,0.00707578191407762,0.0281805053083453
"ALT_C_30_32_vs_40_79",245,0.0126210198447671,0.00887473644760398,0.0174382776343719,0.00656545305415068,-0.0572903531296288,0.0444961639264749,0.107818852370865
"ALT_C_30_32_vs_40_79",246,-0.0155956058407828,-0.0115765988124748,-0.0574185034244877,-0.0775911009768016,-0.0204294786644041,0.0294348729310888,0.0126867322082485
"ALT_C_30_32_vs_40_79",247,-0.017356386443793,-0.0417011618406551,0.0276961202475207,-0.050984070123904,-0.0722735730679574,0.00831770012856693,-0.0166000896921644
"ALT_C_30_32_vs_40_79",248,0.025593961917398,0.00863689539781823,-0.0275330447488026,-0.0361980939150153,-0.0423321741785185,0.0424663584730299,0.0152902463197128
"ALT_C_30_32_vs_40_79",249,0.00178561709077902,-0.00748614120315468,-0.0237071258444605,-0.00868114623096181,-0.0356641987513708,0.0217995748310001,0.0487032336322759
"ALT_C_30_32_vs_40_79",250,0.00454129105711989,-0.0537980932830161,-0.00190055424696528,-0.017307644875752,-0.0923228408639498,0.042145361692612,0.0388552378184298
"ALT_C_30_32_vs_40_79",251,-0.00395123811057941,-0.00658169238870243,-0.0627718545468487,0.00218232184309231,-0.0432168070501557,-0.00651767239028778,-0.000818840346642133
"ALT_C_30_32_vs_40_79",252,0.0125659868241227,-0.0427703742433419,-0.013596258697227,-0.0245770086361092,-0.0420151715201644,0.00690436756916367,-0.0157651730202008
"ALT_C_30_32_vs_40_79",253,-0.00374360472327562,0.00313331323660705,-0.0154343803094126,-0.0143153630944129,-0.0317526823723155,0.0178698758564093,0.0121942048684653
"ALT_C_30_32_vs_40_79",254,0.0284716470469084,-0.0239727818018197,0.00984228497736994,-0.00928017513781773,-0.0631709545537877,0.0446918884889682,0.0713424383505969
"ALT_C_30_32_vs_40_79",255,0.011258155981314,-0.0215473199925205,0.00557928067836461,-0.0336280241394176,-0.0467175072688773,0.0261553213533034,0.0453288632120965
"ALT_C_30_32_vs_40_79",256,0.0218921927745149,-0.0707328514018169,-0.0143609876188858,-0.0579229648779572,-0.0444568053676718,0.029194473295936,0.0203982635552862
"ALT_C_30_32_vs_40_79",257,-0.0117865207896951,-0.019291704846266,0.0260445631222101,-0.0366969566165579,-0.0420238027676214,0.0169639807784637,0.0391896203438834
"ALT_C_30_32_vs_40_79",258,-0.0234174769598906,-0.0139100935916417,-0.00060741290154584,-0.0342780474068848,-0.0458199200703075,-0.0231173942206822,0.00936755769515051
"ALT_C_30_32_vs_40_79",259,-0.0137750116627521,-0.0142312154797968,-0.0661085245381599,-0.0606599785102961,-0.0744161367935225,0.0018991085020779,0.0200435989403932
"ALT_C_30_32_vs_40_79",260,0.015438643158547,0.00213962941224786,-0.0484794036440388,-0.066862464751977,0.0194105009808241,0.0583781434140702,0.0700971118598196
"ALT_C_30_32_vs_40_79",261,-0.0105454859267012,-0.0036280054377613,-0.0208279703792703,-0.074603019192076,-0.0447527682314424,-0.000702229586570638,-0.000449724625404366
"ALT_C_30_32_vs_40_79",262,-0.0446820842732098,-0.0719617958938732,0.0137720156131542,-0.0296882379649649,-0.0523040157393484,-0.0143351306160957,0.0107746838115356
"ALT_C_30_32_vs_40_79",263,-0.0184504024196982,-0.0145215263055526,-0.03067045071851,-0.0330013456329444,-0.0630140128820833,-0.00549954599940188,-0.00970182433875761
"ALT_C_30_32_vs_40_79",264,-0.00687112903486698,-0.0384181538109277,-0.0628530661718301,0.00668174036771357,-0.0795368781874471,0.0182998402471526,0.0321749188519165
"ALT_C_30_32_vs_40_79",265,0.0349682471202272,-0.0352646415176794,-0.0293942979319279,-0.0386731138089143,-0.0440071556296288,0.0619117834029984,0.0657416401844379
"ALT_C_30_32_vs_40_79",266,-0.0023100448213051,-0.0572622874602493,-0.00487831381604859,-0.05620392828318,-0.0819393662727935,0.0261610893769743,0.00580397488427016
"ALT_C_30_32_vs_40_79",267,0.00203984684788022,-0.0428502838118943,0.0384874139497203,-0.0331692068340261,-0.0147327975878976,0.0463724440352715,0.0551766423255243
"ALT_C_30_32_vs_40_79",268,-0.0180131968349616,-0.037294266778923,-0.00615066362221692,0.0497373856699549,-0.0644338071993674,-0.000332170807652667,-0.00868170913135694
"ALT_C_30_32_vs_40_79",269,-0.0369689230849533,-0.00462515610052822,-0.00577870963397448,-0.015908661459766,-0.0362953768707144,0.0053383257757483,0.00562062892121957
"ALT_C_30_32_vs_40_79",270,-0.0148378902171051,-0.0259944838903579,-0.037414066628478,-0.0134612183899708,0.0107850190560344,0.0228562924170853,0.0210236495891369
"ALT_C_30_32_vs_40_79",271,0.00100177811081702,-0.0187102162561537,-0.00207938980550132,-0.0459585809503604,-0.106653851316997,0.0398452004521748,0.0313177342717111
"ALT_C_30_32_vs_40_79",272,0.00569028221109075,-0.00958809122016173,-0.0160583581639199,-0.0431138280234034,-0.0591755993248949,0.038372900562458,0.0407682247369388
"ALT_C_30_32_vs_40_79",273,-0.00971556518624154,0.0333690077896425,0.0170866672798022,-0.0103713141964615,-0.00160490828856763,0.0257777530185379,0.0390163050239575
"ALT_C_30_32_vs_40_79",274,0.0190958313642916,0.00828975143788711,0.0495119762961913,-0.0170303390991185,-0.0499519076450792,0.0241953930465997,0.0427232922787935
"ALT_C_30_32_vs_40_79",275,-0.00454884398642438,-0.0593405044175264,-0.0266596040020614,-0.0226902252902705,-0.0451162114010001,0.0573389152116696,0.0391000473449541
"ALT_C_30_32_vs_40_79",276,0.000247508731839138,-0.0233077791397776,0.00060508472656709,-0.0590395165836598,-0.0532368369218788,0.00835229212598793,0.0122787186744044
"ALT_C_30_32_vs_40_79",277,0.0207331727586981,-0.0205908277134992,-0.0290483803285382,-0.0118423247984044,-0.0853866538115169,0.0717578035525267,0.0786508646374431
"ALT_C_30_32_vs_40_79",278,-0.00265379632025857,0.0119456582453034,-0.0690136620071585,-0.0282181853696511,-0.0322032913655753,-0.0108555224641213,0.0118573691608765
"ALT_C_30_32_vs_40_79",279,0.028853716731871,-0.0650264063439423,0.0406975697492594,0.00466749767545283,0.0265581061132935,0.0522167178733599,0.0491117508721003
"ALT_C_30_32_vs_40_79",280,-0.0267859012472973,-0.0341493862044239,-0.0212774278576206,-0.0385418257011677,-0.0935497708251434,-0.0336258978009599,0.0207342275217117
"ALT_C_30_32_vs_40_79",281,-0.00881596016843359,-0.0172747845292936,0.00735324079537741,-0.0169653482161679,-0.0485369650221864,0.0107585553245945,0.0419205143858744
"ALT_C_30_32_vs_40_79",282,-0.0238421302074462,-0.0543718447849382,-0.0322890171904724,-0.072808642403289,-0.0661307239517843,0.0222617666630072,0.0219110612675959
"ALT_C_30_32_vs_40_79",283,0.0163396755249403,-0.0339711199342903,0.00150689329789641,-0.0235047938936123,-0.0452729653258968,0.0528505244345752,0.0484744157008436
"ALT_C_30_32_vs_40_79",284,-0.00818368936301132,-0.0392201948549147,0.0380790830141683,-0.0376639044612335,-0.073971834113982,-0.0200338843855,-0.0137155324731654
"ALT_C_30_32_vs_40_79",285,0.0182743702771456,-0.0750150983583878,0.00287611455560491,-0.0793257572759622,-0.0700633280293921,0.0348240638902334,0.0408108148423037
"ALT_C_30_32_vs_40_79",286,-0.00589602927169296,-0.00957342286396506,0.049204413571322,0.0141809651858482,-0.0350941066299953,0.0192900778850022,0.0212325010940076
"ALT_C_30_32_vs_40_79",287,-0.0322930422163614,-0.0178538280766548,-0.0765855862808184,-0.0221163580394632,-0.019742020587474,0.0165959163829877,0.0109386686465257
"ALT_C_30_32_vs_40_79",288,-0.015353178279034,0.0178094637187421,-0.00138592095772735,-0.081987069599188,-0.0328142171596466,0.0104671807869344,0.00953051697714624
"ALT_C_30_32_vs_40_79",289,-0.0145892461832924,-0.0280491112685498,-0.00448412870709475,-0.0250734432911318,-0.0856663304313829,-0.00619783629390719,-0.019217559858547
"ALT_C_30_32_vs_40_79",290,0.0142531818694021,0.00123981842517741,-0.0273382759115041,-0.0171265473693048,-0.035712706809495,0.0266624199818995,0.00600753982006
"ALT_C_30_32_vs_40_79",291,0.000807998379187228,-0.00875403935077598,0.0225358967974173,0.00983012900217897,-0.112018325432789,0.0331592011256868,0.0553522776615501
"ALT_C_30_32_vs_40_79",292,0.00435557104949484,0.0123736790299782,-0.0363799414137701,0.00624928112005343,-0.0705905130819112,0.0312478489024882,0.0526106633743612
"ALT_C_30_32_vs_40_79",293,-0.00623686894158871,-0.0245608015107517,-0.00494195263151978,-0.0351678540087954,-0.0535280418258633,0.0468408315571512,0.0641898790358783
"ALT_C_30_32_vs_40_79",294,0.0214642704260996,-0.0657612593864827,0.0146157643917999,-0.122878052492631,-0.0754322786413833,0.0691828616061027,0.0736460134289229
"ALT_C_30_32_vs_40_79",295,-0.0423844420299412,-0.0110149250645543,0.0196327583788178,-0.042385035072556,-0.0793763181138517,-0.0165754078465978,-0.0219498257631704
"ALT_C_30_32_vs_40_79",296,-0.0326893746735521,-0.0517069093614877,-0.000681488814804038,0.00312899733196353,-0.0546174607616756,0.0204460376283277,0.0325096173149486
"ALT_C_30_32_vs_40_79",297,-0.00304791388068363,-0.05159268720981,-0.04591768320771,-0.0356830250927821,-0.0527336234804771,-0.0163444397340126,0.013973205795279
"ALT_C_30_32_vs_40_79",298,0.00177118558056518,-0.0341411144425925,-0.0157362911872625,0.00216934578256303,-0.0281736567288222,0.0302034978699266,0.0489026051050348
"ALT_C_30_32_vs_40_79",299,-0.0206604132723929,0.00363868542238709,-0.0123056384305694,0.00610212536970098,-0.0322848338217379,-0.000813609211859856,0.000152484700948127
"ALT_C_30_32_vs_40_79",300,-0.00503169069209693,-0.0112359907433012,-0.000161715594306666,-0.0135110558163635,-0.0472669700226601,0.0284617408228764,0.0285167244004156
"ALT_C_30_32_vs_40_79",301,-0.0138418832166165,0.0113192993275778,-0.0230521696720861,-0.0173611037469356,-0.0576109053656387,0.0180095757603034,0.00635205736024833
"ALT_C_30_32_vs_40_79",302,0.0170172396496499,-0.0320836558085069,-0.0184428908278189,-0.023262855622407,-0.0520503087761595,0.0750165914719517,0.0721160980150083
"ALT_C_30_32_vs_40_79",303,0.0194045220206457,-0.0101954276649955,-0.000255214497749595,-0.0999894788594684,-0.0859491333374022,0.0425588958941951,0.0275033386456313
"ALT_C_30_32_vs_40_79",304,0.0184037819288452,-0.0851683192962085,0.020376369430717,-0.0527080202015313,-0.0606102384621462,0.0665312758632175,0.0944463209012555
"ALT_C_30_32_vs_40_79",305,0.00328396556434969,-0.0219181972202581,0.0160139017533085,-0.070073633643888,0.0128689728432417,0.00895132666710956,0.0491160584332674
"ALT_C_30_32_vs_40_79",306,0.00945932348238116,-0.0505116390860984,-0.0556581749758841,-0.0190135436331927,-0.0991075750036473,0.0694407686635788,0.126216682445253
"ALT_C_30_32_vs_40_79",307,0.0190701105163164,-0.0213711214951682,0.0186685890821905,-0.0150839787717277,0.00215057810062946,0.0245402369321394,0.017323486773209
"ALT_C_30_32_vs_40_79",308,0.00314231852024775,-0.0122939241018779,0.037341783964526,-0.023731918123397,-0.104434427245839,0.0270468517655525,0.0251386400437993
"ALT_C_30_32_vs_40_79",309,0.00332935132134989,-0.00260566968768734,0.0110202026071218,-0.0513062788849233,-0.0555417200502906,0.0111478818604575,0.0198805769236815
"ALT_C_30_32_vs_40_79",310,0.00666769260254735,-0.0611208913890478,-0.0206698789498158,-0.0207043576312811,-0.0242372413239091,0.000101387853211704,0.00436354081488328
"ALT_C_30_32_vs_40_79",311,0.0178585914271494,-0.0212196831000659,-0.0424721719198934,0.00982973347326599,-0.0992551390075048,-0.000116006071730596,0.00776331262677422
"ALT_C_30_32_vs_40_79",312,0.0188385883496839,-0.0255441526540361,-0.00433239840056099,-0.0453096980900608,-0.0439415414196785,0.03884672093486,0.0406509005933334
"ALT_C_30_32_vs_40_79",313,-0.00253776118709828,-0.0492478587244467,0.00187157040120223,-0.0370187674962719,-0.0215163179789672,-0.0147964031843704,-0.0300643648107122
"ALT_C_30_32_vs_40_79",314,0.000576392247915884,-0.0294906037979708,0.00159985302522422,0.00492012425094804,-0.0729448924971068,0.0321373856486186,0.0274523890376232
"ALT_C_30_32_vs_40_79",315,-0.00778202121155767,0.00465784969271367,-0.00420723586743824,-0.0551570316131991,-0.0679284992841844,0.0214064161217764,0.0225218187840583
"ALT_C_30_32_vs_40_79",316,-0.0112002813009626,-0.0264724635911213,-0.0104530980824728,0.00251626900525778,-0.0436233850678792,0.0181641439860326,0.0333415941523401
"ALT_C_30_32_vs_40_79",317,0.00603346359390443,0.00344067344463209,0.00930290907023026,-0.0207057672989991,-0.0829471238499592,0.0402877477909205,0.0373728531222524
"ALT_C_30_32_vs_40_79",318,0.01120518451203,-0.0321864354467617,0.0337114952769979,-0.0384726162244358,-0.0977080786928091,0.0280064858621496,0.0471043361266176
"ALT_C_30_32_vs_40_79",319,0.0112419600880898,-0.014605434753156,-0.00885461351835712,-0.00100152514801871,-0.0691647175369502,0.0209126355364821,0.0247281178258561
"ALT_C_30_32_vs_40_79",320,0.0118785461222252,-0.0506234591065647,0.0198662722272368,0.0137028153481035,-0.07585080975139,0.00919243734459425,0.013710693664573
"ALT_C_30_32_vs_40_79",321,-0.000283030728779589,-0.0251713062914803,0.00589077814231662,-0.0354846775096367,-0.0246709563734792,0.0196035714864035,0.00583947755367077
"ALT_C_30_32_vs_40_79",322,0.0158381762622915,-0.0319591491536101,-0.0181907757371725,0.0114339407012573,-0.0456146939645986,0.0463425840209096,0.0679827634678924
"ALT_C_30_32_vs_40_79",323,-0.000425724096767395,-0.0142501557469913,0.0455979533065584,-0.0358882740197846,-0.0321678698456804,0.0516743421185444,0.0463481192352607
"ALT_C_30_32_vs_40_79",324,-0.0164748922087524,-0.054158297950956,-0.0134106181454519,-0.0122864228758771,-0.0363166543925362,0.0158667685094211,-0.0126161008313731
"ALT_C_30_32_vs_40_79",325,-0.0178293288505256,0.0237505632936077,0.0303441000640391,-0.0494299801884175,-0.0212512867612383,0.0011783632799918,-0.00841026713345087
"ALT_C_30_32_vs_40_79",326,-0.0037730250059643,-0.0106348372764166,-0.00363092831256628,-0.101513510818911,-0.0374398297653964,0.0565296124751329,0.0358467176847527
"ALT_C_30_32_vs_40_79",327,0.025386636278735,0.0131903336176673,0.0110340791690041,-0.030649580405861,-0.043639013901245,0.0538313776645966,0.077316803882097
"ALT_C_30_32_vs_40_79",328,0.0048379249227154,-0.0240566261890996,-0.0469288347085748,-0.0382733714537389,0.00112288833878771,0.0182607920505567,0.0177761081685739
"ALT_C_30_32_vs_40_79",329,-0.00455150206192561,0.0229465668045921,-0.0198257905867215,0.00478258661892256,-0.0811527327541888,-0.0249003323275753,-0.00858699695127511
"ALT_C_30_32_vs_40_79",330,-0.0042346710074649,-0.00983103597385417,-0.00443213287293007,-0.0436038396598723,-0.103064051033857,0.0396964578581607,0.0181274197909929
"ALT_C_30_32_vs_40_79",331,0.00545836007622419,-0.0611654579001936,-0.0203601768006563,-0.0207386246838315,-0.0522587505387269,0.0382106267312834,0.0475571407501005
"ALT_C_30_32_vs_40_79",332,-0.018671750651311,-0.0424658973150575,0.0331623283391283,-0.0823596828971383,-0.0367924784718582,0.00411451987375674,0.00182402462166278
"ALT_C_30_32_vs_40_79",333,0.00221081545627833,-0.0344135741917855,0.0258687016501266,-0.015415282019483,-0.0685011692971938,0.0255439771188451,0.0257784428876397
"ALT_C_30_32_vs_40_79",334,-0.00152810709029884,-0.0378658078410089,0.00139688598988998,-0.0152372771237791,-0.0816278320965096,0.0200605387584578,0.0142237102791922
"ALT_C_30_32_vs_40_79",335,0.00337772966329854,-0.06092891906828,-0.0416413525675303,-0.0433063656684423,-0.063402459940163,-0.000324573493246529,0.000798226450076892
"ALT_C_30_32_vs_40_79",336,-0.00306725500198737,-0.0253894903412109,0.0173659756223296,-0.0239269037005189,-0.0224204453642094,0.00475997722450133,0.0354844586553774
"ALT_C_30_32_vs_40_79",337,-0.0103323510727274,0.0129793430797356,0.00879921561533968,-0.0945052305440159,-0.00412727553286235,0.000381502672913689,-0.0200368062432494
"ALT_C_30_32_vs_40_79",338,-0.00790310167543515,-0.0374624922258718,-0.049654669226552,-0.00210916518483531,-0.0823124212383766,0.0555068161169538,0.0294730548391126
"ALT_C_30_32_vs_40_79",339,0.00582160142209398,-0.0183137994634935,0.0316109083150339,-0.0744378530111242,-0.0163203546991847,0.0319208790754659,0.0441661504428977
"ALT_C_30_32_vs_40_79",340,0.0111960970187698,-0.0275926424271041,-0.00145937316164296,-0.0513433863179954,-0.0563254685223097,0.026995639019746,-0.0128714141105219
"ALT_C_30_32_vs_40_79",341,-0.0155622065020596,-0.0223747654949783,-0.0611331409291427,0.0123763545204322,-0.0271044074527234,0.00904293948379503,0.00300414173477873
"ALT_C_30_32_vs_40_79",342,0.013281812344713,-0.0173265581567533,-0.0103653717837479,-0.0262860169331411,-0.00543112190181144,0.00570745375077246,0.0217626457257936
"ALT_C_30_32_vs_40_79",343,-0.0201968713060488,-0.0408680470648434,-0.0400552001419761,-0.0169065133954655,-0.0352279513217171,-0.0123015998417498,-0.0195206285340968
"ALT_C_30_32_vs_40_79",344,0.00702025793251546,-0.0194892175827029,-0.029354261330331,0.0248597529996057,-0.07863828604847,0.0360924778962691,0.0225364617936746
"ALT_C_30_32_vs_40_79",345,-0.0288704693020071,-0.0162991363023071,-0.0274638461101745,-0.021959515777453,-0.0626473479861812,0.0122058772375225,0.00526627008795677
"ALT_C_30_32_vs_40_79",346,-0.0168712454651435,0.015421511938315,-0.046788479192036,-0.0499046610892135,-0.0709511406129505,0.0409798839116472,0.0284968770220949
"ALT_C_30_32_vs_40_79",347,0.00957136718270434,0.0351773424935413,0.00281091717656606,-0.115716366589735,-0.0765766485711246,0.0236814497615286,0.0216682900366619
"ALT_C_30_32_vs_40_79",348,-0.00567732944773278,-0.0517350428774871,-0.0254058595504787,-0.0400600988158634,-0.0659140933813959,0.0314921807889819,0.042372520839918
"ALT_C_30_32_vs_40_79",349,-0.00186789046833051,-0.065537024605467,-0.0180126293671406,-0.0197668810645824,-0.0842205965951257,0.00346835954503373,-0.00795537733419326
"ALT_C_30_32_vs_40_79",350,0.00590530651448589,-0.0200646412314577,-0.00448377412218251,-0.064482112256031,-0.0222864623506266,0.0291937961539064,0.0331981309846268
"ALT_C_30_32_vs_40_79",351,-0.0429605366480383,-0.0203892804914678,-0.0182580349768024,-0.0540369639377496,-0.0704660797581255,-0.0216257702539714,-0.00688285604633855
"ALT_C_30_32_vs_40_79",352,0.0220617048674769,-0.0597951330184442,0.00665816450443751,-0.0230627102441633,-0.0271014064075476,0.0354950996924199,0.0458667312573679
"ALT_C_30_32_vs_40_79",353,-0.0141973384659588,-0.0298707124769764,-0.0210541556280047,-0.023105279350108,-0.0245056311677118,0.0331016095898079,0.0302456889742671
"ALT_C_30_32_vs_40_79",354,-0.037214569638969,0.0194550600504176,-0.0147828171984923,-0.0232493304594227,-0.00457089164238111,-0.000683172007857252,-0.00630489260823511
"ALT_C_30_32_vs_40_79",355,-0.00426877427367557,-0.0342493244136953,0.0187835121529874,-0.0168647600129741,0.0186330349331512,-0.00486213110705782,-0.00556121170516685
"ALT_C_30_32_vs_40_79",356,1.59372836976424e-05,0.0175262816484806,-0.0533003387344813,0.023938761779306,-0.0246097966563675,0.00579403359308687,0.0113488040497567
"ALT_C_30_32_vs_40_79",357,0.0149290052732491,-0.0216534147847576,0.0160321411235188,-0.0573311479397802,-0.00977730451765108,0.0514963479951354,0.0741966121564419
"ALT_C_30_32_vs_40_79",358,-0.015385771650495,-0.0463789791522707,-0.038930555333635,0.0156387750652783,-0.145211626662072,-0.00948917439486768,0.00160255096334717
"ALT_C_30_32_vs_40_79",359,0.0384517434805878,-0.0179119215841444,-0.0277014768011646,-0.0708420706115124,-0.0205917927421311,0.0663463458028814,0.0737369958067878
"ALT_C_30_32_vs_40_79",360,0.0076345446090867,-0.0368717179413125,-0.0400397465281505,-0.00884469313108396,-0.0261687962264489,0.0113957570201389,0.00648031316896322
"ALT_C_30_32_vs_40_79",361,0.0130738816941873,-0.00430140782468862,-0.0050233033406111,-0.0193160421556683,-0.0793892124363849,0.0465595614255519,0.0460005697898334
"ALT_C_30_32_vs_40_79",362,-0.0115121691451143,-0.024937332815484,-0.0462699232790691,-0.0445731161053061,-0.0484120985507158,0.00609056887202557,0.0196010217159489
"ALT_C_30_32_vs_40_79",363,-0.0114649624011851,-0.0286617455541517,-0.00535613023420137,-0.0154875177876723,-0.0797249469088714,-0.00242401451602722,-0.00242401451602722
"ALT_C_30_32_vs_40_79",364,-0.0043724208636071,-0.0337976999716994,0.0166001834603534,-0.0155414912125829,-0.0432524085792225,-0.0318979934090323,-0.0137547152531627
"ALT_C_30_32_vs_40_79",365,-0.0123188080811313,-0.00795945132073719,-0.00538548558026522,-0.0716580549930328,-0.0193085961665004,-0.00950711986563347,-0.031930175059807
"ALT_C_30_32_vs_40_79",366,-0.0096941985402284,-0.0304336084254353,-0.0391791702132849,0.00190177025078667,-0.0561792656513449,0.00644965046516226,0.00502759731142696
"ALT_C_30_32_vs_40_79",367,-0.00333447944531764,-0.0166644919223898,-0.00673096110592267,-0.0117992581971284,-0.0748269219110749,0.0200516633596885,0.0337300802246902
"ALT_C_30_32_vs_40_79",368,-0.00762971237049201,-0.02454817521037,0.0480442290082959,-0.0378297736124358,-0.0369084300602954,0.0147370577028876,0.0110214519588004
"ALT_C_30_32_vs_40_79",369,0.00687022706379477,-0.0559601220262129,0.0239397002938427,-0.0371061857707691,-0.0309312345115715,0.0167302442267184,0.0126885525269033
"ALT_C_30_32_vs_40_79",370,-0.00171955955818301,-0.00175578756189967,-0.0341738993094733,-0.048160179825548,-0.055175482626732,0.0157056132557533,0.018894419687629
"ALT_C_30_32_vs_40_79",371,0.0140801462737993,-0.0146924509763282,-0.0157677585753509,0.000905620980599653,-0.117813011492961,0.0562451844804323,0.0548379440829759
"ALT_C_30_32_vs_40_79",372,-0.0127423697436197,-0.0322739168923183,-0.0233103266819678,0.000592377575393793,-0.0721593507386621,-0.000345794034106686,0.0227184411712464
"ALT_C_30_32_vs_40_79",373,-0.00241421924468607,-0.0504779167269994,0.0148729496851819,-0.0628684389600922,-0.109869812490133,-0.0165806913743882,-0.0188599820242853
"ALT_C_30_32_vs_40_79",374,-0.000544686172052833,-0.0780762638950975,0.039654174367273,0.00972936730624341,-0.0453715375138527,8.11582456110571e-05,0.00160499754958278
"ALT_C_30_32_vs_40_79",375,0.0354695625322966,-0.0437768135175056,-0.00118604168019718,-0.0686345425081549,-0.0193873817514544,0.0388716947818051,0.0462972964809841
"ALT_C_30_32_vs_40_79",376,-0.0129186445922177,-0.0571112818708976,-0.00189987891245516,-0.0706943442587558,-0.0436328353771337,-0.0129535005213791,-0.0085952241401549
"ALT_C_30_32_vs_40_79",377,-0.00827311244847738,-0.0275446347228676,-0.0390908363438709,-0.0211743838094912,-0.0418213321394442,0.0228112981037572,0.0300340185230696
"ALT_C_30_32_vs_40_79",378,-0.00641134231448184,-0.029140218394311,-0.0363160533057781,-0.0864102287016267,-0.0731012197893482,-0.00612070223316596,-0.00582715878837919
"ALT_C_30_32_vs_40_79",379,-0.0205186763505893,-0.0513432117941504,0.0127230464278257,-0.0465711217544923,-0.0354206361823123,-0.0107632410903541,-0.00898732737194372
"ALT_C_30_32_vs_40_79",380,-0.0107788635883218,-0.0610104698161819,0.0102112629961628,-0.0515593532731435,-0.0881972676826229,0.0341661024857134,0.0198602611267148
"ALT_C_30_32_vs_40_79",381,0.0127912059389851,-0.0513551146654248,-0.0175210525075729,-0.0268859029381247,-0.0402522845923032,0.058326931119432,0.0406240197318291
"ALT_C_30_32_vs_40_79",382,-0.0163985600187026,-0.067941614008312,0.0442238858231155,-0.00777601426375851,-0.0493381059255087,0.00782169199751101,0.00536644721784139
"ALT_C_30_32_vs_40_79",383,0.0156265198150189,-0.0675476339482919,-0.00106036826314021,-0.00227976408098607,-0.13203977230141,0.0363245136674851,0.0410640535772284
"ALT_C_30_32_vs_40_79",384,0.0104042302184948,-0.0217710086392994,-0.0280102855656106,-0.00219886402889385,-0.0815298645744942,0.0527437648230392,0.0509032089909171
"ALT_C_30_32_vs_40_79",385,-0.0190463524387331,-0.0250725362742295,-0.0244659690754586,0.00645813600665893,-0.0717295132835665,0.00381434217437257,0.00450383174493157
"ALT_C_30_32_vs_40_79",386,0.00491343457774122,-0.0477126229986955,-0.035017647055083,0.0432005979151131,0.0075561362585882,-0.0220566447148873,0.00688113627970414
"ALT_C_30_32_vs_40_79",387,-0.0187611873836822,-0.00026342755824782,-0.0412725373180376,-0.036239133330098,-0.028311494470508,0.0167565243343141,0.0407193498419352
"ALT_C_30_32_vs_40_79",388,-0.00627594528772271,0.0102582419820522,-0.0281348680099498,0.003841101570109,-0.133258519527114,0.012127748156479,0.0700660798097836
"ALT_C_30_32_vs_40_79",389,0.0185980980706405,-0.0940824338880946,0.00394268531650196,-0.017210870325076,-0.120247242365621,0.0279210606527675,0.0130285499852588
"ALT_C_30_32_vs_40_79",390,0.0170926548668346,-0.0437916094424901,-0.034721084065135,0.0188133989189177,-0.052751611600202,0.0537241414501437,0.0440369257469594
"ALT_C_30_32_vs_40_79",391,-0.00677856523835688,-0.0817859301721027,0.0337341054380939,-0.0468685379398472,-0.0211872210642641,0.0307737893733871,0.0347634667466262
"ALT_C_30_32_vs_40_79",392,-0.0145061604728107,-0.0468970530085143,0.0632650025828015,-0.0416165444788334,-0.0602975568870323,0.0328351293489404,0.0501268788874159
"ALT_C_30_32_vs_40_79",393,-0.0336502712975345,-0.0221751580594006,-0.0152283899014447,0.00421132163235979,-0.0368963769548327,-0.00319818793803155,0.0166239227739189
"ALT_C_30_32_vs_40_79",394,-0.0166750649012895,-0.0174170817761602,0.000390451374169112,-0.0727297448817567,-0.0278031244281386,0.0359056765508368,0.0400021062389239
"ALT_C_30_32_vs_40_79",395,-0.0136872231689418,-0.020495895804467,-0.00788616650558602,-0.0601320958195095,-0.0293682951462538,0.0266219263743183,0.0271719663651286
"ALT_C_30_32_vs_40_79",396,-0.0181128556653961,-0.00799670327631254,-0.0229064275660078,-0.0239129430807312,-0.0559084925979948,-0.000426359728031928,0.0115105796879731
"ALT_C_30_32_vs_40_79",397,-0.0268305362419318,0.00141885731933765,0.00517992981858921,-0.0883882182901012,-0.0562067203509196,0.0160484822946226,-0.00191807836822014
"ALT_C_30_32_vs_40_79",398,0.0171517239857354,-0.0530806427329079,0.0414974884583735,-0.0628385617104987,-0.0276684716886445,0.0361070162856601,0.0274833688807787
"ALT_C_30_32_vs_40_79",399,-0.0430050941633432,-0.0945796208660328,-0.0007032326938049,-0.0283483960834239,-0.0728898429459637,-0.0381982647089783,-0.02255609519178
"ALT_C_30_32_vs_40_79",400,-0.0178462929855179,-0.00672673986520936,-0.0504798777677979,-0.050373971250025,-0.019872087675842,0.0130420678148973,0.00825909331676316
"ALT_C_30_32_vs_40_79",401,-0.0140800842862831,-0.0424068017517684,-0.00330119415890628,-0.0447192371778553,-0.0514569139437352,-0.0021802760943047,0.00499635862349813
"ALT_C_30_32_vs_40_79",402,-0.00676923203325204,-0.00558124567578722,-0.0165455099367654,0.0412443325663527,-0.0394687023713219,-0.0298464640938604,-0.0252705471694968
"ALT_C_30_32_vs_40_79",403,0.00591152342872696,-0.0511305522478595,-0.0226389092030403,-0.0393162161835126,-0.0885522174936346,0.0275096111177565,0.0518613346941776
"ALT_C_30_32_vs_40_79",404,-0.0010815765215734,-0.0217292810311757,-0.00484636510165576,-0.0103638046412285,-0.0709745934607491,0.0220390948614534,0.0137581678628986
"ALT_C_30_32_vs_40_79",405,-0.00671888150158129,-0.00200881917480618,-0.0103852358424222,-0.0425973770491422,-0.0812995218767261,0.0384167380638503,0.0595737172943319
"ALT_C_30_32_vs_40_79",406,0.0166947262379473,-0.0494179877273029,-0.01207908137885,-0.0562715815991619,-0.0466662260357665,0.0319947052662643,-0.00160934919456052
"ALT_C_30_32_vs_40_79",407,-0.0256953176658618,-0.046060549875725,0.0271981398696692,0.0223202380118724,-0.0750235426805823,0.0232875477427014,0.0225641401420554
"ALT_C_30_32_vs_40_79",408,-0.00210501696406915,-0.0716984752444045,0.0311558555465256,-0.0511916544696639,0.00471977806463408,0.0601084580894607,0.0508688783142553
"ALT_C_30_32_vs_40_79",409,0.0111073243930463,-0.0426578357633057,-0.0118243608011439,-0.0697232735101829,-0.0795269062406415,0.0396528982693592,0.0654432451512323
"ALT_C_30_32_vs_40_79",410,-0.0152532662663276,-0.0431571143686623,0.0029882852897696,-0.0594977638017276,-0.0670295444764473,0.00597111606856038,0.00433237381104017
"ALT_C_30_32_vs_40_79",411,-0.021773888553332,-0.0255626007826249,-0.0347974732964903,-0.0116443944714175,-0.023213620810457,-0.0137541927506928,0.017583441836209
"ALT_C_30_32_vs_40_79",412,0.00788395518969558,-0.0330646955861294,-0.0136124062899455,0.0187639277514124,-0.0257169902762836,0.0395058663490154,0.0321473098867149
"ALT_C_30_32_vs_40_79",413,-0.0212319727374661,0.000394003747053312,-0.0301350646919727,-0.0409653826381783,-0.0296356511693707,0.0252336869748517,0.0100609675786827
"ALT_C_30_32_vs_40_79",414,-0.00678326756586521,-0.0115728238796627,0.0132404240831313,-0.0393871238467154,-0.000476862410173529,0.0119698480575918,0.0522222447543982
"ALT_C_30_32_vs_40_79",415,0.0182497629383707,-0.0111613248721364,0.0318253179933719,-0.0122535219895363,-0.0510107845514756,0.012756228451557,0.0269321754551703
"ALT_C_30_32_vs_40_79",416,-0.0111130928375001,-0.00554593888253833,0.0144425970573498,-0.0169809546876433,-0.0469372824761205,0.00437138654238938,0.0279896727879066
"ALT_C_30_32_vs_40_79",417,0.000547177184506864,-0.0477279670292667,0.00134748306359586,-0.0297818868456514,-0.0935867425958768,0.0130186198946896,0.026307827951256
"ALT_C_30_32_vs_40_79",418,0.0293870983867604,-0.0475006152481252,0.0183800439382552,-0.0279814106686204,-0.0964918877028756,0.0323073915388641,0.03199125901601
"ALT_C_30_32_vs_40_79",419,-0.018522938345525,-0.0550914672452262,0.00776397299093953,-0.0240788313532347,-0.0386212741737584,-0.00177667086818453,-0.00547681395000386
"ALT_C_30_32_vs_40_79",420,-0.0175076358156777,-0.0225076451703746,0.000972411344496382,-0.0545785252533993,-0.0669463774217995,0.00200419687648963,0.00621001720252108
"ALT_C_30_32_vs_40_79",421,0.0203737093027322,-0.0521758663954856,-0.00679115924112297,-0.0406806845514301,-0.147208282523845,0.0118565009666076,-0.0144393178744257
"ALT_C_30_32_vs_40_79",422,0.00169563076396932,-0.012854554600939,-0.0135290205336094,-0.0514285010291468,-0.0738903405241423,0.0106802417324725,0.0110688497839622
"ALT_C_30_32_vs_40_79",423,0.0171175312662013,-0.0621124245980509,0.0183612744482839,-0.044074807519465,-0.0501064608002041,0.0705305111699004,0.0631403314651627
"ALT_C_30_32_vs_40_79",424,-0.0193189422484737,-0.0281852161217161,-0.0586350884068421,-0.0304496172669117,-0.0384826195126184,0.00700185221487962,0.0158070669611125
"ALT_C_30_32_vs_40_79",425,-0.00764104250939786,-0.0616591878145805,0.00153433418966409,-0.00531797228849826,-0.0841783951688925,0.0101741904156127,0.00678810341842601
"ALT_C_30_32_vs_40_79",426,-0.025033607434597,-0.0122053138961138,-0.0310903672343574,-0.0140847477430505,-0.0568477869263312,-0.00698274203701189,-0.00361936480956111
"ALT_C_30_32_vs_40_79",427,0.0342737335245308,-0.0227111929432001,-0.00575708783753529,-0.0344558442246297,-0.0574999216571641,0.00624845589629444,0.005758762309784
"ALT_C_30_32_vs_40_79",428,0.0295858967351679,-0.0452984246594602,-0.016178615118712,0.00534923105052162,-0.0685075838452773,0.0547425754543501,0.0728395899731007
"ALT_C_30_32_vs_40_79",429,-0.0151059824857822,-0.0677895098646411,-0.000390767509616669,-0.0204290721095376,-0.0298593261208495,0.00501577056723938,0.00681040620642982
"ALT_C_30_32_vs_40_79",430,-0.0182858977747234,-0.0309465470074648,0.00128879388810352,-0.0516991844262026,-0.045171499020423,0.0066513808180514,0.0108441930572125
"ALT_C_30_32_vs_40_79",431,0.00882643140636657,-0.00132249173470748,-0.0493999303736089,-0.0507226461494585,-0.0185743128708898,0.0621176344316333,0.0777857183654084
"ALT_C_30_32_vs_40_79",432,-0.00724580122135427,-0.0707226724135693,-0.0309340399779559,-0.0685741816168648,-0.0836231357516307,0.0142966959489566,0.0145052929302148
"ALT_C_30_32_vs_40_79",433,0.0138632946402902,-0.0758089033387849,-0.0143727040374282,-0.0174632708940585,-0.0464553974532165,0.0558322811379996,0.0239742192769837
"ALT_C_30_32_vs_40_79",434,-0.00127960970075509,-0.0608407128675515,0.0345895516885167,-0.0320864554255897,-0.108269618823206,0.0106641047888719,0.00723230210880644
"ALT_C_30_32_vs_40_79",435,0.0129379248832133,-0.0553755002816084,0.0105266579018072,-0.0154003026910744,-0.0393190244636883,0.0372113926770052,0.0368994920443885
"ALT_C_30_32_vs_40_79",436,-0.0298486329298459,-0.00305300044558619,0.0284468594690317,-0.0183677302860994,-0.0653261536090606,-0.000568760368890628,0.0294132436105616
"ALT_C_30_32_vs_40_79",437,0.01284600090851,-0.0407229973835114,0.00253784973768137,0.00452633784598433,-0.0625750727822473,0.0368859420171762,0.0356798302684422
"ALT_C_30_32_vs_40_79",438,-0.0282316557580035,-0.0346068667232838,0.0348049716218296,-0.0508942964012531,-0.0750578043601179,-0.00488768068020794,-0.00482433935392571
"ALT_C_30_32_vs_40_79",439,0.016846845435089,-0.00442986934517091,-0.0670190828943205,-0.00885475912122036,-0.0333834694693657,0.0431297270011711,0.0455306647336386
"ALT_C_30_32_vs_40_79",440,0.0285053671255872,-0.0546714146511595,0.0120080276949739,-0.062986001551036,-0.055185067581387,0.0585907446982826,0.081704231169582
"ALT_C_30_32_vs_40_79",441,-0.00953865377122112,-0.0523497253348019,-0.0123685626245711,-0.0668917515685963,-0.0364101980215427,0.0189910352502511,0.00844293570960029
"ALT_C_30_32_vs_40_79",442,-0.00369925261208708,-0.0231790394833683,0.0257855953090763,-0.0711539359050319,-0.110921478809999,4.93768627916058e-05,0.0300306118968803
"ALT_C_30_32_vs_40_79",443,0.000303144982217202,-0.0286408464845699,0.0106082941984027,-0.0501387368921793,-0.0500285842574662,0.0176730309683983,-0.00658963373926567
"ALT_C_30_32_vs_40_79",444,0.0291240021640714,-0.0487731556165076,-0.0329047911627777,0.00600258104389892,-0.0305251259102072,0.0329919558132435,0.0419694449700802
"ALT_C_30_32_vs_40_79",445,-0.00890720463476206,0.00921759291040918,0.00764650103505142,-0.0134304097996905,-0.00733409296401932,0.0314161258529789,0.0181440583316021
"ALT_C_30_32_vs_40_79",446,0.00389742664827769,-0.0562879050628745,-0.00806216910336208,0.028612363696469,-0.0410041799258735,0.0381054422334133,0.0365332438338159
"ALT_C_30_32_vs_40_79",447,-0.0188789710096558,-0.0732709658953514,0.00570223501904008,-0.0091744526729336,-0.0513940627677152,0.0330759648855593,0.000362451804922406
"ALT_C_30_32_vs_40_79",448,0.0132843346653884,0.00454906056325449,-0.0129114664454656,-0.0324290882957526,-0.045624490455562,0.0676667330646362,0.0414047778944893
"ALT_C_30_32_vs_40_79",449,0.00691977583352241,-0.00901761495202104,-0.00267001187258756,-0.0123866224858617,-0.0685060340216092,0.0177372171582699,0.0280230158488583
"ALT_C_30_32_vs_40_79",450,-0.0120112423728108,-0.0352286855168285,-0.0214742695675191,-0.0356294331172712,-0.0177850708770509,0.0170769937495268,0.0573620429160982
"ALT_C_30_32_vs_40_79",451,0.024995173841905,-0.0597929515275345,0.00351060340469894,-0.0849042477360803,-0.0443576216952938,0.055624343521552,0.0538208930060421
"ALT_C_30_32_vs_40_79",452,-0.0203299417127069,-0.0220024087178901,-0.0607837440773939,-0.0479605142729317,-0.0793370762397742,0.00087626135050415,0.00087626135050415
"ALT_C_30_32_vs_40_79",453,-0.0101994458317636,-0.0389897997186423,-0.0582206208355982,-0.0369610471950593,-0.103379259701738,0.000466208485895812,0.0152230954817959
"ALT_C_30_32_vs_40_79",454,0.0115424794580896,-0.0165991949743619,-0.0459884589712003,-0.00750594935929982,-0.0153498554425597,0.0554027375128262,0.053864999211484
"ALT_C_30_32_vs_40_79",455,0.00596773161337781,-0.0366564769673058,-0.0172524811953056,-0.0385568823090078,-0.0367985694551641,0.024852039077688,0.0159551824841798
"ALT_C_30_32_vs_40_79",456,0.016550610311105,-0.020755026091136,0.0378318579409248,0.0228437428669742,-0.0577395635232424,0.0285973825593418,0.0124018561382555
"ALT_C_30_32_vs_40_79",457,-0.00759986895274992,-0.0330705732690476,-0.0530044955327762,0.014516176383256,-0.0326825518609976,0.0179110207695645,0.0191858810473801
"ALT_C_30_32_vs_40_79",458,-0.000919541945471121,-0.0392488303300998,-0.003117253264322,-0.0800898807259849,-0.0399513874910233,0.018422325481603,0.0132855370120018
"ALT_C_30_32_vs_40_79",459,-0.0066655053825877,-0.0371626440841762,0.00297482269466587,-0.0481541437394694,-0.0639532674192918,0.00632378277290322,-0.000607216095244584
"ALT_C_30_32_vs_40_79",460,0.00701995901867942,-0.0613132435427258,0.027823911667626,-0.047308360924803,-0.0566831072699692,0.0269042033388746,0.0355567855759761
"ALT_C_30_32_vs_40_79",461,-0.0257197917739133,-0.0274332842869785,-0.000772718453648125,-0.0509877727022305,-0.0265365582477456,0.0134752879342797,-0.00891346381919107
"ALT_C_30_32_vs_40_79",462,0.00649697947684822,-0.0207719844334353,-0.0197431340675199,-0.0148107691564591,-0.025132863821453,0.0116882414071045,0.0256744814161336
"ALT_C_30_32_vs_40_79",463,-0.00614482778333858,-0.0520115164705385,-0.0469213028015858,-0.0572398685209732,-0.0907781262780502,0.0282377277120247,0.0310325740831771
"ALT_C_30_32_vs_40_79",464,0.0130493374521964,-0.0350386149950781,-0.00887708046563329,-0.0271405709434069,-0.0487972552719906,0.0426202927179627,0.0419527293882141
"ALT_C_30_32_vs_40_79",465,-0.00766220329240596,-0.0402944278762487,0.0252025352944456,-0.0298177416580865,-0.0276323985284738,0.0222633039826381,0.0239928298821069
"ALT_C_30_32_vs_40_79",466,-0.00496711100403963,-0.0434960456913445,0.0765201512521927,-0.0346621688313235,-0.0687828446161989,0.0233317906773103,0.0533854224823752
"ALT_C_30_32_vs_40_79",467,-0.00369947201212507,-0.00558066919976734,0.00192470213398588,0.00342187851191225,-0.0627684412508215,0.00877119592972131,0.00985215163885635
"ALT_C_30_32_vs_40_79",468,-0.0114362898827213,-0.043331091446472,-0.0364883420412726,-0.0208102524513941,-0.0219651167642266,0.0451008167273386,0.0278194895969851
"ALT_C_30_32_vs_40_79",469,-0.0278606186526437,0.0025406644089765,0.0156389907755758,-0.0719001760092267,-0.115191968607297,-0.0247537700641005,-0.0266984445457761
"ALT_C_30_32_vs_40_79",470,0.000411635159973778,-0.0315709738656813,-0.014078103258227,-0.0206379104127115,-0.00189611377517052,0.0376884694878908,0.0508685740050541
"ALT_C_30_32_vs_40_79",471,0.00596723633914322,-0.0612492617439376,-0.00914802558342548,-0.0313786402163624,0.00278116239955706,0.00567306442036089,0.0215149381574991
"ALT_C_30_32_vs_40_79",472,0.00216622283284146,-0.013274812827903,-0.0385078029711114,-0.0382786389057819,-0.013343679182827,0.0185912682475858,0.0141721342660514
"ALT_C_30_32_vs_40_79",473,-0.0460608275153156,-0.00675673405719988,0.0218789533519582,-0.0705033852889677,-0.00601873666280944,0.026208476898816,0.00494484672639196
"ALT_C_30_32_vs_40_79",474,-0.0245832112916351,0.00483036492504625,0.0185039328953139,-0.0553489568324253,-0.0524791365599817,0.0212700153583532,0.0195281395503583
"ALT_C_30_32_vs_40_79",475,0.0346182413214453,-0.0337508452482775,0.0241208848313902,-0.0116108856455797,-0.105298208138149,0.0526783912143671,0.0658000202714587
"ALT_C_30_32_vs_40_79",476,0.00233296137416648,-0.0222756455049014,0.0215226455791961,-0.0333530888885415,-0.0278838245525224,-0.0155763921092768,-0.0155763921092768
"ALT_C_30_32_vs_40_79",477,0.000731935342152337,0.010711970576657,-0.0415010040848809,-0.057761163443476,-0.0438706600362374,0.0134229438713079,0.0124015635756676
"ALT_C_30_32_vs_40_79",478,0.00640993864974809,-0.020101215581724,0.0429496625175952,-0.050034963978806,-0.0678713554197765,0.0393470981392518,0.0252436801310515
"ALT_C_30_32_vs_40_79",479,-0.0151401655385132,-0.0176833665734039,0.00538713774378451,-0.0154982786791836,-0.0370879612976978,0.00767318106632604,0.0123002290093712
"ALT_C_30_32_vs_40_79",480,0.0193513933937541,-0.0374481441142746,0.00506685527984413,-0.00704551731771205,-0.0388576698213982,0.0296750233062792,0.0280990313522614
"ALT_C_30_32_vs_40_79",481,-0.0158579597635483,-0.0249699904172686,-0.000203563508116039,-0.00402166554026473,-0.111538369788505,0.0120017110966216,0.0119134331702741
"ALT_C_30_32_vs_40_79",482,-0.00274289351385269,-0.0275294965920154,-0.027159028609011,-0.0429002666225505,-0.001304519757509,0.0282655806865769,0.0325342857188553
"ALT_C_30_32_vs_40_79",483,-0.002009863155245,-0.0316177834950653,0.008461985329731,-0.0286212505595851,-0.084003131893043,0.00818031680779582,0.0232497393722192
"ALT_C_30_32_vs_40_79",484,-0.019347182261639,-0.0518874757907912,-0.0160178011337423,-0.117950331303584,-0.0694991640671985,0.0239916318991471,0.0101033864634855
"ALT_C_30_32_vs_40_79",485,-0.00227345667623206,-0.0361791263159041,-0.0499508764779754,-0.0367658356558663,-0.0420549459068651,0.0284219419633086,0.0377341971097229
"ALT_C_30_32_vs_40_79",486,-0.00822543519075386,-0.014932883094078,-0.0489508122795987,-0.044518788665161,-0.0553905216744452,0.0417378683511183,0.0491470516882437
"ALT_C_30_32_vs_40_79",487,-0.015719521373932,-0.00424787891376671,0.017852204636334,-0.0189443109775297,-0.068484309149672,0.00656525260346252,0.0276335650136713
"ALT_C_30_32_vs_40_79",488,0.024390875464877,-0.0193740627092294,-0.0438146012616861,-0.00390069507843574,-0.0737964468665027,0.0507576862755183,0.0499062370819183
"ALT_C_30_32_vs_40_79",489,0.00130020271973813,-0.0423721284202447,-0.0296111928302704,0.0260138277745405,-0.0392095332614338,0.0216800300285783,0.0175025270991531
"ALT_C_30_32_vs_40_79",490,0.00544384427565414,-0.0224011485990942,0.00424950132155258,0.0257849221265341,-0.0694811091887717,0.0235780620961572,0.010150714093611
"ALT_C_30_32_vs_40_79",491,0.0006301870045851,-0.0354288089504924,0.0404767826804127,-0.0381336434969379,-0.0439478341756397,-0.0185163590315797,-0.00633997720953469
"ALT_C_30_32_vs_40_79",492,-0.00558912726490986,-0.0495506014481358,-0.0541464953427635,-0.0105836271263813,-0.0434912647920661,0.0092304400903159,0.011319853855917
"ALT_C_30_32_vs_40_79",493,-0.0104224511249141,-0.0307060782871467,-0.00858023512731149,-0.026707495875222,-0.058307519054706,0.0287410882001973,0.0215404438725468
"ALT_C_30_32_vs_40_79",494,0.0147385895217069,-0.0663426988964198,-0.0142856647469825,0.034175109941614,-0.0671362088425315,0.0275912498604531,0.0155395469089076
"ALT_C_30_32_vs_40_79",495,0.0150454834400613,-0.06155373553624,-0.00312068588026199,-0.0378596552077593,-0.0370510686382901,0.0672639191735979,0.069081950478583
"ALT_C_30_32_vs_40_79",496,-0.0278972015404026,-0.0205563369691431,-0.00388699937215817,-0.00246109373487294,-0.0349720842589443,-0.00803646603052895,-0.026200617443358
"ALT_C_30_32_vs_40_79",497,-0.0273003182935164,-0.039923324263069,0.00323269959148344,0.00941886351055987,-0.0724467344382347,0.0118643659978817,0.0194597569227916
"ALT_C_30_32_vs_40_79",498,-0.00572013708568662,-0.0234109661109504,0.00185464046677467,0.00243375216728878,-0.0620322026483508,0.0286467403366459,0.0276812353215176
"ALT_C_30_32_vs_40_79",499,0.0161701229042261,-0.021536469654569,-0.0024886323804042,-0.0232158595214326,-0.113523012522925,0.0355096866381327,0.0167506204989084
"ALT_C_30_32_vs_40_79",500,0.0321483889995243,-0.0531719700686237,-0.00645422964024261,-0.0130686315524952,-0.0439168797724314,0.0678470033893289,0.0716971822422878
"ALT_C_30_32_vs_40_79",501,0.00310547818778555,-0.0251627693324577,-0.00867673874853994,0.00872059852652679,-0.09089318464565,0.0159086172689796,0.0252096575409398
"ALT_C_30_32_vs_40_79",502,-0.0282267690887114,-0.0141794676854188,-0.0161704593272953,-0.05882006773149,-0.0464748781562901,-0.0315555076846545,-0.0308099015361819
"ALT_C_30_32_vs_40_79",503,0.00608538841271321,0.0280678329576959,-0.026757435305534,-0.0565355065101883,-0.0277914986939616,-0.0227444727986267,-0.0184520358513627
"ALT_C_30_32_vs_40_79",504,-0.0129072914372454,0.00772220414032314,-0.0304349718379579,-0.0397389703514945,-0.0454646584092845,0.0240213708439558,0.0439058273625143
"ALT_C_30_32_vs_40_79",505,-0.000166476011287789,-0.0556850790716132,-0.0144336405549949,-0.0473663426593746,-0.0247303863331664,-0.00118267974937186,0.0067534851909178
"ALT_C_30_32_vs_40_79",506,0.011673845910219,-0.00496936209858852,-0.00286569212413612,-0.0114783882576659,-0.0530655611370974,0.0177009221291124,0.0217113446264434
"ALT_C_30_32_vs_40_79",507,0.0118485341890421,-0.0479496477699685,0.0558420456844674,-0.0304245023102014,-0.0134106658861057,0.0458298357937428,0.053104152601569
"ALT_C_30_32_vs_40_79",508,0.0114808132943132,-0.0683867018288622,0.00623032294803408,-0.034969418773616,-0.0469121907329364,0.0186676425759809,0.0198719624209914
"ALT_C_30_32_vs_40_79",509,0.0347248871412994,-0.0554039441684709,-0.0490844423185839,-0.00429415262424285,-0.0990794876098435,0.0220043589582783,0.0467927965287493
"ALT_C_30_32_vs_40_79",510,0.0198903941928844,-0.0162275447934325,0.00142959181156257,-0.0466666503214196,-0.13117414779366,0.038161445312825,0.0357773425354521
"ALT_C_30_32_vs_40_79",511,0.028078179468665,-0.00616805230379658,-0.0114075056002263,-0.00582066957292859,-0.0789528987493825,0.0057547932098332,0.00950306082632568
"ALT_C_30_32_vs_40_79",512,0.00682964115111642,-0.0349191645216918,-0.0208013148673739,0.00162769752790687,-0.0100672812280365,0.0622663861176194,0.0495495144076836
"ALT_C_30_32_vs_40_79",513,-0.0247095237411254,-0.0124790488846264,-0.0353435292241039,-0.0432066324949436,-0.0983742198832283,0.0253669639035242,0.0431631373709512
"ALT_C_30_32_vs_40_79",514,-0.00583978050106274,0.00909402229329402,-0.0596350295774545,0.00587308414877283,-0.0860269172165175,0.0410396794366683,0.057797938176704
"ALT_C_30_32_vs_40_79",515,0.00520036515555384,-0.0229127256476877,-0.0368009243383037,-0.0316859445304751,-0.0806733194411487,0.0298560430857777,-0.00366038608632462
"ALT_C_30_32_vs_40_79",516,-0.017224463107063,-0.0324308107337581,0.0396949748855073,-0.0378657373550361,-0.0336293709165912,0.0325640182143172,0.0267086833282286
"ALT_C_30_32_vs_40_79",517,-0.00476471801482573,-0.0425271290636725,0.00148801725073605,-0.0367274607139692,-0.00613368795819391,0.0295076360197694,0.0297591131814188
"ALT_C_30_32_vs_40_79",518,-0.0186332808797046,-0.0315085076129077,0.000465544611292973,-0.0415953939090958,-0.0204095057910836,-0.00281096807471308,-0.0119159119146204
"ALT_C_30_32_vs_40_79",519,0.00762324142120198,-0.0370096856694427,-0.029992012952355,-0.0874590975965398,-0.0768027062097483,0.0523447487624897,0.0877243752647305
"ALT_C_30_32_vs_40_79",520,0.00832984704831632,-0.0305870161229162,-0.0330254117203742,-0.0581668558892163,-0.051436906198041,0.0409043963285772,0.0410781765299795
"ALT_C_30_32_vs_40_79",521,0.00571216419112788,0.00106037788592271,-0.00804936555517302,-0.0208485881389335,-0.0306533275051807,0.0319736693561246,0.0360963975017913
"ALT_C_30_32_vs_40_79",522,0.011222665506659,-0.0297868681286713,-0.00318785145202682,-0.0152236686565086,-0.08602742277755,0.0112399920537063,0.0122551750312298
"ALT_C_30_32_vs_40_79",523,-0.0119305878804535,-0.00296956704251357,-0.0101794716034489,0.0145328703699835,-0.0567803381140168,0.0364745124749828,0.024801297857902
"ALT_C_30_32_vs_40_79",524,-0.023082166261957,-0.0645863716381762,-0.0589332458924263,-0.0679832542640915,0.010010708867525,0.0138495328511726,0.0225540501627272
"ALT_C_30_32_vs_40_79",525,-0.00887550395598515,-0.0376609886494428,0.00600457630306706,-0.0412350368279426,-0.038853447456676,-0.00384374822080783,0.00725000176301588
"ALT_C_30_32_vs_40_79",526,0.0106880302434139,-0.0635184696426171,-0.010007877207568,-0.0354686477372093,0.00449752582522611,0.0430189391154264,0.0201573485121401
"ALT_C_30_32_vs_40_79",527,-0.032991617685745,-0.0401207873884919,-0.031621075261106,-0.0331437394574602,-0.0492432541365558,-0.0234826076649261,-0.0198436965040478
"ALT_C_30_32_vs_40_79",528,0.00371202132921965,-0.0258130616416111,0.0118873941337717,0.0466613007332943,-0.0520750146945626,0.0456029010109019,0.0494299959786788
"ALT_C_30_32_vs_40_79",529,-0.0100196767210957,-0.0433705768665102,-0.0437751100909785,-0.0806477143209293,-0.0683906661494589,0.044802552834335,0.0392877643499065
"ALT_C_30_32_vs_40_79",530,-0.0076479785901454,-0.0368286532705774,0.0324355994990496,-0.00506773214643361,-0.0557799575131465,0.022449451824973,0.0217970301775841
"ALT_C_30_32_vs_40_79",531,-0.0261966471039767,-0.0262992383588627,-0.00545949748747243,-0.0433930153062628,-0.0622067882997749,-0.00643896877787287,0.00661814189040419
"ALT_C_30_32_vs_40_79",532,0.0338837031341941,-0.066216227617032,-0.00631326498914853,0.0299975725450595,-0.124925537962173,0.0302387490237394,0.0295609320450172
"ALT_C_30_32_vs_40_79",533,-0.0158926421045422,-0.034369493700279,0.0173084801687891,-0.00571011137637428,-0.0661135633535659,0.00158129304981063,0.0286261124647804
"ALT_C_30_32_vs_40_79",534,0.00851933273545431,-0.0417678140945224,0.0274170776936458,-0.0404540695028835,-0.0120131677427385,0.0407505050070437,0.0116473433323824
"ALT_C_30_32_vs_40_79",535,0.00338735360697583,-0.0284446906608168,0.0122739127975706,-0.0256408105923567,0.0160215269451434,0.057562663057073,0.0739492376422223
"ALT_C_30_32_vs_40_79",536,-0.00510790693321102,-0.0135788476542737,0.00488179947880904,-0.0394263823260167,-0.0518417490842195,-0.0101376199424355,-0.0130062729518839
"ALT_C_30_32_vs_40_79",537,-0.0247336408228074,0.0229941321606124,0.0266082112703922,-0.0354471186412489,-0.0511312827102118,0.0172165527900608,-0.000284492719664312
"ALT_C_30_32_vs_40_79",538,-0.0288973403390118,-0.00406387513119745,0.0147754498989291,-0.0429877945853437,-0.0884260702406863,-0.0211098481238294,-0.00893478467445698
"ALT_C_30_32_vs_40_79",539,-0.00592153511929087,-0.0330742139529148,-0.00704920890654898,-0.0148190395293729,-0.082683742048771,0.05248816849896,0.0244610636173552
"ALT_C_30_32_vs_40_79",540,-0.00680243004507718,-0.0511675423324709,-0.0350691620225416,-0.0415592343059912,-0.0591614792841898,-0.0177315862442578,-0.0271528304206575
"ALT_C_30_32_vs_40_79",541,0.00170356091204701,-0.005192582880927,0.0241096973705073,-0.00396887282804564,-0.0437958171179075,0.0538996966585926,0.0509031556654425
"ALT_C_30_32_vs_40_79",542,0.00305251562312293,-0.0615307929979132,-0.0622647960709834,0.00442553518634892,-0.00707746558179989,0.00946624114300766,-0.0170039963697377
"ALT_C_30_32_vs_40_79",543,0.00155111455352554,-0.047039285108269,-0.0152593208425948,-0.0430137135026282,-0.101516260191172,0.0207580337005379,-0.00316147152408087
"ALT_C_30_32_vs_40_79",544,-0.016602072355346,-0.0263533851059182,0.0301940782472783,-0.00170798844172981,-0.104665048002235,0.0192775066554627,0.0290337459272327
"ALT_C_30_32_vs_40_79",545,-0.0282599945909301,0.0236678211591528,0.00318723349226654,-0.0340630157872407,-0.107246410616525,-0.00924692018200492,-0.00659537165105314
"ALT_C_30_32_vs_40_79",546,0.0118481338535781,-0.0532949880274399,0.0133344853445093,-0.067830341675416,-0.0223350577624521,0.0513275736802695,0.0543283135447341
"ALT_C_30_32_vs_40_79",547,0.0167591087448044,-0.0353714235603979,-0.0706246027051661,-0.00953998058833586,-0.0565764618492303,0.0239191244146609,0.0212301519254816
"ALT_C_30_32_vs_40_79",548,-0.0176672362909236,-0.0175805390098956,0.00703995548044922,0.0105347310709102,-0.0793411063879087,0.0270663695534327,0.0206152870946192
"ALT_C_30_32_vs_40_79",549,0.00349064252050744,-0.0378356589272964,0.0075522512674,-0.00674275064530375,-0.0289833760125743,0.0123075853482367,0.00867510997958147
"ALT_C_30_32_vs_40_79",550,-0.01583024057198,-0.0412272282225892,0.0234890877357394,-0.0349798788812271,-0.070484748926705,-0.0178203789728507,-0.0300289781618924
"ALT_C_30_32_vs_40_79",551,-0.0104274799235919,0.000225058567389469,0.00856551748112558,-0.0290192947650162,-0.0453562774264469,-0.00330401726761821,0.00816007991985293
"ALT_C_30_32_vs_40_79",552,0.00722583532851202,-0.0691021350603789,0.0157943424004694,-0.0523430451261319,-0.0365157220675713,0.0501948077384105,0.0483575031746922
"ALT_C_30_32_vs_40_79",553,-0.00908223828807785,-0.0693822970106163,-0.0133092168646631,-0.0119992321952619,-0.0550976313597104,0.0416724692962565,0.0527738593120636
"ALT_C_30_32_vs_40_79",554,-0.0278618010299984,-0.102028523384249,0.028715844765924,-0.0164097741301501,-0.0787684285012289,0.0146002870588938,0.00724570742729072
"ALT_C_30_32_vs_40_79",555,0.0122934221344161,-0.0292961127844763,-0.0263911874006537,-0.0613961877699516,-0.0758732231171648,0.0620820998395454,0.0590521319418984
"ALT_C_30_32_vs_40_79",556,-0.025959308761132,-0.0473389837146389,-0.0137332501092899,-0.0875884846396812,-0.0169494957623708,-0.0229239072000177,-0.0261354267278125
"ALT_C_30_32_vs_40_79",557,-0.00199783666225463,-0.0247665440281288,0.054201140184396,-0.0322566008690372,-0.0395461349941224,0.0200228246310525,0.0279488587449007
"ALT_C_30_32_vs_40_79",558,0.0118458797457576,-0.05491302398481,0.0209047750427578,-0.0307354845396187,-0.119525284751355,0.0156208144247246,0.0183944493737704
"ALT_C_30_32_vs_40_79",559,0.00954199916519736,-0.0374009046894311,0.00527850143170608,-0.0393753844628851,-0.07430470118084,0.0260010341857302,0.0311723421346098
"ALT_C_30_32_vs_40_79",560,-0.00874529357587749,0.00662044140910192,0.00634490786371056,-0.0556792747936078,-0.0473533971601885,0.00568561711459512,-0.0138334525877794
"ALT_C_30_32_vs_40_79",561,-0.0562612423797695,0.0129943798858306,-0.00580583086903759,-0.011807243610574,-0.0471680652568093,-0.0394529581222013,-0.0436768350819167
"ALT_C_30_32_vs_40_79",562,0.0123360063820537,-0.0412248264978971,-0.00345163335801035,-0.0444342313104107,-0.0757091060381741,0.0219441477753208,0.0720737431251522
"ALT_C_30_32_vs_40_79",563,-0.0118181231068762,-0.032720201241229,-0.00101290402493515,-0.0247093790826301,-0.0927394205263863,0.0030479335401104,0.00475884319001743
"ALT_C_30_32_vs_40_79",564,-0.016902066939652,-0.0114133271702082,-0.0268159718669324,-0.0252394984671028,-0.104071216807149,0.0313627229077339,0.0145370651689615
"ALT_C_30_32_vs_40_79",565,0.0241412696675597,-0.0320916482325358,-0.0583517196773605,0.0222040333070169,-0.00727923457417362,0.02881754907417,0.0473341304019289
"ALT_C_30_32_vs_40_79",566,0.00262016883522117,-0.0506079362786224,0.0128879726329718,-0.0818227179835594,-0.0533422013425767,-0.00392536459537923,0.00908804611554434
"ALT_C_30_32_vs_40_79",567,-0.017300185542851,-0.0102715559257756,-0.0108760219884468,-0.0246450573629182,-0.0853134770479715,0.00174339819334361,0.00267757352948365
"ALT_C_30_32_vs_40_79",568,0.0180455141742923,-0.00394708134880027,-0.00559451186652807,-0.0552280494858688,-0.0610825720700064,0.0332773663779788,0.025110560743329
"ALT_C_30_32_vs_40_79",569,0.0207208647000618,0.00547459038822001,0.00138429924524355,-0.0369144868774122,-0.0191022561199731,0.0262651621930361,0.0233476543713903
"ALT_C_30_32_vs_40_79",570,-0.0131294890650322,-0.00630125994093519,-0.0493165574612399,0.0236697791535866,-0.0928869522554059,0.0313826277737647,0.0384751170135473
"ALT_C_30_32_vs_40_79",571,-0.0264240579863423,-0.0276332187238876,-0.0092598040242729,-0.0130107758097677,-0.0309270746488344,0.00693272815753312,0.0405471395297361
"ALT_C_30_32_vs_40_79",572,0.00940433702162873,-0.0312426945577317,-0.071093001535362,0.0169604341130899,-0.0430583841412977,0.0328924840779569,0.0297188334024638
"ALT_C_30_32_vs_40_79",573,-0.0172801264142525,-0.0580531714353308,0.00689203397873908,-0.053059465478926,-0.0354049068651772,-0.0204373676573003,0.0069120390792292
"ALT_C_30_32_vs_40_79",574,0.00357698524415198,-0.0295683047161645,-0.00589934676777382,-0.00970445656995508,-0.0115157177177799,0.0330285343570988,0.0328526925097897
"ALT_C_30_32_vs_40_79",575,-0.0022454787886496,-0.0389214936988632,-0.0294400485447341,-0.0713059192847553,-0.0492618693819813,0.0216610707834195,0.0189675702195239
"ALT_C_30_32_vs_40_79",576,-0.00466901139258438,-0.00234854962921979,-0.00918159217846409,-0.0379048185370597,-0.0267286541979329,0.0154701287291115,0.0245093069940767
"ALT_C_30_32_vs_40_79",577,-0.0168080349053218,-0.0678757484827252,0.00192420973850968,-0.0305178882494768,-0.0235459147386743,0.0188283259407335,0.0100312045222907
"ALT_C_30_32_vs_40_79",578,0.00786955080810899,-0.0128502521967701,0.0013506856859945,-0.0210641521285219,-0.0684547692855124,0.040565575094821,0.0363997152857137
"ALT_C_30_32_vs_40_79",579,-0.0238041782587067,-0.0352754919049611,-0.0507768912164566,-0.0393088333144264,-0.087866997726853,0.00940854876916879,0.00143463346473655
"ALT_C_30_32_vs_40_79",580,0.0167318512132134,-0.0243938822301197,-0.0282231117373568,-0.0146483080855861,-0.0832051195486226,-0.000668536257791431,-0.00617166619335284
"ALT_C_30_32_vs_40_79",581,0.0038929419000368,-0.0350746060266212,0.0413687894760349,-0.0181778961637578,-0.035501322316156,0.0213563070685791,0.0357559809300308
"ALT_C_30_32_vs_40_79",582,-0.0139292229212821,-0.0520197753329392,-0.0102037982304291,-0.0513016068531938,-0.045706533939073,-0.0416275277286545,-0.0410119047723774
"ALT_C_30_32_vs_40_79",583,-0.00170142970414531,-0.0337389964317399,-0.0230575765585419,-0.0110934171379386,-0.0308628193389708,0.0051608610144596,-0.00797959276750976
"ALT_C_30_32_vs_40_79",584,0.0216675690417279,-0.0649239089319964,-0.00573453747708544,0.00950816318319667,-0.0493802431287439,0.0109475770078609,0.0213831762531946
"ALT_C_30_32_vs_40_79",585,-0.0191938848179064,-0.0491613798358731,0.0443291152080507,-0.0885969508796403,0.0077873209947506,-0.000646697461733153,-0.00696047648845923
"ALT_C_30_32_vs_40_79",586,-0.0297572990743166,0.00566504426147221,-0.0400667405969064,-0.0653167288732665,-0.059444313090305,0.000665250156022201,0.0281508823379162
"ALT_C_30_32_vs_40_79",587,-0.0292629369720781,-0.017820048064112,-0.0025067206712025,-0.0521463289262018,-0.03611371019431,0.0158635537398562,0.0141632245093333
"ALT_C_30_32_vs_40_79",588,-0.0260231931262131,-0.00872235289879801,0.0128548479491076,-0.0280159931022973,-0.0731272052478789,-0.0185325105306478,-0.0161421456202287
"ALT_C_30_32_vs_40_79",589,-0.000105317493829554,-0.080272155823229,-0.00234698141200249,-0.036607174039165,-0.0746129586708966,0.0529730390802481,0.0756722359702607
"ALT_C_30_32_vs_40_79",590,0.0161813761202557,-0.0112481283451173,-0.0407821666898421,-0.0219522751506246,0.00560238981337396,0.0536506153855128,0.0479370602080985
"ALT_C_30_32_vs_40_79",591,0.0121175686003246,-0.0655509357611813,-0.0484194407350243,-0.00767773140538214,-0.0381205005588071,0.0548521338231794,0.0458639984566786
"ALT_C_30_32_vs_40_79",592,0.0219703684172896,-0.0413336236146095,-0.0094350273874779,-0.0371465454339581,-0.0620549542922473,0.0580013932460565,0.0510318891053549
"ALT_C_30_32_vs_40_79",593,0.00226415090152145,-0.0230280967045197,-0.00656892644231197,-0.0631803334239323,-0.0413021329799724,0.0358434726670967,0.0396106117632655
"ALT_C_30_32_vs_40_79",594,-0.01647220081513,-0.00177556953199491,0.0137372634641463,-0.0458081368288109,-0.00296962476635892,0.0148289745023549,0.0176564413510087
"ALT_C_30_32_vs_40_79",595,-0.0209510432796459,-0.0258521804554557,-0.00962478527945301,-0.0260059017603536,-0.0378522831425572,-0.0234429677738263,-0.0356714474365234
"ALT_C_30_32_vs_40_79",596,0.0235662652763861,0.00227245277314658,-0.0315249291731049,-0.0508817608437543,-0.0640900901551847,0.0332169092368391,0.0284804487824156
"ALT_C_30_32_vs_40_79",597,-0.00909126700890309,-0.0191837315385364,-0.0089365820510092,-0.0643462413886306,0.00710822482591089,0.0255903503600478,0.023579900696774
"ALT_C_30_32_vs_40_79",598,-0.00484833562674998,-0.057727541542659,0.0474396949402958,-0.0447268877635671,0.0127013653390291,0.00170814271816147,-0.00785045477351883
"ALT_C_30_32_vs_40_79",599,0.000582566811778706,-0.0218812436477914,-0.0422348142191538,0.00741645011829523,-0.0706767251256419,0.0362196100779137,0.0349679335378633
"ALT_C_30_32_vs_40_79",600,0.0123028849109047,-0.0510245468224932,-0.000801182853645277,0.017741631333196,-0.0877708547340219,-0.00160899036994788,0.0091903103712374
"ALT_C_30_32_vs_40_79",601,0.00925014203973627,-0.039928750706564,0.00158768206021342,-0.0768241982303355,-0.0301472568916432,0.0646173204458839,0.0651358556756761
"ALT_C_30_32_vs_40_79",602,0.0328418193437918,-0.000584625087713661,0.00264989205889463,-0.0173430186160139,-0.0568823192545062,0.0479643335769901,0.0463522165703099
"ALT_C_30_32_vs_40_79",603,-0.00625562322487175,-0.072467656923724,0.0238695930700149,0.011005366822626,-0.116474274023542,-0.00885609289776866,-0.0023644995680023
"ALT_C_30_32_vs_40_79",604,-0.00643822371114119,-0.00290065388582796,0.00178899226930468,-0.0432105896942659,-0.0378553079178907,0.0316298573896065,0.0355211260853006
"ALT_C_30_32_vs_40_79",605,0.0231735131179349,-0.0683516365525941,-0.0103431479947142,-0.0202476260425247,-0.0293162564599567,0.051065338527254,0.0454668887203771
"ALT_C_30_32_vs_40_79",606,0.0112526374887668,-0.0238845861964705,0.0615140126023614,-0.0371968623825791,-0.0742754689458979,0.0473674426054749,0.0401870022893798
"ALT_C_30_32_vs_40_79",607,-0.0181016532757804,0.0083830673733631,0.0429916888141293,-0.0359280839784235,-0.057888251366441,0.0336877547959457,0.0388257467479031
"ALT_C_30_32_vs_40_79",608,-0.00532303452399072,-0.0404518250332277,-0.0109326883674377,-0.0457875454893255,-0.0761510065620081,0.0159042556177434,0.00211035613285671
"ALT_C_30_32_vs_40_79",609,0.0107989066472223,-0.0402461187113984,-0.0191644792058591,0.0216845105303053,-0.0461085796042817,0.0224981826049862,0.0184797275592817
"ALT_C_30_32_vs_40_79",610,0.0321055499326977,-0.0616784185941994,-0.0382811256940444,-0.0163102033509675,-0.0534005171338685,0.0416681562414294,0.0511303751431622
"ALT_C_30_32_vs_40_79",611,-0.00160806524332818,-0.00553128630902874,-0.0497178498778491,-0.0803501285931398,-0.0880847148690837,0.00934321011963396,0.00898576501029305
"ALT_C_30_32_vs_40_79",612,0.0238603750455421,-0.0175984255531784,0.0206724910195455,-0.0257257048304352,-0.106428534235432,0.0478770829842004,0.0339772678302813
"ALT_C_30_32_vs_40_79",613,-0.00329527087862715,-0.0203385441586729,0.00719566670676597,-0.045937254750684,-0.0710501318398041,0.0292030328477992,0.0323036776874126
"ALT_C_30_32_vs_40_79",614,0.0162826224960027,-0.0626926736608654,-0.0023882197056215,0.00669859671108089,-0.0440044526574974,0.0332648862943505,0.0379959646523173
"ALT_C_30_32_vs_40_79",615,0.0104051033686232,-0.0381851938641256,0.00719950436607947,-0.0474473752200744,-0.0562264160760101,0.0275179825249045,0.0438268186318674
"ALT_C_30_32_vs_40_79",616,0.00326355814538223,-0.0193669448189523,-0.0174674696663332,-0.0620017066336173,-0.0801972223178784,0.00423330729224534,0.0124074309521884
"ALT_C_30_32_vs_40_79",617,0.0102259769725784,-0.0310649691492054,-0.00795724907173083,-0.0167978446956847,-0.0535132588016528,-0.00791724645765905,-0.00452762714439722
"ALT_C_30_32_vs_40_79",618,-0.0292460077382285,-0.0202145823374922,0.0145782624055421,-0.0216314621320665,-0.0399537292310667,0.00991621000050071,0.0568186282672304
"ALT_C_30_32_vs_40_79",619,-0.0163086997255832,0.00309942945449579,0.0252836613695284,-0.0839043337256213,-0.0917546882951007,-0.010082532166477,-0.0229573816187652
"ALT_C_30_32_vs_40_79",620,0.0315804657590463,-0.0653841524770092,0.0137313451484881,-6.10572873256665e-05,-0.0782730311668146,0.072291521197935,0.0678668979124509
"ALT_C_30_32_vs_40_79",621,-0.00895835645219148,-0.0244702581523053,-0.00225025987710883,-0.0535644424650676,-0.00617559944071283,-0.00492352065870524,0.000153597919017597
"ALT_C_30_32_vs_40_79",622,-0.00206167162473622,-0.0335082171957182,-0.00790264120121212,-0.0487520123015525,-0.0602562746468891,0.0012424817813123,-0.0148643877491086
"ALT_C_30_32_vs_40_79",623,0.00600808669197656,-0.0254956510972045,0.0268549591694003,0.00170211160530706,-0.0200650206136454,0.023911187904198,0.0258633184805669
"ALT_C_30_32_vs_40_79",624,0.00869089869349794,-0.0417464580518724,0.0417590219835584,-0.0419844844876256,-0.0557506687486147,-0.00283983797824792,-0.00235653897308383
"ALT_C_30_32_vs_40_79",625,0.0147025653346751,0.00547081397351447,0.00227907305245886,-0.0730313019701058,0.0143271786565414,0.0520637493844913,0.0497889071087407
"ALT_C_30_32_vs_40_79",626,-0.0046649855942675,-0.00144153604856521,0.00847056234719937,-0.0594841690734337,-0.0525192888619263,0.0157427988018239,-0.00743964979647911
"ALT_C_30_32_vs_40_79",627,-0.0113013695714779,-0.0307819758040615,0.0666136193403364,-0.0370512280179576,-0.043652658177333,0.0545965452736592,0.0487152035941782
"ALT_C_30_32_vs_40_79",628,-0.0150928958717609,-0.0528393898674341,0.0253894778085342,-0.0470476021126483,-0.0714238835573996,0.0036064784552011,0.0265630569243971
"ALT_C_30_32_vs_40_79",629,-0.00949667182297065,-0.0294453040181469,0.020279796688247,-0.00586053990874971,-0.121636648467356,0.0199282688503956,0.0244551514144902
"ALT_C_30_32_vs_40_79",630,-0.00384231384729582,-0.0404913326439857,0.0212770665006484,-0.0136675913508489,-0.0767368951367228,0.0207271993707371,0.00586248105367337
"ALT_C_30_32_vs_40_79",631,-0.020487992578004,-0.00224895062819289,0.00722824082541418,-0.0580785682710262,-0.0439398742063382,0.00782010326277342,0.000873561967145331
"ALT_C_30_32_vs_40_79",632,0.00369689313638234,-0.0349199287023768,-0.00205543536253672,-0.0655663764136611,-0.0752039594349985,0.0611817157462865,0.0501352615567165
"ALT_C_30_32_vs_40_79",633,-0.00897924442251326,0.00718044961522506,-0.0510326257626609,-0.0142892087133625,-0.0332945182707838,0.0397156004990716,0.0283855051853917
"ALT_C_30_32_vs_40_79",634,0.00060221028034553,-0.053296491146498,-0.00765472125441741,-0.000821965560775045,-0.0602845798157163,0.0242760897733161,0.0243456185110172
"ALT_C_30_32_vs_40_79",635,0.0106844664467109,-0.0482927291440968,-0.0232408839888273,-0.0313649315110827,-0.0787336801930537,0.0404118032068197,0.0513529381868818
"ALT_C_30_32_vs_40_79",636,0.000956995991876097,-0.0277505677393125,0.0388377163675012,-0.0675244854628177,-0.0253403955521958,0.0562524707839959,0.0449088467049664
"ALT_C_30_32_vs_40_79",637,0.017367775713173,-0.0530505139038493,0.011154356312697,-0.0207615034472823,-0.0760620837943031,0.0389270025139919,0.0226163736581367
"ALT_C_30_32_vs_40_79",638,-0.0102443334884352,-0.0528764527050295,-0.00329975043047143,-0.00865854215086295,-0.0451635620049066,-0.00372304585322351,-0.0179340298997614
"ALT_C_30_32_vs_40_79",639,-0.00148871986279989,-0.029199710202888,0.0202620792271364,0.00469715093563028,-0.079292497944434,0.0285035322182988,0.0341461787593341
"ALT_C_30_32_vs_40_79",640,-0.00911148357390525,-0.02206107549964,-0.0168809545318217,-0.0441302724303111,-0.0555559074849436,0.0242299762637563,0.0439825554029425
"ALT_C_30_32_vs_40_79",641,0.0140550257989328,0.00159093013066394,-0.00729863699629307,-0.0119544697000229,-0.0922712866586442,0.0281389796051206,0.0219053160513723
"ALT_C_30_32_vs_40_79",642,-0.0298285061025021,-0.049996230860002,-0.00574018895619824,-0.0479747372573198,0.0231288926171781,0.0164971719882227,0.0150237992867762
"ALT_C_30_32_vs_40_79",643,0.0160681539846833,-0.0257929063898432,0.01525453707259,-0.0412708914569066,-0.0469077212855556,0.0458614295431941,0.0325475254818556
"ALT_C_30_32_vs_40_79",644,-0.018576343544012,-0.0222048495855043,0.014260913057245,-0.0842882687759658,-0.0546676136570494,0.0235897406366237,0.0248990855841733
"ALT_C_30_32_vs_40_79",645,-0.0318605171247148,-0.0382614329764988,-0.0571736585164849,0.0269458732761807,0.00099107069678922,0.025184766958424,0.0371143582216347
"ALT_C_30_32_vs_40_79",646,0.0288462282009775,0.0167050882241347,-0.00803101786937635,-0.0620514993406054,-0.0419773303925934,0.0551911930261504,0.0568251433285041
"ALT_C_30_32_vs_40_79",647,-0.0129906587133636,-0.0573710444454145,-0.0285158841952819,-0.00348345126467769,-0.0958910430981466,0.0245848195853384,0.0260995293080421
"ALT_C_30_32_vs_40_79",648,0.0102998233676143,-0.0421804545519985,0.00712108252054106,-0.0333824591801598,-0.0746773985633923,0.0332285328288475,0.0264928909154619
"ALT_C_30_32_vs_40_79",649,-0.00242687886136797,-0.031872005148248,-0.0117266000669965,-0.0646319223900225,-0.10863885573186,0.0313517618428636,-0.00154692099570712
"ALT_C_30_32_vs_40_79",650,-0.0214696639569757,0.0439135221586909,-0.0765832992604289,-0.00372217400295324,-0.0635936007103141,0.0147562802264712,0.0295181459944395
"ALT_C_30_32_vs_40_79",651,-0.00287208345565279,0.00682468029967095,-0.00140823123902484,-0.0413282861519568,-0.0770118657791019,0.041736069513571,0.0277509533826716
"ALT_C_30_32_vs_40_79",652,0.0108827006074039,0.0164142115184532,0.0186251210831119,-0.00172897890714482,-0.051519652749891,0.0533158567665674,0.0499650209064271
"ALT_C_30_32_vs_40_79",653,-0.00194416662267295,-0.0380584693857072,0.0139616770003207,-0.0237090638254991,-0.00362772186803373,0.0297711998247053,0.0389671951695524
"ALT_C_30_32_vs_40_79",654,0.013456371885835,-0.00152765377438834,0.0200299290967487,-0.0353869426323252,-0.0692602032081552,0.0472808242856246,0.0382789723849592
"ALT_C_30_32_vs_40_79",655,-0.00916782289507361,-0.04334047675729,0.0229973280009974,-0.0315828736603739,-0.0142653528588426,0.0329489230468674,0.0466428291253123
"ALT_C_30_32_vs_40_79",656,0.0153978237959502,-0.0207435506680349,0.0325847617160621,-0.0220967594442165,-0.0881054226964856,0.043054836938287,0.0442442369875799
"ALT_C_30_32_vs_40_79",657,0.0152434718086995,-0.00741332082475728,-0.00705668162332554,-0.0753715975782069,-0.0831387553530449,0.0483668359414666,0.0401490394818495
"ALT_C_30_32_vs_40_79",658,0.00402239997201308,-0.0269963729751156,0.0185509687661872,-0.0556533860544511,-0.0555831769229821,0.0141374965265518,0.028450494989294
"ALT_C_30_32_vs_40_79",659,-0.00417147095196783,-0.032631215378663,-0.0712157905845063,0.0124015807319268,-0.0232171158084185,0.00859863132083437,0.0141479793227219
"ALT_C_30_32_vs_40_79",660,0.0115044098344871,-0.0114541061378204,-0.00925994456753004,-0.0396399853505295,-0.0501692488198992,0.049471843128567,0.0693614871613268
"ALT_C_30_32_vs_40_79",661,0.0217571486638616,-0.0345564899536602,-0.046457836639291,-0.0555410908402078,-0.0947544826377591,-0.000276472213164486,0.0110747029030809
"ALT_C_30_32_vs_40_79",662,0.00954759987443295,-0.0603140138087817,0.0329846152593561,-0.0186309032027154,-0.0419805650399031,0.0530142033665518,0.0604907569108814
"ALT_C_30_32_vs_40_79",663,-0.0113321372829913,-0.0207500557453217,-0.0195681627143217,-0.0420911032816829,-0.0498844022683179,0.0192086215135156,0.0209354983983702
"ALT_C_30_32_vs_40_79",664,-0.0122120246315173,-0.0234295007760938,-0.020716168158032,-0.0343094739574596,-0.0537677445730579,0.0287259112102829,0.0274515322416346
"ALT_C_30_32_vs_40_79",665,0.012475547838702,-0.0100590500609714,-0.0689214527909754,-0.0323355094209257,-0.00324459477065953,0.0667901096978313,0.0506590812888476
"ALT_C_30_32_vs_40_79",666,-0.00760742675470533,-0.0621998676070235,-0.00624902292243323,0.0119659194292241,-0.0698455901084505,0.0098370119046975,0.00658082017798435
"ALT_C_30_32_vs_40_79",667,0.0305616692688217,-0.0263477875226378,0.0129036317591454,-0.0200761907303807,-0.0432288745761478,0.059942485249691,0.0676629265764075
"ALT_C_30_32_vs_40_79",668,-0.0161381781865851,-0.0356731216289519,0.0148906386106999,-0.0435882496191032,-0.0564154420214712,0.0237117491871724,0.0174454816631433
"ALT_C_30_32_vs_40_79",669,0.00864720997072888,-0.0642693062598139,0.0313256894956749,-0.0375558456726624,-0.0155301606899095,0.0193095713131879,0.0182970949084243
"ALT_C_30_32_vs_40_79",670,0.0126981922251637,0.000459193102084282,0.0133599887975768,-0.0265242453846658,-0.109873069915369,0.03346269359369,0.0452042010593435
"ALT_C_30_32_vs_40_79",671,-0.00774548138429339,-0.02544321803962,0.0272094937714745,-0.0402587481175638,-0.072234508893277,0.0286107371517867,0.0665166659741506
"ALT_C_30_32_vs_40_79",672,-0.0124584699832995,-0.0113142014427996,-0.0122897269368378,-0.100813573503623,-0.0392382772193919,0.016987134192176,0.00895432550644696
"ALT_C_30_32_vs_40_79",673,0.000972997125404704,-0.0469432182447856,0.00736079261790082,0.0181958151614118,-0.0451184165874589,0.00324052825921892,0.00304793528764966
"ALT_C_30_32_vs_40_79",674,0.00560327760821105,-0.0411343970886664,-0.0525212616002047,0.0155069954404287,-0.0307381885357195,0.0515447320494421,0.0526209816121452
"ALT_C_30_32_vs_40_79",675,0.00684912614502563,-0.0118344146824063,0.00305011678840578,-0.131344303664162,-0.0174223596100408,-0.00478781986375595,0.0089068914907898
"ALT_C_30_32_vs_40_79",676,-0.0168632213744912,-0.0205366344975849,0.0345145275706944,-0.0303289790884133,-0.0559521455517747,0.00846827212703299,0.0166660028546287
"ALT_C_30_32_vs_40_79",677,-0.0275075364892873,-0.0546048695751717,-0.0270157158146715,-0.0421709940869806,-0.0310047197071595,-0.0259302301334837,-0.0285274198903174
"ALT_C_30_32_vs_40_79",678,-9.47558258823922e-05,-0.0453082149038523,0.0103558656932341,0.021570936537147,-0.0426375497207465,0.00821269231408804,0.00905716036809478
"ALT_C_30_32_vs_40_79",679,0.0201272169777681,-0.0435517108014497,0.0165594043773308,-0.0475240974193328,-0.0193415297466672,0.0353138577009107,0.0151982032699528
"ALT_C_30_32_vs_40_79",680,3.01243020789169e-05,-0.00258665557121161,0.0511579370830618,0.020113674590917,-0.097620014366995,0.0501320696223506,0.0572946197363687
"ALT_C_30_32_vs_40_79",681,-0.0147568684849259,-0.0537578407629907,0.0457353587927589,-0.02872950387173,-0.0423762131327379,0.0174263965735638,0.0461451363151757
"ALT_C_30_32_vs_40_79",682,-0.00662468746123493,-0.0350549479557789,-0.0277832521979877,-0.0410438543497935,-0.0513483381605555,0.0389180211472075,0.0378404743716286
"ALT_C_30_32_vs_40_79",683,-0.0134221637998729,0.02315379496357,-0.0431057669985775,-0.0518536911779666,0.0159295473400824,0.00965840116424939,0.00971933318007829
"ALT_C_30_32_vs_40_79",684,-0.0141683829668776,-0.019874283977444,0.020428616092411,0.00338724923539171,-0.119200011204302,0.0123546547983465,0.0346726451485874
"ALT_C_30_32_vs_40_79",685,-0.0121704780188935,-0.0263928729334432,-0.00393669921670955,0.0120135030727549,-0.110525284538317,0.0170791213692047,-0.00338446882125801
"ALT_C_30_32_vs_40_79",686,-0.00498849197556217,-0.0497561114236622,-0.0273193247727277,-0.027195035105573,0.00522875462242162,0.0282926696276269,0.00859845247868044
"ALT_C_30_32_vs_40_79",687,-0.00435347933826412,-0.0304756332149855,-0.0147274317515495,-0.0598223371837576,-0.031254782026864,0.0207236210428137,0.0369377840940457
"ALT_C_30_32_vs_40_79",688,-0.0221301681796033,-0.0337054879452604,0.0226860135759208,-0.00845207754876254,-0.00820007269088063,-0.049773913356617,-0.0450402440679229
"ALT_C_30_32_vs_40_79",689,0.00201246217536261,-0.00721451472606208,-0.0281675993066131,0.0026028257008584,-0.048101924112068,0.0188972727586268,0.0399257206776811
"ALT_C_30_32_vs_40_79",690,0.0126345094769939,-0.0473825814456853,0.0472188268528679,-0.0377008610682392,-0.0454279523563983,0.0372249655799627,0.0342556608454005
"ALT_C_30_32_vs_40_79",691,-0.00788926162040036,-0.0713728951954827,0.0242792576128885,-0.016531167711122,-0.0593694704328797,-0.0286237614893771,0.00197467549191232
"ALT_C_30_32_vs_40_79",692,-0.00899272684356835,-0.0019533318353792,0.00992560969297293,-0.0492905992009006,-0.0808194363402369,0.0232810860203436,0.0321522528123633
"ALT_C_30_32_vs_40_79",693,-0.00346544915754063,-0.0188600562939536,-0.0307479451889919,0.00169409744560836,-0.0388047191006909,0.0222863067874356,0.0250460645606422
"ALT_C_30_32_vs_40_79",694,0.00315523680743108,0.0134991973562909,-0.0119493701680115,-0.025796252912087,-0.0331489179216047,0.00177564461395788,-0.00143282975832706
"ALT_C_30_32_vs_40_79",695,0.00321545296182669,-0.0238270997766062,-0.0258570512848822,-0.0132958059656799,-0.0570642466166708,0.00539792671834173,-0.00258729122587825
"ALT_C_30_32_vs_40_79",696,0.00495438403172202,-0.0133607075015078,0.036939991882368,-0.0886257163012254,-0.0136932056300353,0.0487979356322391,0.0394726569955621
"ALT_C_30_32_vs_40_79",697,0.00540870647542183,-0.0587991040717402,0.0136787306925382,-0.0852945191340261,-0.0229605086199851,0.0194951126327901,0.0300810454828585
"ALT_C_30_32_vs_40_79",698,-0.0290029792272493,0.00472447448080278,-0.0223408874026426,-0.0438448368757172,-0.0956428142650407,0.00402388544744708,0.00903932412772968
"ALT_C_30_32_vs_40_79",699,-0.00320279245448098,-0.0179387771852867,0.0207593087672358,-0.00689601621296163,-0.0460216345180562,0.0191692013499641,0.0393176545063612
"ALT_C_30_32_vs_40_79",700,-0.00200893074694706,-0.0401716691779808,0.033107683719649,0.000777419981139837,-0.110845314215732,0.05579165359655,0.0587309762397371
"ALT_C_30_32_vs_40_79",701,0.00851515690701766,-0.0149066983106282,-0.00622978004801314,0.00260695235949246,-0.0879565884023631,0.0486172358586214,0.0392282687946587
"ALT_C_30_32_vs_40_79",702,0.0211614048843792,-0.0330364688832931,-0.0217966564942764,-0.0538927447203425,-0.103628849734614,0.0270814652146386,0.0237777995108214
"ALT_C_30_32_vs_40_79",703,-0.00510948058333981,-0.0252513862471952,0.00333213298278043,-0.0319615247223853,-0.0363321677621822,-0.0134357241157262,-0.0223093526595975
"ALT_C_30_32_vs_40_79",704,-0.0168493420794389,-0.0307143524593488,0.000814328499098266,0.00396963302527112,0.0133773118686384,0.00945123099437338,0.0055928285748211
"ALT_C_30_32_vs_40_79",705,-0.00590001360195084,-0.059324126502298,-0.0278507629516109,-0.0529528127127711,-0.0252678463168182,0.0300900931526156,0.0214094743143986
"ALT_C_30_32_vs_40_79",706,0.00331917450437601,-0.0451369147508035,0.00667018973407019,-0.0329151514566768,-0.075727261265739,0.0160937272746345,0.0211366309528884
"ALT_C_30_32_vs_40_79",707,-0.00690863100512526,-0.0109191330980201,0.0438228472296605,-0.0513968794224093,-0.0766867445083663,0.0209185683142303,0.000207771684412265
"ALT_C_30_32_vs_40_79",708,0.00413862083605269,0.0308804220364838,-0.0552994849313408,-0.0738658578838989,-0.0642040888960541,0.0078315036165849,0.0181720469327365
"ALT_C_30_32_vs_40_79",709,-0.0100947809939596,-0.0277483403896748,-0.0155373435281463,0.0107455652437264,-0.0473620881275387,0.0343798632060158,0.0148117948397574
"ALT_C_30_32_vs_40_79",710,-0.0194491150827231,-0.0160849233655534,-0.0707039326151453,-0.0434975991870077,-0.0672634259099866,0.00512625939164237,0.0367492880078805
"ALT_C_30_32_vs_40_79",711,-0.000162016685256963,-0.054432359389711,0.00953000684927702,-0.0766930986194236,-0.074344358679403,0.0490554654278149,0.0686043008592735
"ALT_C_30_32_vs_40_79",712,-0.00567480738478192,-0.0194628736702661,0.0207215110874974,-0.0434423484517043,-0.0901434407767729,0.0410834589684863,0.0274062795294591
"ALT_C_30_32_vs_40_79",713,0.000526701018516623,-0.0536079661135814,0.0614499149518306,0.01501953427899,-0.0549273886217367,0.0173054991987743,0.00470986132310548
"ALT_C_30_32_vs_40_79",714,0.00483979320067374,-0.00775313146404673,-0.0133582453065141,-0.0343392900680743,-0.0475095607080476,0.0452273310933151,0.0497554925553657
"ALT_C_30_32_vs_40_79",715,-0.00679381822037004,-0.0574308183837128,-0.0585138828168256,-0.0625865767203765,-0.0619543287711306,0.0170361629419477,-0.0103581970649969
"ALT_C_30_32_vs_40_79",716,-0.0183338163313629,-0.0242185105727793,0.0218206984680914,-0.0359069792657372,-0.0680591573939677,0.00686310387025927,-0.00596684191705735
"ALT_C_30_32_vs_40_79",717,0.00563110253080634,0.00659116790784313,-0.0509348711131313,-0.0341808351888359,-0.0553299145648356,0.0366370907979656,0.0295913808480429
"ALT_C_30_32_vs_40_79",718,-0.0165893434648597,-0.0241565022653903,0.0068604093280818,-0.0183985222805365,-0.0464429503039899,-0.0285534371183008,-0.0187580909645163
"ALT_C_30_32_vs_40_79",719,0.00616713060465113,-0.0581962402453858,0.0132458576126784,-0.0696384599037778,0.00276343149749586,0.0108974491991096,0.0104231125833105
"ALT_C_30_32_vs_40_79",720,0.00943621909886757,0.0123213280620107,0.0165574423692899,-0.0424994287011171,-0.0492619622467699,0.0315752973763512,0.0672769862612708
"ALT_C_30_32_vs_40_79",721,0.0189862926653163,-0.0367824287516616,-0.0238880202368594,-0.0952104561707178,-0.0909121700868724,0.0328299990082902,0.0263516383291165
"ALT_C_30_32_vs_40_79",722,-0.0200272631317698,-0.0403717224000707,-0.0248607319082686,0.0101256337816483,-0.0703494371727374,0.0099642780714035,-0.00601550582549624
"ALT_C_30_32_vs_40_79",723,0.0175040114760147,-0.0532867059843329,-0.000588746117668792,0.0193091395214919,-0.0930475436613469,0.0066381998152148,0.00536053509313057
"ALT_C_30_32_vs_40_79",724,0.00143273435475688,-0.0393703429376697,-0.0490656672010819,0.00271209389049609,-0.041336120755559,0.0138893253821318,0.0201295744004483
"ALT_C_30_32_vs_40_79",725,-4.14015620212455e-05,-0.06688001253393,-0.0465729096358131,0.00845824342187801,-0.0534821791150995,0.0122139038628819,0.0232434983277892
"ALT_C_30_32_vs_40_79",726,-0.019628758770125,-0.00129612028070482,-0.0172345278960048,-0.0786181735036509,-0.11989009596324,-0.027076192922817,-0.052260569176492
"ALT_C_30_32_vs_40_79",727,0.0104370232032019,-0.0484309141932129,-0.0196228656681387,-0.0157983125732341,-0.0591706263112818,0.00137006971600033,-0.0012478792781522
"ALT_C_30_32_vs_40_79",728,-0.00238921562382347,-0.0395926409078827,0.0253990931538895,-0.0282532467146914,-0.0561906840715744,0.0286291297405175,0.027795870393008
"ALT_C_30_32_vs_40_79",729,-0.00896352072238859,-0.0670430581892501,-0.0323784386937593,-0.00668500155019494,-0.0853756548097868,0.041209049066866,0.046659408506322
"ALT_C_30_32_vs_40_79",730,-0.0268241039426385,-0.0136826837797236,0.0177560852614811,-0.0584200680813924,-0.017270269353101,-0.00250146794111786,-0.008588553333063
"ALT_C_30_32_vs_40_79",731,0.0157231306680891,-0.0630132723942251,0.00620195512211441,-0.00078750419168383,-0.0337378324772136,0.0342878709027298,0.0198293905061069
"ALT_C_30_32_vs_40_79",732,-0.00880175146023052,-0.0539397330581461,0.0131362178498058,-0.0200933020434904,-0.0773762899199432,0.0200437730683315,0.0212205632348058
"ALT_C_30_32_vs_40_79",733,-0.00312645431282556,-0.0440483277843708,0.0388209031310932,-0.0589951835216523,0.0299625824515657,0.012947739874473,-0.00234662822874984
"ALT_C_30_32_vs_40_79",734,0.0128646302022266,-0.0523463163242874,0.00493851956257135,-0.0749492979235811,-0.0215337490334883,0.0344254402225156,0.031271931527549
"ALT_C_30_32_vs_40_79",735,0.00603784014062095,0.00276444681166249,-0.0347764388058164,-0.026030086850824,-0.0352903607756677,-0.00655585806530211,-0.0188460152627043
"ALT_C_30_32_vs_40_79",736,0.0142438109008668,-0.0325660357162858,-0.0220363494840822,-0.0452290881760023,-0.0210146420854627,0.0542034432162679,0.034902567724839
"ALT_C_30_32_vs_40_79",737,-0.0160286626510146,-0.0243603713734142,0.0177168761170075,-0.0573149509105964,-0.0646172531478582,0.0189510699780531,0.0236554812418386
"ALT_C_30_32_vs_40_79",738,-0.0398584735764232,-0.0505514374755773,-0.0305736592290578,-0.0488008818026343,-0.0442741529788656,0.0192195912141918,0.0136622957981256
"ALT_C_30_32_vs_40_79",739,0.00496328986835528,-0.00681775931297646,-0.00695128511987939,0.0106486575756344,-0.067992067689902,0.0162206224760376,0.0169906810178031
"ALT_C_30_32_vs_40_79",740,-0.0256956484944632,-0.0451102853543579,-0.0476208945986149,-0.0375737099587964,-0.0706125822658666,-0.0159267505695048,-0.0191981203745684
"ALT_C_30_32_vs_40_79",741,0.0036089686072344,-0.0500639340148577,-0.0216372540604809,-0.0200100773656199,-0.0528518103062146,0.0203336529387322,0.0562717896090797
"ALT_C_30_32_vs_40_79",742,-0.0215090465110235,-0.0431060270598518,-0.0173922778543486,-0.0778548449133584,-0.0360307896776484,0.0167084434576652,0.0225487653073786
"ALT_C_30_32_vs_40_79",743,-0.000144636017268343,-0.0658273824957724,0.00783465314593129,-0.0197696932307987,0.0172513424576597,0.0260481216677297,0.0281939572193258
"ALT_C_30_32_vs_40_79",744,-0.0104345457077456,-0.0542817474211421,-0.012691329702359,-0.0295991067817265,-0.0299984908856464,0.021689377592578,0.0267154659404884
"ALT_C_30_32_vs_40_79",745,-0.0123898682545657,-0.0476127410221972,0.0140588628549525,-0.0101283898897604,-0.0745286682723096,0.00420590013953747,-0.00199226269821284
"ALT_C_30_32_vs_40_79",746,-0.0154453054888034,-0.0617411634725159,-0.0274002699848369,-0.0316991625115942,-0.0392305339913954,-0.013366413938225,0.00412713723401296
"ALT_C_30_32_vs_40_79",747,-0.0222935887872588,-0.0593207151034527,-0.00707005225687787,-0.0577088064090956,-0.047701816194491,0.00323230081474936,0.0103023939866442
"ALT_C_30_32_vs_40_79",748,0.0209622564722604,-0.0455896497759762,-0.00872663290226475,-0.00850319434248079,-0.0387870820497789,0.059751480910994,0.0820301435694706
"ALT_C_30_32_vs_40_79",749,0.0035839056030218,-0.074765801253706,0.0364283730377882,-0.0379529123370736,-0.0624373226043767,0.0195449640657475,0.0306543188750065
"ALT_C_30_32_vs_40_79",750,0.00418909452950106,0.00930296559804678,-0.0181269260494465,-0.0617679715827025,-0.0564300839142463,0.0216810845684349,0.0365976799578097
"ALT_C_30_32_vs_40_79",751,-0.0170660089387597,-0.0600475159249158,-0.0601459128179637,-0.0913364713015265,-0.0667929178247663,-0.00861250475716663,-0.020501460479653
"ALT_C_30_32_vs_40_79",752,-0.00950954520222735,-0.000292105087368141,0.0311912244893169,-0.0459401772549796,-0.0407899219680944,-0.00412499382860342,-0.00359559985585015
"ALT_C_30_32_vs_40_79",753,-0.00977770021253109,-0.0301187192801287,-0.0247714810595706,-0.0316166541630753,-0.0262899101821324,0.0219884376543426,0.0138394515277503
"ALT_C_30_32_vs_40_79",754,-0.0196609550294859,-0.0197572437264159,-0.00891750944217476,-0.0221998304988437,-0.0459406389084012,0.0132507755451523,0.0251161006652353
"ALT_C_30_32_vs_40_79",755,0.0157360157803874,-0.0347746457406646,0.000763992788324314,0.00387283518771606,-0.060180520955676,0.039986733962975,0.0448916474373516
"ALT_C_30_32_vs_40_79",756,-0.0186797755176571,-0.0453167322945323,-0.000161915054798539,-0.0544209773768701,-0.0530963156255041,0.008973467393725,0.0179545821170851
"ALT_C_30_32_vs_40_79",757,-0.0091702488907221,-0.0327254550233396,-0.0190442815682186,0.0225500759269119,-0.0604111635054648,0.0319467443956811,0.0352588392906923
"ALT_C_30_32_vs_40_79",758,-0.00756783406819415,-0.00647335209193789,0.0112714328435424,-0.0556511112438355,-0.00763963118476529,0.00982098931959587,0.0100162164994882
"ALT_C_30_32_vs_40_79",759,-0.0286544672434755,-0.0109668105320912,0.0148064570412295,-0.0353516576494931,-0.0121671418645078,0.00983869884153556,0.030683669144024
"ALT_C_30_32_vs_40_79",760,0.0145720148326451,-0.05925173469401,-0.00993982228836227,-0.0247474986446172,-0.10229732283319,0.0422918557633891,0.0352273908711123
"ALT_C_30_32_vs_40_79",761,-0.0201100970901542,-0.00302938612786396,0.0368387989773775,-0.0791920461236157,0.0115537884782161,-0.00374829951712534,0.00198539794588894
"ALT_C_30_32_vs_40_79",762,-0.00206196881982983,-0.0785682907269153,0.0241093880085546,-0.0113710355172135,-0.0500854398097331,-0.00519540040302373,0.00719041649066353
"ALT_C_30_32_vs_40_79",763,0.0200254316707664,-0.0306514387034924,-0.00655367443185617,0.0169764521031779,-0.0312975659728839,0.0347655219494504,0.0528052420322975
"ALT_C_30_32_vs_40_79",764,-0.000937692183058225,-0.045069636185007,-0.0276951691702586,-0.0384318758416252,-0.0909679448230965,-0.0117593387701063,-0.01039323640683
"ALT_C_30_32_vs_40_79",765,-0.00146043567680336,0.0225976065110196,-0.00454990155103122,-0.00736305885847291,-0.0229273992739369,0.0166945144385829,0.00807442232566965
"ALT_C_30_32_vs_40_79",766,-0.0216433587035195,-0.0142840039308167,-0.00129531233726513,-0.0231868780533115,-0.0970481595010756,0.0162102512284999,0.0169593150237381
"ALT_C_30_32_vs_40_79",767,0.0195014170148441,-0.0426491435497518,-0.0251209059849067,-0.0311705701138283,-0.115694194190583,0.0255251050578409,0.0232482516864503
"ALT_C_30_32_vs_40_79",768,0.00217692706713843,-0.0204466907665891,-0.0023690010961108,-0.0472613419475126,-0.0880456111006447,0.00119995612823323,0.00802962273845351
"ALT_C_30_32_vs_40_79",769,0.0160807247953747,-0.0275825855568582,-0.00129697567606751,-0.0177077974882477,-0.0771794409392569,0.0544050853149746,0.0597889591408504
"ALT_C_30_32_vs_40_79",770,-0.00478395782616476,-0.0490346305371631,-0.00963578026503725,0.000668880570146163,-0.0829389109094394,0.041203517945948,0.0458707150720159
"ALT_C_30_32_vs_40_79",771,0.0378445813091317,-0.0352177777336882,0.0238723006637277,0.0104423533971215,-0.114846041263419,0.0550402990896576,0.0393101277830874
"ALT_C_30_32_vs_40_79",772,0.0292284899275562,-0.0576699430250947,0.021991687836725,-0.00649568387812285,-0.0949059496335766,0.0294694642415597,0.0299301487261422
"ALT_C_30_32_vs_40_79",773,-0.0229658553605384,-0.0162756841363191,-0.0286032998395331,-0.0204800507797878,-0.0489640533641111,0.0157603608831038,0.0344351228470188
"ALT_C_30_32_vs_40_79",774,0.00714490672047037,-0.0523363543193875,-0.0162464949956199,0.00770835886257951,-0.0776696099469559,0.0468492364259344,0.0467094727086869
"ALT_C_30_32_vs_40_79",775,-0.0207934011497646,0.00726385474473745,0.00536802436503009,-0.039964639567306,-0.0787689541141461,0.0171314164803083,0.0229249742474581
"ALT_C_30_32_vs_40_79",776,-0.00830884243673349,-0.0130499908762449,0.00823697048693661,-0.0703111873966805,-0.0253141029496567,0.0064889943030293,0.0167757190115783
"ALT_C_30_32_vs_40_79",777,-0.00819394338817784,-0.041442249072363,0.012800807511599,-0.00440356039262457,-0.0528988461903546,0.0446795820648585,0.0547236204928088
"ALT_C_30_32_vs_40_79",778,-0.0138065438891855,-0.0206750442568731,0.0227941067310675,-0.0325007404614049,-0.0653147974194525,0.0284253479204673,0.0356933695027661
"ALT_C_30_32_vs_40_79",779,-0.00439297862514965,-0.0485494634797071,0.0354015180039033,-0.0601588563483714,-0.0468189236703258,0.0334779970472626,0.0338798659961798
"ALT_C_30_32_vs_40_79",780,0.00469825635895077,-0.0421436169427584,0.00889807255342906,-0.0635959427054685,0.0111681504575476,0.0423977817289497,0.0444110295206606
"ALT_C_30_32_vs_40_79",781,-0.00357757388379643,-0.0403864050795194,0.0178621031644889,-0.0663130631764156,-0.0326308597421264,0.0198702063286753,0.0355812418671262
"ALT_C_30_32_vs_40_79",782,-0.0137871805917065,0.0208381532794621,0.0165237360617186,0.00874919613095559,-0.0590103512440086,0.00603692531569486,0.0375587738546879
"ALT_C_30_32_vs_40_79",783,0.00930502479137513,0.000942192635030759,-0.0204267948802947,-0.0575193405693576,-0.00772952273205962,0.056676322022166,0.0679570556010194
"ALT_C_30_32_vs_40_79",784,0.00539854722734091,-0.0394405767008833,0.0194552930097635,-0.0375871044470263,-0.0295830481233527,0.0114922674921786,0.00320812496399482
"ALT_C_30_32_vs_40_79",785,0.00515341067707822,-0.0384629467824001,-0.000760707250248793,-0.0564169836354165,-0.0384660043646573,0.0500567657505661,0.0320554502269009
"ALT_C_30_32_vs_40_79",786,0.0118443178025602,-0.00571930402396786,0.0222459160028763,-0.077238753680099,-0.0124677370427007,0.0483935875639869,0.0359798825796264
"ALT_C_30_32_vs_40_79",787,0.00440012361546067,-0.0597609389047165,0.0323023123509519,-0.0069038861407143,-0.112690224638886,0.0201759365808474,0.00790989625634786
"ALT_C_30_32_vs_40_79",788,-0.0387938213970479,-0.0144230584808815,-0.00838042515490639,-0.047491358968008,-0.045181881627012,0.00621714034592603,0.0103745492331911
"ALT_C_30_32_vs_40_79",789,-0.00640030620234155,-0.0475490242599997,0.024424177834599,-0.0154632895007213,-0.0539089306565337,0.0235551418356025,0.0333335997197814
"ALT_C_30_32_vs_40_79",790,-0.0144180332291428,0.0322585112818512,-0.0279616465123444,-0.0631919894814688,-0.0605315134754167,0.023417645148993,0.013563683914507
"ALT_C_30_32_vs_40_79",791,-0.034448741612352,-0.069475748459927,-0.0535159556141978,0.0443580052825946,-0.0580532900261391,0.00641689508582139,-0.00594949202329734
"ALT_C_30_32_vs_40_79",792,0.0197558618801333,-0.0360435388254046,-0.00432488224779959,-0.0158206981920113,-0.0362303412937445,0.0191989242099614,0.0195363016012093
"ALT_C_30_32_vs_40_79",793,-0.0210898972748306,-0.0379295386871672,0.0194745637244768,-0.0590727755788977,-0.0155533289265498,0.0186789442453078,0.0145466794973177
"ALT_C_30_32_vs_40_79",794,0.00354085069986046,0.0111647322237479,-0.0343193012096242,-0.0756383771408003,-0.0363492520227766,0.0212904784546636,0.026498160999378
"ALT_C_30_32_vs_40_79",795,0.0132249246030684,-0.0377149931838898,0.0167333268244667,-0.00313333407879274,-0.0806840290352008,0.0380690302607794,0.0452781646965968
"ALT_C_30_32_vs_40_79",796,-0.0177066138361173,-0.0209939597530826,-0.0308931103791004,-0.0376261664807212,-0.0665973641328718,-0.00744972334774188,0.00548301967374855
"ALT_C_30_32_vs_40_79",797,-0.0355330615424884,-0.0272636191826748,-0.0348074715090288,0.0265907645714796,-0.000195158364198145,-0.0112182537533667,-0.0127474409884799
"ALT_C_30_32_vs_40_79",798,0.0152634714530375,0.0323672436184214,-0.00853399721408823,0.0267108744763221,-0.113534064723295,0.0305559412586527,0.0534673180447385
"ALT_C_30_32_vs_40_79",799,0.0295175851336572,-0.049861620224153,0.00201282017806512,-0.113751836609622,-0.0980502659443618,0.0520073050609721,0.0535967198664419
"ALT_C_30_32_vs_40_79",800,0.0117202981846304,-0.0216609517798952,-0.00430603353143105,-0.123348491040798,-0.0704619023158148,0.0459286660604928,0.0403274136444569
"ALT_C_30_32_vs_40_79",801,0.0105296995056182,0.000190400394426221,0.00799416180451881,-0.03888026750307,-0.0400713287772785,0.0274021779190558,0.0427162270688153
"ALT_C_30_32_vs_40_79",802,0.00367166825983357,-0.0112958125254702,-0.00201363761678117,0.00874451646578761,-0.0533680440860969,0.00258983627189061,0.00607669655508675
"ALT_C_30_32_vs_40_79",803,-0.0192756957217885,-0.000812328258798567,-0.00846907853088219,-0.0741832446512396,-0.0333111546510744,0.0324081573598768,0.0119323610234977
"ALT_C_30_32_vs_40_79",804,-0.0464747041622215,-0.0294189691037938,-0.0185051287526923,-0.0819150517833248,-0.062616714122559,-0.00609410207605231,-0.0301953105403141
"ALT_C_30_32_vs_40_79",805,-0.0376231578459201,-0.0257972292412667,-0.0152535158474122,-0.0166783133516719,-0.0322593580172438,0.0170195196029893,0.0574471782118527
"ALT_C_30_32_vs_40_79",806,0.0105699258949942,-0.00136860022085825,0.0199222237420279,-0.0326266156929035,-0.101875092271045,0.0305614881282733,0.0407122229055151
"ALT_C_30_32_vs_40_79",807,-0.0100772197969714,-0.00326360099978236,-0.0193218433596268,-0.0249643284994156,-0.102690590976551,0.0153878305093001,0.0119948017519945
"ALT_C_30_32_vs_40_79",808,-0.00797124797055492,-0.0527359899038701,0.0163420162922009,-0.0238340609163721,-0.076665893954699,0.0606123172952498,0.0776791800094111
"ALT_C_30_32_vs_40_79",809,-0.00256020259218148,-0.0313837144987656,-0.0208950331689361,-0.0143799174574313,-0.0538445649671799,0.0405142670524132,0.0353345284949308
"ALT_C_30_32_vs_40_79",810,0.00623269447045301,-0.0330879754705977,0.0161475549232239,-0.0729612727847488,-0.0207097545399301,-0.00952032330439874,0.00486430051113844
"ALT_C_30_32_vs_40_79",811,0.00861326538797629,-0.0358276356127697,-0.015046459988135,-0.0286936349903452,-0.014562469484058,0.0546632189253933,0.0184603169914375
"ALT_C_30_32_vs_40_79",812,-0.0124304001318427,-0.0650858423756035,0.0167547414213973,-0.0630295736828738,-0.0389780600620144,0.0175256373595294,0.0227701136304325
"ALT_C_30_32_vs_40_79",813,-0.0381556635778574,-0.011938683306231,0.00464971385481033,-0.0208182933545132,-0.070851047345463,0.011453089880725,0.0133937389556732
"ALT_C_30_32_vs_40_79",814,-0.0236064755442547,-0.0360549487118192,-0.039282983715683,-0.00676807307731589,-0.0102468617878334,0.0128231152207519,0.0282302433330937
"ALT_C_30_32_vs_40_79",815,-0.0100135892567175,-0.0764168692526187,0.0148640388776809,-0.0141303499340687,-0.0642523599809292,0.0539437443606056,0.0529313775553793
"ALT_C_30_32_vs_40_79",816,-0.00141273418153117,-0.0394140458795857,-0.0192228717072873,-0.0588143990735594,-0.0297081463045849,-0.0111308403169853,-0.000217972182255555
"ALT_C_30_32_vs_40_79",817,-0.0337704110173605,-0.013172739778002,-0.00553751877696462,-0.0346986439793503,-0.0833798491887714,0.0163985739121956,0.0192691542223999
"ALT_C_30_32_vs_40_79",818,0.00235513739245634,-0.0366729102003328,-0.0292157925985596,0.0172126150459059,-0.0275170699270165,0.0402945543598009,0.0301069155303172
"ALT_C_30_32_vs_40_79",819,-0.00377335778437986,-0.0164321214591824,-0.0453089680251623,-0.0203964013939664,-0.0767886225740748,0.00253962321953718,0.00732763704537864
"ALT_C_30_32_vs_40_79",820,-0.00885738061385857,0.0203663791884253,-0.0106186635031795,-0.00451515149274431,-0.109391014977656,0.0143853029674754,-0.000728887485980372
"ALT_C_30_32_vs_40_79",821,-0.000312434932135078,-0.0168724017787287,0.0209333090784852,-0.0453884885144727,-0.121098419320509,-0.000570879013213121,0.0291551824713336
"ALT_C_30_32_vs_40_79",822,-0.0115503371860359,-0.0121529066536796,-0.0062223090840863,-0.0437764957421763,-0.0527938062937021,0.0198716350213398,0.0104097987226419
"ALT_C_30_32_vs_40_79",823,0.00395497309879802,-0.0678407592704316,0.0407472271876658,-0.052566786749851,-0.0544090504144196,0.00420339234013466,-0.0063185231882619
"ALT_C_30_32_vs_40_79",824,0.0185792722966848,-0.0129256902275343,0.0152264442668429,-0.0509127586674653,-0.043217883670378,0.066680559930794,0.0759203934810845
"ALT_C_30_32_vs_40_79",825,-0.024582201457282,-0.0408217324634446,-0.0260526971353664,0.0227647919148069,-0.089391169137232,0.00508925115343173,-0.0182090675580759
"ALT_C_30_32_vs_40_79",826,-0.0396771565198486,-0.00920985170950281,-0.071417613809281,-0.06968913694666,-0.0240218763797254,-0.0173056120597412,-0.0170158663472001
"ALT_C_30_32_vs_40_79",827,-0.00417754573152487,0.00361513664230342,-0.047766560999111,-0.064184816428281,0.00125490810891549,-0.0197135821362117,-0.0291851614598135
"ALT_C_30_32_vs_40_79",828,0.00377732709267733,-0.0274608004477823,0.0291984574871975,-0.0703509784676297,-0.0555673167353465,0.0542147834919709,0.0475229360849544
"ALT_C_30_32_vs_40_79",829,-0.0106936363442587,-0.0416474943902163,-0.0047581789439089,-0.0803137766579416,0.0227402730521753,0.00808614985829531,0.0346698848714554
"ALT_C_30_32_vs_40_79",830,0.0132836395667121,-0.0476735700645514,-0.00527259735270874,-0.0210208339301845,-0.00741095712082301,0.0490501571747906,0.0486392582835738
"ALT_C_30_32_vs_40_79",831,-0.00616186188259529,-0.0453197373347582,0.0245359737368638,-0.0196240318468573,-0.0179555251890535,0.0331242098454594,0.0383461465780904
"ALT_C_30_32_vs_40_79",832,0.00918852817999449,0.0108916849968178,-0.0483569477178868,-0.115827208257612,-0.0445411592191863,0.0558105355106138,0.0550770064387985
"ALT_C_30_32_vs_40_79",833,-0.0145963183334991,-0.0399286464433174,0.013694314789836,-0.0350122917785581,-0.0157175161241432,0.0273439803705457,0.0237227049104574
"ALT_C_30_32_vs_40_79",834,-0.0247855422000396,-0.023990062452465,0.0111190633308288,-0.0848922119091342,-0.0153703863009712,0.0326292346722295,0.0203705296359342
"ALT_C_30_32_vs_40_79",835,0.0147880313235047,-0.00822386213035105,-0.0162441340381184,-0.0659550381919159,-0.0458672113779368,0.0285550591459473,0.0324323525896303
"ALT_C_30_32_vs_40_79",836,0.00333269243709684,-0.0536685676583711,0.0231754081041296,-0.0766966729028783,-0.0350751794835474,0.0437027800241946,0.0393469287377905
"ALT_C_30_32_vs_40_79",837,-0.00151474864991194,-0.0138061583171774,0.0265112376380897,-0.0574341481594171,-0.026311288483473,0.0293340038047735,0.0259064950711969
"ALT_C_30_32_vs_40_79",838,0.0198752639122631,-0.0652300275260588,-0.0182256467796552,0.0186267699584828,-0.0558574268650265,0.0390018210084484,0.0579475958170509
"ALT_C_30_32_vs_40_79",839,0.0132315789176321,-0.0533813910600389,0.0403292220042958,-0.0233111813336557,-0.0575093922020491,0.0309705567506975,0.0239908997135716
"ALT_C_30_32_vs_40_79",840,0.00650067089442417,-0.000734020841467856,-0.0363992230658435,-0.0317190512131204,-0.0612714710267355,-0.00695756531446599,-0.00554609044885843
"ALT_C_30_32_vs_40_79",841,0.0176336342818442,-0.00952067272199229,-0.0430497620887315,-0.00512240453449767,-0.0181752159929383,0.0174576792750097,0.0432745984190736
"ALT_C_30_32_vs_40_79",842,0.0124725325540786,-0.0180593211093522,-0.00905376489214468,-0.0691656671341115,-0.113048816066212,0.0612492804526602,0.107299682965192
"ALT_C_30_32_vs_40_79",843,-0.00239635368545309,-0.0257421198081397,-0.0203383639659814,-0.0369782577786475,-0.0132049555029478,0.039867714999564,0.0589179331905482
"ALT_C_30_32_vs_40_79",844,-0.00783024109900785,0.00624415296384176,-0.0559829769828353,-0.0162420854710503,-0.0781702205311425,0.0350144253257749,0.0429695843194707
"ALT_C_30_32_vs_40_79",845,0.0162272835929348,0.00115690028383779,-0.0096836193252238,-0.0293212152568648,-0.0622463787736046,0.0432314790493876,0.0415393689582004
"ALT_C_30_32_vs_40_79",846,-0.0133778866781177,-0.00673723244824405,0.0184677535727446,-0.00139145920259742,-0.10257666532162,0.0198992566277171,0.0256038356617733
"ALT_C_30_32_vs_40_79",847,0.0193852187885554,-0.0242277091122004,-0.0284070786136467,-0.0205082312475968,-0.0747870810568098,0.0528966663987281,0.0877459044490667
"ALT_C_30_32_vs_40_79",848,-0.0161915756024528,-0.0210312236846266,0.000106502858983087,-0.0438125800933446,-0.0420125608164593,0.0339602266674815,0.0344087295702399
"ALT_C_30_32_vs_40_79",849,0.0153470479620171,-0.0496395598446754,0.0309113706000328,-0.0940566727937596,-0.0187061724412853,-0.0021211002917987,-0.035681980371787
"ALT_C_30_32_vs_40_79",850,-0.00734695970855643,-0.0468018684967855,0.0278021575754341,-0.0143154642858956,-0.0914741294788994,0.0233735034125227,0.067746756647242
"ALT_C_30_32_vs_40_79",851,-0.01009500471999,-0.0222024828834397,-0.0228328695866569,-0.0598837815861132,-0.035172931084634,0.0222100107993302,0.0556301415385625
"ALT_C_30_32_vs_40_79",852,-0.0257013096963514,-0.0499941020692317,-0.00744702396282959,-0.0113993042550971,-0.0609660244424276,0.00922412576759167,0.00832753168088723
"ALT_C_30_32_vs_40_79",853,-0.00861527600723201,-0.0526309170353267,-0.0134047353982925,0.0242560423095943,-0.0765392671650003,0.0170741968798167,0.0258426577326726
"ALT_C_30_32_vs_40_79",854,0.0113793525099563,-0.0420002122801078,-0.00971935795984655,-0.0242263176638885,-0.0636351159180423,0.0314134195960985,-0.00569088973073552
"ALT_C_30_32_vs_40_79",855,0.03345681781771,-0.0143612061972273,0.02705301383894,-0.0258149526364631,-0.0917066678801322,0.0536509586169205,0.0631346262610818
"ALT_C_30_32_vs_40_79",856,0.0144517451925571,-0.0401392108098066,0.0484088032288085,-0.021739973319071,-0.0386151685738907,0.030522275485858,0.030660318660943
"ALT_C_30_32_vs_40_79",857,0.00408370161887076,-0.0230430771398599,-0.0156255400533317,-0.0381164223258645,-0.0160885833772527,0.0197678397411573,0.0181864871784686
"ALT_C_30_32_vs_40_79",858,-0.00684613276778558,-0.0576561531765249,0.0135237551794339,-0.0165744520249996,-0.0676011901573983,0.0391959025060726,0.0369782605655805
"ALT_C_30_32_vs_40_79",859,-0.00427339235243789,-0.022394153005684,0.0319509318499531,0.00180776562416324,-0.0529124604169046,0.00023696781777377,0.00134305359263014
"ALT_C_30_32_vs_40_79",860,-0.00157005400871849,-0.0314240276695456,-0.0454057025000707,-0.0335737409919275,-0.0131276795461015,0.0239831908664462,0.0223131351173143
"ALT_C_30_32_vs_40_79",861,0.00484137999763474,0.00332273912867145,0.0141857262327655,-0.0184197275060159,-0.0829818449789788,0.0508523248213048,0.0895690257772515
"ALT_C_30_32_vs_40_79",862,0.00532912492214768,-0.0450266651481158,-0.0248667144690259,-0.00852236231225342,0.0327009203110719,0.0371077610605602,0.0477458523655875
"ALT_C_30_32_vs_40_79",863,0.00592172915661757,-0.0195284481397795,-0.00164958989269028,-0.017258032031716,-0.041760116652004,0.0152323958899599,0.0151262885089619
"ALT_C_30_32_vs_40_79",864,0.0147455396435364,-0.0796435896701595,0.0203114879330135,-0.0809466572202811,-0.0823327334887107,0.0462224045440372,0.0513365331845912
"ALT_C_30_32_vs_40_79",865,0.0243404526964645,-0.0563354591263999,0.0157152076011078,-0.0564472979689427,-0.0292965025144974,0.036705134114428,0.0440479623184653
"ALT_C_30_32_vs_40_79",866,-0.0254674658086586,-0.00682537393256047,0.00889535018143975,-0.01321796485348,-0.0421922774260597,0.0280211603388304,0.0259422688100109
"ALT_C_30_32_vs_40_79",867,0.00513360539429296,-0.0206293563442247,-0.0259641147685599,-0.0274712857388067,-0.00849375283923248,0.0242222604207119,0.0406029095323565
"ALT_C_30_32_vs_40_79",868,-0.00337459090902961,-0.019526299551064,-0.0204738708100706,-0.0667756640964324,-0.0941228255249327,0.0197043236915436,0.0236330305837416
"ALT_C_30_32_vs_40_79",869,0.0257509747320953,-0.130913344584251,0.00893917071619194,-0.00925549184466043,-0.0247269932672531,0.0376367089536346,0.0366843808696632
"ALT_C_30_32_vs_40_79",870,-0.00719333354253662,-0.0477716819238248,-0.0257492120696982,-0.0129886984111945,-0.0564919861161239,0.0180878971723335,0.0224514620750475
"ALT_C_30_32_vs_40_79",871,0.0238297027790854,-0.0259086923084534,-0.0207551676730397,-0.0549135800859344,-0.0611986618389632,0.0484461341700922,0.0413764102996566
"ALT_C_30_32_vs_40_79",872,-0.00712492804880978,0.0312817208182456,0.00868799466111528,-0.0599548327060278,-0.0145232121145806,0.00799197272141051,-0.00144558675188845
"ALT_C_30_32_vs_40_79",873,-0.00462290501109373,-0.0328305857194675,0.0331161212161292,-0.0338202107179747,0.000262818722821967,-0.00170860154776285,-0.0108441448323096
"ALT_C_30_32_vs_40_79",874,-0.0274430092491566,-0.0464340089005072,-0.0381660840938998,-0.0615151734462852,-0.0230668317919442,-0.00110545552346254,-0.000159303196414481
"ALT_C_30_32_vs_40_79",875,7.34543371254809e-05,-0.0121982845891142,-0.0106995703130605,-0.039339923835661,-0.0695365294034464,0.0853028785020225,0.084044412659549
"ALT_C_30_32_vs_40_79",876,-0.00143149335193126,-0.0440712409484114,0.000733582872946975,0.00257934066841387,-0.122528894202352,0.0461399545735521,0.0325070440727858
"ALT_C_30_32_vs_40_79",877,-0.0107201004459666,-0.0635711689809233,-0.0456253775237851,-0.0205089823307546,0.0011847104647682,0.0117173620755095,0.0015712798130221
"ALT_C_30_32_vs_40_79",878,-0.00687674138528587,-0.0450627967028147,-0.023809935962061,-0.0450567765331986,-0.023943312062122,0.027502696476456,0.04645020430795
"ALT_C_30_32_vs_40_79",879,0.0105904360792228,-0.0166424734890101,-0.00707287170250123,-0.0134240791868283,-0.0551681997245458,0.0233767645128185,0.0185405804679199
"ALT_C_30_32_vs_40_79",880,-0.0126838789366395,-0.0746245836181169,0.0283926789969139,0.00255784740907658,-0.0528085283048376,0.0285307337453882,0.0297184171036082
"ALT_C_30_32_vs_40_79",881,-0.00516913048306569,-0.0206526997752674,0.00870434660915875,0.00824407475370351,-0.0551456412355409,0.0332136217965271,0.039545108493582
"ALT_C_30_32_vs_40_79",882,0.011607469027326,-0.0461210416028135,-0.0112440728822351,-0.0564928714923454,-0.039592394615186,0.0150654474419941,0.0129597436167423
"ALT_C_30_32_vs_40_79",883,0.00206025468045906,-0.0528174086472762,0.0133968893486411,-0.0194035065074007,-0.0874122902577218,0.0211382968719736,0.00708590200236033
"ALT_C_30_32_vs_40_79",884,-0.00798216141114447,-0.015168386526287,-0.00938324471553981,-0.0490421307146605,0.0206611151813049,0.00863011790772591,0.0411844122729227
"ALT_C_30_32_vs_40_79",885,-0.00999990959273764,-0.0244148030258205,-0.0252898868593287,-0.0231665978053156,-0.0521053010872721,0.0199993795349922,0.0207120736131804
"ALT_C_30_32_vs_40_79",886,0.0107908714484619,-0.0432052739924499,-0.0164551524310811,-0.00357607316201092,-0.0418909248986487,0.0276023623358893,0.029139606607179
"ALT_C_30_32_vs_40_79",887,-0.0255347042544079,-0.0220404482294157,-0.043618950756064,-0.0544109317285253,-0.021180729693371,-0.00942220839223518,-0.00948955024060498
"ALT_C_30_32_vs_40_79",888,-0.00397247092351989,-0.0769355748341888,-0.0252512952403914,-0.0250241315142263,-0.106490693850352,0.00450567849084255,-0.0109537420571134
"ALT_C_30_32_vs_40_79",889,0.0109704071001411,-0.0631560623641529,-0.0216662048639329,-0.0558392614854967,-0.0565907587501291,0.0553406962429582,0.0444812129166272
"ALT_C_30_32_vs_40_79",890,-0.0168056983568777,-0.0330009985144283,-0.00854324953925031,0.015328248129636,-0.0440826658454377,0.00965112377937076,-0.00154384431580813
"ALT_C_30_32_vs_40_79",891,-0.0173583922795537,-0.0640067680021637,-0.0245904853444242,-0.0178262845208276,0.0411740324321068,-0.00819055867448536,-0.00118465807495904
"ALT_C_30_32_vs_40_79",892,-0.0205471301148787,-0.0349199623756338,0.0424853676634618,-0.0137908363862353,-0.109835446764175,0.0326101181287659,0.039771683473763
"ALT_C_30_32_vs_40_79",893,0.000279545582822796,-0.00664004536669308,-0.0228032032730499,-0.0601369299629561,-0.0731896761241648,0.0396727067988171,0.0407627350989498
"ALT_C_30_32_vs_40_79",894,-0.00288805608148915,-0.0209848054327161,-0.00624696203847105,-0.0104979182868101,-0.0618812991733619,0.0260336506324027,0.0258971069919641
"ALT_C_30_32_vs_40_79",895,0.0490009020023452,-0.0123064340117588,0.0292462273798589,-0.00803885164804355,-0.0332046450965384,0.0491423819475333,0.0620063705108172
"ALT_C_30_32_vs_40_79",896,-0.018007237583733,0.00421795526160955,-0.0228707032065245,-9.42326727890463e-05,-0.119290119526656,0.0305214743799597,0.0693057982663245
"ALT_C_30_32_vs_40_79",897,0.0162596297016105,-0.0165885310827869,-0.0100653898475055,-0.00491060034952012,-0.0684863884983241,0.0393381150645138,0.038627921111445
"ALT_C_30_32_vs_40_79",898,0.00899511044249867,-0.0404169882506423,0.0205516591784543,-0.0244664195140668,-0.0232333991140202,0.0314038968968763,0.00178387720458216
"ALT_C_30_32_vs_40_79",899,-0.00132832649069113,-0.0336128235908562,0.0167216573717405,-0.0224395144562176,-0.0797670109997973,-0.0269776527707923,-0.0157723629275192
"ALT_C_30_32_vs_40_79",900,0.00077445504683428,-0.0355761595566933,0.0184453403459602,0.00177786921793818,-0.0775708028636889,0.0374577047912061,0.0431740395657925
"ALT_C_30_32_vs_40_79",901,-0.00915567093583849,-0.0115280004885633,-0.0419962152920245,-0.0224466138221604,-0.0526444825586095,-0.00859581308535349,-0.0148270013006842
"ALT_C_30_32_vs_40_79",902,-0.0128194074117675,-0.0605478200209394,-0.0122575130372598,-0.0263246028313902,-0.00468240233544887,0.00772827003812124,0.00120426678510661
"ALT_C_30_32_vs_40_79",903,-0.00693401488844721,-0.0293389954483465,-0.0673855229200074,-0.0329385587312455,-0.10140528610948,0.0524880047415704,0.0184144291040415
"ALT_C_30_32_vs_40_79",904,-0.0222024292467576,-0.00771729630774816,0.00627337099045427,-0.0613271530078578,-0.0335267411986715,0.00654734623761033,0.000624706398860149
"ALT_C_30_32_vs_40_79",905,-0.000519065186051909,-0.0398474363750013,0.0190203257558654,-0.000786385077649443,-0.0273553966839727,-0.0113594910205108,-0.0109493923746206
"ALT_C_30_32_vs_40_79",906,0.00851162301754897,-0.0124350799308352,-0.0554930302759519,-0.0645887606996481,-0.0275892291811138,0.0173782241714891,-0.00638230565823351
"ALT_C_30_32_vs_40_79",907,-0.00270822331907432,-0.0289997963740484,0.00415244914565449,-0.0418032377473926,-0.0702030214882902,0.0285203183179576,0.0278412576151524
"ALT_C_30_32_vs_40_79",908,-0.0108731681281185,-0.0369617662155791,-0.00787069676289004,-0.0581123125267511,-0.037865247627252,-0.0218632987639048,-0.00654273475581549
"ALT_C_30_32_vs_40_79",909,-0.000965288512222585,-0.0405677216284359,-0.0296494543684536,-0.0693095455542545,-0.0962337927573446,0.0244776212157023,0.0265940103187002
"ALT_C_30_32_vs_40_79",910,-0.00873815673334125,-0.0132359911751691,0.0135441902427515,-0.0696543390346719,-0.00717249210209797,0.00607941863391673,0.00597625476615297
"ALT_C_30_32_vs_40_79",911,-0.0274968752574769,0.0623626041252921,-0.0221637375713737,-0.00585215317403792,-0.0931645522321464,0.00295235365379708,-0.00119128544373279
"ALT_C_30_32_vs_40_79",912,-0.0199712229641882,-0.071343400589482,-0.0011740652972583,-0.0603172296763508,-0.0801716524183315,-0.00095453673589263,-0.000937655932417979
"ALT_C_30_32_vs_40_79",913,0.00182445199264639,-0.0442775752029133,-0.0467836088938689,-0.0577168212901802,-0.0300447407622071,0.0218576594270217,0.003582135096491
"ALT_C_30_32_vs_40_79",914,-0.0121753488267648,0.003757722732042,-0.00279392539560966,-0.0399117995797394,-0.0359621092352001,0.00868184737537196,0.00799947041165475
"ALT_C_30_32_vs_40_79",915,-0.010569839627692,-0.0131601753043422,-0.0688962880701028,-0.0411340226931809,-0.0955422840538904,0.0107027930685022,0.00824128536984479
"ALT_C_30_32_vs_40_79",916,-0.000110073461717264,-0.0598704681236549,0.0378280300165428,-0.0255959336844957,-0.0582506067136336,0.00892699939278331,0.000681552920018716
"ALT_C_30_32_vs_40_79",917,-0.00791102002863468,-0.0241738524528615,0.0566794059284619,-0.0526795458447125,-0.0461351050450315,0.0304280220137105,0.029522563105981
"ALT_C_30_32_vs_40_79",918,-0.00854000766026247,-0.0142787626026124,0.0141659720166358,-0.013800345460756,-0.0369486861704217,-0.0154441201270686,-0.0108791416876446
"ALT_C_30_32_vs_40_79",919,-0.0246964226567728,-0.075533677415283,-0.00684295279431915,0.0134328282993985,-0.0550117594103822,0.00688140676989489,0.0077786494870191
"ALT_C_30_32_vs_40_79",920,-0.00506621116454863,-0.0153152622855834,-0.0310939461327759,-0.0131028815036684,0.0183216738626538,0.0095877334761448,0.0104248278124305
"ALT_C_30_32_vs_40_79",921,-0.00255470919948613,-0.014154611749167,0.0160578732882463,-0.025490050633933,-0.0881341821417506,0.0135948091604538,0.00876050825899711
"ALT_C_30_32_vs_40_79",922,0.0247035705308439,-0.00995947882294528,0.00856418851653606,-0.0651716859932898,-0.050377004117693,0.0477893358796689,0.0342919075803403
"ALT_C_30_32_vs_40_79",923,-0.00117062661031973,0.00465852905768928,-0.0192084345845992,-0.0192478875776189,0.00472791109394116,0.028189008065335,0.0248497855179768
"ALT_C_30_32_vs_40_79",924,-0.000263922570649347,-0.0400615573167875,-0.00152230119192842,-0.0330188704043303,-0.0697994743817889,0.0268233645410255,0.0198557496529358
"ALT_C_30_32_vs_40_79",925,-0.0209594753878076,-0.0673687207158732,0.0235204836278127,0.00540704371990344,-0.143599944641812,0.0162709589476882,0.0391558655200288
"ALT_C_30_32_vs_40_79",926,-0.00175040778065112,-0.0701275825744809,-0.0437622369517211,-0.0140880311877287,-0.0504760383932784,0.02155842767315,0.0292854888746567
"ALT_C_30_32_vs_40_79",927,-0.0200515461468881,-0.0522438567830797,0.0402652579880285,-0.0928225115300615,-0.0658741237082902,0.00742489172210847,0.0227227040200375
"ALT_C_30_32_vs_40_79",928,0.000661477603985258,-0.0154554484548258,-0.00929027977931141,-0.00608182279343961,-0.0289480804958601,0.0345544651747006,0.032986577203398
"ALT_C_30_32_vs_40_79",929,-0.00243005556440398,-0.0577635247016367,0.0149344447186474,-0.0536558635424375,0.0240778246824757,0.0151743531054335,0.00180156116921544
"ALT_C_30_32_vs_40_79",930,-0.000802125342878435,-0.061938896550469,-0.0234986818867911,-0.0625449493404193,-0.047917420010493,0.0415427385340182,0.0354428999946254
"ALT_C_30_32_vs_40_79",931,0.003582040523728,-0.00466831650268412,-0.0231319294521125,-0.0103628087690498,-0.0637609712397511,0.0439406787544999,0.0547179833565581
"ALT_C_30_32_vs_40_79",932,0.00796828203366412,-0.0175737980872275,-0.0572371296263035,-0.0218898268569981,-0.025314186750693,0.0342743612036391,0.0231718478026743
"ALT_C_30_32_vs_40_79",933,0.00610935457073903,-0.0349952795546965,-0.0183921723768176,-0.0270726646536816,-0.0573888211501711,0.0290439497958724,0.00935893000312397
"ALT_C_30_32_vs_40_79",934,0.00188816156822618,-0.0236955496881422,-0.00399966767036902,-0.0936180349823678,-0.0437302757842252,-0.00829472125209179,-0.00401608538937369
"ALT_C_30_32_vs_40_79",935,-0.0195744990486756,-0.0232012895453322,0.00115808675207429,0.00448200827527598,-0.0848665834887612,-0.0293659012864421,-0.0203376227947442
"ALT_C_30_32_vs_40_79",936,0.00645110012871464,-0.00974070038881301,-0.0155721814305783,0.000255989738727175,-0.130139632888259,0.0400678190239677,0.0402381236532505
"ALT_C_30_32_vs_40_79",937,-0.0116266869685445,-0.0318506832109059,0.00463870425935381,-0.0567030043668098,-0.0967395382846734,0.0275920258571393,0.0419140707101627
"ALT_C_30_32_vs_40_79",938,-0.00208382605152778,-0.0164679283206832,0.0340029402049815,-0.0725582143478571,-0.0822488440881167,0.0267969820031938,0.0515846019650356
"ALT_C_30_32_vs_40_79",939,0.0130651034713814,-0.0483287942146543,0.020627903695441,-0.0709668246826912,-0.0755908690872005,0.0240338073556778,0.0263626004470756
"ALT_C_30_32_vs_40_79",940,0.0324627216343993,-0.0290748852622187,0.0075953033380573,-0.0108382730974693,-0.0413146341404295,0.0522141139022333,0.0606990112092855
"ALT_C_30_32_vs_40_79",941,-0.0193993740422849,-0.0720527284902153,0.0138762817071919,-0.0637670823477919,-0.0936768547600703,-0.010874837125395,-0.00705227133834284
"ALT_C_30_32_vs_40_79",942,0.0152301565832178,0.0158891014598562,-0.0276698893305873,-0.0566431040290588,-0.105390428475986,0.010549611070759,0.0166192374724553
"ALT_C_30_32_vs_40_79",943,-0.00910590559255648,-0.0528327679888688,0.032072323757095,-0.0274644697396306,-0.00441297306449018,-0.00252461424761473,0.00155190148285201
"ALT_C_30_32_vs_40_79",944,0.0134509404911672,-0.0487065330014252,-0.0232301829186801,-0.00425459097090067,-0.120795451117861,0.0275102086505147,0.0245217671364381
"ALT_C_30_32_vs_40_79",945,0.00361868758614627,-0.012066044532301,-0.0184812411182822,-0.0775829649236211,-0.0403369476734455,0.0117409509904959,0.025340672832717
"ALT_C_30_32_vs_40_79",946,-0.000960858519490453,-0.0405486895104076,0.0147385374649642,-0.00339150056046181,-0.116091291341231,0.00215494932986894,-0.00817797963201727
"ALT_C_30_32_vs_40_79",947,0.00903039466561262,-0.0447088711318137,-0.00730973355069386,-0.0720300385698376,-0.0703770802875962,0.0404175757306857,0.0391824995555889
"ALT_C_30_32_vs_40_79",948,0.0134014925047738,-0.0137021592943556,-0.0525755118822298,-0.0425827751229601,-0.0475667648196422,0.0550303960033307,0.0568956812951751
"ALT_C_30_32_vs_40_79",949,-0.0126402737195443,-0.0114420452119701,0.0106965871757413,0.00450533391809138,-0.108574300030268,0.00207420469832924,0.0167329005860728
"ALT_C_30_32_vs_40_79",950,0.0235717066082599,-0.0527345312499883,0.000558562204953011,-0.0303894153280284,0.00466822355997198,0.0268251241382267,0.0324410208682552
"ALT_C_30_32_vs_40_79",951,-0.0326387108547026,0.0112174805092897,0.00619705919679375,-0.0546895085914405,0.0262400154457622,0.0119277759188707,-0.00469468611900623
"ALT_C_30_32_vs_40_79",952,-0.0224739142525961,-0.0322225284754672,-0.0298456645679056,-0.064697104997508,-0.0378369856781631,0.0073219080227005,0.0386635549270843
"ALT_C_30_32_vs_40_79",953,0.00644701664927373,-0.0591864281838193,-0.0205976765688606,0.0036190401852009,-0.0666381434043613,0.0442260327092023,0.0610234019591309
"ALT_C_30_32_vs_40_79",954,0.0255198235153722,0.00108799078185831,-0.0484575164162308,-0.0491222798657249,-0.0230341827652808,0.031233066507356,0.0302823396715559
"ALT_C_30_32_vs_40_79",955,-0.00814129750852532,-0.014207711904182,-0.0413210976533286,-0.0336264378196892,-0.0823796532174846,0.0201835941152735,0.0189416899955977
"ALT_C_30_32_vs_40_79",956,-0.0323856165476075,0.0171209416163421,0.0158412891254985,-0.0191257148329824,-0.0366804338759987,-0.00678059511942625,-0.0358091171957663
"ALT_C_30_32_vs_40_79",957,-0.0180311234918521,-0.0705849494172093,0.0295185103080643,-0.083361993737831,-0.0909112474826241,-0.00300522377644834,0.021454351225071
"ALT_C_30_32_vs_40_79",958,0.0111963171553512,-0.0283497064200688,-0.0321718405577525,-0.0494445057507535,-0.0251328306620118,0.051214523620081,0.048821288657975
"ALT_C_30_32_vs_40_79",959,-0.0206553585800835,-0.033376303427152,-0.0218556218132584,-0.0575701620416506,-0.049072432112717,-0.0033692616416713,0.000569856473292399
"ALT_C_30_32_vs_40_79",960,-0.0192644659976141,-0.0442902816545181,0.0113127062269613,-0.0524018839562199,-0.0092011283022379,0.0193490630301906,0.0102902359908931
"ALT_C_30_32_vs_40_79",961,-0.0117070691947199,0.0092887478363862,0.0291514883349472,-0.0415830272610669,-0.0771335674487426,-0.0137359712222494,-0.00332143456772528
"ALT_C_30_32_vs_40_79",962,-0.0336191142082177,-0.0185026771098044,0.013076056256222,-0.0753071046413194,-0.0242005099510854,-0.0129128175507249,-0.0136438875901929
"ALT_C_30_32_vs_40_79",963,-0.0196821862983249,-0.0535877444312154,-0.0740773119956853,-0.0285106970235824,-0.0253666528955258,0.0228728600972391,0.0226072904006544
"ALT_C_30_32_vs_40_79",964,0.0127408528266537,-0.00321070654774562,0.032378370858733,-0.0515407819872578,-0.089258440738853,0.0576106658552375,0.0584261331845222
"ALT_C_30_32_vs_40_79",965,3.0808092262441e-06,-0.0303347389568162,-0.0247802719603593,-0.0293121243055946,-0.0424133235527971,0.0170018449197493,0.0178577984172493
"ALT_C_30_32_vs_40_79",966,-0.0111484542579429,-0.0433097167387717,-0.0133727254720747,-0.0203702724405713,-0.0980792953406621,0.00617111642945561,0.00710617857804562
"ALT_C_30_32_vs_40_79",967,0.0146290070891913,-0.0416000712963139,-0.0046356126029338,0.0281104979245677,-0.0553680339008343,0.0302989388021122,0.0251395391808775
"ALT_C_30_32_vs_40_79",968,0.00996692189891231,-0.0312120549503839,-0.00730197676336372,-0.0328951876868667,-0.0205291290029039,0.0432892435882265,0.0497177448738545
"ALT_C_30_32_vs_40_79",969,-0.00754868270765998,0.0192075096631368,0.0111781833519659,0.0262104190867757,-0.0613449130891782,0.0208871202980665,0.0338124468676245
"ALT_C_30_32_vs_40_79",970,-0.0112827125698342,-0.0276474443912025,0.0235896674192223,0.00476703332597508,-0.0369035334688889,0.0213511940764682,0.0340446176920841
"ALT_C_30_32_vs_40_79",971,-0.0286720727158752,-0.0187205956897593,0.049954879763706,-0.0941255000710217,-0.0456135335649375,0.000149270334265116,-0.000714674249198265
"ALT_C_30_32_vs_40_79",972,-0.0209332293171552,0.00476604972162374,-0.0219949347376422,-0.0261722224347581,-0.0679139994248847,0.0123665785671755,0.0176246959916785
"ALT_C_30_32_vs_40_79",973,0.00956044706817074,-0.040220590744001,0.0253973390921667,0.011441206591823,-0.0745722210480856,0.0433452665607661,0.0956872760832435
"ALT_C_30_32_vs_40_79",974,0.00843768615638551,-0.0263755193170208,0.0017769257906774,-0.041166754735677,-0.0634419786344262,0.0401371249223806,0.0408683274338396
"ALT_C_30_32_vs_40_79",975,-0.00770482916240701,-0.0233931515504599,0.00303009787371161,-0.00784954657029402,-0.00862209098652389,0.0216041563512746,0.000119715857549343
"ALT_C_30_32_vs_40_79",976,-0.0372097581638829,-0.0407658328131054,-0.00827071546025795,0.00522619375394112,-0.0677674126470092,0.0128023890772638,0.0171917166469809
"ALT_C_30_32_vs_40_79",977,0.00241932980245587,-0.000200013288224041,-0.0190181648436329,-0.0789514831915888,-0.0168093429296753,0.0255725978333381,0.032465811905613
"ALT_C_30_32_vs_40_79",978,0.00315881427172837,-0.0498712895506871,-0.0377757979861234,-0.0215947009645875,-0.0428116748125175,0.00618070071687377,0.00878942057148986
"ALT_C_30_32_vs_40_79",979,-0.0171050396519902,-0.0164441064419205,-0.0263887199512257,-0.0425087046724015,-0.0661236686673803,0.0439006394151262,0.0384835874599527
"ALT_C_30_32_vs_40_79",980,0.00564238682106404,-0.0598460131100714,-0.055918647228915,-0.0229066267056496,-0.0336066239756138,0.0211361309786119,0.00850073916996648
"ALT_C_30_32_vs_40_79",981,-0.00184373811958882,-0.0654244403097714,0.0370030891197645,-0.0527907149835429,-0.0933101923379643,0.0381538418131054,0.0382851076228572
"ALT_C_30_32_vs_40_79",982,-0.0179876595360712,-0.0380838458313961,-0.0488760244368656,0.00726941445727741,-0.0224165528728409,0.0463744998004345,0.042205037958963
"ALT_C_30_32_vs_40_79",983,-0.00103579794100229,-0.00767415766012824,0.00331789132746058,-0.0382106183767615,-0.0910693798557212,0.0111281769794593,0.0522684743747742
"ALT_C_30_32_vs_40_79",984,0.0477824445660831,-0.0746642359225911,-0.0328256711829132,-0.0414734843418859,0.0360367740904715,0.021898264885556,0.0173851675464987
"ALT_C_30_32_vs_40_79",985,0.00512319394993273,-0.030509632437525,0.010278486928912,0.0111960139894399,-0.0640299386225198,0.0382419927586017,0.0112089768789983
"ALT_C_30_32_vs_40_79",986,-0.00834343129289804,-0.0179138928860646,-0.00542949140744539,-0.077554324860096,-0.0882107457047809,0.00243404512280922,0.00201356578563815
"ALT_C_30_32_vs_40_79",987,0.00856369075408118,-0.0248610550027137,0.0110148683870827,-0.0115886258532008,-0.0773728944734621,0.0324116218572939,0.0236880712134515
"ALT_C_30_32_vs_40_79",988,-0.0177841063015948,-0.0143585050360936,-0.0114199682740937,-0.06650018103132,-0.0353178399292971,0.000925102482365638,0.0128843897768137
"ALT_C_30_32_vs_40_79",989,0.00209143312851681,-0.0125372169266706,-0.0430222881336467,-0.0135668878589056,-0.0678215688429786,-0.00287702896132584,0.0239184573385135
"ALT_C_30_32_vs_40_79",990,-0.0121816549552177,0.0163758579054896,-0.0305963451771068,-0.0391799426789827,-0.069828805680153,0.0260336324729821,0.0465157750826087
"ALT_C_30_32_vs_40_79",991,-0.0094626928484981,-0.0305143239345759,-0.00553864444917229,-0.0691536786109916,-0.0486640952229432,0.0261195382028949,0.0377900545274752
"ALT_C_30_32_vs_40_79",992,0.00608251659383507,-0.01626275226689,0.0345670233091154,-0.0628238149589094,-0.0553234030657432,-0.0211298655375249,-0.0264176242407546
"ALT_C_30_32_vs_40_79",993,-0.000438826503878838,-0.0229041077270409,0.0375901529243179,-0.0251334955788152,-0.0604783148682277,0.0280037368502885,0.00523662785411173
"ALT_C_30_32_vs_40_79",994,-0.0121987373565574,-0.0182953327555708,-0.0101440034208241,0.0183363634947779,-0.0896104668974299,0.0392144713681323,0.0487511793584432
"ALT_C_30_32_vs_40_79",995,0.02825967718148,-0.0313966907693291,-0.0110379208982735,-0.102004137961347,-0.0952153880567294,0.0541643407322714,0.0609430867480664
"ALT_C_30_32_vs_40_79",996,0.0247996367754141,-0.043229431702136,0.00630838587277555,-0.0306192203221051,0.0015136762808981,0.0249252670723786,0.025505936077154
"ALT_C_30_32_vs_40_79",997,0.000526737224863641,-0.0189126673487828,-0.0258503796258341,-0.0585559004022058,-0.033366044523599,0.0182947011412828,0.0166380223328901
"ALT_C_30_32_vs_40_79",998,-0.00725554898804406,-0.057621842343883,0.00143813726328379,-0.0487352845787783,-0.0690285109239407,0.0182642568927776,0.0189791969542919
"ALT_C_30_32_vs_40_79",999,-0.0268182268852864,-0.0198252591731258,-0.037908501099842,-0.0261901454360819,-0.0431335185382837,0.0101319728576367,0.00991431604857054
"ALT_C_30_32_vs_40_79",1000,0.0109080698241051,-0.0238057401793334,-0.0379907018969427,-0.0486810551327124,-0.0405046402667658,0.0542600468979624,0.0518339634711278
