"replicate","Q1","Q2","Q3","Q4","Q5","bottom_decile","risk_lt_5pct"
1,0.00682877874602713,-0.0219905027353002,0.0161613975884795,-0.0324897647291967,-0.0651664214669991,0.0196054016590783,0.018505591786782
2,-0.00321605973462088,-0.0559777474018857,-0.0589893657256655,-0.0573583797613111,-0.067065213887404,0.0442949347011068,0.0298071912127379
3,-0.0463971538545837,-0.0307009003223791,0.0088469617147155,-0.0724776081572708,-0.110422792403966,-0.0674606219401468,-0.0687293209510565
4,-0.00648511290340342,-0.0617333001889823,-0.0401375056066768,-0.0559541099710164,-0.0827581711011582,-0.00792830175281339,-0.0509470659715655
5,-0.037036921002249,-0.0725887143902041,0.00405907215700912,-0.11023690047501,-0.0527035423035303,-0.0422992840120331,-0.050727016822004
6,-0.0162933792773162,-0.0552032284108967,0.0696348979805651,-0.0906057842227282,-0.0531521463174415,0.0122640787639223,0.0215136634449332
7,-0.0438819850940676,-0.00535830354137863,-0.0362017983530579,-0.12246718773714,-0.0481684176455307,-0.0835729975933349,-0.0833736937399171
8,0.00279603314318277,-0.004290818698767,-0.0240293441996207,-0.0360581379339333,-0.0567361241520838,0.011971113789932,0.00997984841122329
9,0.00300348790987381,-0.0335075426116207,-0.030870815953072,-0.0200468416345679,-0.0743620175059241,-0.005201953745916,0.0054432006050962
10,-0.0161932391831206,-0.0304928082860698,-0.0460932468293728,-0.0717147887344912,-0.0407182828034383,0.00944389278698434,0.00631496001512061
11,0.00108045848480986,-0.0591487596680609,0.00518624084712563,-0.0000913689044697852,0.0212188821329975,0.0176535165325288,0.0128632861978925
12,0.00447346885399584,-0.0531256719565972,-0.0263417755538094,-0.0663778520636033,-0.16593897770876,0.0394447531490442,0.0313443885523308
13,0.011494201119538,-0.0397198640255762,0.0253780116991362,-0.04726759556608,-0.0448191720768423,0.0153334152507663,0.00939112499699257
14,0.00817531991439987,-0.0638710616039137,0.00819738376944962,0.0232685121107336,-0.0803747951475796,0.0198489420677903,0.0347198594890039
15,0.0223275912567705,-0.0388040984718276,0.00904540173229684,-0.0398718224188868,-0.0777176835256158,0.0553468900255197,0.0523534239315632
16,0.00176069419771718,-0.032919745369584,-0.0245055218627227,-0.0226365711631219,-0.0316766987622422,0.0305191519672764,0.0138490818390486
17,0.00255396417696324,-0.0596560724703004,-0.00785298295729601,0.000125637801951239,-0.0741812238811075,-0.0113122820716567,-0.00986593945948935
18,-0.000731608904212207,-0.0645298208263214,-0.0583007699636639,-0.0268182210186124,-0.0659917665959593,0.0301691501110899,0.0351635294487259
19,-0.0149742921599643,-0.00982934633432529,-0.00775297264918673,-0.0444224164109649,-0.0934308017338253,0.0110740551586214,0.0104053106676633
20,-0.0537538341532552,-0.0510443435991434,-0.0653031192080752,-0.121377453534354,-0.0803025400735628,-0.0191227423953655,-0.0111339617704465
21,-0.00660461693246429,-0.0510459535561018,-0.0192753047693265,-0.0778841059050971,-0.0481833159181834,0.0114816316341625,-0.000821881472409157
22,-0.0358310297746913,-0.0197273620673203,-0.0345311085436134,-0.0338742202095852,-0.0938198138255897,-0.0394766232120124,-0.0368933594847858
23,-0.0148085082308379,-0.0689015009568491,0.0304600348015729,-0.0806673849356128,-0.116513372433128,-0.0114985457905051,-0.012756618241581
24,-0.0262966598434435,0.00103653791340137,-0.0490769172032721,-0.089836291584288,-0.0557223102333767,-0.0141053293860006,-0.0284660047202555
25,-0.00102108423805146,-0.0581716059485689,-0.0479986253152659,-0.092393243955964,-0.0884766740496465,-0.0153279383951055,0.00398511099483206
26,-0.0407310670678771,-0.0495048523068454,-0.0301802926937771,-0.0297880104665699,-0.0424348434883629,-0.0160089031421614,-0.0343486393743622
27,0.012942906619418,-0.0654695506582828,-0.00127492981599939,-0.110198997087979,-0.0710344121834046,0.0319420450361115,0.032361572533767
28,-0.0080933883298425,-0.0851208617858111,0.00493487649801225,-0.0596264612683167,-0.0219073200698127,-0.00856392764640611,-0.0121872472854442
29,-0.0233181502240633,-0.0509054131016227,-0.0237115122761888,-0.0268197643460089,-0.036140506057932,0.00281277541359805,0.00197917665900926
30,-0.00185633383761951,-0.0453616110860878,-0.104422974780318,-0.0640369309804782,-0.0658942799312361,0.0233542095325289,0.0184123376868442
31,0.0225581060120587,-0.047391750387952,-0.0232909631328294,-0.0859426602266417,-0.0114370699586457,0.0281324673701131,0.0291276001617726
32,-0.0187142246528893,-0.0556189824026998,-0.00273331469022797,-0.0383658632299526,-0.0594242707906877,-0.0307448294148582,-0.0474308748364711
33,0.013706322838825,-0.0340162391352935,-0.0043998270282955,-0.0310450614280588,-0.0662672761025865,0.00704338224471497,0.0305017861145974
34,0.038130546696196,-0.0687448201790338,-0.0441804916856361,-0.0867445666548002,-0.0214011018296198,0.03790892560715,0.0249998076149293
35,-0.0295183998312526,-0.0451374945533504,0.034773357372582,-0.0395451812825774,-0.120403687076643,-0.0104440652527312,0.020017151076905
36,-0.0103689419058398,-0.0730975559591779,-0.017402483437889,-0.0134182781715746,-0.0256309874836056,-0.0329380976641582,-0.0477774693749962
37,0.00993626205521048,-0.0139524085618772,0.027463129805994,-0.0233769060722936,-0.0916293785993137,0.0252909410248833,0.0397694821683234
38,-0.00252434071052277,-0.0558793159353628,0.00950091977624108,-0.0902134174985651,-0.0986588877568732,0.0340741906414154,0.0325678502915766
39,-0.00378013180680361,-0.0379304096450827,-0.0307779277173022,-0.0174829823270898,-0.0394242150604469,0.0226783562989563,0.023982249257415
40,0.00266166642963261,-0.0191206339453271,-0.0301573155812308,-0.0840019681455725,0.029257700976711,-0.0114238802629244,0.0361030083178107
41,-0.012015399054434,-0.0535684454518892,-0.0658161952356814,-0.0228506746226214,-0.0878267645197326,0.00510705033533923,0.00321519659284163
42,-0.0327339184394055,-0.061122869926575,0.0285472771065213,-0.0446533119439865,-0.0758054730969837,-0.0417420727921251,-0.0557140512023532
43,-0.0168870346222889,-0.0442031682396495,-0.0326549277251076,-0.0123177674666255,-0.0812037075988519,-0.0204939029626112,-0.00431962629207837
44,-0.0194824344909579,-0.0694134297365128,-0.00861383672575476,-0.0317450702456224,-0.0479405971272679,0.00150502752332043,0.0103052895848461
45,0.00528933726861867,-0.0489027268262081,0.00273880103493834,-0.0852081000701917,-0.0472366081177822,0.0126937521289441,0.0306703468323315
46,0.0254207711419073,-0.123395863785478,0.00459586458578637,-0.0833956673399005,-0.0230267021900585,0.0462126607484652,0.0620282974874904
47,-0.0337684672793265,0.00541100407555117,-0.073719856853836,0.0053074150457238,-0.0175940534907044,-0.0271531426141141,-0.0331667795430656
48,-0.00668167255206351,-0.0348184856455921,-0.0615960799052191,-0.00448203344544296,-0.0607382172777277,0.049864655762699,0.0501763902342835
49,-0.0227153284544786,-0.0927890638189919,-0.0214244435409272,-0.0635119983533972,-0.0868962066798019,0.00539502946344443,0.0136340265002331
50,-0.00691262901793639,-0.0450041053608516,-0.0319993716311656,-0.0327870509426298,-0.0571994866618858,0.0205291845269457,0.0249150311817714
51,0.0130027483148655,-0.0463988457491722,-0.017035644566858,-0.00989225148099918,-0.105694019221518,0.0424287958559873,0.0394925634584485
52,0.0020574173528456,-0.0569105594541371,-0.037442941400304,-0.067238112463383,-0.0499636756219695,0.0192701639772839,0.0319837238387633
53,-0.00272470832493126,-0.0847595322986701,-0.034481052083229,-0.0738722133262695,-0.0441745013129226,-0.0109619002939225,-0.00909295584011775
54,-0.000888338259231479,-0.035833896020889,-0.0387234069636898,-0.0384118765588153,-0.0821278029403055,0.0257076231629957,0.0146251288948306
55,0.00997454617970822,-0.047720968989715,-0.0121704717880415,-0.0198380737271726,-0.0938654215961731,0.0648150331167377,0.0654300009843486
56,-0.00746436494923196,-0.0518467843769129,-0.00710834404796565,-0.0487257384039732,-0.126887087154977,-0.0104944331190931,0.00271446047774
57,-0.0438662874032579,-0.0821900991531526,-0.0260814378127871,-0.0516535277157667,-0.0647970696211309,-0.0123063109007704,-0.0494652031786718
58,0.011244864550689,-0.0539902437376973,0.00120207936022249,-0.0425888853344289,-0.0937504918709114,0.00734755919074745,0.00542005679885707
59,-0.0393344003774488,-0.0704614455857429,0.00372595114209198,-0.0973007884880492,-0.0190260497530914,-0.0234540552114877,-0.0447507907740019
60,-0.0372951564678445,-0.0404434777431892,-0.0215389422621625,-0.0718610163163637,-0.0689874025604839,0.0206488470200187,0.0347256191600665
61,-0.0293161957967894,-0.0855291127955878,-0.00261193543923049,-0.0313220059451012,-0.0561363069192543,0.00296310168939221,-0.0391759999543549
62,-0.018172021352775,-0.0901599089875999,0.0164594316238521,-0.0734885383859887,-0.100651659177069,-0.00928496192096298,-0.0233275080032105
63,-0.0326254842704437,-0.0621611344926817,-0.0138137480753779,-0.0508172144254568,-0.0725091593356014,0.0236602730932541,0.043323141172112
64,-0.0138211821311739,-0.0062965494565092,-0.0210789650541852,-0.055975594800162,-0.065425886784407,0.0124381172659691,0.004859310739984
65,-0.0307541704261241,-0.0812380114583834,-0.0324593378003829,-0.00186437651513055,-0.101758464449055,0.00641231158488371,0.010363136784214
66,-0.0183249488326197,-0.0282015238344092,-0.0634069416470851,-0.00402576578403024,-0.0947298193784684,0.0316877969751543,0.0444636441781211
67,-0.0620921346172115,-0.032854202596895,-0.0415179589270847,-0.0531542615456002,-0.0175076158293421,-0.0165064071109905,-0.0342009216866683
68,-0.0177755938322735,-0.0406962667281184,0.0157419786906224,-0.00717126578362387,-0.0979408574967022,0.0380382305705836,0.0392333246679673
69,-0.00630275614033807,-0.0372757709927514,0.0190839856538166,-0.0136580047397452,-0.0300874326830486,0.0309975505591835,0.051866923060436
70,0.00877064473930855,-0.0634353722729208,0.00216683344790805,-0.00917218642587511,-0.0301196433857985,0.0168579357772793,0.00829077516073165
71,0.00494636547824591,-0.0877648295125976,-0.0522204250202239,-0.068140763018991,-0.113077141361847,-0.0521369270532391,-0.0289386874507824
72,-0.00550804672807784,-0.0483731695782859,-0.0603039793220825,-0.0219778819681861,-0.0610062356859398,0.019289654257698,0.0191932487304199
73,0.0117930399097594,-0.0323384122929206,-0.0340010025529374,-0.0620657835978718,-0.0699664891261094,0.0396329663584898,0.0747001161088967
74,-0.00606913468159552,-0.0350146278132715,-0.0161906825571901,-0.107893451244425,-0.0837749395456124,0.0145685733828412,-0.00642661770985297
75,-0.00500350428036457,-0.0577512180178542,-0.0411421137500631,-0.079091848072368,-0.04126248082602,0.0215557823566794,0.018843643986639
76,0.00206563990396449,-0.0702541454918346,-0.0538582850124936,0.0036419394872591,-0.0504735369097005,0.0023377576148657,0.0131776709660124
77,0.000845413678461832,-0.0618775656908004,-0.00835880115877381,-0.0878130774574601,-0.0568438760449936,0.00675185936114437,0.00351344799769375
78,-0.0298555097691947,0.0154068471102479,-0.040688706608634,-0.0934658967928937,-0.105818012733661,-0.0238706160792277,-0.0359841387862134
79,-0.0180301784110454,-0.0487470102024922,-0.0177398564550501,-0.0604648762512372,-0.048433797078704,-0.00371499212584524,0.00691864666179146
80,-0.0100848023055394,-0.0389681500240175,-0.0190003874509364,-0.0045984094099121,-0.0297175687139739,-0.0150097705181736,-0.0171475087810172
81,-0.0287445853179727,-0.0233648563147706,0.00156609121668561,-0.0250545930428978,-0.0481366634033372,0.00264114599324368,-0.00417730318351044
82,-0.00671616590781299,-0.111997997752259,-0.0285057316441231,-0.0522571342995368,-0.124292829099702,0.0401801607786763,0.0408345021394896
83,-0.0121784214371384,-0.0584884753744617,-0.0563364849310165,-0.0556982210255678,-0.0548879001530882,-0.00867002494424299,-0.00276015199641634
84,-0.0190638427089968,-0.0715259690303733,-0.0236982355108066,-0.0532033520494423,-0.0933569114797639,0.00868845887225683,-0.0026608035146253
85,0.0156003176412995,-0.00599829093643456,-0.0205978526629338,-0.0202779747815082,-0.0471357611968892,0.0134239054227565,0.0135010972792522
86,-0.0169596140404432,-0.0173834843258642,-0.0332772163418479,-0.0535313071913946,0.0165039699970402,-0.0197897871483252,-0.0130838967337444
87,-0.0269862849796509,-0.0427774423284906,-0.0481780871765229,-0.00848328249195046,-0.0492939122560051,0.0209722170973115,0.0105784601869621
88,0.000145974839102767,0.00998072627737555,-0.010617195277883,-0.0529671173364943,-0.0960711429720936,0.0296724252860669,0.0220012084653772
89,0.0282788728387732,-0.0601099409734069,-0.0400893168790351,-0.0407440466366987,-0.0741756856603586,0.0638963875498048,0.0773584807608977
90,-0.0156719944897674,-0.0585346976843427,-0.00720724369093005,-0.068866494469685,-0.067143349666027,-0.0166577361524686,-0.0170756219177057
91,-0.0427629775315654,-0.0447228791033109,0.0213660124342602,-0.0662937478345773,-0.0536038194204148,-0.0177465603183117,-0.0333320192337804
92,-0.0320119101739113,-0.0187374216880022,-0.0478284327016566,-0.0662836725443751,-0.0115849369684859,-0.0221766792750965,0.0134517119090074
93,-0.00878784066110237,-0.0532616698980175,-0.0378255477812181,-0.00804277901691525,-0.0674296177654608,0.0192772609716611,0.0219930153026009
94,-0.017100841024065,-0.0561540284133302,-0.0214619361148843,0.0131455518188852,-0.0593138207136068,0.0160947652042954,0.0206933262064836
95,-0.0139427833639479,-0.0649345902126335,-0.0388756155508644,-0.071943860971592,-0.0912919311255355,-0.000194977443900127,0.00241755677178509
96,-0.0438015972770047,-0.0671267935066334,-0.0403118281936456,-0.0369307184159967,-0.0644591393934228,-0.0251243380162196,-0.0328548766562265
97,-0.0296190979103351,-0.0327040486191114,0.0119381679039683,-0.0573384384627569,-0.0545812824152468,-0.0192137080945732,-0.0252359898348853
98,-0.000322795085440405,-0.0726037915299381,0.0231773026397884,-0.0650069165042163,-0.049624029187734,-0.00232167134306594,-0.0171869566479427
99,-0.0459446629779083,-0.0447401485150997,-0.0536807281189083,-0.0341466983729771,0.00718191284478453,-0.0217949482280774,-0.0067038415012416
100,0.00217381547679159,-0.0772983085734247,-0.0229408541192258,-0.00375228245485057,-0.0371457155417628,0.0180995500570198,0.00493910832647806
101,-0.0242163677864284,-0.0552969823583732,0.00157799186215665,-0.0173313322874866,-0.0973369098543191,0.00211463029826506,-0.00368140790424302
102,-0.0427024890444114,-0.0128929841100641,-0.00448896102990884,-0.0579949251566071,-0.109645523364843,-0.0106186104906476,-0.0116535943992906
103,-0.0278716793930973,-0.0285190458680423,-0.00972832141876678,-0.0537002139901221,-0.103420941895651,-0.0791929843833874,-0.0583225748991205
104,-0.0255292777703487,-0.0210414912118162,0.0321314399923106,-0.0572823554568486,-0.0840766875630012,-0.0170478562030379,-0.00651445149298822
105,0.00563117733223539,-0.137510926988469,0.00311422815362086,-0.0732014074272137,-0.0103095034053857,0.00919603539271822,-0.00220953239683169
106,-0.0213775069442297,-0.0781815979951801,-0.0410518518799987,-0.0157352886590986,-0.0667106356787067,-0.00835461121073989,-0.0081599543070079
107,-0.0198600926281648,-0.0782057802901958,-0.0170433281944792,-0.0273877280335627,-0.0291766194694825,-0.0261413722535233,-0.00837644853735058
108,-0.00578965101348752,-0.0590164152929026,-0.0357765858391369,-0.0841159508774048,-0.0559416196668884,-0.00405902566165656,0.00706396080207829
109,-0.0274404663584869,-0.0659535870475019,-0.0378547389622224,-0.0731389887351338,-0.0702180599250875,-0.0302562672137754,0.00170453721718505
110,-0.00712564391633339,-0.019275771371741,-0.080518361169421,-0.0272094110534972,-0.0393844877637994,-0.00108221893380735,0.00160211533548314
111,0.0205806790658385,-0.0761576382311237,0.0337069057928994,-0.0683998084419718,-0.111947505088735,0.0285728836227655,0.0229592611089919
112,-0.00209595693317504,-0.0136430502148341,-0.0757388184379754,-0.0569911453551563,-0.0393418115526522,0.013462028059158,0.013411724419597
113,-0.0320632851601171,-0.0516079402485838,-0.0107624421301883,-0.0600374940122044,-0.0879341863056904,-0.026850543299272,-0.025623453529511
114,0.0151177120980651,-0.0198552911409672,-0.0417812476830863,-0.136120915753689,-0.105829470987289,0.0478957368063662,0.0510409360712741
115,-0.0317889328830714,-0.0403219158887323,-0.00898848542142516,0.0193356778827564,-0.0740908114804623,-0.0108381404883343,-0.00961355093291606
116,0.0145042850901418,-0.0455272446030518,-0.0243619487810532,-0.0530058662998338,-0.0709591159038603,0.01052640653426,0.0196717980334582
117,0.00650188337851911,-0.0591987876674417,-0.0201713003734269,-0.0663048964785167,-0.108798764879787,0.0257517874910601,0.022780510876637
118,-0.0335104656016442,-0.0494823345301507,-0.013868709005706,-0.0269258349676762,-0.0527008227311568,-0.0287490238934395,-0.026305688040654
119,-0.0608101174030417,-0.0646252647758571,-0.0319056872557588,-0.0527199007443141,-0.0821950093050123,-0.030355818984876,-0.0249403113617456
120,0.00303778814143627,-0.0474366511018781,-0.0216248125761733,-0.0386932920436393,-0.0901230274622876,0.0323173632955095,0.0196589930950612
121,-0.0124548149107719,-0.00540115504485909,-0.0586987369380036,-0.0701097791512823,-0.0119999219363029,0.00749713175230139,0.00760959814146327
122,-0.00862481874471349,-0.0369118442998715,0.00906209334197122,-0.064004952861595,-0.0168954249441821,-0.00693394570324193,0.00796028864689564
123,0.0094822546978178,-0.0526845381102329,-0.0354104991958766,-0.0387915382468393,-0.082768493943988,0.0327889564804147,0.0431816750609831
124,-0.0457969886024835,-0.0534028540945243,-0.010692074306593,-0.0513590759105151,-0.00149760114836617,0.0108842623116727,-0.0324513458819883
125,0.000392027514434908,-0.0526149341800075,-0.0693528935199092,-0.00850856898771898,-0.107914862776218,-0.00136055517125783,-0.00491115285898366
126,-0.00898278462906332,-0.0657994948941931,-0.0401672200841011,-0.0376343313900538,-0.0625337413472172,-0.00552246116264044,-0.00380522536158668
127,-0.0131339097075075,-0.0625783295233721,0.00766299302920159,0.0082921337018082,-0.0688378836171897,-0.0109770515417867,-0.00490037188286147
128,-0.0428937443669181,-0.0730195237335403,-0.0270260972344966,-0.0211684188827324,-0.0335787140845911,-0.0195030853396898,0.014750368623692
129,-0.00852417778422757,-0.0274422036901869,-0.028734778799708,-0.0169894951010558,-0.0421133975586348,0.00678117851359335,0.0329719201143412
130,0.0021775052817571,-0.0366483819209174,-0.0797228529845219,-0.043263236680191,-0.0472907591456314,0.0393153458434751,0.0227612231635019
131,-0.0206983211914246,-0.0422579232600478,-0.0538808624504521,-0.0339589277478793,-0.0465455659111301,-0.0217220498680281,-0.0278852244504583
132,0.00245146921110328,-0.0342592056107742,-0.0515528522864306,-0.0365394087543965,-0.0518927978813468,0.0180925901494321,0.00955623923416275
133,-0.0480239752174253,-0.0290881117338406,-0.053891646109595,-0.0796756985215188,-0.0547190802008145,-0.00721730564327003,-0.0181175371699049
134,-0.00912465349072693,-0.078896774907884,-0.0429149810460072,-0.0146153070001669,-0.0951419229598095,0.00624102009019327,0.0108205023564036
135,0.00776435246236679,-0.0556010879856055,-0.0210033200897478,-0.111438632230346,-0.0389865681061793,0.0254595563039711,0.0259219398396607
136,0.00361944611937406,-0.0727802222700471,-0.0273983132555059,-0.00413271789048969,-0.0769032315753375,0.00972326484763453,0.0253785579514312
137,-0.0131887606183555,-0.0630544782456717,0.00622531728577014,-0.0453777935970149,-0.0941064945421721,0.0468011349479487,0.0320288774150172
138,-0.0134819782464028,-0.0762123667146552,0.0118025597102535,-0.0307281981042484,-0.0262720628651851,-0.00352933386435222,-0.000776498347549601
139,-0.0229170730660834,-0.0363460025470218,-0.0742074586007037,-0.0105732330568032,-0.106554945462912,0.00536484247929511,-0.000741703728649068
140,-0.000754757467549987,-0.0618784715996251,-0.0468820228861924,-0.0430642904605567,-0.0334231258941471,0.000193966251494017,0.0123096921455608
141,0.0142742571098038,-0.0626086229744925,-0.0190136884001179,-0.0305135578461636,-0.0361630034141382,0.0370637640371757,0.0430820849829859
142,-0.00746245959542717,-0.0812224490303188,-0.0495563006667534,0.00377071174408949,-0.0956627158701031,-0.00516218744273293,-0.00645442072737255
143,-0.0141498056008873,-0.0765937555896966,-0.0190422819016703,-0.100301364025063,-0.0111934064823987,-0.00978872386310868,-0.0159047901445855
144,0.00219756215789302,-0.0747135048059015,0.00115577385530313,0.00790976409555855,-0.0762586487456369,0.0347697904292722,0.0324113594455578
145,-0.0140365557404801,-0.0589255328456551,0.0300611053479138,-0.0535603943079095,-0.0680035550549333,-0.0143760595624923,-0.00959780267824928
146,0.00474849789240474,-0.0486938290408445,-0.0355268669636306,-0.0666481564221958,-0.0211177326933384,0.035812672254825,0.0320302524155095
147,-0.0162802841489227,-0.0276401563527727,0.0107411840261282,-0.0101687320492308,-0.0297684452172519,0.00850179230184954,0.00895181338762615
148,-0.00744335743725877,-0.0332988589631748,-0.0452647778330684,-0.0846492506771139,-0.0591967221763957,-0.027733691931832,-0.0292389441365243
149,0.00785361917362679,-0.0384280493151152,-0.0638274058882291,0.0206264965152652,-0.0428567836378054,0.0193403360254759,0.0385823813292936
150,0.00787092078447205,-0.0539585503229634,0.0163738650006283,-0.0799184326771462,-0.0424555843650524,-0.00591472579465765,-0.0285846873126411
151,0.00438822510772265,-0.0302095086972814,-0.0251955514093197,-0.0457894637280733,-0.136726404236144,0.0440962310488317,0.0557015045841004
152,-0.0334669105004471,-0.0986116194699286,-0.0219068484704057,-0.0587785151603662,-0.0885365390560143,-0.0274006315558288,0.024092736178498
153,-0.00729639843215302,-0.0791328201991406,-0.0166713847957738,-0.00372003297188406,-0.0473057419096678,-0.0102497631319765,-0.00574224300544564
154,-0.014943392885028,-0.0502206140724459,-0.0399633791731785,-0.0223299130037516,-0.0549209367281667,0.000369231930252026,0.0144950675542884
155,-0.0205049189357873,-0.095882945822291,-0.027998651702963,-0.050850692912647,-0.0340912030468346,0.00686928767141859,0.00266456901066888
156,-0.00590210435660661,-0.0588747063216386,-0.054748941096554,-0.0750087007008378,-0.0602604012272563,-0.0120193514099105,-0.0103122962918121
157,-0.0255813803868113,-0.0224758469939421,0.00447577004436814,0.0161931953774765,-0.0519132439981173,-0.0145637645154674,-0.0145339140627013
158,-0.0054798269317164,-0.0484278796909658,-0.0242870614178312,-0.0433784349115377,-0.101008696870036,0.0460634383825126,0.0386693643313943
159,-0.00204120284342454,-0.0153031052938171,-0.0633422839821306,-0.0357664998849325,-0.127837371449621,0.002991835285867,0.0138347107668247
160,-0.0203861520558758,-0.0229433425109008,-0.0330106305946437,-0.082721252442793,-0.0710169602271426,0.00715694666264125,0.0274271708917506
161,0.00373939978061292,-0.0905869198791801,-0.019781839118885,-0.0317603102027377,-0.0389094035715316,0.00503318406652,0.0187338285925591
162,0.00274034611693491,-0.0787162967644891,-0.0464629602593986,-0.0511512801559545,-0.00135033892017378,0.0203085379140542,0.0421834055892931
163,-0.00906700458420599,-0.0398550023526289,-0.0564061538857134,-0.032794854358742,-0.0565114567744207,0.0220262940369574,0.0334185329594451
164,-0.0388846962250106,-0.0446042836117067,-0.0353901660642482,-0.0648379165978344,-0.0390100362078849,-0.00665444702109264,-0.010088494241597
165,0.00360680122903691,-0.0526655868010077,0.0018622747596784,-0.0142018538290051,-0.101200666603184,0.0105310085356273,0.0201649556236378
166,0.00490993223837718,-0.0556413826449529,0.00205905711107299,-0.0680757360963296,-0.0764243158012634,0.0169761396484933,0.0171047916740053
167,0.00284485936081935,-0.0349195046597745,0.021279211435981,-0.0544493714907512,-0.0186018216232518,0.0167081059905903,0.017309323783512
168,-0.0324666494748165,-0.0475867616930441,-0.0127016916196078,-0.0405668366495326,-0.0364963510161702,0.0196633932612842,0.00891519080391834
169,-0.0112247254607091,-0.0520255363456004,-0.0332825873679623,-0.0714954273065251,-0.0889518586774185,0.0206259815626676,0.0200652371472303
170,0.00748934649028284,-0.0426472714853529,-0.0031558125666015,-0.0366837065896411,-0.0957827296904627,0.0276793720882559,0.0295164072968614
171,-0.0155780620012923,-0.0299011867798191,-0.0379742216311979,0.0150542165299994,-0.000340619500039274,-0.0446783041341461,-0.0312966443989679
172,0.0237501683959898,-0.0697236882205584,0.0104590794642219,-0.0175772681487592,-0.0852100671091813,0.0559181356222522,0.051979722477168
173,-0.0173111650361663,-0.0252573887889377,-0.0677207640941324,-0.0388366168107552,-0.0715726361033928,-0.0112136223683787,0.00126896202434418
174,-0.0134533919278882,-0.0536734644530963,-0.0354085680896285,0.0345043538660607,-0.110568430667932,0.0201351268892578,-0.0020724376640632
175,-0.0150965998239885,-0.0886120964026589,-0.0272107423042719,-0.101998397614668,-0.131734553237104,-0.000166835418807208,0.00779980343695247
176,0.010653414144425,-0.0446885075983652,-0.0077717443861535,-0.0176073267775859,-0.0664174488459279,0.00874261598972665,0.0109519531921144
177,-0.0122960271144248,-0.0493245580475602,0.00613050396852929,-0.0745289556139791,-0.113897848318493,-0.00951872180566623,-0.00988298766009945
178,-0.00274521128469356,-0.0625544226991974,-0.0000708060049077197,-0.0724967302693355,-0.121185277081406,0.0103484908098738,-0.00713185992912819
179,-0.0142117454678733,-0.0286192030145016,0.0189139514907838,-0.0536065599697554,-0.0558743177866141,-0.00273405462054808,0.0124560584109427
180,-0.00582691195496847,-0.0639778503223082,-0.115704126819333,-0.052688194170102,-0.0673871136133832,0.00323449412833263,-0.0127364311406714
181,-0.0155680886666666,-0.0825094736457628,-0.0151732929948091,-0.0454100199131239,-0.0812124680960665,-0.0378206053568447,-0.0243622016308041
182,-0.0309035903116207,-0.0519939223511649,-0.00257814904918213,-0.105342200382014,-0.0769192964026295,0.0263884943386991,0.00639570738451064
183,-0.0444800564640597,-0.00847249210980765,-0.0403565373802834,-0.0483405702711984,-0.134768329250854,-0.0151530030781991,-0.0228639556133512
184,-0.0196543948269625,-0.0255892017457185,-0.0374108260214326,-0.090250954853923,-0.0286856048824033,-0.00977130322292376,-0.0293112219307231
185,0.0117377991496876,-0.0617152147171325,-0.0326894630999363,-0.0661339350421871,-0.0650518679826396,0.0266491157013142,0.00630276953519796
186,-0.0195704242582055,-0.072736971770357,0.049740898817042,-0.0312930195432259,0.0165285563135921,-0.014115650808583,-0.0346128889827312
187,0.00756791415897371,-0.0631248543127213,-0.0336179144091516,-0.0279172459137181,-0.0469538565348726,0.0225847329017321,0.0169195886952839
188,-0.0284943317565376,-0.0321519090291203,-0.0687795500976782,0.00849031583198107,-0.0247117769615017,0.0185285224243032,0.0262831372436695
189,-0.0364228578008161,-0.0226397295726275,-0.0497474900454007,-0.00525185251498936,-0.0591619957441286,-0.00388524498215347,-0.0233780979147952
190,0.0307989106498006,-0.0633688664053801,-0.0299080396928471,-0.0273687554960949,-0.0540031661008372,0.060166821684105,0.0492996818827229
191,-0.00169134416601096,-0.0112523152015561,-0.0206468521706247,-0.0488425168662993,-0.111714178209094,0.0292651468062421,0.0279010730068811
192,0.0026046551174082,-0.0713047652981436,-0.0357126641593365,-0.0587681188207875,-0.0873206813119587,0.00387237638588026,0.0182923267859777
193,-0.018347751361762,-0.00314258346228367,0.0500063358787499,-0.0154069662999296,-0.128188827847463,-0.0175965060349544,-0.0112919880540234
194,0.0166047795836347,-0.083151022962229,-0.0339792669646677,-0.0443205886666807,-0.113216691129213,0.0019718550136729,0.0187496878484477
195,-0.0209214907347865,-0.0356066449857127,-0.0672930796358691,-0.0671057166687859,-0.0762480333653301,0.0148186808517721,0.0149233687497113
196,0.00505904684798863,-0.0404340729453466,0.00624167721551382,-0.0169861183837327,-0.0720501564588364,0.00257155638384959,0.0054626830076662
197,-0.0125728659445902,-0.0288818855890013,0.0240004193634156,-0.0440392288862624,-0.081844195113614,0.0307632900175991,0.0100384651111702
198,-0.0329679633219925,-0.0339446024354618,-0.0374936760247364,-0.0535319303207836,-0.00436541908652072,-0.013526757205446,0.00375683464273059
199,0.0141174803914086,-0.0279292612161463,-0.004248242622924,0.0238181987236147,-0.0715130059052707,0.0220828946095585,0.0236892779295382
200,-0.00116895592954543,-0.0312726311356228,-0.0590438875821707,-0.047764779265652,0.00153582831085292,0.023267829311205,0.0385521242814279
201,0.002131410894927,-0.0575839658065429,-0.0549912309518143,-0.0091893328752416,-0.126631173640925,0.00442248986542378,0.0354064539179917
202,-0.0333384882796959,-0.0114729099171497,-0.0222882680185369,-0.0553081991694051,-0.0661644619514944,0.0251195500885579,0.0174858143241873
203,0.000242308387009227,-0.0291145378232999,0.0237438993551167,-0.0381355813756774,-0.0756324439544921,0.000896575018328495,0.0130834964474658
204,-0.0335264206944083,-0.0620230388699112,-0.0489028416643049,-0.00135624539061563,-0.100186652823368,-0.0211736762837115,-0.0118351114981104
205,-0.00636342302567001,-0.0333719201693014,-0.00292860013676706,0.021576218818122,-0.0440681132801919,-0.0199407715761519,-0.0306651630986568
206,0.0136873263523562,-0.0498130694272041,-0.0237755291888265,-0.12754774197682,-0.0174675037686444,0.0266889506782449,0.0244247064539556
207,-0.0224680867230045,-0.0335287744945254,-0.00405964778765117,-0.0254612304787899,-0.0988280014636798,-0.0148320733713428,-0.0123064953930418
208,-0.00468058395451869,-0.0163471756807284,-0.00695396847681673,-0.0000964679707118887,-0.117885925805881,-0.00720927126994646,0.00481321804760508
209,-0.0020456921698349,-0.0674289110681325,-0.0332419204230908,-0.026554352557756,-0.148698226626601,0.0195063665479469,0.0246723852758685
210,-0.0242695906987088,-0.00840803915009283,0.0390695915927529,-0.0380267051267908,-0.118657657652922,-0.018874416464766,-0.00909625895160929
211,0.0186087811257027,-0.0386346909059069,-0.0236576592918644,-0.0482313589533036,-0.0703490275593072,0.0270982946986531,0.0131031892081018
212,-0.00593665058658105,-0.0488245949209676,-0.0480903768534577,-0.0139862839731546,-0.120406269459691,0.0411622300173762,0.0306792592799449
213,-0.0281852502644222,-0.0426133725276986,-0.0416071116539446,0.00224731074795967,-0.0786400808255007,0.00262628669769719,-0.0175963413937102
214,-0.00962113054291528,-0.0367747526923252,-0.0809198406471842,-0.00447333766406816,-0.0731974859141717,0.0319406968733545,0.0143388179432876
215,0.0103288798617588,-0.0482086453207706,-0.0682350790069223,-0.0111482369841828,-0.0267846729759326,-0.0119252316949229,-0.0228281943650201
216,-0.00402536754691678,-0.065602077889985,0.00228312021379246,-0.025891400635268,-0.0761587556583248,0.0274426167852927,0.0260440920751077
217,0.00741636823291836,-0.0465126283222379,0.0297010275952836,-0.0278848901151237,-0.0466717859955031,0.0426815929108398,0.0318995725468273
218,-0.0434367783365377,-0.0176927768600957,-0.0570873592803983,-0.0114020368285209,-0.11229533550818,0.0106246893233367,0.0113831974240942
219,-0.00147966452175245,-0.0288507417737196,-0.0136423814179751,-0.0637874320108745,-0.0866012151428758,0.0431321068291615,0.025864831886387
220,-0.0110677920973371,-0.0000845352787436915,-0.00543145951043257,-0.0733541691871646,-0.0374770926244716,0.00140066248891541,0.00275508096968659
221,-0.00621255299204183,-0.0599364857026712,0.0182175216390812,-0.0471323898285734,-0.0604424623851795,-0.0180029594475735,-0.0178559977714307
222,0.0263233844654342,-0.0680872682429591,0.00894378241461907,-0.00891028477356509,-0.054832548552515,0.0301640673130592,0.0259660067539567
223,0.00157775475039976,-0.0653005920918641,-0.0347806873073347,-0.0266135188066687,-0.0652400753878083,0.0768135309826775,0.0611328097606253
224,-0.0320948637863766,-0.0174675194599801,0.00225488516955633,-0.0804176806355616,-0.125837642690592,-0.0105943654957548,0.01363142405038
225,0.000168914789446688,-0.0499223721338405,-0.0331403653578382,-0.0532196609692968,-0.0430798165814538,0.0164654466344147,0.0157773361152256
226,-0.0294493707706157,-0.0359267248138008,0.025875515381807,-0.112705749913893,-0.0427150655132026,-0.0402415486281172,-0.0461621415913155
227,0.0136269462431334,-0.05143227939281,-0.0179677940933076,0.00529933516840408,-0.0968080895663724,0.0236861420606961,0.0286009478129194
228,-0.00156708863690043,-0.0609427920062337,0.0099509162429683,-0.023117733955568,-0.0860393288202824,0.0245183247487477,0.0253531867550188
229,-0.00139579401193034,-0.0317040987886623,-0.061916193168649,-0.0649432098779256,-0.0616790467118781,0.0370890668028504,0.0444297250511703
230,-0.0151973104588387,-0.0367560297008413,-0.0179357925316305,-0.0198902252341132,-0.0847138302668578,-0.0027077753037803,-0.0133981927458478
231,-0.0281380075603174,-0.0373510522599234,-0.0418368855969913,-0.0309522379851434,-0.0384002502601092,-0.0041766519780983,-0.00593151999009803
232,-0.0105511148268738,-0.05439136216166,0.00347599689918975,-0.0697285459510266,-0.104734218938908,0.0134627442258475,0.00283863817296862
233,-0.0326088576221007,0.00199975519271003,-0.0262228566721827,-0.0339950393007882,-0.0409802444976597,0.00134590260127691,-0.0056791288259201
234,-0.0203549351825051,-0.0736088522442161,0.000998019847370607,-0.0122428309213999,-0.0463523506017105,0.0157951921641987,0.000581355481197116
235,0.00269250356032504,-0.0416709642791958,0.0236510402440075,-0.0575940157893283,-0.0915243241597767,0.0103157465197752,0.0277716714192357
236,-0.0134871791038989,-0.0385439616759335,-0.0383385974676759,-0.0531364657260982,-0.0466272881471889,0.0135585585665205,0.0115226843405688
237,-0.00395694758428652,-0.0419241431640847,-0.0539469680040956,-0.0577223566021129,-0.0889093732582271,0.0282631965574885,0.0404625615320194
238,-0.0286063720128513,-0.0373431427061477,-0.0801182196524222,-0.01298687810897,-0.0896917477012213,-0.0268933271029347,-0.0241690449798927
239,-0.0103066510166121,-0.0545920196810936,0.000513118233563314,-0.0658598491819213,-0.124000449266808,0.00947565881260953,0.0162348458784063
240,-0.0189697921016998,-0.0407452015024429,0.0342078172072173,-0.0351151619245184,-0.13032599579341,0.00689619260848609,-0.0082191720785243
241,-0.0150477265171749,-0.0357014285935925,-0.0200002912548562,-0.0554152743892727,-0.0309240414903104,0.0141994752505852,-0.000035889887778473
242,-0.0226260305489378,-0.040428236671515,-0.0144055670120447,-0.0462437663484664,-0.094918387279639,0.0063419019264538,0.00676682419413785
243,0.0144808828032226,-0.0633301649662515,-0.0196165286976605,-0.0760922099275217,-0.0242595622607185,0.0461821717129868,0.0724851165711737
244,-0.036133605154389,-0.037772554670383,-0.0255424400281374,-0.0849393837203057,-0.00382417522573658,-0.0068387360107384,0.00730273940542582
245,-0.00271587915660011,-0.0490631034246172,-0.0504921428310264,-0.0281023097639405,-0.0437204036126936,0.0264595119449691,0.000762528450409444
246,-0.0103387223310087,-0.0635741000678803,-0.0449871518497619,0.0478818339001487,-0.0647826197761953,0.035512574377201,0.0257338372467495
247,-0.0235999561997732,-0.0456483108313963,0.0417702627597911,-0.0466169274748187,-0.0693690633683071,0.00579533401964491,0.0101463652862725
248,0.00965359546774822,-0.0411553338292475,-0.0150935244694659,-0.033565882940073,-0.0167528686918489,0.0141810883461533,0.0151307438368836
249,-0.0347811674833485,-0.0152349628459456,-0.0424358581169805,-0.101531723695332,-0.10717340538154,0.00100893689749473,-0.00163975387856402
250,0.0039764706906788,-0.0389461329696402,-0.0507621442598515,-0.0229680181105333,-0.0342567813102288,0.0000801552198082811,0.0136755223385909
251,-0.0481037048589611,-0.0444614007698058,-0.0709924333578179,-0.0246054248796841,-0.0714566992390792,-0.0226693419832657,-0.0257095560838024
252,-0.00595293724177058,-0.0366450237878875,-0.00967470371795828,-0.0849717893277242,-0.0570672054045848,0.0127333529399768,0.0137732607327281
253,-0.0157788839526284,-0.0581611072402011,-0.0422804901049609,0.0234990323654543,-0.0414358695970793,-0.0000655902508305967,-0.0131276749045034
254,0.00445012210169411,-0.0522876222369593,-0.0423138042541372,-0.060164719942429,-0.0634792354969291,0.00892841482793429,0.0142889248310552
255,-0.0126524799490623,-0.0717103176481274,-0.0276543238055067,-0.0143919997728993,-0.0533528216665626,0.0115959595365568,0.00280029441281388
256,0.0076459545760779,-0.0433471453219836,0.0145150168907914,-0.0437199507973678,-0.0615544158170253,0.0183019004770349,-0.00739774091956942
257,-0.0313314014112542,-0.0377286024573654,-0.00472359548086929,-0.0108749624069923,-0.0697909226415151,-0.0177444878802774,-0.0279862629402389
258,-0.0255200355067653,-0.0473317919417146,0.0000903779950547356,-0.0754350932135573,-0.0831602058047766,0.0227355312223736,0.00824167905926604
259,-0.000391630326563745,-0.0132453940056683,-0.0311954799134411,0.0331007446661711,-0.0534309758731334,0.04176261988551,0.01143715576722
260,-0.021818143929021,-0.0557283213161857,-0.0438644957491149,-0.0367595307413054,-0.175152746348154,0.0243733715118156,0.0480855908327791
261,0.00203666092572635,-0.0443498900497911,-0.00715869325678239,-0.0172163325550076,-0.0740738835974034,-0.00443676702513577,-0.00443676702513577
262,0.0218491523423488,-0.0769107086991952,-0.00700914198920208,-0.0649828928425905,0.005658198761679,0.0326383644808318,0.0262443667335925
263,-0.0219986794648053,-0.0857293825138696,-0.01441406796522,-0.0559155710039879,-0.0721367784391466,0.022207020542318,0.0216458433733668
264,0.003654054379122,-0.0438404066240186,-0.0365284877827325,-0.0638132446759653,-0.0506830660037177,-0.00528545714760914,0.000236973846260841
265,-0.00477398903445807,-0.0302544510571571,-0.0661039124066366,-0.0567423055060802,-0.120409319003824,0.0618677811794636,0.0405018912886335
266,-0.02213664725133,-0.0309259907134259,-0.007354636029482,-0.0492572852358365,-0.128929024470589,-0.00655086883034767,-0.0164510750917642
267,-0.026294354683294,-0.0166145839916511,-0.0231578811496222,-0.0610453673386983,-0.00102251337274706,-0.0331507230512031,-0.032199923735657
268,-0.0209366461417099,-0.0405600977672728,-0.0532642574277994,-0.022296568981884,-0.0925483712698521,0.0241443682918559,0.00485675460274206
269,0.00189092552707837,-0.0302501572001666,-0.0499227006339278,-0.036483652473978,-0.105804497114309,0.00740011922253845,0.0562800672542303
270,-0.0235430837847131,-0.0469037386109069,-0.028107490370496,-0.0249249728795451,-0.0660682901853907,-0.021116818483592,-0.010011538667685
271,-0.0212631925457411,-0.0640068725871501,0.0101260664878739,-0.0832468816101323,-0.0719070092670536,0.0242275387336323,0.020105724072419
272,-0.0393631088852893,-0.0648532788102459,-0.000833417029298289,-0.0649598700659067,-0.069929326528837,-0.0231076921151682,-0.0285164294738078
273,-0.00945515347035351,-0.0486700074441331,-0.0246159456003699,-0.0474485008053987,0.00653809455859572,-0.000154084711735149,0.00618644775968596
274,-0.0105371431461738,-0.032565619530518,-0.062204391191663,-0.0241398356700458,-0.117718457388186,0.0127155374316685,-0.00226152582791722
275,-0.00979898117308863,-0.0445358279215644,-0.00474734737241318,-0.0151277449039652,-0.0969484026937412,-0.0168637233735934,-0.0350872465787417
276,-0.0127479072557393,-0.0441323344715893,-0.0181901483188084,-0.0889271746836102,-0.087817330832128,0.0163525058178486,0.0147896377717185
277,-0.0166207443375584,-0.0338093941843076,-0.0469745158655937,-0.0473242497194681,-0.0165766042110281,0.00288262069053767,0.0043596190758465
278,-0.0107040625690695,-0.0489386274298352,-0.0159290956798322,-0.026220733263688,-0.0729216946119969,0.0121096007208282,-0.0243568519100588
279,-0.0146819739819574,-0.0340883042690308,-0.0292789266733193,-0.0189423487695354,-0.0433353303763542,0.0309498399564253,0.0269620007519532
280,0.0173543644105731,-0.0253934182011607,-0.0233934604026961,-0.0441028952617192,-0.0389157788964616,0.0344349180976482,0.0396643594473205
281,-0.0210853060614454,-0.00652025547042133,-0.0245770295171171,-0.105381081886978,-0.0872535057829534,0.0156648642362487,0.0342546522266777
282,-0.00515491225165934,-0.0259233988584526,0.00812240072408174,-0.0381618433026719,-0.0648342907821046,-0.00443848010034031,-0.0173370128341278
283,-0.00560777156966616,-0.0953964146844316,-0.011038291788782,-0.0581006895628477,-0.0530559596912269,0.00913474420039006,0.0142104822992775
284,-0.037948574953752,-0.0614944334025098,-0.0449593625118443,-0.0458606209846424,-0.0690218377522612,0.000385514363403956,-0.00593438029064124
285,-0.0075913037497831,-0.0672454827632169,-0.0554353404584689,-0.011935879093871,-0.0717718728884119,0.0255515902803378,0.0453701846866829
286,0.00025457404664643,-0.050858039322727,-0.0292952820497156,-0.0199655861030399,0.00124504119970104,-0.00661236490805171,-0.00721251774096584
287,0.00050028903697652,-0.0295581594670776,0.0189301824268034,-0.0472356018633285,-0.0471838345595788,0.0261121276768162,0.0220319610315659
288,-0.00326662532500038,-0.0683298966396372,-0.0294045021145222,-0.0535318800727494,-0.0300946903304021,0.0323508948045607,0.0245376072631514
289,-0.028544924238281,-0.0113629170722378,-0.00465579221935478,-0.0547078883899274,-0.0826591459067947,-0.0201182317983992,-0.0359205889761223
290,-0.0219710162774513,-0.0603673679056426,-0.013772271837044,-0.0633106649525386,-0.0118769105610659,-0.0170817744565047,-0.00700182271786753
291,0.0132190080782386,-0.0422055637083338,-0.0559057735685688,-0.0419510915936409,-0.0949945486525423,0.0135310469418706,0.0597681904838877
292,0.00499201682024936,-0.0690025144512,-0.0256891365484126,-0.0425692040532172,-0.0332732685774874,0.00211835384035296,0.00566790583408359
293,-0.00822846296038283,-0.0607368515739151,0.00566503710960256,-0.0686160664765915,-0.0534061654200932,-0.00440325782694535,-0.00697140854183329
294,-0.0301984941592763,-0.0286617689579028,-0.0222288209453412,-0.0554920395326428,-0.0758498545293378,0.0044599701675396,0.0380479342496557
295,-0.00789594148888951,-0.0500681143655015,-0.026776061000833,-0.0252061225363983,-0.161799839114921,-0.0388774947944129,-0.0203266101753119
296,0.00441414377533327,-0.0331568650607259,-0.045027466714648,-0.10126056524413,-0.109328474850457,0.0235992434933749,0.0245163359871817
297,0.0239709291641426,-0.056027523827319,0.0311832727251989,-0.0220666983697347,-0.00716643835178188,0.0421129257796593,0.0319479897841934
298,0.000490912786129963,-0.0538191133473488,-0.0101961010244807,-0.0520244880359578,-0.111257561039214,0.0180577620712142,0.0198202915219133
299,-0.00320548848786657,-0.0783109079124834,-0.00366800343386739,-0.0288103817550707,-0.123304848556234,0.0369915160449158,0.0387756716396556
300,0.00692665555466335,-0.0558835946562512,-0.0452037043497137,-0.0322874050778207,-0.0393401572956973,0.0048341895066405,-0.000183362714397811
301,-0.0212444918404251,-0.0534081441976883,-0.0555168547830096,-0.0980004538906471,-0.0828233650019849,-0.00137535343243821,0.00770024451867069
302,-0.0111868376805912,-0.0466101245577306,-0.0212697016282372,-0.0225427145887012,-0.0338960987110209,0.0243459484345611,0.0158084210177305
303,0.00138935326635003,-0.0711727372790338,0.0372918559418218,-0.069852440836994,-0.0550706764934355,0.00456281857647139,0.0146001211292122
304,0.0214970322541037,-0.0370249123303738,-0.0209189026118262,-0.0422459930457284,-0.064923741739231,0.0258630501103735,0.0513740912319799
305,-0.0350848723889012,-0.0243269525496713,-0.0299544668760121,-0.0697073087248711,-0.0922018722305811,-0.013018800171865,-0.0219006170360433
306,-0.0432853188495574,-0.059509080400975,-0.0379071278531206,-0.0666082761936864,-0.0311977466665798,-0.0454101999595862,-0.0175850429577624
307,-0.0149186567901344,-0.0504667510785931,-0.0190963041481328,-0.0797712899805811,-0.0462142872254512,0.00773091950071864,0.0100242434557017
308,0.0176413907723451,-0.0596262451038986,-0.0298823041259709,-0.0231687776872039,-0.0624448662558832,0.0315263395563993,0.0407690019686977
309,-0.00616752872034457,-0.0697760208161426,-0.0252990908556176,-0.035193064641268,-0.0294165870788561,0.00536017042586808,-0.00194124258449004
310,-0.00408758332157725,-0.0747581690304534,-0.0167515841090134,-0.0276521126154091,-0.107489472198958,0.0204871048886065,0.0225210315116808
311,-0.022970525037602,0.00343706128769355,0.00472296199499425,-0.057201027738043,-0.071062809721502,0.00674085728470331,-0.000420973146000495
312,-0.0340339098539961,-0.0201142499714638,-0.0585181439889374,-0.085563807087489,-0.0367440081466312,-0.0435039920191116,-0.0314781412690995
313,-0.011864048852121,-0.0225392209608064,-0.021845123617918,-0.047848413539449,-0.121729954830138,0.0066396319281272,-0.021494678971691
314,-0.0289996558925395,-0.0418226563638367,-0.0657564419871849,0.00499776269442243,-0.0383334475311838,0.0109463185677651,0.0177340745340946
315,-0.0610522400729722,-0.0399360032914317,-0.0359355489000864,-0.0946296600092739,-0.0837715878729886,-0.00679873706751544,-0.0194416101715378
316,-0.0452600071201851,-0.027663557988379,-0.054696419916141,0.00028854419290289,-0.0604047906916906,-0.0624936613544265,-0.0409179407588
317,-0.0426001214672246,0.0127935915105201,-0.0276791370520964,-0.0772536798090707,-0.0699438368515794,-0.0200304623302449,-0.019205425757723
318,-0.0079902497029699,-0.0551623254008375,-0.0435761980527956,-0.0235516155748179,-0.0724125915351028,-0.0190937508421565,-0.00722748354601223
319,0.00585224749707913,-0.0390334398536938,-0.0302958031673849,-0.0573255395870391,-0.0614312620532411,0.0374609667772224,0.0382308194267085
320,-0.0329352765449146,-0.0549311248897254,0.00926694843611708,-0.0585349573579886,-0.0860709301754017,0.00473376774055358,0.0168461232243583
321,-0.0194851977642232,-0.0263034930806428,-0.0339616683646341,-0.0230456771062074,-0.0413775216285153,0.00479300751280165,0.0143310349160078
322,-0.00152055842303584,-0.0233110461806461,-0.0429243370262515,-0.0463054431441201,-0.0723172393945944,0.0151869423497303,0.0134597440478923
323,0.0152435172314699,-0.0630120442939351,-0.0401219380094106,-0.0538773438422208,-0.0866495751556294,0.00294548155501134,0.0304564584183317
324,0.00828553290513973,0.00755224042714696,-0.0505166989855037,-0.0727339055811104,-0.0885219108821491,0.0408277232569147,0.0171967028125048
325,-0.0220705833020082,-0.0365294771214989,0.00519485590074717,-0.00363823036266475,-0.0880006439501743,-0.00158276235237055,0.00120204045826228
326,-0.0113895823552438,-0.0281001078844869,-0.015782717955004,-0.0436894925877806,-0.0840055081836455,0.00964231647668146,-0.00140668040256979
327,-0.0230528768398738,-0.0406494329394483,0.00155179740083145,-0.0659193743953169,-0.12072361368172,-0.00284218287358892,-0.0360653636913013
328,0.00107255059476025,-0.0628737404142081,0.0346239308564019,-0.0428564829704017,-0.0259201390931847,0.0308543507204411,0.049455396126943
329,-0.0393137133161634,-0.0304501195257106,-0.0309554531665878,0.0154219095330197,-0.0841634691778992,0.00666134026498506,0.0211957049049538
330,-0.00697343906451941,-0.0381778156475648,0.018764352126335,-0.0754907548290097,-0.106332538375749,-0.00357309178384835,-0.00201940931309791
331,-0.0112901100773818,-0.0207590685082781,-0.0387670029945034,-0.0903004883825468,-0.0958567017809758,0.034624998082917,0.0392118109696599
332,-0.00606819487809208,-0.040662878339471,-0.016042614685191,0.0117131367154716,-0.0879738178988659,0.0145640364360792,0.0194494669865385
333,0.024966128715818,-0.0527907359763746,-0.00710871555471275,-0.0907568679168782,-0.132963207706628,0.0646418042139848,0.0757544931401358
334,-0.0290467065013475,-0.0827743684258406,-0.0571206464245174,-0.0335828466405265,-0.00541400241344642,-0.013252081823374,-0.0125786581375914
335,-0.00656577176282404,-0.0178172726853144,-0.0300281217156079,0.000991038210817918,-0.0341891034718226,0.015080967956045,0.0181769956382349
336,-0.0315029700115436,-0.0425894106563613,-0.0324735146459606,-0.0870663751280529,-0.0904168261118179,-0.00993190447128724,-0.0188187679318451
337,0.0141160299615835,-0.0528325364394238,-0.0185460933803794,-0.0600718812741123,-0.075498841656672,0.012866413363243,0.0380230382710303
338,-0.0247421969742635,-0.0492000402323332,-0.00273430592253016,-0.0735524616954024,-0.125615841984299,0.00314262268230023,-0.00989978767633644
339,0.00668590929875731,-0.0652890873755983,-0.0252553021798037,0.0141207348628612,-0.0639048034531544,-0.00258200887962665,0.0060204302025651
340,0.00121015632910888,-0.0455785766895329,-0.0357247908021177,-0.0905377768978,-0.0871741171923572,0.0275131194011389,0.00512400261052343
341,-0.0236820555736856,-0.0607292199712409,-0.0792166883755381,-0.0373591422129227,0.00559074725921294,-0.0374524368164613,-0.00223935852059769
342,-0.015436790586547,-0.0678628224592795,-0.0634806325060569,0.00377249133831423,-0.023430274813893,-0.0293860959426512,-0.0400701360072363
343,-0.0107264700332579,-0.0395249531514779,-0.0447004272959751,-0.047864505185662,-0.0487096594398071,-0.00870589842166908,-0.0154511458494903
344,0.0138706431027011,-0.0886929474096373,-0.0242496105129742,-0.0131758550744883,-0.0669142443225179,0.0503788181024644,0.0312836425092484
345,0.00138540613232278,-0.0554597047042912,-0.0516013943394714,-0.00308531405750576,-0.069756799261522,0.00179051499553382,0.00137130859468017
346,-0.019813103515923,-0.075486011004605,0.0187902466855013,-0.0718245909523172,-0.1186657706059,0.0116039748939845,-0.000732462953052182
347,-0.0243998115213266,-0.0946556092688246,-0.0122158222139538,-0.0845255913871291,-0.088240321694841,0.0400808430666006,0.0318756794823574
348,0.00960547479355685,-0.0098406392404403,-0.0350878786394243,-0.0579821325762182,-0.0782341095411864,0.0280190132460296,0.00460125749440889
349,-0.0258088988902663,-0.058430450244445,-0.0469228660050373,-0.0112867766842736,-0.068479966576326,-0.012226210634246,-0.0219125762103602
350,0.00123102296796931,-0.0600105255286976,0.00413277011748384,-0.110175237849469,-0.0821362455793873,-0.00141293373473481,0.0129316575133379
351,0.00524141455087129,-0.0397000855783108,-0.0524767056684106,-0.000178372825679368,-0.0473327233140026,-0.0288216306154087,-0.0219811720837775
352,0.00901997028773104,-0.0835696416513104,-0.0353135688391185,-0.0200129070007748,-0.102988426751632,0.00512509208491561,-0.0000149123699822659
353,-0.0208132108746018,-0.0466248011041875,0.0309265829213806,-0.0295698785194944,-0.067442164843063,0.00769569076404942,0.00699648274258418
354,-0.00936928492034477,-0.0602226813407575,-0.0724558489741563,0.00390128966128642,-0.115101732974396,0.0297421988950093,0.0373871251020446
355,-0.0496455819079221,-0.0245455804082065,-0.0107372148277936,-0.0105347491268904,-0.0616280724017585,-0.0127909309611949,-0.0103875556593882
356,-0.0149557819469606,-0.0688754959470766,-0.0555183908022927,-0.0144864186544501,-0.0557325393178054,-0.0059268038574224,-0.0261541097667084
357,-0.0091203120075492,-0.0219196112941073,0.0164251554268112,-0.0736307762156873,-0.0532118293948129,0.025826064373459,0.0267130835098029
358,-0.00463787294869431,-0.0577221088074483,-0.0231579316690672,0.0179127646385052,-0.0415140792965011,-0.00344180822990255,0.0235783712722577
359,0.0223188415754312,-0.035803961445557,-0.0302604535814252,-0.0211972558767194,-0.049250326022016,0.0298526094339123,0.0329996334095496
360,-0.00360863274896598,-0.0392025496943611,-0.0455529099657694,-0.0124841775291589,-0.107463637523968,-0.0221020105599782,-0.0258754319208759
361,-0.00187524636688216,-0.0270516880575597,-0.0458596340463086,0.0101959125819892,-0.0948334111602377,0.00302566213365756,0.018672362518138
362,-0.0155157254827362,-0.0395683270862923,-0.0778838631534972,-0.014627887687603,-0.0428706281858138,0.0268739412089733,0.0284010205471772
363,-0.00895336452255058,-0.081998655067698,-0.0663799705308719,-0.0168833598732144,-0.0740770930434915,0.0105098131604,0.00839075969990996
364,-0.0194723634444008,-0.0535604669097478,-0.0306414282115275,-0.0381439307037542,-0.0437362057178976,0.00619285996694784,0.00875876955790765
365,-0.0155955187215682,-0.0116153426491134,-0.0694257997816531,-0.0814093633460252,-0.0915779984086865,0.0103528188141678,0.00653789110000269
366,-0.0178857692007494,-0.0547625943690741,-0.0313366499154846,-0.0746851104272695,-0.0563512324713978,0.0321094206548232,0.0323188169219439
367,-0.038038290313056,-0.0449038696137374,-0.0680429793340754,-0.0578215172902084,-0.0970513383455576,-0.0154901312694319,-0.013825557913274
368,-0.0215538513167576,-0.0477706097859097,0.0317933200882662,-0.0460633675056074,-0.0283575361468238,0.0108488396963079,0.0678926778871606
369,0.00009522878825418,-0.0820269138636503,-0.0306069741806062,-0.0291524654059608,-0.110352189965894,-0.0070117561554979,-0.00365719997333452
370,-0.0402076496117012,-0.0619599849925325,-0.00504741506212558,-0.0778079915663706,-0.0726963325003518,-0.031149996085859,-0.03182202366842
371,-0.024847740324127,-0.0524487450439176,-0.080069386307139,-0.0872930932904675,-0.0539026612577522,-0.0211493287746962,-0.0265469807301024
372,0.00130525143072279,-0.0548659877918342,-0.00393537751943177,-0.0556793728170325,-0.0203940733650856,-0.00350188163429923,0.00199427043547518
373,-0.0404842783359732,-0.0603593318744584,0.020237214162958,-0.112916720735642,-0.0891401313422443,-0.0234303179160024,-0.0333508318217657
374,0.000911818472254834,-0.0344148046120166,-0.046066381412121,-0.0409397342887497,-0.0607000559267586,0.0275169078794364,0.0302316622162371
375,-0.0145127779635012,-0.0257727976919501,-0.0257621910559468,-0.0509990603144487,0.0301017419915963,-0.0224303227107844,-0.0212747937641289
376,0.00558633517796496,-0.0464335603441071,-0.0196438255529953,-0.00651894111710002,-0.0356379295756992,0.0170509257752022,0.0210233118221736
377,0.0132738080670038,-0.0498718267629325,0.0119698974601929,0.0277706044162082,-0.0918771278951954,0.0434559114758277,0.0436472978554476
378,-0.035927147405613,-0.0800679643443379,-0.0799039101309738,-0.00287342022511147,0.00233518923816661,0.00184689644856409,-0.00336275929567682
379,-0.0219116208755226,-0.0214827699646394,0.00939034219723121,-0.0506957888790754,-0.0898415113057348,0.00927756388771817,0.0121010621664353
380,0.00296613299056968,-0.0654307214922673,0.036289081651004,-0.0512545818579345,-0.0792513178575161,0.0257430722513362,0.0256200722603878
381,-0.0283088713445155,-0.038573545745013,0.0472934135937027,-0.0679997411260901,-0.0668158920832337,0.00999837635789161,0.00928546581042236
382,0.0115797425167982,-0.0855128617713888,-0.013093339155122,-0.043512032704513,-0.0900269702178695,0.054988591338246,0.0548187001992804
383,-0.0103016719703387,-0.0727033232194539,-0.00121965080122856,-0.0454937550982053,-0.103797502348236,-0.00261932953687641,0.00377376637137034
384,0.0234095183269194,-0.0804273670437775,0.0406744360570986,-0.0221888760995675,-0.0462256818509166,0.0369045403805687,0.0390400106381094
385,-0.0409840610878583,-0.0245496409925434,-0.0741981280608891,-0.124992487607942,-0.0553207200797918,-0.0187353441129748,-0.0219865203604621
386,-0.012484401101989,-0.0180306536849674,-0.0958893302321114,0.0138235537615955,-0.0554540067703972,0.0338459469180182,0.0345010194764955
387,-0.0138809612326143,0.00684837890162678,-0.00791024664558593,-0.0828015723837555,-0.0856814396252821,0.0258883116652536,0.0404679533172041
388,-0.0138609028442752,-0.0763870337431253,-0.0508298892975012,-0.00353639973351663,-0.0394964530755144,0.038551507231116,0.0461201629668759
389,0.00112823451718656,-0.0484197030919377,-0.0213705051979467,-0.0249383859434849,-0.0928520435838078,0.0100690819825529,0.0174544243216187
390,0.00466609354922606,-0.0647828452509131,0.0268601162095325,-0.0946771415084456,-0.091683815286127,0.0308135843292362,0.0635713617360487
391,-0.0124087208348854,-0.0642075283208207,0.00540103864950049,-0.0661503880237376,-0.0331965440633741,0.00882058660845971,-0.0240543150692706
392,-0.0116710218537848,-0.044231064997173,-0.0228964138510741,-0.0284351175274592,-0.0349206202343439,0.00603174158952173,0.00749162507095624
393,-0.0196953500194522,-0.0544550736181256,-0.0629396225142937,0.0222922208839751,-0.0633461586621475,-0.0107345770070289,-0.0522538860149538
394,-0.0123274208913964,-0.0128888426962965,-0.0156270138546486,-0.0228671099804936,-0.0394912097419379,-0.0112164790778628,-0.0111139638839015
395,-0.0112705209091863,-0.0521685757981714,-0.0459402227265896,-0.0376650552443277,-0.0866200861253342,0.0209185404781507,0.0198131182273703
396,-0.0221147399829491,-0.107957962747229,-0.0279508384590351,-0.0351325681628985,-0.0948604199704811,-0.0227414113175015,-0.0094143129982537
397,-0.00405625256818458,-0.0469843594009275,0.0150512987979743,-0.0303226503979734,-0.0736489973828747,0.0179678255627802,0.0035897964476718
398,-0.0126809556854406,-0.0360467929998439,0.00104078905393296,-0.0727065954622311,-0.0393497498996378,-0.0157221893448392,-0.0166075176292067
399,-0.00236550585616557,-0.0613022906027198,0.00598499709813022,-0.0276317662667871,-0.0104787066604328,0.00632877366119376,0.00302331268962342
400,-0.00115592339357334,-0.0451796621171845,-0.0408912530697259,-0.0290465143826449,-0.0401270252633426,0.00800274165357949,0.0128738171608773
401,-0.0310559823452199,-0.0657541265081841,-0.0241674425073308,-0.0566460562589313,-0.116488944608623,0.0126769516005228,0.0181045113743549
402,0.0000446416627050625,-0.0827597358349246,0.0104025336330634,-0.0988855713638289,-0.0190330964902065,0.0051302407757356,-0.0000108238819708714
403,-0.00506321257741274,-0.0386944565943313,-0.040976319807097,-0.0162604901983276,-0.0356492675856327,0.0307459471219355,0.0286961807405986
404,-0.0147837815126406,-0.0505451362635935,-0.00860985170034792,-0.036289404878719,-0.0644701241697754,0.0143756570861046,0.00904186454592522
405,-0.0426374822225015,-0.0317637581317882,0.0032068211316458,-0.060564821692038,-0.136525132109344,-0.00460972624371206,-0.00881843244445157
406,-0.0400437603959777,-0.0476350157815991,-0.108158036552744,-0.0497915261422898,-0.108173195228932,-0.0116148132757006,0.0242515434001779
407,0.00578321047143718,-0.0212865675371169,0.0459758777798741,0.0348092519252679,-0.00992727591683462,0.00953049034610926,0.0254437350850428
408,-0.0160545203691935,-0.0605465742051621,0.0282649032767463,-0.00281585626337361,-0.0454604540964286,-0.00912907766914486,-0.0150280056920642
409,0.00659854231883374,-0.0427536880845175,-0.0362891727406755,-0.0197109044384969,-0.0833602289864398,0.0188411868884581,0.0279601620909123
410,-0.0110517224378444,-0.0266310986587582,-0.0106298137761649,-0.0463833918480685,-0.0751364634298857,-0.0157318220270441,-0.0173092934762057
411,-0.014703307534357,-0.0740050826018482,0.0265374188236678,-0.0322160812962511,-0.0705832349409769,0.0305027785748391,0.0210089575046964
412,-0.0122894924235281,-0.027828166345933,0.00860252190761743,-0.0424051375920016,-0.0852067383141179,-0.00222684628565244,-0.000308255235402302
413,-0.0413561332475267,-0.0324000900782999,-0.00212725314180072,-0.0611182762081705,-0.0396050636041214,-0.0182847303257767,0.0179588055098603
414,0.0147266030357062,-0.0962223984310999,-0.00292622479363744,-0.0590506593373759,-0.0502868872602649,0.00872605804941698,0.0318601391583097
415,-0.0476283104380077,-0.0132120104272481,-0.0413769627304206,-0.0421652617065598,-0.025067844890492,-0.0233694410337032,-0.0169956742411574
416,-0.0161162448478957,-0.0280615693436339,-0.0596646283329812,-0.0463719775205216,0.00396492065151699,0.00496894629506191,0.00496894629506191
417,-0.0162584305504522,-0.0220258211595685,-0.0131962378836107,-0.04300640695831,-0.0508773329605293,-0.0251370307929354,-0.0412108623077935
418,-0.018299602537925,-0.0352619469543966,-0.0147662282066994,-0.00964001264039163,-0.0180736659675958,-0.0125059364880448,-0.017601725596207
419,0.00900830989161855,-0.0334517973846587,-0.0770639359402581,-0.0112379612338289,-0.0759276137664063,0.0188441364164692,0.00230409310123653
420,0.0289098400881183,-0.0823935101682051,0.00868821022977895,-0.0527921770050002,-0.0674331836271822,0.038020160020272,0.0322855719598124
421,-0.0260674754622663,-0.0411196470529939,-0.0068982683599363,-0.024437595023376,-0.110507844317852,-0.0276541936588713,-0.0265231813867635
422,-0.0169110989982511,-0.0571849573385936,-0.0140993653584737,-0.0628452791469712,-0.0416399567110506,0.00632429754067342,-0.00581305819871204
423,0.00510972725703833,-0.069729670089668,-0.0265665191243925,-0.0534539736548204,-0.0172086399230782,0.0164573822673063,0.0182971951221649
424,-0.00622584393359131,-0.0405466149122318,-0.00616690235562731,-0.0824079810544612,-0.0354952098534617,-0.0237003077230981,-0.00307108214573793
425,-0.0357349838751402,-0.0444107149908793,-0.0803112872332306,-0.0739014816624146,-0.0363840335282112,-0.0194281570331296,-0.0155914743882955
426,0.017114756860815,-0.0724362844005142,-0.0659558827652869,0.0223206241351448,-0.00448791748547273,0.0313862261211651,0.0328101185023092
427,-0.0322530553858181,-0.0301822320019958,-0.104291484842803,-0.0373508706081787,-0.0524789783918176,0.000122727367239582,0.00891766545866214
428,0.00638106694317952,-0.0174114824307976,-0.0180654644782962,-0.0754205364453712,-0.0606188788786232,0.0413636543507479,0.00666266854301138
429,-0.0106800537116743,-0.054632630904484,0.0218124485859777,-0.107173100870936,-0.106376610377013,0.00233477030272614,0.00822259598305358
430,-0.0161544691959446,-0.0212499450849471,-0.0575543029629565,-0.0219555565030243,-0.0528494727413486,-0.00860532508391824,-0.0103541385268683
431,-0.0410218050390959,-0.00715183481360261,-0.011513247979332,-0.0713261167126946,-0.0720266384595913,-0.0444342467675698,-0.0338340577837229
432,-0.0325526895706075,-0.0473778995133122,-0.00164861211280673,-0.104223280300863,-0.103592114462827,-0.0389754631715198,-0.0252039163340497
433,-0.0130310511480621,-0.0465675852890312,-0.0468815485431288,-0.0151690671971543,-0.0614503715245417,0.0488344297280739,0.0477643462696258
434,0.0048251719346416,-0.0462150170947968,-0.0356446717976286,0.0433802138586039,-0.11647707121642,-0.00389813179706513,0.00496391811694641
435,-0.0152580795207689,-0.0358559561582142,0.000609201963358647,-0.0607729092528178,-0.0764871862128947,0.00127994006449942,-0.0140638009713495
436,-0.000938226707344739,-0.0092589575798929,0.030211764150108,-0.0195355096564503,-0.0184784587832683,-0.00412216570536002,0.0109281754538901
437,-0.0344451188429787,-0.0640509255698949,-0.0206572103624365,-0.0375089543379922,-0.0527268988462723,-0.0293888284913223,-0.0268935762753039
438,0.0208233590227417,-0.0613369547038258,-0.0229879681088617,-0.0826842281108442,-0.0550320605878098,0.0672197524930914,0.0714806817061816
439,0.0271888908734843,-0.0625878480982404,-0.0523441072581096,-0.111867547121475,-0.0927203853943912,0.0402667261048414,0.0215876761228463
440,-0.011764983562015,-0.0663748405473389,-0.084557829420694,0.0179468215902913,-0.0499764589622008,0.00812207138883271,0.01292513201026
441,-0.00506932108792161,-0.0270247962438331,-0.0110018544012593,-0.0213553990664838,-0.0947336068279129,0.0293358161998317,0.0288164319546035
442,-0.0299629014820381,-0.0754826566943296,-0.0092229991572281,-0.0538662836248337,-0.033918194204688,-0.0359379036963769,-0.030823876261835
443,0.0117131757872189,-0.0713952080068902,-0.0189353708120473,-0.0827088808562439,-0.0396617858600472,0.0117010869040206,0.0684180107819372
444,-0.0180442163084339,-0.0439961035521951,-0.0648449529205984,-0.0480612491009775,-0.0662887671121616,0.0208808625662406,0.00973219214883443
445,-0.0509231058229865,-0.0133607437893784,-0.0654928757061007,-0.0322193304265952,-0.0743425572559131,0.017379886772398,0.0285567646773507
446,-0.00754095500152591,-0.0630427451293288,0.000937694506847386,-0.0302064415415865,-0.0752765030079843,-0.00743389485408411,-0.0147724650850125
447,0.0137276355219892,-0.0520600387155099,-0.0328710187234235,-0.0881056219249556,-0.0724916498703665,0.0340805240967542,0.0260981388783594
448,-0.0174491393750807,0.00155507031375329,-0.0153396714766242,-0.0611721998578909,-0.0439727400211958,0.0123903206876226,0.012476123061361
449,-0.0192666584738628,-0.0193072373717049,-0.0158809731988622,-0.022062685883512,-0.0530980298390103,-0.00931177143126592,-0.0266567658209297
450,-0.00171726546036265,-0.0726907228319443,-0.0802636262157137,-0.0718110584415564,-0.0275324346586734,0.0404797116007736,0.0306425196041065
451,-0.0139395762577894,-0.0739944846601441,-0.00475901095058565,-0.0714240772683648,-0.0684953365537985,-0.00720995513316885,0.0185818827042074
452,-0.012604335692842,-0.0528408071597849,-0.0139592537649843,0.016629275409027,-0.0405020070411294,-0.0155725044044218,0.000406168597351445
453,-0.0291986598017365,-0.0597439704783101,-0.030979120459757,-0.0517833345037541,-0.113967700208636,0.0193449543881485,0.0449017533407153
454,-0.017821088128602,0.00668383578667139,-0.0186962662533708,-0.048967326066286,-0.087246178439961,-0.0271513930738469,-0.0205047000273998
455,0.00833540865953121,-0.0105593604666821,0.0000144825520377867,-0.0744605682345543,-0.0358517707655751,0.0306114524874074,0.0284876356856838
456,-0.0144142745630241,-0.0804705955123163,-0.0523705203326269,-0.0608935003790832,-0.0744465976846105,0.0107242206335203,0.00377624309237531
457,0.0174244251376502,-0.0424844898148957,-0.00100086417423159,-0.0380254116612123,-0.144996820002383,0.0564087731125041,0.0663982454596937
458,0.0211164796859447,-0.0248676004776106,-0.0239380970401366,-0.0484526447843959,-0.0435644432661611,0.0204925210832426,0.056437577321822
459,-0.011326308907817,-0.0284313200126739,-0.0264059386711,-0.0338795527767679,-0.0250135993834769,0.0145396073393837,-0.0185707292615425
460,-0.0124254330003818,-0.0437570918434755,-0.0674879497583044,0.0102233795654118,-0.0333940044249713,-0.00129814688800155,-0.00176599443554035
461,-0.0470033477802654,-0.0571054700148163,-0.0406049433695465,-0.0446050521284889,-0.0602512272102657,-0.0126399727351302,-0.0225593708892523
462,-0.0220734791320486,-0.0372988662875005,-0.104121338617705,-0.0319328333696655,-0.0579353906419791,-0.0268483700259052,-0.0245793013711775
463,-0.00504541325754068,-0.0302742835226274,-0.07859859983313,-0.127971001654722,-0.0888692900359207,-0.00651372804381779,-0.00267104590901765
464,-0.00280275427792184,-0.0731589125407311,0.00722495112182631,0.00950268625995207,-0.0692180267791927,0.00446777052288035,-0.00689162175296149
465,0.00313160452169613,-0.0362854925160521,-0.0639686075493647,-0.0135072206508403,-0.033628362123091,-0.00725471885351417,-0.00199659456739551
466,-0.0279635192222224,-0.0675493943548273,-0.0191929575389039,0.01690164726378,-0.0849935517172595,0.00365821851749064,0.0124469571781739
467,-0.0110743855328563,-0.0354456030075906,0.00177949813464542,-0.0660910149819684,-0.0205662375551212,-0.00406408879210312,-0.0028401958185378
468,-0.00284257379744585,-0.0261607990723052,-0.00307835270687422,-0.0775905380160165,-0.0692966094527078,0.0211844137058391,0.0353482448758679
469,-0.0112957268629315,-0.087364076669307,-0.0263036878254969,-0.11569534074005,-0.0873457529694533,0.0289027638377155,0.0200689055026237
470,0.014528643630677,-0.0132807325104081,0.00897299445576705,-0.020008733214797,-0.0489614376516386,0.0451159452471403,0.0278032845970381
471,-0.0148376780619944,-0.0523304648347949,-0.0317092277808826,-0.0525124159041974,-0.0798527089162432,-0.0177364021847859,0.00609709428448712
472,-0.0168206550346131,-0.0402128918152326,-0.0797429635759801,-0.0376928343629837,-0.0471079215256848,-0.00254057686214977,0.0265343492502068
473,-0.00571257933811603,-0.0477098681947647,-0.0319439545186697,-0.0972450753100527,-0.0394677581666585,0.0195582905531944,0.0239634031828461
474,-0.0148443670396518,-0.0542104657163621,0.00838568651961866,-0.0910146503612773,-0.0176801464848482,-0.000162622581294944,-0.0190845004941155
475,-0.00874611606877328,-0.0143202638751671,-0.0293117882852734,-0.0742523761821777,-0.14393097109552,0.0395257755968421,0.0402777579824155
476,-0.0186188976234895,-0.0713204413324776,-0.0119958213298474,-0.0452479006531497,-0.0882159717054425,0.0133461769819008,0.0102824052028292
477,0.00589811889209935,-0.0481485145876958,-0.0447744399495073,0.0142930776439209,-0.0880560635966611,0.018689247762578,0.0162216204992765
478,-0.00489124320107209,-0.0462171663056767,-0.0120327332875244,0.0257652756593227,-0.0543268474512989,0.0255373871956035,0.0341444414351411
479,-0.030861919836551,-0.0211730635963074,-0.0297425354405168,-0.016498565064953,-0.0517276194359474,-0.00526712341455839,-0.00761889394236972
480,-0.018675538745706,-0.0130336618369442,-0.066613068018215,-0.0224907019289601,-0.0614323200858855,-0.00243640848104602,-0.0144657485866581
481,-0.0124616797641261,-0.0670463340513305,-0.0412935751659172,-0.0104273867399633,0.063919267638178,-0.00826848587281084,-0.0120409846396004
482,-0.0161670320197047,-0.0218534809668127,-0.0684725030014502,-0.0557379473409346,-0.122774513544375,0.0514459234651689,0.0253991114847589
483,0.0113304847362556,-0.058532454523389,-0.015639485608043,-0.0667231671806175,-0.0594004943068145,0.0189272692437264,0.0519363402702055
484,-0.0234948087518824,-0.0458318191689542,-0.0259150327435668,-0.103820080269979,-0.0492833127164429,-0.0211239712814182,0.0165867523448716
485,-0.0122084524013697,-0.0413010713018166,-0.0254777892785313,-0.0518993478156028,-0.0502181592060277,0.0104021535955697,0.0134335235576885
486,-0.0270209070065788,-0.0483882144020435,-0.0348259204005918,-0.0501107989193253,-0.101723069117703,-0.00595042110606599,-0.0154772267142812
487,-0.00189997359543314,-0.0988222149340718,-0.0420286586112592,-0.0119364651878297,-0.0666138066776878,-0.0180468123316226,-0.00129108993550273
488,-0.0261482229429527,-0.0430795387956822,-0.011297100398298,-0.0233855950817424,-0.0757454383098618,0.019133727426026,0.00550024288798542
489,-0.0114124156945088,-0.0593705494355844,-0.016819961185127,-0.0522891036033495,-0.0761324680868947,-0.00117370166419452,-0.0139500772251492
490,0.00108647523770141,-0.0509707184977652,-0.0592503366789169,-0.0406478959625083,-0.102363126674557,0.00100220904225405,0.00396612248768033
491,-0.013907437050692,-0.0480974031842798,0.0324844042996515,-0.0491660521948237,-0.109776503517113,-0.00831607651300047,0.000720926096485587
492,-0.0267574626374508,-0.0659364025952754,0.0108709726299058,-0.0530494898350212,-0.0798224844231673,-0.0369105369107694,-0.0186286331764717
493,-0.000505624315544594,-0.0506664521806934,-0.017313478683054,0.00238610877616344,-0.0556864355238914,0.0261480359361585,0.0158197624818022
494,0.00464278192364782,-0.0209526016315585,-0.0151491941652848,0.0126447645722737,-0.0578543354840411,0.0144016941201889,0.0139872917893767
495,-0.00872205424930616,-0.0135776655400359,-0.0575672378323581,-0.0539686739997565,-0.0749795398097988,0.00219844566114711,0.0107565822947134
496,0.00283297524360385,-0.0827287804653394,-0.0154270462496945,-0.0247364669201198,-0.0951475464349699,0.0496177685722976,0.0390650690330421
497,-0.000294458113521585,-0.0349528616930788,0.0170716680889591,-0.0126802266907473,-0.0276387809907347,0.02248290479497,0.0200449454214549
498,-0.0159215327666809,-0.0467963521763831,-0.0432846486588084,-0.0234464848475015,-0.0216437388520671,0.0139834935587227,0.0381978579007361
499,0.00656896573825025,-0.0487870054127187,0.00428366082561438,-0.021515644991199,-0.0476985212490907,-0.00765766703520013,0.00568386565842295
500,-0.0116304871287721,-0.03927608733414,-0.00331292447408804,-0.0727856419377522,-0.0671095643512974,0.00885058481657588,0.0141033480611314
501,-0.010496185388639,-0.0789727941217256,-0.0359167878647415,-0.0255457787111994,-0.0983237825917428,-0.00556091928764695,-0.0142886150877691
502,-0.0414798257087448,-0.0195490394952244,-0.050914000427788,-0.0309810933440786,-0.0131354898053114,-0.00614264046518684,-0.0146987378752113
503,-0.0168815955396482,-0.0277584497393736,-0.0556128025411672,-0.0659928333007482,-0.0523319009523596,0.0256842385757083,0.049764505272543
504,-0.00941723088360884,-0.0274172596092284,-0.0118040059127396,-0.0545031977943454,-0.0442714758525486,0.00181240410949968,0.000193331529362663
505,0.0151096633518107,-0.0724078322808686,-0.0187982046828017,-0.0789287547633479,-0.0408461705338078,0.0561018680907049,0.031910718969022
506,-0.00940895218473381,-0.0477918470881324,-0.0450865249812164,-0.00864621504315169,-0.109914864070814,-0.020562635440023,-0.0351833959763025
507,-0.0174965038643242,-0.090024092457783,-0.00886071579904511,-0.0349416389311422,-0.054467587543236,0.00489027867545133,0.0169259107510696
508,0.0101301751422036,-0.0562671559630678,-0.0021398693304806,-0.0336816079329584,-0.0489915684691863,0.000707976050897771,0.00479618751371021
509,-0.00600914584312338,-0.0382001922729091,-0.012326608664614,-0.0103887646818907,-0.0620330155712503,0.0183751342113902,0.00445882801703767
510,-0.0153565945913949,-0.0582270495244271,-0.0173047870964544,-0.0557945897713255,-0.0465141665946963,0.0239852097685211,0.0240869411934144
511,-0.0202369356103206,-0.0358067762025701,-0.0355372732763057,-0.00165111698286949,-0.0570953131676966,-0.00153872934226849,-0.00879951331599514
512,-0.00783950370579616,-0.0532898755149603,-0.0473478237046788,-0.00921624860057862,-0.0785591135268419,-0.00484689600768962,0.0230038429491768
513,-0.0134257862623572,-0.0415251686635229,-0.0422898032509804,-0.0213700054357287,-0.123888965230872,0.0135276619014478,0.0114081353984771
514,-0.010899663768412,-0.0624012936790868,-0.0571413521962488,0.0268922248068058,-0.0793138407299132,-0.0161426048523459,-0.0332984079276238
515,0.00139470952020376,-0.074712299810164,0.00568439767353146,-0.09923277717146,-0.0274297330820483,0.0385761223580975,0.0222120371069561
516,-0.0295191412181118,-0.0373496068239541,-0.0246810226971556,-0.0375336991517278,0.00284135404162073,-0.000535108858810057,-0.00103307494434432
517,-0.00121351619953244,-0.0641969826626075,-0.0214391723070463,-0.055067693021264,-0.0748638416919641,0.0148012098683861,0.0235481403676378
518,0.0300210215189067,-0.0691536374667875,-0.0460380406519373,-0.0661043835206673,-0.0672598726519471,0.0670436652844057,0.0784964362458118
519,-0.0290841626231853,-0.0449589557099935,-0.0228757647219774,-0.05991646257196,-0.029533475326669,-0.01942929155366,-0.0103951231712048
520,-0.0261904460503102,-0.0508370845042222,0.0118002134813441,-0.0568839084110002,-0.0323295161213979,0.0150206061076176,0.00318962509151217
521,-0.0270721699626747,-0.0346879639286981,-0.0230539392178525,-0.0478021454751609,-0.0939210861526358,-0.00911193781160854,-0.0150146886717013
522,-0.00270447925832697,-0.061362548338831,-0.0436364534808174,-0.0259561960628697,-0.00614738239515583,0.00836254700464735,0.0176038382947207
523,-0.0230318035314149,-0.0630278264791667,-0.00465044116485477,-0.085724033153325,-0.0949414625516813,0.0249850770825075,-0.000190369237726751
524,-0.00791568225306834,-0.0494009961312502,0.0213849369401862,-0.0718391694772836,-0.0899598494559644,0.00473203005779228,-0.00688739847018573
525,0.0000855558192150094,-0.0544258447036963,-0.022427040010536,-0.063022672039348,-0.0854201536426101,0.0319426736814409,0.015041446228681
526,-0.000972518243379461,-0.0457584878427433,-0.0374108739665936,-0.0592604780279447,-0.0810620311447315,0.0379193754756504,0.0376051208425924
527,-0.00930304015336091,-0.0526066449332698,-0.0173890180698541,0.0059498501464462,-0.051488178171176,0.0360490242471928,0.0330560926872114
528,-0.0400923599617724,-0.0132832262254746,-0.0247902379931934,-0.0889281754491942,-0.0806488888463021,0.0140194171136242,0.00147947079108623
529,-0.0139805439476393,-0.0473778521688738,0.00316056528861822,-0.0554933491643497,-0.139327719741071,0.0189361095855753,0.0191579160622807
530,0.00447704740193031,-0.028949557747412,-0.0266686295742838,-0.0787126907443519,-0.0332829738987547,-0.00396366751650415,-0.0150591366928838
531,-0.0164428071117861,-0.0556890241308908,-0.0744724117839434,-0.0508156486309232,-0.0714691898088056,0.0133975997046339,0.0393227142803592
532,0.00291124487252634,-0.05992062600497,-0.0675758934469887,-0.0637195504358375,-0.081261631264394,0.0191240717185679,0.011372683734408
533,0.0117113306775403,-0.0827033281336021,-0.0214623753550195,-0.0270531855282947,-0.00428182042082764,0.0397581488211679,0.0339184165073309
534,-0.0324051603110889,-0.0364591041459761,-0.0140011859006883,-0.0230783238261798,-0.0429388705908453,0.0108481752010059,0.0113387946399199
535,0.0152059948730844,-0.0873135140846012,-0.0156575823293655,-0.0406759325753135,-0.0576830735380843,0.028168548637979,0.0400419809999428
536,0.00831193013045358,0.00989278103375128,-0.0364020836349056,-0.0290861153814403,-0.00854368912539155,0.0028576803054341,0.015005275998277
537,0.0235303665693698,-0.0847225822072504,-0.0279741803076588,-0.0349485198058876,-0.0812219033560022,0.0538344456300143,0.0491287329353598
538,-0.0141410720072913,-0.043535193644727,0.0439347875633203,-0.018635218506242,-0.0784631086350422,-0.0135440947177317,-0.0191897423375164
539,0.00954669907662937,-0.0670575843694679,-0.0540448645023169,-0.0313499369518034,-0.101212154244396,0.0342671562078952,0.0239886822596362
540,-0.0100751944746179,-0.0247472003174512,-0.0475845005502386,-0.065788401026186,-0.0352297096255486,0.00548536686413195,0.00570320535299024
541,-0.0256978355029172,-0.0336147311132108,-0.0317335598314471,-0.0697914108705704,-0.045375698896535,0.0108465247519122,-0.0132532901033087
542,0.00705468889700799,-0.0656596781884456,-0.000788395787919949,-0.0311830652653182,-0.0364379223061999,0.0558026101175534,0.0591552663787648
543,-0.0248008294458429,-0.0544890998466266,-0.0192615867519502,-0.0103220280339095,-0.0885300619934137,-0.0105200914621634,-0.00593183820895678
544,0.0114577338075185,-0.0539559686184891,-0.0559985968360285,-0.0438149339112133,-0.0505872097746191,0.00504311891686119,0.00548839374258311
545,-0.00188171339054585,-0.0722785862485407,-0.0388784101012853,-0.075531022870314,-0.0422612590892333,-0.0135322578432205,-0.0276090919936903
546,-0.00450571513856028,-0.0476298255447456,-0.0812861158983483,0.0140226477601837,-0.0990184721786574,0.0213916024440068,0.0206128911471885
547,-0.0201094752350195,-0.0503619645304201,-0.0683932582960982,-0.029246396714313,-0.0927624780288425,-0.0248578498045038,-0.0156246205922683
548,-0.0115298750450844,-0.00641873058963165,-0.0188092131552292,-0.0509542688444418,-0.138530016954714,0.0015502886185603,0.0158218748124122
549,-0.0445968102471222,-0.0285421458763931,-0.0457283372095553,-0.0209049539410394,-0.0358619666978575,-0.0328097135927559,-0.0261399691194396
550,-0.00336633860200838,-0.0494065311905313,-0.0491689297028234,-0.0192550590378238,-0.123601672990749,-0.00401984334277408,0.000853052641288744
551,-0.018019724622106,-0.0366833128845357,-0.0366449238485261,-0.081601003120506,-0.0920986830666238,0.00107055072450325,0.0122388264415512
552,0.0141891048785729,-0.058366001432335,-0.0325751093892021,-0.0612158425126599,-0.0695295527461848,0.0070433284731822,0.00550501663652754
553,-0.0170409302534692,-0.00266172178827455,-0.0251620818553314,-0.00517448683961225,-0.0473861752874382,0.0317252966773955,0.0578911387154968
554,-0.0248631786796309,-0.0168376222919255,-0.0535193212195662,-0.0458199649328526,-0.062863360116393,-0.0357081131910296,-0.0122284189628784
555,-0.0187017808877194,-0.0275340329627229,-0.041255278621754,-0.0193388822166877,-0.0680735644225933,-0.00775262424577421,-0.013956688612197
556,-0.0283224176796222,-0.0452525235891383,-0.0248565632773821,-0.00129201004005891,-0.0153762552088697,-0.00229588530765359,-0.00244029617148424
557,-0.00532953442800626,-0.0379772719261907,-0.0333746755156174,-0.0302021972575187,-0.0685827325224886,0.00916197718284779,-0.00039411104988267
558,0.0049190722400493,-0.0708701785312578,-0.0558988496113174,0.0253911533196626,-0.0481417514473585,0.00601525115446602,0.0120362989140847
559,-0.0306394834971258,-0.0559307491784101,-0.0462745062358562,-0.0320955405270888,-0.0853861534067836,-0.0213354227861161,-0.0160644514622387
560,-0.0151783628248628,-0.0582510698370364,-0.0567498601038285,-0.0616861256812627,-0.0374009286287952,0.0154499664533041,0.0165966468566813
561,0.00421816188343837,-0.0475262230546821,-0.0160911125373053,-0.0463754537860291,-0.0634579028043154,-0.00123586010323157,-0.00639526211628894
562,-0.0271867944579744,-0.0411978259856612,-0.0144348722637294,-0.113916924281131,-0.0708490709274728,0.0288006282044857,0.0100654037938951
563,0.00588820686456583,-0.0177780388899702,-0.0847648752203409,-0.0622369437814998,-0.0597707600268574,0.0303211290902364,0.0267818748673374
564,-0.00992575579187963,-0.0289210787570153,-0.0149252216879653,-0.0642800455485071,-0.0252160999423405,-0.0361955387975668,-0.0407797801298044
565,-0.0193159580935792,-0.0527960222552566,-0.0346929699064172,-0.0521223418467708,-0.0626352184512962,0.0131030130801466,0.0062546600569659
566,-0.0344798848744733,-0.00436228978478209,-0.0164927930384469,-0.0540108581276408,-0.0675908501002234,0.00130703335298284,-0.0219000844830965
567,-0.00229146853158506,-0.0501045123166741,-0.0392215562303921,-0.0454862706467654,-0.0516903907953312,0.0164398678183415,0.0196475259682233
568,-0.0340779709502039,-0.0479529279184181,-0.0489778126451448,-0.0728411776958546,-0.0519408715780075,-0.0248830704512919,-0.0326324332268578
569,-0.0249281186079531,-0.0540171343478646,-0.0750735134487298,-0.0667911817410644,-0.0361885189266565,-0.0335563669886264,-0.0375863254531161
570,-0.0139088169731841,-0.0285083827288038,-0.0351791709805432,-0.0475460206418902,-0.0396708682309314,-0.0212868269066089,-0.0220928705527437
571,-0.0200561730699017,-0.0507515919547653,-0.0503028305302456,-0.0363870697736136,-0.0345447658604112,0.0299150962449996,0.0218337608789973
572,-0.0202246240855134,-0.0576067478478091,-0.0309637637861074,-0.0490317104912896,-0.130540999847366,-0.00539334000258648,-0.00235833265032805
573,-0.0192107828247435,-0.0782471441543366,0.00213378628233957,-0.0173281144386769,-0.0358333663940094,-0.00599604374247341,-0.000551992119237545
574,0.0115526205743735,-0.0687102961868576,-0.030951800974272,0.0165133789829228,-0.0893229131003003,-0.0152629131448762,-0.0263832062329881
575,-0.00275956264391551,-0.0306736978456731,-0.0179263525685748,-0.029940298833284,-0.0853975357422199,-0.0134912226279008,0.00635318674007717
576,0.0138664454794664,-0.0896252626816782,-0.000232384936028424,-0.0393698904611825,-0.0874655927933949,0.0294397778493399,0.0317681450068683
577,0.0113747183888695,-0.00408848607367486,-0.0181051293089087,-0.0367825552341584,-0.0794375523409378,0.000914873166792451,0.0252706788964837
578,-0.000959414159874605,-0.0400118075718941,-0.0083253550407342,-0.0719861578457824,-0.0662431956500223,0.00986992391686468,0.0165353074339604
579,0.00767315542007888,-0.0228901904033658,0.0161149809608808,-0.0375325924299172,-0.0606557918695909,0.024055224950554,0.0367953542774069
580,-0.022401073932719,-0.055478869288387,0.00315216064642597,-0.0350292306006341,-0.0952102525006845,0.0056636820626964,-0.0156881672592994
581,0.0100139566212744,-0.0409879347801589,-0.0472801996786038,-0.0995028856170224,-0.106555840471236,0.0210209473483933,0.0281330235306308
582,-0.0207285085999943,0.000252762015631069,-0.0571157829641734,-0.0321728550416515,-0.0193097207764857,-0.0144722626247437,-0.0106445790621742
583,0.00335513373148045,-0.046407587686949,-0.0208293932920644,0.0227755989953329,-0.0776355837606704,-0.00654953741384848,0.00089151113826362
584,-0.00664759803844771,-0.0197611982457677,-0.0243417974698531,-0.0386710719677826,-0.0645589032354235,0.00791940929116534,0.0223089301876092
585,-0.0265901386258144,-0.0421484740167743,-0.0342737272374946,-0.0122172097655555,-0.0322432918039132,-0.0145232678195007,-0.0131041735651138
586,-0.0145067810168023,-0.0554580883329615,0.00955084815293472,-0.0825956307061126,-0.0481784918526309,0.00899291791378423,-0.0118770778536397
587,0.0222472801944953,-0.0505712836356446,-0.0417821098552788,-0.048013742540696,-0.00505329196567056,0.0279744904350129,0.0279025431222196
588,-0.0137295090404184,-0.0417765436926463,-0.0375477013530875,0.036418774220342,-0.0636930795564878,-0.0254094209901344,-0.0266523731178069
589,0.0198995370248964,-0.0692090524056824,-0.0250978190951973,-0.0784504512778166,-0.0716410451711556,0.0267142160466078,0.036044130529377
590,-0.0245431127402456,-0.056107009536567,-0.0335973428584034,-0.0538049843723767,0.0318863176959902,-0.0199198297237835,-0.0430067906387121
591,0.0030271336151968,-0.0380567620244633,-0.0194153368179995,-0.0633822843580398,-0.06104543266884,0.0102545431037462,0.00791073188273268
592,-0.00185402350271305,-0.0438099407435062,-0.0150565243284206,-0.0547529422369228,-0.0441617238477739,0.00995713716074696,-0.00435672713315324
593,-0.0194793395946802,-0.0158454933856434,0.00774006022784463,-0.103541865745065,-0.0508387051099374,0.0236514870367315,0.0230830314566746
594,0.0185274017814659,-0.0770270372985323,-0.0263651706748376,-0.0377906595554016,-0.108122882102248,0.0194292220146005,0.0204388597371195
595,0.000604139007618992,-0.0694935495275496,-0.00526932655702542,-0.0436822241047721,0.00993714453290967,0.0275208320494838,0.0237608829300604
596,0.000883914074817777,-0.0428358805927594,-0.0307765604977026,-0.0963629479196292,-0.0418023738915168,-0.00906901394976106,-0.00468606821327849
597,0.00315508301352792,-0.0387048278697874,-0.0360350832401859,-0.0818744427880234,-0.0936373770197737,0.00126357907687877,-0.000138170742278829
598,-0.00192443395126813,-0.024862074993385,0.0231354152063572,-0.0542142451484545,-0.0780802206838648,-0.00086986117329467,0.000631835494124752
599,-0.0232089446285109,-0.0912588026084938,-0.0635483363344876,-0.0213697520750853,-0.0558821634567474,-0.0105302862041053,-0.0239948858800941
600,-0.0230990725549707,-0.0518716444218128,-0.0143588445050976,-0.0759149799752148,0.0100873358574842,0.0246962821147932,0.00202107492260976
601,0.00596910867815142,-0.0653582728535447,-0.0167664460840797,-0.0161494291967481,-0.095900234306186,0.0537840714144825,0.0553858295833835
602,-0.00861175470452123,-0.0283185229116448,-0.0616749695781779,-0.0351552381746208,-0.128262201749877,0.0409112687889638,-0.000726088790774716
603,-0.0249024123109877,-0.0357511736827466,0.0032814065141631,-0.102953456098381,-0.0459259728425409,0.00192507741558495,-0.0153414089475506
604,0.000449267425828875,-0.0515570223408321,-0.0406704066125792,-0.0220466084794719,-0.064242925369032,0.024499629078443,0.00272334721247011
605,-0.0115258792830618,-0.0673622603395507,0.015065346365968,-0.0551204364646991,-0.0295254803280178,0.0316027403793641,0.0252932371230901
606,-0.0355952931101272,-0.0478804285252414,-0.0270336293483258,-0.0193263273071146,-0.067000711027385,0.00920031830225878,0.00912546582770145
607,-0.0329148910206945,-0.048372009396864,0.028218554687844,-0.0273531029217917,-0.0727975407556179,-0.00680438721211751,-0.0064187049442996
608,0.00198810234626469,-0.093735121026252,0.0148646236928791,-0.0363716836681993,-0.0415768165926839,0.00475780452770317,-0.0274244414553324
609,0.0108502241556571,-0.0237318161689977,-0.0590358890969811,-0.00642568757691298,-0.140562010947495,0.0256533715351336,0.0315755709272039
610,0.0016423926127854,-0.0570236273178405,0.00871415599031633,-0.0573062279943711,-0.084410564421401,-0.0294503576694479,-0.0428058361780604
611,0.00699864612430852,-0.0738730537258076,0.0111117233766133,-0.0615736231123959,-0.0699265027278289,0.0121458592859801,0.0524268664838716
612,0.000922895441844221,-0.0260842921867415,-0.0670894361102555,-0.0748132288075335,-0.036914796852943,-0.00465620372719257,0.0008433624892243
613,-0.0119969885729031,-0.0606400281882652,0.00745330885237241,-0.0989995347201152,-0.0828060479860633,0.0471170281547205,0.0523236604547404
614,-0.0162111381824183,-0.0760856641715687,-0.0385997206479997,-0.0832583209605441,0.00888182243599672,-0.012118580634776,-0.000620621106801531
615,-0.00404057771398857,-0.0402510585367137,-0.0687363805973361,-0.0342796132335778,-0.0686060469324867,0.0253021701725406,0.0338744947543215
616,0.0055905428451038,-0.0833916512466199,-0.0279975983692837,-0.0652109583412064,-0.103049319364195,0.0431729651371342,0.0137428131719479
617,-0.018093942452932,-0.000559783510964834,-0.0155547586422273,-0.0449022158626214,-0.0349230893539692,-0.00455095368262794,0.00150273550693888
618,0.0210582009367403,-0.0854786688107877,-0.00442037816680535,-0.0915554103550611,-0.121111780524941,-0.00196394641089635,0.000562511451408849
619,0.00956797496109639,-0.0750256912338776,-0.042207535845383,-0.0417459604588574,-0.0793495485659199,0.0224223090270014,0.021401479789899
620,-0.0200933736067289,-0.0693474998810857,-0.0160767197901628,-0.0540717027533983,-0.0905556781860627,-0.0149388455555954,-0.00843570705651546
621,0.0102587448775925,-0.0270821299555878,0.032822238438222,-0.00702666964009649,-0.0669013906137925,-0.0139506579257833,-0.0110330355290074
622,-0.0171994219784116,-0.0799373822237666,-0.00476917536192367,-0.0770141275229933,-0.0478692695859583,0.0181907437117507,0.0200175619131099
623,-0.00295464267735853,-0.022619281168382,-0.025082217605214,-0.077958775751168,-0.0528703201482081,0.00899207356281752,-0.00743440511928106
624,-0.0207820259258151,-0.0572831006922841,-0.0656172090322953,-0.0738869733124562,-0.0931580754399736,0.00938694890914441,-0.00536845747994761
625,0.014129629494756,-0.0315549181345904,-0.0375298297504568,-0.0827613351914848,-0.110272235071064,0.0432981741387438,0.0468346555262809
626,-0.0117068724384815,-0.051140206606672,-0.0516765953204936,0.0165000550982628,-0.0479192731597782,-0.032024444772969,-0.0260498799425678
627,-0.0140481937789533,-0.0610531465261391,-0.0478674305720019,-0.00168875982521691,-0.0209313496137778,-0.0169826169947006,-0.00700712781615932
628,-0.0136711575155447,-0.0598604951156144,0.00102380463290036,0.00612492988871879,-0.0979273523132103,-0.012276624282653,0.0337704728079666
629,-0.0134045785791116,-0.0712232867969229,0.0246391293126359,-0.101971490057286,-0.0745704863559321,0.000804436285485183,0.00143671519551853
630,-0.0195229165561792,-0.0505941473764587,0.0181460173511572,-0.0400722780361249,-0.00622105790394278,-0.00417980210640412,0.00733078972876809
631,-0.0152520798877682,-0.0678603708851832,0.0369120807950111,0.00100339962867754,-0.10848792454036,0.0129907863748727,0.016639607808353
632,-0.0116619345527835,-0.0478702469484472,-0.0639920769049351,-0.00910222360738999,-0.0363839438272184,-0.010775003650806,-0.00843058496057207
633,-0.0145139376137495,0.0116284746037251,0.00127462641175027,-0.0551896813822977,-0.0373099740704597,-0.00319587852493956,-0.00154208810009747
634,-0.00178007273968442,-0.0662579220740809,-0.0614130450621733,-0.0104962088829341,-0.146418277669349,0.0189331891279741,-0.00169949170617599
635,-0.00516359805793552,-0.0447311526261322,-0.0716926105523492,-0.0681526285703478,-0.0176768600770407,0.0361382586147485,0.0574394848995285
636,-0.0133507348314982,-0.0305101364805571,-0.0255850538857824,-0.0564907716559951,-0.0437539400721812,0.0362216548340589,0.0368514164740358
637,-0.00798227743951949,-0.108389618817658,-0.0131795240575217,-0.05101043561682,-0.0390984151613053,-0.021981347907247,-0.0247153607288383
638,0.00134015563677012,-0.0400791498638208,-0.0134202600442653,-0.0560720375539766,-0.0839080880512115,0.0157364614330529,0.0287357761778618
639,0.00939887503430972,-0.0704858822782684,0.00841777836771399,-0.0205822936961852,-0.0773331847689918,0.0272683796200803,0.0462109771971851
640,0.00298683256389787,-0.0497139852091654,-0.0419828162274078,-0.00642405164442697,-0.0770998793697595,0.0415522362024353,0.0293653180012752
641,0.0146259433339044,-0.0627134517277202,-0.0303203327414738,-0.0141463344941825,-0.0690246583848051,0.0435487753282263,0.0332548279758261
642,-0.027150640850649,-0.0657220683862254,-0.00987465297440637,-0.0595155250850269,-0.103056973651291,0.00117035745552256,0.00980791365424785
643,-0.0208177912576501,-0.0546392977720121,0.0215091158812787,-0.0286587586227453,-0.0656459871349302,0.0125654474815766,-0.00241633345953937
644,-0.0278520180382333,-0.00203376273385751,-0.0384916684798608,-0.0509533312280559,-0.0639625078475337,0.0188398276108137,0.00695723895133491
645,0.00235248419328438,-0.0941747389169873,-0.0273448199741363,-0.0106461999104261,-0.111650275012315,0.02423568792849,-0.00299205830281659
646,-0.00703187633446554,0.0101545139802591,-0.0641984486167003,-0.0907904303063747,-0.103536858341924,0.0349675277623294,0.0366666594508347
647,0.00864713946658895,-0.0289921872688381,-0.0393893386748693,-0.00496665827804144,-0.0639354012977335,0.012532637282342,-0.0108502695371267
648,0.000962840567678043,-0.0704854130803323,-0.0531584434757022,-0.0337163944726906,-0.111623006175129,0.00691656917432082,0.0172787632062192
649,0.0240735246000208,-0.0447002823127713,-0.0627088619840885,-0.0675134473025619,-0.0859107276060195,0.0341606676849085,0.0303575884807002
650,-0.0100984385050347,-0.019484430790836,-0.0254696426156517,-0.0568176951107679,-0.0315384424002544,0.00163975050129685,0.0228857749497652
651,-0.023938830691154,-0.0856182241670708,-0.00958358304621867,-0.0315272887343144,-0.0212091929888391,-0.00709807773264235,-0.00967618072559224
652,-0.0127543275717725,-0.0119137889724025,-0.0239608045884938,-0.0213406038164441,-0.0860000977653219,0.00932818271640533,0.00805049865360916
653,-0.0310835885947483,-0.0408369378364543,-0.0116302792525664,-0.0406379766386777,-0.0370667363995606,0.0122810532643209,-0.00511942054195867
654,-0.0241533293750139,-0.0574958860284735,-0.0393546945077013,-0.0724494146304197,0.00777783212045013,-0.0274733108293251,-0.0068002572872051
655,0.0172722086995301,-0.0770623111938846,-0.0258298542923566,-0.0431474653165301,-0.102448796697347,0.0452439604428194,0.036139782435454
656,-0.0160266900040683,-0.0667440028173682,-0.0607830869761749,-0.0431874962556575,-0.0876951476250573,0.00660309732834789,0.00960507553215986
657,0.00632208631494661,-0.0386142810887183,-0.0545072939228128,-0.0632422720694605,-0.0711234149721819,0.0246495184197801,0.00965022964169573
658,-0.014269935749807,-0.0152094048688612,-0.00861426004976773,-0.0422296071201593,-0.0730132749218397,-0.0118877699017881,-0.0103462533706175
659,-0.0379695808803315,-0.0584513821888526,-0.0346218275644088,-0.0939968155464626,-0.0611176220814847,0.0239201529471811,0.0235766168808425
660,-0.0318421285951163,-0.0880836174337519,-0.000448656431580596,-0.0293179799820105,-0.0765385558210728,0.00996501885797763,-0.000960912294847779
661,-0.0249683319975715,-0.0410446836219595,-0.107893220675876,-0.0294628986342445,-0.0969200247798456,-0.0405655280959867,-0.0386028123757882
662,-0.0151437016363229,-0.0604204404514821,0.0390034637985829,-0.0741427989011231,-0.104757755639294,0.00742010425224014,-0.00142107457814066
663,0.010074175891452,-0.000875018619773515,-0.0360887547484261,-0.0685238984815233,-0.0862200626395878,0.00922813940073997,0.0351292290158723
664,-0.0146349010986848,-0.0647457002495125,-0.0764731053169582,-0.0530670375503025,-0.0512591476971063,-0.0272090658957363,-0.015648640999474
665,-0.0276315698982676,-0.0162870628206564,-0.0635142864208985,-0.0211919682790001,-0.093134735850146,-0.0434963282522523,-0.0153883073031501
666,-0.00800702490539785,-0.0234308228603462,-0.0581274720842568,-0.0459013880146597,-0.0829842578351508,0.00531894950015795,0.00457907424143079
667,-0.0158427994587802,-0.0408310045485856,0.00808662045530228,-0.101170065923103,-0.0628291076891855,-0.0181126357233707,-0.0107845842494453
668,-0.0042364084818751,-0.0714663878530636,0.0221490209718144,-0.0894106113642238,-0.0361328713566567,-0.0200214949989402,-0.00840819560064608
669,-0.0367530440237312,-0.0531933057812388,-0.0174556462958094,-0.0447352093052773,-0.0610652462649714,0.00986387619185329,-0.02279755088254
670,-0.0310723945439737,-0.0292005010337923,-0.0244636981976687,0.0163217207450858,-0.00757891328036153,-0.00804653131148336,-0.00938829020592246
671,-0.0206086637562784,-0.0276741864211184,-0.0126493355079668,-0.0349260968260508,-0.0617615300212555,0.00182610490659223,0.00157345212249791
672,-0.00584535059723896,-0.0472222771984347,-0.0243385796240299,-0.0332903578185636,-0.0816680940271492,0.0101550855996077,0.000883688351902848
673,0.0165096956160088,-0.045998040486152,-0.0552591483815294,-0.0247113762090804,-0.110088165797647,0.0137126495822771,0.0163432953837619
674,-0.0207202532336903,-0.0599913111432977,-0.0167198907933529,-0.0551690423016815,-0.0607565391441122,0.0178998321926395,0.00965360985174794
675,0.0112018148255269,-0.0607223378340974,-0.0166446394500232,-0.0734492753375123,-0.0622949371752822,0.0227953656145916,0.0249862619210735
676,0.0236911651170716,-0.0488303242436555,-0.0103524576913854,-0.0157128037516512,-0.0337547840521008,0.0156232157451626,0.0592855665739227
677,-0.00311544611660564,-0.0542877835046428,-0.0361567657149384,-0.104192658073699,-0.0831872155689289,0.0117692258062118,0.00619184550163533
678,-0.00453088874897986,-0.0468140106829167,-0.100048627334095,-0.0680065050401009,-0.0796107739710991,0.0164911256148376,0.0322914865598882
679,-0.035114925390082,-0.00180346080589065,-0.0178137929744122,-0.097577199083135,-0.0693648226798958,-0.0416206351552257,-0.055842026675423
680,-0.00263968757997038,-0.0681414555360932,-0.0573731336616224,-0.0675394017050656,-0.0643872360573782,0.0237796316734046,0.0243258546489368
681,-0.00378374833891299,-0.051257095177036,-0.0275552585529494,-0.0473451096527714,-0.06015593494887,-0.00165256820857224,-0.0111785858111799
682,-0.020901774093995,-0.0643209320247478,-0.013741753020108,-0.0990238368817643,-0.104556308977909,-0.0297678304161507,-0.0400177876046746
683,-0.00713999486255561,-0.0742855975795181,0.0119183664906754,-0.013320996718211,-0.0189627020724486,-0.0072948748011978,-0.00952674075368291
684,-0.016925911444119,-0.0560401125944496,-0.0221858234958775,-0.0585054512890354,-0.164886881932252,0.00352458451328846,0.0301238041967767
685,-0.00537610304255461,-0.0778175552687082,-0.0223455012877499,0.0222296047068177,-0.0618180750663364,0.0166731550411241,0.0172038190540496
686,-0.0148611440649595,-0.0295222249092474,-0.030723800141315,-0.0270658052168671,-0.0056606410557169,0.0096027653064119,-0.0322674911126287
687,-0.003627577242474,-0.0378106623121338,0.0172490317940285,-0.0559765897133493,-0.0968127882728089,0.0225331440310722,0.0388777041224913
688,-0.0204489363813954,-0.0026121858435019,-0.0210525240899335,-0.0574536652893171,-0.0858506609401942,0.0208951824977119,0.0217640656019476
689,0.0191342110329711,-0.0574771331081421,-0.0350713064082348,-0.0121310055111157,-0.0938906346600427,0.0330984629237825,0.0260057584633429
690,-0.0145491218590853,-0.0550231669213862,-0.0127255458099892,-0.0473452213267767,-0.121003671660968,0.0103033732427522,0.00958742283851456
691,0.00405575206546948,-0.0589499187835242,-0.0726234116134381,-0.062021676144848,-0.0647721067765087,-0.0298354527851457,-0.019582678202141
692,-0.00143651894175553,-0.0698926733414228,-0.00256696684412119,-0.056849292771866,-0.0867136803253585,0.00506760815912053,0.00388123564932388
693,0.00902429745978357,-0.0779072186447204,-0.0277839251889811,-0.0507817813194434,-0.105252171423851,0.0349757875550207,0.035768229812571
694,-0.00962058267515629,-0.055779946074494,-0.0553040802104521,-0.0296939627206354,-0.0659110105200715,0.00178871392498894,0.00356922451719908
695,0.0152175492580915,-0.0447163678730501,-0.0526979351949962,0.0300869764909067,-0.0759293144256006,0.0517322683880095,0.0163982995949143
696,-0.0098207802867188,-0.0660429688402226,-0.0173497992452902,-0.0411212678703848,-0.0740555122255417,-0.00676649886624339,-0.00640803918962848
697,0.0233785217659424,-0.067985331259975,-0.0157171268684359,-0.0449280681172984,-0.0698009538382348,0.0851839174159456,0.0968114811633693
698,-0.019984057750243,-0.0311399687586803,-0.0278035270558397,0.0121467329318457,-0.10787841421953,0.00509511642245673,0.00880813253781494
699,-0.0117079233402348,-0.0429632673047212,0.0174432655678218,-0.087203210923303,-0.0611761959585522,0.0081034213015307,0.0122429445984331
700,0.0022072272961296,-0.0448254549938243,0.0142808144137718,-0.0368010953882422,-0.0887693509965701,-0.0220920725955011,-0.0209075069320931
701,0.00236709509090577,-0.0850014899161982,-0.0300957844585438,-0.0757920635247035,-0.0731736991401499,0.0308927149269434,0.0222321118298946
702,0.0270692406645232,-0.0913044231995277,0.0210105795088045,-0.0670126823961889,-0.0476426280748263,0.0305686833752566,0.031087425746885
703,-0.0244797842704676,-0.0648937276278462,-0.0267645308021486,-0.0557287276147816,0.00288306746041539,-0.0298156956087702,-0.0334275167134265
704,0.00643217654251017,-0.0429963717496751,-0.0156776385064041,-0.0431575449260808,-0.0574754712687977,0.0126838659073153,0.0354048879159184
705,0.002968347867423,-0.0509654985770048,-0.0640710484223145,0.0566812918063537,-0.0561566511035516,0.0446918766851861,0.0815602953001367
706,-0.00202274566581468,-0.0709229903688855,-0.0396650348136649,-0.0384939504387206,-0.089449821646348,-0.00582968574844942,-0.0101850522197628
707,-0.00877302967822394,-0.0378977749826545,-0.0980319634925834,-0.0310334256010214,-0.0716545384843092,0.00982258360663481,0.0187031112000223
708,-0.0330191094919719,-0.0144072585987667,-0.0172410680814786,-0.0505800415535548,0.00319105304916201,0.0114201946696631,0.0359064697400038
709,-0.022174005126504,-0.0388184439616569,-0.0412682746508371,-0.0422408894442245,-0.0955211488001432,0.0204786111886741,0.0262893873341359
710,0.00411344595916406,-0.0533445977734156,-0.0328061888338234,0.000822304030035581,-0.105223082009824,0.0106917973906966,0.0138340970762959
711,-0.0190331940519754,-0.036864340196164,0.020600026649127,-0.0520484013809197,-0.0620033499450192,-0.00150390942109161,0.00827930342642063
712,-0.0329953769139363,-0.0617945555810707,0.00431349900041328,-0.0277507977078835,-0.0611219130129944,-0.00825291451802006,-0.0037506614319715
713,-0.0143025470231536,-0.0822690273734247,-0.0179193733433229,-0.0774524955842238,-0.0972768161282953,-0.000503868403386336,-0.0157816335333262
714,-0.00167120210144589,-0.0510818579451284,0.00650467413507974,-0.0648321229829872,-0.0642916373214419,-0.00916773696130131,-0.0060544551857877
715,-0.00780378383443872,-0.0642182859978324,-0.0134632166298216,0.0366906120629126,-0.103353120148019,-0.0122804453747903,0.00593598673519303
716,-0.00343616327846415,-0.0538852906945289,-0.0144202735125825,-0.0165365816782256,-0.106788262931293,0.0402872929649099,0.0367242799311892
717,-0.0299175501853125,-0.0000370255576839229,-0.0396059015278248,-0.0492854895865835,-0.0603483630077309,0.0141034689127675,-0.0281475051650595
718,0.00953880240004986,-0.0515160288048489,-0.0507615074455367,-0.0710130342659489,-0.0597701595787147,0.0173891957470673,0.0134015457920004
719,-0.00498330972608369,0.00830066390847753,-0.00533952114100321,-0.035629220135895,-0.0695987818576249,0.041129302393227,0.0584467486492705
720,-0.0087181399156446,-0.0589067143200064,0.00315177694319405,-0.0397192063382493,-0.0904462949057686,0.00876160466521588,-0.0140968728974207
721,-0.00952802138276972,-0.0548557282002387,-0.0324630719336725,-0.0152452011118322,-0.00767795246911207,-0.00670310707545107,-0.0223874958881094
722,0.00468445751507866,-0.0405897975786679,-0.0344817168188246,-0.0321513786610346,-0.023213278985514,0.0380390364592266,0.0350605658144394
723,0.00566359688646478,-0.0636575023926993,-0.0129567372223246,-0.0330801393463724,-0.0458645710663009,0.00672237511301529,0.0353861744582882
724,-0.0613335752798123,-0.0653001977494314,-0.0450723321842165,-0.0500970807856951,-0.121046470972133,-0.0747737106746365,-0.00412251664202576
725,0.00631500852016903,-0.0247001638719054,-0.0108159731720747,-0.0348972541950261,-0.0533616792264208,0.0154149325789606,0.0193103031933024
726,-0.00508490771721062,-0.00300514722638599,0.0104252160997524,-0.0543785141605804,-0.085730102967688,0.0192964001009216,0.0224495372649422
727,0.0108435976099763,-0.0431587310559867,-0.0322827961115568,-0.0527053877446568,-0.0584834845052658,0.031498496202314,0.0000942252671560853
728,-0.0194600261934896,-0.0356530188989357,-0.0435611688228302,-0.0765899428481843,-0.0395132372857593,0.0222793670347605,0.0145163429456095
729,-0.00182090644292075,-0.0450540520831823,-0.0112755642237908,0.00438551722709046,-0.0595338279429992,0.0203735812485083,0.0295508898250928
730,-0.020135343518194,-0.0222713506661037,-0.0721076948390659,-0.0253374857534623,-0.0347002953949625,-0.000779162176362973,-0.00763462692223434
731,-0.0231097440098052,-0.00693248902016154,-0.00214972694555624,-0.0603789056236657,-0.0164802277254179,-0.0177548135905083,-0.017502641738046
732,0.0128815093969584,-0.0335673481746525,-0.0717468599741985,-0.0353225775582749,-0.0740822341385139,-0.0116122711882486,-0.0131784843651462
733,0.0021075232383206,-0.0629321542857175,-0.0620569155290358,-0.0253944076908677,-0.0572440475716984,0.0206186899572339,0.0254604217404261
734,-0.0085298619901688,-0.0362110942602962,-0.0336554509923379,-0.105289113698138,-0.0110401254137389,0.00950683960307608,0.00524746083842541
735,-0.0199200949925744,-0.0367575001884459,-0.0306378117556864,-0.0912842043922047,-0.034276316509549,0.0148207488454017,-0.0207479007834095
736,-0.0331727623808446,-0.0248197314389348,-0.0407877761533665,-0.0644938859735239,-0.055089575699897,-0.0246296499376476,-0.0137457876709461
737,0.00140580079971185,-0.053511586111854,-0.00484774291216758,0.00555359998759863,-0.0540962669362733,0.0239322748095145,0.0173603829643081
738,-0.010548029457841,-0.0314316779227231,-0.0216995875026268,-0.0398779518509045,-0.0753289432620442,0.024391268317807,0.0228167528116599
739,-0.0393944000789609,-0.064168724627977,-0.0382703572838897,-0.0182622219151057,-0.0939225019723241,-0.0274613441062741,-0.0100882387860741
740,-0.00712865963803429,-0.0396029002219472,-0.0272602485785614,0.0151197568295467,-0.0761575861924257,-0.000594509646897501,0.0192873365601291
741,-0.0620813141537083,-0.0430603981515546,-0.0330781316912252,-0.0295006970786132,-0.0855073420357482,-0.0537709391639614,-0.066414819133928
742,0.00970935812483274,-0.0429498778771641,0.000709609902554281,-0.0249461349985464,-0.0549061835589826,0.0148541599654871,0.00211779482154517
743,-0.0115557445620242,-0.0446415930969136,-0.0382267389548954,-0.0221539926417694,-0.104831693151945,0.0530382473354284,0.050345777470065
744,-0.0321390518452949,-0.0785975961350779,-0.0149619105349409,-0.0548293571148967,-0.0321218045590658,-0.0298195881389343,0.0244513531334164
745,-0.0223866032244495,-0.0525304103285839,-0.0108858059350337,-0.0184642400341941,-0.0755978592306167,-0.00497492002897576,-0.00497492002897576
746,-0.00719681600282719,-0.0622640674439224,-0.0220526213991924,-0.038370585781685,-0.0523062459125649,-0.0140511742730312,-0.0205507389808985
747,0.00646209676088372,-0.0687483040025209,-0.0119340231177252,0.0540170265951227,-0.0738956132283506,0.0114823924456623,-0.0131544769781103
748,0.00838369284141836,-0.0674320030554661,0.00968647554525995,-0.0673939981785863,-0.0504293759217395,0.0119682331749537,0.0164632165466255
749,-0.00475069363985788,-0.0875668542743335,-0.0283888379146153,-0.0971431520078613,-0.0975610409424562,0.0086728549327818,0.012652091835527
750,-0.00933297603697299,-0.0421324492252258,-0.0387560886110611,-0.026277067345921,-0.134580305105135,0.00896480117084248,0.0154099553839873
751,-0.00352821654841925,-0.0278481663191049,-0.00750580956389107,-0.0420212220936912,-0.116932890631496,0.0399347847928489,0.0211461627924203
752,-0.000592323210061266,0.00503083528757056,-0.0475170378740473,-0.0369903078571999,-0.00805394003446785,0.00627443198328274,0.00650818052011014
753,0.0124449603051457,-0.0282520161806938,-0.0328604693965253,-0.0886230693060336,-0.0772384452550371,0.0030756354996214,0.0142905854996714
754,-0.0354432373728518,-0.0356639572357983,-0.0294830918563604,-0.00540017840240228,-0.0582609770260683,-0.00915745241550384,0.00392480451384039
755,0.00135038680505022,-0.0731123721482678,-0.0481530700813816,0.00551143168214915,-0.0877040845518881,0.0273820471586499,0.0211629598484571
756,-0.0140428012472588,-0.0712706931113068,-0.0436917929102006,-0.081290941234019,-0.0436459334500576,-0.0172053745078952,-0.0153494441636356
757,-0.0142347968231159,-0.0732481071149107,-0.0231451417320837,-0.0000457102451012215,-0.0501994311080279,-0.00654412494935231,-0.0108975783967803
758,-0.00181927242439817,0.00765078356667974,-0.0558914356198402,-0.113619307480313,-0.0411166061556391,0.0195962973425906,0.0173707076503164
759,-0.0175731869361337,-0.0556670626478092,-0.0811524460550768,-0.117331175065756,-0.0562229520878741,0.0162013676665979,0.0387292047071063
760,0.0163651766417164,-0.0678248213033347,0.0305914356864278,-0.0458654304567942,-0.00590756041519064,0.0294642530111373,0.0369023861568873
761,-0.0096056949468132,-0.0615528748108273,-0.0509156304980446,-0.0830024185873392,-0.0231666831625177,0.0241226838498824,0.0151602395320118
762,0.0125732100519986,-0.0344000153452678,-0.0151623359068675,-0.0433102713692349,-0.0407537547739239,0.0130577936095966,0.0122428242085124
763,-0.0115632048445873,-0.0503283949794329,-0.0208288120049981,-0.0362157024282097,-0.0444054778055734,-0.00680748236819903,-0.0237424006622468
764,-0.0161099450753847,-0.0195096093838097,-0.017466787057385,0.000955894025385318,-0.0428822386447396,0.00674381861972521,0.0217297570695475
765,-0.02888629809213,-0.0554096722318761,-0.0105247070265597,-0.0651058164601434,-0.0922958121490248,-0.0500937602181645,-0.0332542472670423
766,-0.00949186578068,-0.0533160348823613,-0.0177247075615053,-0.0561669147504769,-0.0856143601095679,0.0293457110420698,0.0135796775421713
767,0.0107723838411008,-0.0348724478588351,-0.027510706299645,-0.0618413485890871,-0.117488730094093,0.0288699247493519,0.0377893900627697
768,0.0161002192143508,-0.0386963436863264,-0.00647383287714828,-0.0688785379763489,-0.068941141813654,0.000829081377491353,0.0249705855811885
769,0.0302066147188292,-0.0239095512390691,-0.0106186603332383,-0.0446787927560546,-0.12896237580562,0.0590891596308501,0.0402266876220242
770,-0.0163569977092362,-0.0607269025453456,-0.0404477736608665,-0.0187367286349847,-0.0661918132334589,-0.00637915895043983,-0.0249359112727544
771,0.00809281502269409,-0.0573289413326842,-0.0010588736348297,-0.038867802274573,-0.0369220437376825,0.0400175440574362,-0.00984999028309355
772,-0.00142145269449225,-0.0562752048342784,-0.007173773105159,-0.0394826701017171,-0.0418558936748592,-0.0228856429843829,-0.0323773416852311
773,-0.0120776161532387,-0.0242987306047461,-0.0397712190814209,-0.0591920144609888,-0.00191630347479688,0.0207672923297232,0.0244183531621732
774,-0.0015312791239948,-0.0454353095376256,0.0146609111088473,-0.0670676322494227,-0.0368481602809596,0.0461052063893884,0.0392571258416267
775,-0.0189405584224959,-0.0177429950260766,-0.050695732356453,-0.0302433083794736,-0.0262782965882838,-0.0311683189107877,-0.0170517679937692
776,0.0208970290540407,-0.0441209509810698,-0.110055531628042,-0.0607303857115174,-0.05206352362366,0.0830201486233145,0.0798063456032989
777,-0.025723135559522,-0.0380688961812762,-0.027601696174105,-0.0966167563112764,-0.116055050876305,-0.0247227125433573,-0.0230186231254405
778,0.00854767773393882,-0.0474681558842398,-0.0661202200219509,-0.0311806622988524,-0.0564671324019869,-0.0216913289800266,0.0110891534882838
779,0.0197676801778445,-0.0599704652835258,0.0149000631994646,-0.0125054569304544,-0.0920700383663873,0.0261089627819649,0.0461140541854533
780,-0.0279635244408261,-0.0219363323481672,-0.0126796517907634,-0.108644572797409,-0.127937281161315,-0.0386453068252678,-0.0196964542878516
781,-0.0202957198864096,-0.0674245709005698,-0.00117284468135095,-0.110098634839167,-0.0757138469870753,-0.00310816609166693,-0.00612179764675957
782,0.00305587786203284,-0.0506191139029713,-0.00947106904651007,-0.0296202763331276,-0.080020675861101,0.0316895116965495,0.0250384731728332
783,0.0205829894207352,-0.0398113629480728,0.0195297517771741,-0.049654121695699,-0.0985634381388688,0.0374754523236734,0.0202603634874436
784,0.0186006908453931,-0.0381975319440407,-0.0112847820833307,-0.0557297512383949,-0.0339501157212319,0.0318183836971417,0.0344172019935655
785,-0.00996477610250334,-0.0537467941892229,-0.0352370896155858,-0.0273567896412631,-0.0905863138299081,0.00347700615099001,-0.0218965451129293
786,0.00719970350078781,-0.0598928513216647,-0.00585412301114799,-0.0588359587278689,-0.0310021556854426,0.00226872926656883,0.0131728010171902
787,-0.0425675134535197,-0.035349048675328,-0.0287407047783923,0.00146855198383603,-0.0405023536783363,-0.0129864923992093,-0.00854478841439179
788,0.02314567404238,-0.0609072184999853,-0.0175033178527412,-0.0422857345389264,-0.125143474930766,0.0686766557814334,0.108139797311296
789,0.00225412378033726,-0.0762816669980396,-0.0466812694228793,0.0137551489492571,-0.0811578245840362,0.0246016766519727,0.0639409091137813
790,-0.0109006560341236,-0.0418219451680343,-0.0581518310812533,-0.0840206675624008,-0.0692711441074642,0.0103240697477533,0.0114083717591185
791,0.00879528274739709,-0.00891892354038282,-0.0415096891374166,0.0021642239131372,-0.084386937840257,0.045188305365452,0.0486471649069659
792,0.00872908423979744,-0.060521875321785,-0.0284119899407314,-0.0757730402214436,-0.0834325363259741,-0.0277680040694967,-0.0291184985516378
793,-0.00511955688835639,-0.0468710457527465,-0.044413433627297,-0.018570562950564,-0.0481279829800977,-0.00584367724772203,0.00139434457427803
794,0.0164151040340955,-0.098767099458362,-0.0121077596939524,-0.0309981787194523,-0.0852937200244069,0.0493833417163767,0.0666449165118221
795,0.00138122224560944,-0.0442559559682851,-0.0411338143634752,-0.0535318872356724,-0.0848789611411075,0.0277444961340709,0.0241190280239716
796,-0.0219229459777741,-0.0284785595218138,-0.0298191300788812,-0.0529926234370438,-0.066842309945124,0.00716763759663334,0.0090654777099026
797,0.00484772794826253,-0.0704209835983868,-0.0458074862234976,-0.0475458454634678,-0.0625262013817448,0.0239200822974321,0.0197746904412968
798,0.00608497388031904,-0.0295902457447564,-0.0995357648385474,0.00100698185127732,-0.0235462698768035,0.0296273410879046,0.0456093059089964
799,-0.0232524162544035,-0.0422626978264524,-0.04796399416751,-0.0434519921385544,-0.075516822123492,0.015950807323555,0.0125501603652748
800,0.0117989773976443,-0.023798623600044,-0.0276648709322632,-0.0343797248112566,-0.0210892272059298,0.0000502884797522543,0.0126316764915054
801,-0.0103800178776594,-0.0541658192239885,-0.0273554687358197,-0.0561583698360148,-0.0762081657901884,0.00585019634131825,-0.0469281272209165
802,-0.0202136715249242,-0.0481135307108484,-0.026985989304832,-0.0545752776742362,-0.129734568221915,0.0179360371480142,-0.00674827024369268
803,-0.0715394274609854,-0.0673854920039604,0.00374183700082259,-0.0881120070658823,-0.036920028490474,-0.0634373770145959,-0.0494136610252099
804,0.00285916941306272,-0.053596547651985,-0.0265223222042942,-0.0641611220178551,-0.0297448789205681,0.016742058061664,0.0562524763026068
805,-0.00196859650468749,-0.0255033282449701,-0.0405324716554922,-0.0477832454170259,-0.0103328307042503,0.0424207859217514,-0.0138272831204661
806,-0.021354270949093,-0.0557579270567647,0.0185429889244477,-0.0419580189216561,-0.0729805406392869,-0.0309989148351449,-0.0480827785166292
807,-0.00481997961445964,-0.0444056438825827,-0.0189096491365469,-0.0418120046689925,-0.00495864310812039,0.0240794810283613,0.033355836377091
808,-0.00671741566802176,-0.050921484168403,-0.0561570685136735,-0.00273660030985445,-0.087327745250315,-0.00453774590330516,-0.00552018346542887
809,0.004896823057668,-0.0616582883742386,-0.00504865332029641,-0.0603566828896777,0.0326092431865904,0.0599080803988184,0.0651796919992359
810,0.00800679205653518,-0.0573283193720451,-0.000688346526716524,-0.0556527735404275,-0.0870486919270123,0.0576919277718396,0.0316745555293435
811,-0.0161101905201898,-0.0191194876248089,-0.00797729573797357,-0.0770060234026444,-0.127331910281599,0.0122281034494303,0.00163905702936852
812,-0.0025750814244966,-0.072910205258723,0.00382112981752314,-0.0470975368342593,-0.0533634968304367,0.000248535055806839,0.021129997648266
813,-0.00363262231341503,-0.0383896483668239,-0.0947382140465914,-0.0311317205116252,-0.0722257717575339,0.0169516930503147,0.0173159591883234
814,-0.0168362861451126,-0.0275534588869251,-0.032324638150768,-0.0504258593036005,-0.0687966741705128,0.0263872155049103,0.000164579371943654
815,-0.0275445170980251,-0.0292120555710866,-0.00265604536891104,-0.00254223077787186,-0.0959330464628146,-0.0295613494769934,-0.0314853054066335
816,0.0110948325789338,-0.0236110083506729,0.00856767732515903,-0.0748320156855313,-0.128595268144929,0.035407682324259,0.0464410467854122
817,-0.032196427663762,-0.0275069188864496,-0.0146682515684953,-0.0467647898514217,-0.0685569631939982,0.021112021808386,0.0351887727325058
818,0.00960634745460021,-0.0689829042203316,-0.00756520699360268,-0.0395041410874916,-0.0703849828272272,0.0377584299062701,0.0287462704073133
819,0.0256296969308204,-0.0840393539522723,-0.016193597791629,-0.0463081226358124,-0.0403058529990117,0.0817970919620149,0.0933127290483618
820,-0.0371300870260138,-0.0328376766542354,-0.0217913435170055,-0.0660465958239237,-0.114508827541298,-0.0570350734140975,-0.0729775333164067
821,-0.00211580739840647,-0.0412125506536937,-0.0339537436890281,-0.109077920931751,-0.0226134983919614,0.0412575234193922,0.0414269627749833
822,0.0304622314513104,-0.0617288457250041,-0.0110427790595366,-0.0677177433200255,-0.0477555417243737,0.0543968180755028,0.0358147552144955
823,-0.0295564028659488,-0.0862402830151918,0.0215415247504899,-0.0202579519877032,-0.0652364911617269,0.0266680923180746,0.0270273190726639
824,0.00483053966811063,-0.0312035888957626,0.0104287245048504,-0.11143294917929,-0.0873297187352896,-0.00905667322717061,-0.0091081237575717
825,-0.0215967862714179,-0.0200000855886878,-0.0131810882726723,-0.0683341906420214,-0.079691039087076,-0.00390951955310975,0.0178955060897497
826,0.000893986567436528,0.00116676587805084,-0.0470523169382923,-0.0645659457021149,-0.100228774115806,0.0111157190551456,0.011849594170933
827,-0.0393661662735715,-0.024215499288316,-0.0367060396027104,-0.118708427826761,-0.0196628603614658,-0.0114182526987493,-0.0014195712158461
828,-0.0268217765769357,-0.0926937727580541,-0.0259643274141044,-0.0215651110585427,-0.026137992847563,-0.0308339208421781,-0.0220472409448545
829,-0.00836077435277896,-0.0305452818364759,-0.0538009359221753,-0.0298693788090397,-0.0490379197105538,-0.00318799209880366,0.010302811563327
830,-0.00533461906553469,-0.0644263498946091,-0.0127394173409438,-0.0814569852340233,-0.0430117499901994,0.0109790900732427,0.00379025532011769
831,-0.0161400781346556,-0.0702571203021185,-0.00331152664466938,-0.063385374921218,0.00224302178145619,0.0153489073145742,0.0341918271706168
832,-0.011345749143082,-0.0531122427613864,0.00363602147427997,-0.0531170343469542,-0.00530789512441321,-0.0215089769262902,-0.0259874433870294
833,-0.0223580788867061,-0.0743034857696397,-0.0279313657734752,0.00894196550621768,-0.00428903733225688,0.0183465973862998,0.0195929958838573
834,-0.00633618940676349,-0.0401960573685079,0.016344202457424,-0.051816116409115,-0.136264857060405,-0.0191595011595143,-0.0340438108613682
835,-0.0067170791729167,-0.0725795120124901,0.0529726067915749,-0.113170232223617,-0.0565931434118329,0.0275580013816295,0.033362084740155
836,-0.0292346739311507,-0.0669364457054095,-0.0377725578363952,-0.0783093308400548,-0.0434464238690271,-0.0142925140733229,-0.021885588913341
837,-0.0268036224178518,-0.0164448727597032,-0.0178588441686801,-0.0648014884490002,0.0199670606554962,0.00152326789842222,-0.0155429125098797
838,0.00362859348527805,-0.0401450592149912,-0.0471360685366097,-0.0246919686847627,-0.0871041828753336,0.0131968591462218,0.0162680253696108
839,0.00161215906794319,-0.0330247718807302,0.0102782067929684,-0.0265418368460575,-0.0491952761214794,0.00312603434602669,0.00572325596143066
840,-0.0219152305995191,-0.00350221870210322,-0.0205783132436311,-0.0168990966515561,-0.0818468062166246,-0.00444022989675166,-0.00762672537478454
841,0.00873531579832131,-0.0513484273148753,-0.01607992394382,-0.0736686829689699,-0.0950673595695042,0.0289359508861417,0.0204437880683753
842,-0.0208596971951505,-0.0711200469507965,-0.0203334690595878,0.00793794526309047,-0.0523508040888608,0.0012979853953512,-0.00272843732123372
843,-0.0206693196345886,-0.0639982570001797,-0.0608599564722904,-0.0469224243091894,-0.0675431893078223,-0.00924127750070594,-0.0015994641614482
844,-0.0102615051885481,-0.0842769312407318,-0.0176109289848409,-0.00878136848395755,-0.130669279419249,0.0417616876200667,0.0361996150140144
845,-0.00227319600751447,-0.0321345067762479,-0.0577385923398579,0.00197821153060188,-0.113470062332411,0.00253434556138684,0.028244324690169
846,-0.00790403778597598,-0.0746513654853027,-0.0389691936863103,-0.069370303237154,-0.0570942337605864,0.00717997802232985,-0.00261575118463347
847,0.00458177511998543,-0.0435313577802602,-0.0203021829435705,0.0115688575705975,-0.0654301599359554,-0.0448612465607083,-0.00863892013657909
848,-0.0116597479969539,-0.0367180028118817,-0.0519887465343057,-0.0428185433751237,-0.0586041838727409,-0.00788737858219174,-0.0116730492625218
849,-0.00692398240895331,-0.0300617167329389,-0.0572079802114538,0.0270103118345311,-0.0722264853728505,0.00465863117768085,-0.0105255816687389
850,-0.0238413980919787,-0.0606816971274913,0.00315043173747739,-0.0517526760381767,-0.112527732793384,0.0282399606258691,0.0193967641456182
851,-0.0184915850413604,-0.0765122052562615,-0.0287794653726289,-0.0386686601354899,-0.060182266196702,-0.00694028459895175,-0.00524196590971257
852,0.00417835880146414,-0.0704721804003252,-0.0287518315445663,-0.0481397639905343,-0.0889839300762646,0.0407805183605304,0.0336158803765996
853,-0.0276514413117172,-0.0626407164078693,-0.0156630208447887,-0.0434387209306481,-0.0893259195498901,-0.00439413413185078,0.00305744120641958
854,-0.0290571212360752,-0.0666903816406691,-0.0297748551318852,-0.0488011973527778,-0.0302447577803966,-0.00409422142908891,0.00448973001420696
855,-0.0284990745838261,-0.0711715076987647,-0.00753604522323889,-0.087623103494041,-0.0331667118525878,-0.0374787428330148,-0.0332886198969868
856,-0.020141373439506,-0.111925939856843,-0.0218147439969919,-0.0103105390281829,-0.0822508331508789,-0.00153777360591977,-0.00126508355022536
857,-0.0216373306735622,-0.0320101822582562,-0.0286994658499011,-0.08118036676128,-0.0711422400175273,-0.000591178857254897,-0.00398813266196892
858,-0.0380090196735469,0.00685071755397178,-0.0599389555002987,-0.0677953586407311,-0.0527764090300654,-0.017109212856992,-0.0259698876034788
859,-0.00497593226523141,-0.0723473939778142,-0.0845725268779704,-0.0677198957958475,-0.0467535308726619,0.003871327130443,0.00330536875470579
860,0.00978943971075659,-0.0811848945652488,-0.0414792048393783,-0.0947677253728038,-0.0350881842014357,0.00786646195175172,0.00187154674689578
861,-0.0157678204378092,-0.0843493926738256,-0.0156528247256495,-0.0337299031287163,-0.0643624292698675,0.0301941982936187,-0.0094080128585575
862,0.00713476670201039,-0.0902169314753847,0.00789735990222756,-0.0325233596495901,-0.0588287234593792,-0.00127944672570714,0.000976460166799739
863,-0.00400203120427376,-0.0382658095683449,-0.0303892445337788,-0.00904543353031692,-0.0646291006720051,0.0157781308352316,0.00730045508650545
864,-0.037782596589837,-0.0248023276723797,-0.0164424361840243,-0.0499461918007695,-0.00670404165331423,-0.0230762776273843,-0.0362346878257169
865,0.01795953906374,-0.0359284956768254,0.0115659045552488,-0.0487237643156286,-0.0821592289692876,0.040481064656668,0.0285909377076108
866,0.029615711673724,-0.042586546865745,-0.0238920917004459,-0.0257978615838245,-0.0299051614786612,0.039732501339325,0.049502641738866
867,-0.0286469071537831,-0.0365149114591335,-0.103931583670739,0.00669620439148924,-0.0944163436902628,-0.0150959617573951,-0.0151570287335875
868,-0.0271966830149405,-0.0610343720084009,0.0187839814101454,-0.0932003002431411,-0.0427391935889695,-0.00478022245165968,-0.00578839203164779
869,-0.0458243562351213,-0.0403679096985936,-0.09971029886589,-0.00640408369828571,-0.0555875922520709,-0.0156739942592538,-0.0358043764222966
870,-0.00385202321726161,-0.0443209366968441,-0.0424609150135128,0.0152161330395529,0.0283464826906951,0.0280159233892474,0.0270097339460947
871,-0.0111754919742493,-0.0363990271945523,-0.0284458682072141,-0.0241693500928208,-0.04941954027018,0.00725224144449085,-0.00149303709031287
872,0.0036887066085716,-0.0195046580936896,-0.00624001141593949,-0.106178618881143,-0.0689555028401175,0.017931722173094,0.0165840706894491
873,-0.0125419802022541,-0.0260526034930321,-0.0317449812379527,-0.0166498891982176,-0.00169597679463435,0.0522181129022071,0.0521436033760846
874,0.000431896021615065,-0.0322350522358587,-0.0380919561727422,-0.0259872007471994,-0.0668671522301428,0.0565209668058181,0.0658168459841269
875,0.0124116180875646,-0.0644593978829176,-0.0143246432525555,-0.0276353140433603,-0.0562796953310136,0.0178714169952255,0.0191330443277783
876,0.000483888213890046,-0.0791444707684475,-0.0805711529270589,-0.0459861616514218,-0.0624264496378765,0.054279399899171,0.0497360838431029
877,-0.0137244941287257,-0.0423619295143837,-0.0229492296433185,-0.0512483065523627,-0.0878634733681959,-0.000723026205314115,-0.00815594410773636
878,-0.0256405212307999,-0.0536024365329777,0.0234893465125972,-0.114448796131462,-0.112309037018755,0.00950870088765404,0.00574618949235543
879,-0.0428235622836228,-0.0223743385428307,-0.0482547016524875,-0.0476389022412704,-0.0526548307073498,-0.00653709332342631,0.00150792256688542
880,0.0046150136822477,-0.0671291631649975,-0.0324618080173208,-0.0747742686177232,-0.0879685517872226,0.0101024094574929,0.0103618118898642
881,-0.0131498523850949,-0.0327729455384435,-0.0679250827649018,-0.0517103725574229,-0.0982039473927488,-0.00951365335062383,-0.0163947451484963
882,-0.0228701202089032,-0.0659414335770705,-0.0265550311513392,-0.0467112725699533,-0.0733724119481569,-0.0175847296317869,-0.0034834161284404
883,-0.0387073143435575,-0.0337003553453792,-0.0269080294713147,-0.0265727299952515,-0.0503556641304195,-0.0127352506490376,-0.0186845063367735
884,-0.00253695563824249,-0.0635243662623941,0.00510820634398851,-0.0316669089039762,-0.0219129642567167,0.0271468543654287,0.0451845960908694
885,-0.00991737865822105,-0.0333101186260481,0.00116183320253052,-0.0362873810125704,-0.00214555507510533,0.00576775796534584,0.032099715689441
886,-0.0111245649516312,-0.0741722230462195,-0.0498137201938686,-0.029726879433249,-0.0450518360386867,0.0514159767601767,0.0306406277927173
887,-0.00189352870926982,-0.0374413160464785,-0.0657118855238797,-0.0269870531363782,-0.00132892136871976,-0.0412016293105396,-0.0326488936009819
888,0.0168151001202587,-0.0363852387593264,-0.0404468467550632,-0.0607283077174751,-0.0526558572118792,0.0269317032177957,0.012160674652919
889,-0.00532616552650698,-0.0679464498138619,-0.0342934657859404,-0.0430298593784514,-0.0693980010866973,0.035139807726763,0.0318824814226726
890,-0.0176634123406052,-0.0723236120835174,-0.0254220717968678,-0.074655738778992,-0.088397003182216,0.00567718982188094,0.0317786922841801
891,0.0142658512920445,-0.0377344453197102,-0.0131429837918802,-0.0491954479629936,-0.0504517366406919,0.02233961702016,0.0217426420634015
892,0.00239236574720652,-0.0566566460428902,-0.0447387210671381,-0.0250995982933455,-0.0434180860719697,0.0139805133900616,0.00212295353051603
893,-0.00348692897410884,-0.0655989574697901,-0.045248917287894,-0.0182627303373821,-0.00578993169036335,0.0363840395556482,0.0322983640353004
894,-0.0268048672483919,-0.0807439896035406,-0.0117056288732485,-0.0455816320677005,-0.0937683193063283,0.0135851957245592,0.0119664637902819
895,-0.0317539592741356,-0.0311115276632249,-0.0457608351583591,-0.127422787293148,-0.12053737234184,0.0166152295091565,-0.00601505702158381
896,0.000810574362764549,-0.0472116294533196,0.000391489412727153,-0.0327685784992561,-0.0734227959706008,0.0258303838233471,0.040140358295352
897,-0.0014995626942686,-0.0977347353085325,0.0131720803569667,-0.0546814572146302,-0.0946214566316408,-0.00640613833070572,-0.00771692884957899
898,-0.0189602532112538,-0.0324894436696502,0.0323625486626086,-0.0107561115789482,-0.084652275926248,-0.0134560957021792,-0.0160441143991563
899,-0.0320778171358275,-0.0209878497719701,-0.03424097696416,-0.0376843163066032,-0.0319378801709646,-0.0312889031590208,-0.0193524335154374
900,-0.0324883610441309,-0.0259039733218106,-0.0300931040738705,-0.0508349295269,-0.0460535139625599,0.0178996642748661,0.0173383498365642
901,-0.0406402306396875,-0.0475882033095922,-0.00526822868124438,-0.0713034480836843,-0.0348960341850801,-0.0405673499678686,-0.00538724903856188
902,0.0000536218389135257,-0.0696414915933093,-0.0779514280234566,0.00625319358611348,-0.0776755298275214,-0.0204768077035883,-0.01513186503369
903,-0.0270338152843497,-0.0526535974045358,-0.03804169508671,-0.00443417381359884,-0.0711446801309605,-0.0089575826718727,-0.0163954861056553
904,-0.00423902417203485,-0.0767899223365803,-0.00136394651359197,-0.0540704124122226,-0.079502427650832,-0.0113702984143151,-0.00991420645605109
905,-0.0289043478437986,-0.0271350942454261,0.00942977408018611,-0.0712013803003621,-0.167406763034449,0.000950315814697261,0.0000328814018746015
906,-0.0384948689351451,-0.0354685115530385,-0.0510965292247956,0.0236354131697525,-0.0582102225049231,0.011534612754923,0.0269765503597572
907,0.00106740454008813,-0.0599763546154591,-0.0187262222785901,-0.0512683899838829,-0.0845061013721962,0.0228148711299699,0.025027419158938
908,-0.0192969115659457,-0.0227781218423116,-0.0682438728025557,-0.0615522618451567,-0.0705480628062167,0.0554014804466874,0.0241166726887907
909,-0.00922200941353274,-0.0618750476506216,0.00822652034685606,-0.00167751756807907,-0.116642817076675,0.0302901818655132,0.0304711818513169
910,-0.0323716517585083,-0.0551043480013807,0.0137495137327015,-0.0739146815626464,-0.103414538358834,-0.0058283021396165,-0.000641862638740165
911,-0.00783371332074428,-0.0347110953361031,-0.012603521487519,-0.0371839414514917,-0.0686344018102262,0.0342370796849518,0.0122794254427394
912,-0.0206756181352639,-0.0293397321743489,0.0226766411693123,-0.0168666725105598,-0.0912329627240365,-0.00302571061736776,-0.00189631141516645
913,0.00346621395444973,-0.00799238852447627,0.00243383111138465,-0.0363400634475993,-0.111126268932594,0.0311048759731612,0.0295538545016346
914,-0.00983972741704844,-0.0428937654647072,-0.0563366943564049,-0.0258901645074285,-0.0420863848966015,0.0254122765104403,0.02400595062256
915,0.0115307503351444,-0.0635982927206097,-0.0213116173317438,-0.0136578252878874,-0.0386543985841718,0.00620089514896589,0.0215894267493724
916,-0.0203224799564351,-0.0678069948244304,-0.0459158292946758,-0.0846626528446301,-0.0628982961613537,-0.00808370335390087,-0.0179594323383461
917,0.00314211807207505,-0.0480784518993995,0.00716764874383125,-0.0463573669055475,-0.0894463066409282,0.0180830366530385,0.00770797820033525
918,-0.0550531177883127,0.0291982391711649,-0.0286412064305152,-0.117058659155834,-0.0744247564576166,-0.0184157859057842,-0.0262350292996523
919,-0.0546026814870859,-0.0393199438601878,-0.0227097571854971,-0.0465734161707688,-0.0318404774584932,-0.0270256085429258,-0.017157193616843
920,-0.0136597430483842,-0.0464314154682239,-0.00160923161444824,-0.0371070762535007,-0.025089504354153,-0.0138332157836301,-0.0170126693265306
921,-0.0183050465237234,-0.0534447451048277,-0.0197669538000943,-0.0462734146171139,-0.122932863844574,0.000708895301160251,0.00053163040646937
922,0.0162350761810806,-0.0227966138594626,-0.0262499316885104,-0.0168541516023123,-0.0680134978887739,0.079918588488795,0.105084136375324
923,-0.0400712824437503,-0.0599180993890524,-0.0306904513781679,-0.0668902250029675,-0.110826929453907,-0.00405549364471489,-0.0151701941355262
924,-0.0434134818121951,-0.0783157849127674,-0.0829538728753955,-0.00765303565810152,-0.114872561535799,-0.0482281959770491,-0.050861939278399
925,-0.00816509053482286,-0.0706621375077863,-0.062454526574237,-0.0199535709632749,-0.0528186421800632,0.026637797951716,0.0352681358070437
926,0.0168334454757022,-0.0416493682808541,-0.0434218836735284,-0.0384126310063261,-0.0870432303029949,0.0188830841432347,0.0213075764959046
927,-0.0338178401313662,-0.0659812410487166,-0.0334070434994255,-0.0823196734299333,-0.102604693130975,-0.0438832790512007,-0.0518337150457735
928,-0.023420442381827,-0.0804396223193764,-0.0164521788059573,-0.0493379546422048,-0.10823856802365,0.0207813201848734,0.0140644122733008
929,-0.0380881434650803,-0.0515600038801517,-0.00871067829098247,-0.0728615651994811,-0.0534396046777908,0.00643958087715452,-0.0166539521688572
930,-0.0157204560867534,-0.0205837035325001,-0.0393756691347188,-0.0425944249180316,-0.0634750066202534,0.0352809697362992,0.0351454025804465
931,-0.0262398046493866,-0.0543851364161412,-0.0408293341032405,0.0312797384301959,-0.0603810855552149,-0.0363292843528951,-0.0427737090548086
932,-0.0241376598578682,-0.0221059750019587,0.00693730234985462,-0.0494285068890514,-0.0566335761728171,0.0179602091766839,0.0241213449664973
933,0.0110291713299096,-0.0697501109327975,-0.0246801329972886,-0.0344280282376105,-0.153875430874002,0.0341058712887801,0.0372667038719794
934,0.0207595067347635,-0.0258581511921535,0.00139020437064194,-0.0346409666468231,-0.0854367343643849,0.0521928657628726,0.0699212306370455
935,-0.015180567082677,-0.0587956615081233,-0.0341951126236234,-0.0104513970844125,-0.0739859293072511,-0.0087488573869542,-0.00426699823635204
936,0.00493894352379332,-0.00563366132968889,-0.00542294750507903,-0.0336543856555823,-0.0861853347097999,0.0219018444951089,0.0211771478406946
937,-0.00173807252630545,-0.000926862027080241,-0.0603640199976379,0.00527135184063882,-0.104137361617825,-0.00599896074035684,-0.00568265488265913
938,0.00157174629299715,-0.0334292585214377,-0.0634270839631406,-0.0179588082826237,-0.0747727416778733,0.0351077040278926,0.0324380611075488
939,-0.00474420655132884,-0.0722863830609024,0.0358146426826394,-0.0488783416699149,-0.0722692259681484,-0.0319715208104836,-0.00130533747040953
940,-0.00721976692532869,-0.014322963391368,-0.0103992035248196,-0.0917596136361425,-0.0393107316899962,0.0132012619781056,0.0113260455643317
941,-0.0288278865522655,-0.0546471042122785,0.000400297640837322,-0.0319434917836312,-0.0975966010748154,-0.0313990278596127,-0.0181494379513593
942,-0.0192827064235519,-0.0656325940371565,-0.0172963665138846,-0.0675748765050213,-0.0101582480564066,0.0292912027939242,0.0329279051754685
943,-0.0257520184947048,-0.031555367958428,0.0259102780709464,-0.0291283254499019,0.00705227045181384,-0.00317505639479652,0.00996049407666654
944,-0.0314326656833697,-0.0365814886015491,-0.0172711569916835,-0.0211666031897214,-0.0298291520898475,-0.00915816538951703,-0.0140542553982417
945,-0.0127942673026284,-0.0378177115417664,-0.0566716875030476,-0.0625094585237307,-0.0631201314579434,0.0141235387886957,0.0234141071922135
946,0.00478165571896196,-0.0610042688810154,-0.0254988277141625,-0.0587547043500818,-0.0555926972487469,-0.00164538402286105,0.00873780514492421
947,-0.00542957801261705,-0.0536523438961416,-0.0591296447411966,-0.0299094505720998,0.00038375577094707,0.031473464201346,0.0161945577332232
948,-0.00488670487477568,-0.0154095678283428,-0.0117495417474948,-0.0422037274744232,-0.0051301171422225,0.0345004863122021,0.0311096108010529
949,-0.00187358152767314,-0.0420643111369014,0.0290289504864863,-0.0695804166069303,-0.0652405039515497,0.00560300505268164,-0.0147904467919245
950,-0.00228455289224429,-0.065074436432707,-0.00493913888188041,-0.0166044945754287,-0.065141404668615,0.0142211009161896,0.0216357142490547
951,-0.0195746486968949,-0.017390618054067,-0.000427416558934704,-0.0447902684877376,0.00281282141558786,-0.00363263052893224,0.00157627091607909
952,-0.0332023973606861,-0.0369296358323055,-0.0174223034856152,-0.0810391140243315,-0.0548307026134188,-0.0374951952865071,-0.0379604815373425
953,-0.0184325526588911,-0.0153344873911099,-0.0647617476873017,0.00333723541415071,-0.095629666412462,0.0205431466915273,-0.0085839812907465
954,-0.00311157880917225,-0.0628303433738941,-0.0280838834423438,-0.0291634412211873,-0.0716936861138234,0.0100511708024674,0.0085914070124625
955,0.0127396685525487,-0.0436211006708936,-0.0455432615722442,-0.025169131583053,-0.0544063648996853,0.0425349090087955,0.0154983105958588
956,-0.0271430947865971,-0.0380540558307476,-0.0439026662938336,-0.0423118565359199,-0.0576488082100593,-0.0072199908105564,-0.00625548499120676
957,-0.0133220460715434,-0.0463076720242774,-0.055035047987978,-0.0528441600087344,-0.0429788817227277,0.00974656424049514,-0.0110239147218468
958,0.0127538710747031,-0.00897229083911215,-0.0297172278298111,-0.0392739555685984,-0.0577181579627901,-0.00200681360022732,0.00500117642981018
959,-0.0367695265637039,-0.0404528767428547,-0.0640622953082624,-0.00369141692002875,-0.0507205490786833,-0.0431039870564395,-0.0454034924146322
960,-0.0170431065390078,-0.0566342021858104,0.0568439159917594,-0.0422540022345385,-0.0913202483181416,0.0101838924177421,-0.0122552330744526
961,-0.00550016962644417,-0.0766857514127713,-0.00902386235527941,-0.000220217950286039,-0.0703747771525342,0.0325921894037993,0.0325086511659465
962,-0.00935952386764506,-0.0280859995713782,0.0056525710831979,0.0102578806263863,-0.119874700524898,-0.0133586358490963,-0.00609954987522893
963,0.00105859631498079,-0.0333673978799775,-0.0110207961187049,-0.0616359804273358,-0.0468355488276848,0.061604958903557,0.0636387855419646
964,-0.0545707123742751,-0.0242378790868159,-0.0014064890447674,-0.0304744398048958,-0.0473130846968776,-0.0148727293042437,-0.00807488032783475
965,-0.0108144029272989,-0.045144351211599,0.00329756328169944,-0.0614490859711492,-0.112478416600765,0.0248681204549184,0.00176975951888258
966,-0.0177599327594591,-0.0577186870715365,-0.0523682712316103,-0.0430473796688886,-0.0599697557212174,-0.0115265556922947,-0.0150416113825929
967,-0.0154207023185676,-0.0252904520930761,-0.0142340046577795,-0.0452693811143531,-0.0985198032305653,0.0181146343738482,0.0277107114060771
968,0.00471824889990828,-0.0260376911488923,-0.056590243865111,-0.0879926639566169,-0.0611852652673411,0.0449148437357101,0.0432098034616632
969,0.0260608331181025,-0.0292522468933073,-0.0648974804961747,-0.0267044135222958,-0.0866431312852473,0.0827616088095875,0.0602787115340909
970,-0.0311225961122458,-0.0209233123314593,0.0168350950516661,-0.087069593656635,-0.0700895646592909,-0.0232371839182376,-0.0316777756316154
971,0.0192097633231919,-0.0650153475453867,-0.0486051682844574,-0.0208156555959639,-0.073595518795317,0.00124121407783889,-0.0013111453953583
972,-0.00553538317793816,-0.00267726716978552,-0.0342551354764911,-0.0990878249692036,-0.0396913321815264,0.030531519594274,0.0417735991381245
973,-0.0203547104039988,-0.074024635293384,-0.00933239001786731,-0.0411773673675639,-0.0746943107070926,0.00505532709887949,0.0106030211432642
974,-0.0200709221867814,-0.00820112650110835,0.0293852439033733,-0.0483575214981503,-0.0550519405434702,-0.00489916072600616,-0.00806313234068647
975,-0.0195358912801283,-0.0493982068461161,-0.0168513215293438,-0.0112312783147147,-0.0599556100688211,0.0268006128592029,0.0219262942410777
976,-0.00449141545832057,-0.0610454785091692,-0.0375873519924893,-0.0111784962843062,-0.028791083551239,0.0136866736258951,0.0225636042281996
977,-0.0459655083400177,-0.0738586461558651,0.00176778207464523,0.0119578463438569,-0.056116405260794,-0.0426205263599605,-0.0426205263599605
978,-0.0582277493053645,-0.0256333897735271,-0.00696983922347238,-0.0254579526785276,-0.0952359594669018,-0.0195302962569433,-0.0299366704910801
979,-0.0115032820333677,-0.0298612967988703,-0.00418234624530157,-0.0563986717756368,-0.10211673647632,0.0319219785499966,0.0196513480002557
980,0.00476052963824444,-0.053499726570003,-0.0181682123043324,-0.119892358295397,-0.0774549774593489,0.00515638961798098,-0.00566946173557258
981,-0.021241182489838,-0.0792382560695205,-0.0638195618037742,-0.0337438804269604,-0.0706403861731238,0.0124199217450501,-0.00341327301545311
982,0.00209853066622303,-0.0297069753253688,-0.0254929974082225,-0.0536881268586246,-0.0584332968455562,0.0159425225230659,0.0166306092184813
983,-0.0126090257070896,-0.0521689838228337,-0.0348806215201905,-0.0707050970057701,-0.0461793733980744,-0.00643632139950545,-0.00433491759348607
984,-0.00966244409129387,-0.077300041748024,-0.024977458628194,-0.0031785168929509,-0.105873298014284,0.0122555270244996,0.0121515365950224
985,0.00126695206446343,-0.0381954043553028,-0.0344840820236224,-0.0364008503808714,-0.0442523653637069,0.0170366666203396,0.0152790832536687
986,0.0105570803950453,-0.0487253638904211,-0.0170093372534835,-0.0105238777738515,-0.0578070282483115,-0.000680464178471195,0.0115075443867092
987,0.00674061550720577,-0.0257575363240712,-0.0598318561120564,-0.0499221029596294,-0.0430764154719845,0.0149515973484268,0.0496949525211906
988,-0.0290336122292755,-0.0447672165667064,0.00416566048611292,-0.0117699248688359,-0.0866443074758107,0.00403795434686185,0.00306623725922547
989,-0.0266385013709935,-0.0391071846440816,0.0395708761986169,-0.0706178782939443,-0.062306324318772,0.0148779590215385,0.0139706339598679
990,-0.0129545528300723,-0.0421645722607043,-0.0682949865292238,-0.00657866280525776,-0.0679950901060457,0.00323158089279355,0.00330942816785549
991,-0.00938333237567897,-0.0833696024138579,0.0294320871217326,-0.121689277108897,-0.0872100824419526,0.0177063652049665,0.0177063652049665
992,-0.0213454225329272,-0.0496479538947941,-0.038243611958232,-0.0672014894249303,-0.113709653239903,0.00489927024217894,-0.00380547503624677
993,-0.00669577814438035,-0.070682772363887,-0.0742192858904871,-0.000329653226123827,-0.0751477307986898,-0.00105551337948927,-0.00157551158090659
994,-0.00377003664885125,-0.0326009186066635,-0.0221824025758502,-0.0362720459979909,-0.0258352098866817,0.00372536018490503,-0.017866119794922
995,0.00885129317119874,-0.0683342605961022,-0.00900576107974246,-0.0322412206933968,-0.113242278420264,0.0490297931886923,0.0295252596929977
996,0.00833104243708765,-0.0116729096937205,-0.0286981908899046,0.0440727519934312,-0.0765832381751499,0.020300664879122,0.0235877277009292
997,-0.00905628562252856,-0.0212927041704129,-0.074156084285632,-0.0302335737834077,-0.0288117042757787,0.0161168204901377,0.0500736184641947
998,-0.0193762584874293,-0.0822589044672622,-0.0244309961245226,-0.0616583696671186,-0.0566903902936482,0.00155448996493335,-0.012704863625023
999,0.010061349809425,-0.0206618831123976,0.0129299085249873,-0.0940807479382228,-0.110989042465209,0.0198702840668921,0.0282886484736171
1000,0.0230262076656834,-0.0520348920859392,-0.0535977011313706,-0.0496383938680704,-0.0680920976720378,0.0257669275575761,0.0685802516752664
