"replicate","Q1","Q2","Q3","Q4","Q5","bottom_decile","risk_lt_5pct"
1,-0.0443654695251777,0.0148663566871283,-0.0063677498212345,-0.0289487599369944,-0.0302421990620444,0.0267852779743848,-0.0329382837242613
2,0.00784560887202657,-0.0355508191485276,-0.0134722235581102,-0.00826380265133203,-0.0473079400952509,0.0683445723965885,0.0528429360800188
3,-0.0253203754892876,0.0200038874649809,-0.0888365493186447,0.00114357575468513,-0.0183403072114152,0.0203326908048211,0.00315850657383343
4,-0.0259978161639429,0.0227582299549364,0.031920456390198,-0.0295339945690508,-0.0459374070136095,-0.0367526805898913,-0.00564849833755974
5,0.0157255171205966,-0.0647945585046154,-0.0919923958267202,0.0277162890039055,-0.0606947075508405,0.0513756854406365,0.0565634489335038
6,0.0247579793235997,-0.0125381878760547,-0.0558085533276199,0.0488786534591256,-0.033968394897163,0.0606359162308197,0.0183329964964197
7,0.0376578488562977,-0.0478873712893841,-0.0170866152837816,0.0074732847287772,0.00174572671259648,0.0168449105635544,0.0204000559359855
8,-0.0241994754993228,-0.0845799201745018,0.0235879738120452,-0.0106815833454314,-0.0468708610545762,0.0233138461629715,0.00964798460566878
9,0.00737916117910369,-0.0451916449605318,-0.0316371042000295,0.0234113988593125,-0.0301573841384525,0.0104393766927637,0.0212515538136485
10,0.00277805814591319,-0.0237781460097707,-0.0547205843681054,-0.0182685318360406,-0.00973766682891547,0.0285443642676865,0.0342926003278803
11,-0.0000599188740049439,0.0568648331077966,-0.076676142121542,-0.0604986865344742,-0.0498364108394455,0.0414345073082341,0.0504143667807159
12,0.00336981733746892,-0.0117039462833656,-0.0375801962638315,-0.0299614333722324,-0.0788644642451254,0.0332334212654266,0.0111372052922267
13,-0.0247674576844469,-0.073038512524407,-0.0159595773390867,0.095872592447466,-0.0468974444195886,-0.00739561039223406,-0.0343901576860171
14,-0.0161008916838864,0.0453289997516493,0.00360954765802046,-0.0403937631288608,-0.0461050558109551,0.0290640224682029,0.0309381110943825
15,0.00119696462746571,-0.0292381001309868,0.00162715466619615,-0.054688772708441,-0.027492668192465,0.0278369142288117,0.0349962507232752
16,0.00679709707417031,-0.0320000765187186,-0.0684873225702905,0.0226199924083459,-0.0378269607267537,-0.00532406410349605,-0.00279283680587322
17,-0.0152932948466909,-0.0519816878574721,-0.0406365240444136,-0.018026719513123,-0.0345386373912199,0.00728844934559009,0.00497802340198174
18,-0.0435497660875931,-0.0331698101246308,-0.0469895558054929,-0.011066786948161,-0.0406680499088912,-0.000805307510277773,-0.00448728339338845
19,-0.0258625030624205,0.00508705396484285,0.00673042746438413,-0.0588477709082291,-0.0558227389722733,-0.0129355280933977,-0.0153911344557394
20,0.00537780452411966,-0.0143105320684638,-0.0194622147656009,0.00590722869412369,-0.0668141544487413,0.0232462678368316,0.00856348578204618
21,0.0175882326117699,-0.0287911529456148,-0.06476338650851,-0.0202473104717555,-0.0792521321552028,0.0234188003859027,0.0253518607268961
22,0.0544597636709844,-0.0505180875258435,-0.0282983438079062,0.0423496280146134,-0.0578996844298645,0.0487503421033632,0.0634439118133199
23,-0.0177455049197993,-0.0555572592558277,-0.0290561877897065,-0.0116189828926392,-0.0701011303884256,-0.00394116139803442,-0.00681500873822598
24,0.000691462872231471,-0.0216293496388359,-0.0529750445371155,-0.0691780631641064,0.00343863919576559,0.0137741854852168,0.00407895315635308
25,-0.0213381514438554,0.0125055142442941,0.00115521870757693,0.0394427104130816,-0.10923907402737,-0.0439112691075466,-0.029644920509266
26,0.00186643777393041,-0.057138950123317,0.0181777952519704,-0.0758439978572362,-0.0121613609901032,0.0442109083958282,0.0426205844711084
27,0.0189318024722664,0.00969916858311089,-0.0214990822045962,-0.0143105982074409,-0.0175124641032628,0.0398289603799358,0.061750454759368
28,-0.0213610294350224,-0.0358730544370515,0.00463080602463883,-0.0415004579804308,-0.0486730598830854,0.054121411914757,0.0905359206769732
29,-0.012900311818683,-0.0592145225879337,0.0729064553843098,-0.00203988164742927,-0.0903854906719465,-0.00226508646082996,0.0115168297428775
30,0.023991250153902,0.0162194677520124,-0.0204480925239341,-0.0507410437238975,-0.0265019757275594,0.0197665945289695,0.0199938759511457
31,0.0088090806684584,-0.0203384847864646,-0.0468390874070203,0.0112759701547488,-0.0792936911939742,0.0328521706809516,0.0158802628307362
32,-0.0164705943784609,-0.0198767603662511,-0.0310891405209261,0.011864820086103,-0.0622271696261173,0.0202826538382715,0.00606991737003509
33,0.00989550486680763,-0.0085192268102732,0.0361350018495277,0.0288653565366484,-0.0919134832719868,0.0527141520746996,0.0565006928059942
34,0.0222725289798834,-0.0519686527548562,0.0243332566745666,-0.0466867899363882,-0.077630126135884,0.0270346559831039,0.0222567975061585
35,-0.013009933386773,-0.071011687267111,-0.0299897620856869,-0.0356685972615222,-0.00166928689737655,0.0160059469776935,-0.0261453716790459
36,-0.000355437026293808,-0.0454296253587539,-0.0315583856577037,-0.0907874976745514,-0.0424318341032061,-0.00504673506822442,-0.0210030973363821
37,0.0029188903068597,0.00367166463030659,0.022611760902094,0.00476863021995388,-0.00765586135006435,0.0184886789219462,0.0259744119155409
38,-0.0216992020041793,0.0305047889770927,-0.0433861956832127,-0.118644860938663,0.0372184804033402,-0.010530619721552,-0.0250502461679016
39,0.0405611483451261,-0.056462182718693,-0.0139725202361929,-0.0157689262524704,-0.0416292721238117,0.0381225366791398,0.0172109443178954
40,-0.0197877187541849,-0.00439947193698913,-0.0559097627581664,-0.0232109318369691,-0.0791401021171784,0.0247212053117055,0.0247558462752543
41,-0.0165362074948679,0.0310809502700372,-0.00438247087009849,-0.0829353517560475,-0.015706906627311,-0.0352265036866047,-0.0409813930467936
42,-0.000390232012915007,0.0106994809617685,0.0308272544399087,-0.0345443233692097,0.0552878044353849,0.0530694294576749,0.0608540412110285
43,-0.0155289558992904,-0.00964889787534493,0.0099896404171356,-0.0314636114589676,-0.1639253058608,-0.00649755076670457,-0.0108543219747718
44,0.00418856285381332,-0.0175522844616556,-0.0012640492555151,-0.0316016629575553,0.00461609710743466,-0.0199243696591141,-0.0180660714680296
45,-0.0146702874556773,-0.0351508840216943,-0.030600654448878,-0.0452865050347006,-0.0488654450508836,-0.000235405676884841,-0.000749283358181474
46,-0.0113096250282382,-0.0285531843442294,0.0392677506387936,-0.029242873950203,-0.0447242871560178,0.0336981402068379,0.0681955169468097
47,0.00291566254224485,-0.00244527873161607,-0.0599992724009307,0.0310137217875528,-0.10106340663492,-0.00036982188759152,-0.010167809782359
48,-0.00469752576157453,-0.0803367411600314,-0.0329051715064698,0.0592255255620661,-0.065373950881758,0.00488839522290613,0.00102331199138145
49,-0.00581990345709577,-0.0312208938564818,0.0300244540399918,-0.0640930907560438,0.0101307923275545,0.0564048172528933,0.0353034647599887
50,-0.00790251595039224,0.00106786407540116,-0.0341641221061746,-0.0124897340669675,-0.00991807022878105,0.00294904547113072,0.00186470450533439
51,-0.014854293634935,-0.0466998549934125,-0.0486403599946253,-0.0611352294890866,-0.0928611815048731,0.0033573046423556,0.0239936984533893
52,-0.052054966439145,-0.00976952474895498,-0.014857609480275,0.0481815659887515,-0.0796970667618738,0.000123295294358575,0.0293296828650227
53,-0.00873148206649849,-0.0394874936229073,0.0360910478234782,-0.0439045882207211,-0.0678920449683795,0.0207952613851537,0.0153850905080887
54,-0.00956711415463034,-0.0568152192184277,0.0516143885850243,-0.0235388720368029,-0.0204136393073093,0.032002564772669,0.0271269202071134
55,0.00363992522368899,-0.0381395611365085,-0.0394296242335938,-0.0333445232454023,-0.0176252376211224,0.0200200302946385,0.000304613056012801
56,0.0105776569450241,-0.0325482159367704,-0.0140172846101534,-0.0532771858195097,-0.0203580353172125,0.0274678683719428,-0.0747275043226122
57,0.0292786411663794,-0.0309645681790018,0.00917566478621881,-0.0549012135055975,-0.0018664731004191,0.0608717410047901,0.0309530069930824
58,-0.0253948595397343,-0.0484171684494632,0.0198226268326317,0.0159824079499423,-0.0399974551456252,0.0289532242306875,0.0190601480429404
59,0.0331960926125982,-0.0241273087906638,0.00132553999691321,-0.0254007969082574,-0.0700925234191992,0.0487499994820011,0.0430797416227201
60,0.0137245632902556,-0.0253928022188115,-0.0778824609158531,0.020410386089518,-0.112871721142764,0.0364504002364142,0.0484490192168482
61,-0.00458565740684386,0.0330463108255799,-0.018483818060771,-0.0279692661402647,-0.0119009426240387,0.0435014494491558,-0.00947279308164848
62,0.00112111012435325,-0.0824613546700332,-0.0132128049207912,-0.0226054547039951,-0.0791027685551607,0.0355869090331269,0.035789413296757
63,-0.0341156945280632,-0.0153666113559909,0.0100463375169463,-0.035869992468325,-0.0387250480795981,0.017543127795003,0.0102792626387038
64,-0.0407207877444458,-0.035989545209158,0.0334577577517979,0.0393916355910617,-0.112543762472008,0.00873554064018407,-0.0203856212972089
65,0.0130979030320069,-0.0633630406552397,-0.0228128914333879,0.0495120976639095,-0.118156877133987,0.0421328282000916,0.0360774614206558
66,0.00895717632931558,-0.0683012108013144,-0.0221034048556294,-0.00736327051820029,-0.0927942805844986,0.0301382392427842,0.0283520928368128
67,0.0184896704946318,-0.0432995852398656,-0.0758407535804221,-0.0255914432333702,-0.0299195837409234,0.0438818071565081,0.0170482796866302
68,-0.0140102052776948,-0.0305683322994966,-0.039211313075778,0.00055109671542844,-0.00623178393932572,0.0454480528344989,0.0422419391423244
69,0.011801333131569,-0.0323275840224287,-0.0326117864859374,0.0462065618334748,-0.0547542261567424,0.00763666320383201,0.039610934984187
70,0.00308807398669091,-0.0302021502993402,-0.0615912544092348,-0.021044948360481,-0.0776906621120422,-0.00211231887644973,0.00577287429593238
71,-0.0407013796189151,-0.0123265142322641,0.0173572828329518,-0.0120285660689035,-0.0609359565093543,0.0208656698394009,0.0450371772244519
72,-0.0226989465631989,-0.0146342925705798,-0.0487508231316222,-0.00648943297813925,-0.0590383509945115,-0.00513003822056467,-0.0053096181446571
73,-0.00160292558242491,-0.00900820006310799,-0.0298575673656991,-0.0256959878496223,0.0126448658135289,-0.00960580376468231,-0.0058378874204158
74,-0.0260869051722935,0.0507836142018701,0.0182332815974591,-0.0145010204189436,-0.0121577878296736,-0.00932177335975244,-0.00932892679231652
75,-0.0332344442423047,-0.0414287432913199,-0.0335332146053717,-0.00313710355604313,-0.131742456433933,-0.0201332032443576,-0.0156517177767829
76,-0.0147285749380197,-0.0213590462209569,-0.0403090146288862,-0.0341338354053134,-0.037799685278038,0.0211067666139367,0.0214137622038129
77,-0.00357649272701554,-0.0549705189668023,0.0126999363283464,0.00216871344254868,-0.0493387756849961,0.00344698558342223,0.00487366016641264
78,-0.016622559357192,-0.0428069959415695,0.0249849969213422,-0.0705031763088189,-0.048322373743735,-0.0299178756335567,-0.0417386904622568
79,0.00483588186927875,-0.00662377092908158,0.00264463337648543,-0.043519084464912,-0.0913207912143704,0.0561986208831832,0.0569289534744493
80,0.0164424512452533,-0.0427284049299907,-0.0289738355452353,0.00263036008434453,-0.0493793570498237,0.00282884236820255,0.0109327609391194
81,0.00377955842700825,0.0408594607180291,-0.0114450854356772,-0.0537760657282107,-0.0741567131273169,0.0249419433196913,-0.000421839272280511
82,0.0212866176017924,0.0357432073009193,-0.0395041377457129,-0.0293079652760183,-0.00250746851416689,0.0549239436892071,0.0596508821572121
83,-0.0222090002632145,-0.0151385680520431,-0.00534768606063996,-0.0401342525683516,0.00228456958819728,0.0243417900439245,-0.0232013919052856
84,-0.0323728265108418,-0.031676947257092,-0.0468506290747725,-0.0400710187449828,-0.0260293811949366,0.0158850810778298,0.0115907011336906
85,-0.0161603242223602,-0.0439357475946022,-0.0283224615252512,0.00987286646783034,-0.0467269917244549,0.0197149690161208,0.0197263262793594
86,0.0206503880911944,-0.00442752187014639,0.035565152736193,-0.0353359583078677,-0.0348023588299604,0.0289774973687064,0.0482964394347795
87,0.0200467213042719,-0.0398887309495603,-0.00409737019289422,-0.00528110408453555,-0.108908085763713,0.0478012774293079,0.050853730115589
88,-0.0270409381049866,-0.0062821891421245,-0.0601730240241768,0.0124575315702072,-0.0752745384752846,-0.0634302925948077,-0.0645229289419061
89,0.00575718598541512,-0.0440904644303817,0.00648971319039479,-0.077526452285481,-0.0970638281955199,0.0234833126228306,0.00423117483836975
90,-0.00177167455857041,-0.0559918692140264,-0.0599284291970313,-0.0113283226906014,-0.0620200865536288,-0.0497782484756669,-0.0754833652162285
91,-0.0474482400221284,-0.0431687196233429,-0.0550601067941805,0.0173298609673672,-0.0831883044749273,-0.00481871007738817,-0.0341814994279668
92,-0.0161616324680588,-0.00305657321822977,-0.00978405741805471,0.0167897041400944,-0.0208606096738089,-0.00661811620215608,-0.00500587072746177
93,-0.0124285352211836,-0.0458786931677947,0.0174545744359699,-0.0103829649579839,-0.086506718016996,0.0393917319625586,0.00788827508649979
94,0.0154192820883407,-0.0618326238593034,0.00750887993316132,-0.0113321195435044,-0.0650827525266119,0.0337847511215542,0.0376815603178835
95,-0.0169447879160382,0.0448499993859757,-0.0134926323777149,-0.0143263164141723,-0.0677216730574161,-0.0466965283839453,-0.0150617676232575
96,-0.0097352479952809,-0.0805744075671625,-0.0191765730550166,0.0728126803711075,-0.100787597997351,-0.00976620005303758,-0.00970851113305921
97,0.0208012057499075,-0.0219339553405204,0.00776382429538292,0.0101297885069878,-0.10360818412926,0.0890981922085763,0.0380117674666393
98,0.00170199200530199,-0.0385104927769704,-0.007578345403355,-0.0354317231872895,0.0332647284904336,-0.0150283187682233,-0.00319719778993872
99,0.0141912191093271,-0.00764701244949581,0.0330861869304986,-0.0939036041863264,-0.0128803722047171,0.0264695223583327,0.023035966572516
100,-0.0116978434319686,-0.00935335894108368,-0.0294743439330868,0.0147780302071915,-0.0751052371361481,0.0368171231917211,0.0234080364434988
101,-0.0287467244541799,-0.0624459411760841,-0.0067047132239961,0.0219450889033534,-0.0557178325281206,-0.0394415555588913,-0.0373291004408576
102,-0.00473506466490442,-0.0503777518155682,0.00101720582144488,0.0280499916885967,-0.0101500923716962,0.0586984976498064,0.0351982321990139
103,-0.0187222913448392,-0.0558383133067891,-0.0243241225771571,-0.0517077394901954,-0.0666914240923627,0.0307815752514867,0.0438814486317059
104,-0.0179820608848008,-0.0103188850186524,0.0211600521891665,-0.0548902417216093,-0.0426815273672267,0.0174637246973566,0.0111502168270966
105,-0.0310001473121695,0.0118146690994448,-0.0543811664857805,-0.0191436626577524,-0.00156682446467221,0.0208061093818255,-0.0247379172698356
106,-0.0363979940261893,-0.00577631349622637,0.00010348051893358,-0.0276183068094412,-0.031721084941173,-0.000263803474486068,-0.0441726966627785
107,-0.0231871530692755,-0.0197733348024585,-0.0479182781942085,0.0797197313761081,-0.0474954714862029,-0.00444661347747701,-0.0119614349432416
108,0.0412431898379464,-0.0361005299681675,-0.0435090847331151,-0.0717426922119587,-0.0556678718281307,0.0266423559622493,0.0354191396374822
109,0.0213854285688179,-0.00506120617506697,-0.0653528684220063,-0.00681416114933042,-0.0147641745098644,0.0138146996153532,0.0147379256356979
110,0.00658904669227327,-0.0272770657697976,-0.076863796947084,0.0484367301870708,-0.0612249686222379,0.0259679014892602,0.0328287626050856
111,-0.00213665418036179,-0.040059989669375,-0.0285441691978477,-0.0377039349723247,-0.0263338964870881,0.0355541007215783,0.0248844461776747
112,-0.0108190241520657,-0.0399701772420753,-0.0314030788899104,-0.014946043296103,-0.0288798397327319,0.0123919395172851,0.00492020092608
113,-0.00378956728661325,-0.0193299921206355,-0.036617854536824,-0.00858326556302089,-0.0119786162938388,0.00771563141013526,0.0134303348318669
114,-0.0215661693999404,-0.0605501677563581,0.0543212385865361,-0.0596190274609463,-0.123837857211046,-0.00177435210050492,-0.00702451450267656
115,-0.00654438811929031,0.0513258038063221,0.0000728738906756177,-0.0298687075449846,-0.110219079241258,-0.000514551112952649,0.00835933270659804
116,0.00491384010689393,-0.0412443854658024,-0.0357733015920736,-0.0943685427115756,-0.0880942179466904,0.013327381532741,0.0103903853940499
117,0.00872876716941871,0.0119297350455222,-0.0306166469932468,0.00186117490195295,-0.0222599377203799,-0.00647470406139376,-0.00184440937679597
118,-0.00853833204670101,-0.0658210304839375,-0.0202038093243856,-0.0415930061852575,0.0325806510429115,0.00998011827829665,0.0318498654651704
119,-0.00207759352241352,-0.029084346790084,-0.0420507652389791,0.00102902468948363,-0.0509818051382424,0.0406613270518955,0.0362951147159706
120,-0.0361496700499391,-0.074478756217517,-0.0325946218242925,-0.00570016201592047,-0.0372774788399194,0.0107304335659105,0.0129424090565122
121,0.00218639850459658,0.00233846973537502,-0.0251141010872962,-0.0387642125031827,-0.0563543182645875,0.00272978931873288,-0.00731539945535435
122,-0.0368074353052413,-0.0276179376424499,-0.00940435825839508,-0.122891390104681,-0.0034450910588929,-0.0181047563660534,-0.00916345839322719
123,-0.0193287323098422,-0.0215079052714646,0.045481263152537,-0.0648610130087019,-0.0741990777205496,-0.0185701439847439,-0.00976865885250173
124,-0.0151816163802339,0.0111614611197587,-0.0596711252649589,-0.0206437527888786,-0.0329268796293281,0.035738171111996,0.00478400603372704
125,0.00358134917924688,-0.00433401130698141,-0.0642797976691989,-0.0290258797029815,-0.0476988018838436,0.0355765975698817,0.0286258560547475
126,0.00335887306719156,-0.0470762351029588,-0.00893264534511351,0.00832697824966444,-0.124351262591594,-0.00561787809913621,-0.0119741386979887
127,-0.0458221191957626,-0.0444333701773068,-0.046329349374564,-0.00606080958630684,-0.0686134594004204,-0.0201592462188684,-0.0121228550277257
128,-0.0101406832683346,-0.0198652063229489,-0.0280013997771441,-0.100616353468465,-0.023177862291337,0.00858957893666096,0.0014753252390573
129,-0.0307772848632826,-0.0101700402630595,-0.0289328578913877,-0.0290580845423735,-0.0955743206381423,-0.0250773588330895,-0.0347049398823819
130,-0.0181464700735763,-0.00192275005638766,-0.039662049976605,-0.00897441950863917,-0.0227584176678694,-0.0113068355831374,-0.00588839280175756
131,-0.0257883053878541,0.0287263023664412,-0.0404008642131042,-0.0195659293357965,-0.0152068844155984,-0.011582583405715,0.0137771886211489
132,-0.0387837962353386,-0.0553929892843944,0.0265443469502717,-0.0100537529143626,-0.0992828791141886,0.0249672915151405,0.0270464364817683
133,-0.0358973184815975,-0.0253124993134562,-0.0245075293057831,-0.0042946760701518,-0.0424899554769848,0.00981510650940912,0.0286005261895523
134,-0.00206538248508481,-0.0361000735944844,0.000826906371823949,-0.0401146764801817,-0.0533570847564938,0.0135949631276736,-0.00167466046746534
135,0.0118410156250754,0.0150819492123825,-0.0049187033467446,-0.0389026497479416,-0.023998762245697,-0.000499874649227822,0.0222058434171717
136,0.0366426713456836,0.0153936789393244,-0.0320054545642189,-0.0359257006407742,-0.00985631275731086,0.0733642657705142,0.0615032828831406
137,-0.0104918247303764,-0.00228541261715759,-0.0098965202363995,0.0584661628410902,-0.026640650158624,-0.0113382770603341,-0.0179444851604637
138,0.00517098291726611,-0.0632153521917251,-0.0228266754956697,-0.0768046743660032,-0.0133691537680743,0.0463546008503063,0.0532287683105958
139,-0.00748924781357683,-0.0254145219360517,-0.0731440843626025,-0.0241638860481314,-0.0144490499175299,0.0344578006025186,0.0172658911726894
140,-0.0094890624054073,-0.0267251484227955,-0.020200452722289,0.0226251348821797,-0.0487974101154476,0.0228468792880927,0.0119303404104886
141,-0.0370766493308338,-0.0345320279318531,0.00347677394492807,-0.00432200828904811,-0.0862873748402734,0.0265592063571692,0.0498483108431741
142,0.00410516093329814,-0.00569559626871402,-0.0410551857444186,-0.0125517909817671,-0.117387458242622,0.0726312451991218,0.0644221790227701
143,-0.0202918243357741,-0.0664687291155818,-0.0380717362004666,-0.0140315922599218,-0.0825011594404647,0.0137608707758746,0.0143198125558871
144,-0.0482997041344078,-0.0167584016579845,0.0275446753689399,0.00926774372521935,-0.0222798540370836,0.00849607010615262,0.0148288573904911
145,-0.0160711515228093,-0.0421365020441246,-0.00816731613476004,0.0262566332658745,0.0134848993011014,-0.00745206798918532,0.0104887532550439
146,-0.018862205861779,-0.0476920164891302,-0.0181877129624593,0.0341205033910384,-0.0766768882484119,0.00454055117504427,-0.00358907343397925
147,-0.0191586788982933,-0.02068686711047,0.000995779132056757,0.0730708349937453,-0.0867650080284021,0.0100022363783073,0.0286506815544672
148,0.000548073585957626,-0.0197007520434306,-0.0512308620256621,-0.0807844425666672,0.0415353618724834,0.042398734020774,0.0111288806199532
149,-0.0168305614644778,0.00114404173214579,0.0351098245102182,-0.0196333449691448,-0.146674444342243,0.0364857555467284,-0.00503580117709622
150,-0.0140590341608157,-0.0390992737781495,0.00182601131751794,-0.0248142416139392,-0.0600474630159291,0.0602533606453861,0.0634380207470066
151,-0.00540051656484386,0.00703154920162664,-0.0356063788751585,-0.0291681974947981,-0.0658086359855766,-0.0303218635742158,0.00872431974942463
152,-0.00999879715567917,-0.0182435776502518,-0.0159056903097092,0.0121372964423804,-0.126453727509766,-0.00798921591186769,-0.00664273929328605
153,0.0192079685845886,-0.0374975359808424,0.0166628268063248,-0.0452974455357806,-0.0699277155277439,0.0550419803878349,0.0231911710914303
154,0.026669574010863,-0.0646253941511577,0.00278286231776478,-0.0137237846921601,0.01196241123688,0.0506086618918162,0.0355426152264879
155,-0.0160605224120279,-0.0423631477409609,-0.00893756909197113,-0.0120897320124595,-0.0657815899007955,-0.0252756736723846,-0.0286992462777139
156,-0.00883869220486443,-0.049631644985153,-0.0444205070412431,-0.0179517915091132,-0.0486603448702594,0.033118659071247,0.0350819080068113
157,0.0119443438582909,-0.0419829505467473,0.0130351748653752,-0.0903817981642594,-0.046005306568592,0.0395553165730188,0.0292280433520083
158,-0.00497773417230087,-0.0551522620585276,-0.0480369065849951,0.00577122831305668,-0.0623454845835655,-0.00287697729026473,-0.0092905305809307
159,0.0219847472126659,-0.0402585250598771,0.00144143389451781,0.00131596624866256,-0.0818696338556391,0.0278437870215871,0.0168069435076466
160,0.0221532851595437,-0.0120099343364708,-0.00008401788450077,-0.0428511913926725,-0.0371394401950342,0.0493179723452215,0.0519902573521693
161,-0.0374200126851044,-0.0396588209117886,-0.0509675412582169,-0.029545225606994,-0.0699445916647544,0.0287462154224354,0.0101818177911456
162,0.00868078705400605,-0.0222495304428824,-0.0936772734669228,-0.00121779266491678,-0.0997446287931406,0.0141417439801774,0.0118020215389435
163,-0.0147916642042242,-0.0529823817088149,-0.126082809453393,0.00978811568775914,-0.0103796383692687,0.0203238646884281,-0.00620706947346315
164,0.0388542423414974,-0.0533980597328934,-0.054430029984802,-0.0376868264937879,-0.0228554794349133,0.0908450403316348,0.0973701986480107
165,-0.0170948283685854,-0.0294564614536682,-0.0252268062534884,0.00148525105346656,-0.142003054997426,-0.0169287362086417,-0.0112051518921322
166,-0.0287117440723507,-0.0727511818165083,-0.00244045519604585,-0.0599310138494463,-0.00145522026072747,-0.0215964336298421,-0.00531835860474596
167,-0.00515568895084867,-0.028308973547317,-0.0432619078997267,-0.0944668833242778,-0.0151978438041944,-0.00361362908240281,0.00967581517337156
168,-0.00752127203286103,-0.0685669599794849,-0.0115033929458254,-0.00601718002035737,-0.0812371559908917,0.0201162021131211,0.0513408911501005
169,0.0506264569565222,0.00730790013289664,0.0210580871312694,-0.0290064431141711,-0.100879673970568,0.0592666118515148,0.0799051059426697
170,-0.0143024566684359,-0.0432489402412712,-0.0208193940449688,0.000581122833977515,-0.0852065136262309,-0.0120472218598248,-0.00424703884583616
171,-0.00861571809118894,-0.0356290247939252,0.0280108896521935,-0.061794738632613,-0.037886264222086,0.0349275505773603,0.0246161251880216
172,-0.0159904981505284,-0.0182502425264266,0.0154584280543554,-0.040623634933367,-0.0408156975080455,0.0407559254030959,0.0321273612456369
173,0.0124045649406112,-0.0524807081973177,-0.0421192612394075,-0.0984259160244837,-0.105283764150288,0.0461900602715543,0.01764191419054
174,-0.00692548960299904,0.00756792377271873,0.00360160719471542,-0.0462060864529883,-0.0516151317354621,0.00735495742788101,0.00681732409669681
175,-0.0243464715174773,-0.000974734985038306,0.0215130276300463,-0.0160200754052775,0.0109486865564971,0.0358499424455996,0.0353728414034197
176,0.0165992363211734,0.00551224234689113,-0.0526465949679537,-0.0234114430003043,0.0531650853044019,0.040633781521231,0.0254281640589757
177,0.0142471047473759,-0.0978476386972235,-0.022616690898532,0.0198805626360586,-0.109645640769519,0.0325563548885915,0.0108277583147816
178,-0.000169058378402871,-0.0610094280658028,0.0032331702897927,-0.0228242456827152,-0.0481130322416959,0.0106148713863514,0.0206222254519011
179,-0.0111469091463576,-0.0207095471567547,-0.0676923819879713,-0.042819900274361,0.017722524022307,-0.00460314266682856,-0.0251216729313245
180,0.0074640240958083,-0.0646407456299582,-0.0267980754323742,0.0345553294941866,-0.00282994838186201,0.0159273360375325,0.0204837367200304
181,-0.0111935833411284,-0.0496947173899608,-0.00669175670988628,-0.0270016896350032,-0.0132907341640199,-0.00684411395875886,0.0111882390130652
182,0.018036876322274,-0.0216128892217766,-0.0339261127962489,-0.0549835771784276,-0.0717153729735432,0.0782912408400384,0.0444505692495906
183,-0.0423127918991161,-0.00441957199742732,-0.0543947055194524,-0.010209649295006,-0.0673631871212477,-0.0115400689550339,-0.0352580281628564
184,0.00202566319782479,-0.0311448488759155,-0.0324797992097594,-0.0387705468481621,-0.0107971753744426,0.0346230735654446,0.0346021682268053
185,-0.00124890283634069,0.0284975255699025,-0.0352054953588614,0.0328846794529525,-0.0816098702838461,0.0413236817385708,0.0504950420613083
186,-0.0530790985272119,0.0165456693974844,-0.0795918835633707,0.0137035554960857,-0.0736387194991894,0.00342443499187216,-0.00139284984880429
187,-0.0168797619922829,0.0148978858219506,-0.0370632903988003,-0.0486612759479257,-0.0439779129301322,0.0235582696065433,-0.0275474174774428
188,-0.0371616288404675,-0.0207107584476523,0.00116522211740278,-0.131356197631386,-0.0506626793160798,0.0313696621577865,-0.0399672522670893
189,0.0135834375006013,0.0276696189707573,-0.026387662901641,-0.0217963795597638,-0.00755857230192281,0.0237027050433172,0.00817518862234794
190,-0.0113481615028986,-0.0652253017779114,0.0172332906926472,0.0307018039296652,-0.0805309852260086,0.0595653397542663,0.0228326627682258
191,-0.0208470367913546,0.0407475554682633,-0.0768007428484326,0.009003879968108,-0.0764373996326293,0.0205770800924883,0.0200345425624831
192,0.0129546074210626,-0.0769727075570933,-0.0315930512122214,-0.038824971427654,-0.0265581631312284,0.0562501912432784,0.0606806675960811
193,-0.018347249842776,-0.0480620701100998,0.030702336245326,-0.0919669594607675,-0.00748809099735004,0.00358218128996823,0.0064969641023543
194,-0.0108823027774852,-0.0412751138346252,0.0109968124108417,-0.121308884598192,-0.0132542920622509,0.0215370750502888,0.0127916890858664
195,0.000898628147947146,-0.0165869358009367,0.0428154819046501,-0.0208044906759562,-0.0506625846864488,0.0537469142951479,0.0300230481247873
196,-0.0344819896471478,-0.0410860938507951,0.00543967621006125,-0.0427218755151845,-0.0823115141937668,-0.0247816436264285,-0.035256381916117
197,-0.0394623702955103,-0.00242985430675377,-0.0242610221093116,0.00582263219873208,-0.109621791585549,0.0204770785269978,0.00463906080125168
198,0.0160160065947112,-0.0282562780137288,0.00598314469017611,0.00393748714872791,-0.0308280472842184,0.0231672975209376,0.0177154865274137
199,0.0120270868340301,-0.00130635372612101,-0.0547425171015166,-0.0216361486307682,-0.0384701560292683,0.052658379761005,0.016014624290562
200,0.00149956288129893,0.049969320127369,-0.0348498025441228,-0.0199736225533224,-0.0549354168749543,0.019499467799659,0.00551250693659043
201,0.0135648708246679,0.00767346521829897,-0.10701885395663,0.0875408420595242,-0.0448096504969336,0.0538689495185084,0.0527599173549922
202,-0.000900501152196406,-0.0354737916356229,0.00546111468110816,-0.0164178083876482,-0.104460051026761,0.012214479322898,0.00340478183266291
203,0.00134997897352862,-0.0497421027498336,0.015402671147091,-0.0446821993503724,-0.0600557442004868,0.0315018739387122,0.0254474330622535
204,-0.0139263324383061,-0.0669884447215616,0.0195863014757621,-0.00456984800047741,-0.0521289492963676,0.0211266616503326,0.0371075450687893
205,-0.0174564563466983,-0.0347608483447435,-0.00435405140350217,-0.062586958606405,-0.0471423245330311,0.0292129571088045,-0.0126010826491954
206,-0.00361275328658563,-0.0331857456528095,-0.0130819962545452,-0.0205112768025841,-0.105776755385887,0.0119605737464716,0.0231573302640677
207,-0.00797785440849179,-0.0232584584897572,-0.0174682095382326,0.0129706910930293,-0.0638167435311656,0.00598443550665836,0.00462481602387109
208,0.000116745796355261,-0.0741231793075925,-0.0533340013905412,-0.0480562397504487,-0.0868589910968591,-0.0311894507980641,-0.00585221526936119
209,-0.0107730116647877,-0.0366133339860773,0.0175836989441775,-0.113448116669762,-0.0762333032652552,0.0335252571506807,0.0275091980174628
210,-0.011509653510049,-0.0212262941539204,-0.0181966443358926,-0.0135682069881479,-0.0722188877867906,-0.0319756042859794,-0.00326652861382663
211,0.0116380049734037,-0.0524091090922149,-0.0207711591311445,0.0384587417121909,-0.0709819086753697,0.000346748339497993,-0.00916200431258689
212,-0.0132117661081598,-0.0494229989392036,0.0042643943937779,-0.048717149069748,-0.0147317999178626,-0.000956134014061999,0.00419076894595592
213,-0.0108892981418426,-0.00510767512300223,-0.0367515533716976,0.0107701400838261,-0.026335084808508,0.0516598608454947,-0.0134764802273431
214,0.0337836836205157,-0.102226824786271,-0.0208249846098242,-0.0264809753431489,-0.00660276794453901,0.0515130042917329,0.0617099627924597
215,0.0000693822547014819,-0.063013934815921,-0.0277708982986345,-0.0411156698893019,-0.0159525761775389,0.0327474146328772,0.0217541147876536
216,-0.0220615384384984,0.0046131293918959,0.0143896392085448,0.0242936524080152,-0.0241549052261965,-0.0107768958356594,0.0855941055041434
217,0.0124994544126603,-0.0281340939574163,-0.0415607132686762,-0.0131876000038137,-0.0350640937376884,0.039448804599643,0.0488469548294279
218,0.00654896463263052,-0.0654287459271422,0.0137515238905284,-0.0292354768229008,0.00620749150966332,0.0751208128875472,0.0152036229328915
219,-0.0143799012609167,-0.0256276871894986,-0.00804769571149919,0.0393117571418627,-0.0701022889674494,0.00249176079622498,-0.0352388379750265
220,0.00363954755084553,0.0216634310167334,0.0138241620942755,-0.0408608386355895,-0.0378555966820553,0.023749217973053,0.0162162911295974
221,-0.0182877253183901,-0.025037081382609,0.0126395859408255,-0.00948550124918562,-0.0958459178521002,-0.0172470222522246,-0.0277954614917399
222,-0.00092868299491812,0.0204221129775055,-0.0140807638345314,-0.0328771879368839,-0.108706897804969,0.0261932007445221,0.0481855767967207
223,-0.0300906152004665,-0.0286532202766549,0.0188166674983728,0.0219239136079,-0.119458260818389,0.0324633442348858,0.0367001499834761
224,0.0179512408231228,-0.0530975298053032,0.0129005638019404,-0.0825267364348836,-0.0504835728635595,-0.00238953866452929,0.014231405570163
225,-0.00994384142149917,-0.0396908370653902,-0.0448763097236051,-0.0534482490280347,-0.0321511268563202,0.0191857753579624,0.0197856821331882
226,-0.000741412072775262,-0.0410650188563941,-0.0224073407094544,0.00707269196982227,-0.0239848159503667,0.0367618137398411,-0.00605910555307507
227,-0.0195359365052563,0.0171685867253143,0.020158791187925,-0.0206644137619239,-0.0610273346808201,0.0151193976995284,0.0676224571473593
228,-0.0503638753527244,0.00617058730166911,-0.0123976972108443,-0.02773052266978,-0.116102934597023,0.00905176512582286,0.00497172387017712
229,-0.0171782873764183,-0.043365833558961,-0.0315324509192126,0.0383786250132147,-0.08230975118648,0.00432213570189263,0.00566983236250961
230,0.0230954300625249,-0.0759275024747142,0.00158283090994527,-0.00490188734019098,-0.027416882618853,0.0564897192656809,0.0371927173181543
231,0.00229606935318377,-0.064723246838633,0.0507948157174026,-0.00376721075343059,-0.0124692655220875,0.0211789342906883,-0.0150197240332095
232,-0.000932640483464142,-0.0400451864895066,-0.0581015472563295,0.0445924749793445,-0.0599665182441858,0.0024600877224274,-0.00566352568772986
233,-0.00213526134049466,-0.0324928248532349,0.0479024925409208,-0.0150128981695227,0.0248225700238159,0.0446257589659296,0.0113043030158831
234,-0.0142947125127997,-0.00341173253745661,-0.0485513903147049,-0.0301377368195493,-0.0497232215272086,-0.012522292751289,-0.0185084736797128
235,0.0148256842300513,-0.0690006255201612,-0.0168098782621482,-0.131171883531197,-0.031306515530606,0.0174667241749591,0.0327012957182821
236,-0.00124633879942871,-0.00740740471726732,-0.0412980368600569,-0.00918998735653659,-0.0489387402297769,0.0244732408155313,0.0218206019291614
237,-0.0218041157531578,0.0148838683191746,-0.0279789060664125,-0.0487333171126866,-0.0651746460157794,-0.0183919418653628,-0.0142100191099452
238,-0.00649922032286795,-0.0298535940139751,0.0105804373010091,-0.00629937574658226,0.00154017728872746,0.0482995536890135,0.0157733711769073
239,0.0279485848114309,-0.0298795241914958,-0.00407551278783183,0.0147749230279015,-0.0341697621352773,0.0419904048019916,0.0239647075554826
240,0.0154426468314294,-0.0676977239902616,-0.0440412806924945,0.00412621204425606,-0.00894403197856392,0.0681894402378778,0.0274350392578187
241,0.0120361108820731,-0.087352027899727,-0.0823441820068896,0.00401966961415326,-0.0856798839699487,0.0461682468075425,0.00986101633050028
242,0.00577577372176236,-0.0607916182570065,0.00233626445600926,-0.0283879649464197,-0.0668957295715354,0.0421239902702054,0.00602956069867517
243,-0.045414195981335,-0.0230948103094133,0.0214912664124619,0.0192091408577864,-0.108765505397573,0.00425379726704805,-0.0263596024025383
244,0.0225944114630516,0.00107121522599549,-0.0784446616482854,0.0205104055420949,0.00166712353111453,0.0704586688643433,0.0455169548120806
245,-0.012726608970092,-0.0277114129864206,-0.0495786251912849,0.0220639618233001,-0.0384127644077203,0.012396893037049,0.0235816903707673
246,-0.0452939072691747,-0.0184950520721074,0.0142238089173858,-0.0494580624770999,-0.059881621786303,-0.0216578034813468,-0.0231191545449173
247,-0.0123724949907072,-0.0457817412198781,-0.037199838747308,-0.0696165326188561,-0.0470745032671248,0.0305796131831221,0.023234415010612
248,-0.00900815469160814,-0.0505016397208272,0.0104067828717736,0.0394530713427854,-0.0630579592190185,0.00120328186530559,0.00940628626612219
249,-0.00874308608719568,-0.0721589541235125,-0.00381629975161013,-0.0882467905886842,-0.0539703680380515,-0.0776295970942274,-0.071151104097384
250,-0.00375646491755696,-0.00355834606228905,-0.0581026532843652,-0.0762821111128611,0.0405156719927179,-0.0433460171017924,-0.00801550165749219
251,0.0306985449503279,-0.0350169937908844,0.0258777190618661,0.0169904930454807,-0.0835162777325513,0.0771414637200339,0.0560696414038059
252,-0.0101228434394283,-0.00948973366827974,0.018931492749248,-0.0402123610611063,-0.0765226250326683,0.00842586650779886,-0.00519544667125109
253,-0.00776298207693803,-0.0158167420531832,-0.0520000471682008,-0.0472093491873403,-0.0720077383422285,0.0298645162238473,-0.0166795708054186
254,-0.00182193782534554,-0.0628562642025704,0.016823052092023,0.00242914964085131,-0.101684166109313,0.0196779648835779,0.0169116713372017
255,0.0469372801904938,-0.044156637834621,-0.0664927817778966,-0.0333990249971749,-0.104629577978784,0.0432862510196139,0.0670872387783136
256,0.0322323007660217,-0.0769013414178288,-0.0421404357583474,0.0182472097436903,-0.0472107510312397,0.0503389670126903,0.0587095174629507
257,0.00691195122090593,-0.0294544149988138,-0.0329552769109668,0.0109357957504709,-0.0823237840877266,-0.00302683618777286,0.00604418142552162
258,-0.00118625462786866,-0.0213876076157813,-0.061547578765503,0.0568500678182894,0.0407410607907625,0.047328879931415,0.081731151282913
259,0.00420234075687961,-0.022865619863657,-0.067906397168578,-0.0432330618313506,-0.0327426964854704,0.0112153260770703,-0.00292967754393435
260,-0.0433481624113553,-0.0723682796706397,0.0402097467428601,-0.0598978439612429,-0.0781749030047906,-0.0397699347813862,-0.0357178360048147
261,0.017680513992139,-0.0662052524471555,-0.0165024305210921,-0.0798199574661367,-0.0818003888981611,0.0221419694678243,0.0451342085934057
262,-0.0112500836431435,0.021495884625348,-0.0429470543329149,-0.0287499231629052,0.0569769360894503,0.0541051020322624,0.0118903992455641
263,0.000794792276350889,-0.0511377334136706,0.00701364290473352,-0.0108984140564402,-0.0694634962796516,-0.00444413610496513,-0.0000175933951565843
264,-0.0378731048728151,0.0383062054382006,-0.0734403450645262,-0.00526164433849644,-0.114364380722551,-0.0401239562869376,-0.0178088738955354
265,-0.0501402455628156,-0.0246608385344157,-0.0218035399158273,-0.0331713258944724,-0.00499653161828834,-0.0181413713474204,-0.0507416977455168
266,0.00537090026455304,-0.110825742241858,-0.0252274569107352,-0.0145294505412553,-0.000470646275094189,0.0154938818262867,0.00260903201770124
267,-0.0244312284991363,-0.0522143430742968,-0.0118947409968452,0.0227740651748298,-0.025303432849081,0.00899717954751231,0.0304000811085508
268,-0.0298155014728608,-0.00834051418842371,0.00189479944761745,-0.03270365710797,-0.0708866628258765,0.00287915027533214,-0.00767982307371856
269,0.0331208842843941,-0.0386846405976874,-0.0320155240413605,0.0157672724167982,-0.0287400097144471,0.042588507879568,0.0421497770969516
270,0.0268758476679751,-0.0210526207581203,0.0352774916961006,0.0378557507818624,-0.116316244327779,0.0566384673215268,0.057576908128449
271,-0.0219277076178341,0.0141924946019739,-0.00238341999553865,-0.0415715494967172,-0.0138911705110661,0.0118035967529715,0.013838576953354
272,-0.0200061210570348,-0.0014802548791904,0.0305138962615686,-0.0354266244147939,-0.0465973144753999,-0.00822086190901749,-0.01079661078735
273,0.0264481372249899,-0.0740117634004773,-0.0531632343856532,0.00857405766828259,-0.0870497394779742,0.0608967255543146,0.0483144266582564
274,-0.0112008143948129,-0.0581412807204071,0.00279413874063525,-0.0593303993396639,-0.0320564164127047,0.000721793602558973,-0.0194512650430334
275,-0.0240113074829936,-0.0432252224659541,-0.0103941837380734,-0.0459023382875095,-0.0792788609196702,0.0187257054039194,-0.0209398932923389
276,-0.0190781422615829,0.0181863511844626,-0.0672196265904574,0.00195905612702074,-0.0729057021658799,0.0362181721296197,0.00354756651084226
277,-0.00684109973737411,0.0016876000300956,0.0146297059398945,0.00688200986856893,-0.0513171034127537,0.0225737731336228,0.0491833229089669
278,-0.0146212014786006,-0.0122532718467839,-0.0541915064783792,0.0229285602162905,-0.040685448082554,0.051534052663877,0.000868318563549922
279,0.0167851181404695,-0.0473075459601655,0.00346138469094165,-0.0286000909917515,-0.0297971171591067,0.0302933429583406,0.0284579869386531
280,-0.0539686403138932,-0.00337680965792263,0.029763394514819,-0.0287450019326087,-0.0589968207727973,0.00363475871577426,0.0219612547101215
281,0.0134975398778426,-0.0159928391655006,-0.0454685567385913,0.00966899446106423,-0.043309673328273,0.0258003071454945,0.0211923040313311
282,0.023061205602103,-0.0216870144178891,0.011225691091783,-0.127513482109221,-0.0214817255033168,0.0586941361639764,0.0454726746794132
283,0.0149973328948128,-0.0678291144787159,0.0134425006664264,-0.0913610864862297,-0.0518625490496162,0.0804049713107452,0.0681159569454887
284,-0.00729337622368918,-0.0505280705297398,-0.0162409578677034,0.0174766906974829,-0.111277702703647,0.00622002471716007,0.00515080927151887
285,0.0262861893834966,-0.04641261148264,0.0256896091819014,0.0354392132359409,-0.0437256776323752,0.0232837894776842,0.0262613549608423
286,-0.00263794756504003,-0.0311115718756754,-0.00327974185621435,-0.0199349866251796,-0.044349292064335,0.0626304867035339,0.0595145482930906
287,-0.00831206110330038,-0.0085073732292381,-0.0504576790720528,-0.0215948172316739,-0.0587346457411454,0.000724692548764741,0.0382043362338776
288,0.0183362436441787,-0.00428886765745105,-0.00267588196718796,-0.000994154139143472,-0.0243909034065101,0.0764217347749427,0.0368198450196035
289,-0.0100906980170944,-0.0913142806636297,-0.00132073318563178,-0.0416308012494483,-0.053088146981716,0.0353504618429909,0.0417329670734728
290,0.0156805260215029,-0.0369686374930154,-0.0689261476909248,0.0332754848689807,0.0121629251686634,0.022945158682082,0.0427918513582636
291,0.0413894712109914,-0.0251377094344385,-0.0906632228309567,0.0433234476957741,-0.0524384737315068,0.0500363898106026,0.0306746739641006
292,-0.00553327956172341,-0.0871229318724389,0.0538614643760561,0.0333802776163994,-0.0547745924881896,0.00669845948522471,-0.00218730444731906
293,-0.0407651301804819,-0.0219942138404751,-0.0840569309307575,0.0120581478070711,-0.0377009500930585,-0.0356293255974047,-0.0156300925424278
294,-0.038440591321749,-0.0527613669098599,-0.0400289667155982,0.0236714185357642,-0.067445802146162,-0.0117569151306917,-0.0161275377735932
295,-0.0478826027303828,0.0172152528007567,0.0158032940205494,-0.0046796389252684,-0.0136555365271673,-0.0328183303567696,-0.014479355177785
296,0.00358665107877118,-0.0290770176276671,-0.0155356256733537,0.0329327355540986,-0.0733938232992926,0.017894481685777,0.0284233996985703
297,0.0169347568567283,0.0271313190472359,-0.0306949562902834,-0.0425584250342022,-0.105445265369109,0.0147874609208323,0.046804494408443
298,0.030771095293325,0.00765366530197395,0.00818651371833681,-0.0783274756257566,-0.00578171444189229,0.0975084044780234,0.140075256470011
299,-0.00604689580107904,-0.0663780725177705,0.0266695268164532,-0.104866866772657,-0.0853884146832546,0.0259700851557412,0.0238699647876332
300,0.00701950430540758,-0.0844561788360992,-0.00395223636066008,-0.0206767511307058,-0.131987412128793,0.024550835935324,0.0114518226676474
301,0.0166425461375995,-0.0700766528989596,0.0253814437881735,-0.0667006477400946,-0.0891801507084072,0.0222342568459077,0.00685087803323359
302,-0.0263933861912294,-0.0406016708110462,-0.00337834832782996,-0.0699792145335832,-0.0957538721779056,0.00142464746513035,-0.011852933095702
303,-0.0253253128613437,0.0180313160230805,-0.0436377693010274,-0.00960469309592976,-0.106045647823034,-0.0187755201787422,-0.0185268883704887
304,0.0106006452948411,0.0200182614062486,0.0172250578464268,0.0069138530431968,-0.0903644123785397,0.0579678235912009,0.0812441688098139
305,-0.00947348685608657,-0.0373778809724706,-0.00123528025843289,-0.0212902675851162,-0.0460398194016006,0.0291995425107303,0.0610393714819253
306,-0.0629260187684665,0.0241121897328024,-0.102216480823619,-0.010314741051495,-0.0569211697292086,-0.0175220911580862,-0.0237124550925752
307,-0.0455482378518277,0.0246818790077217,-0.0333922243771546,-0.0372444722296287,-0.0508597691573002,0.025774555215036,0.0260252301937884
308,-0.0108305528399719,-0.0212149325330152,-0.0420307924072506,-0.000530993517210421,-0.121704987313061,0.0243520836866515,-0.00462597732750997
309,0.00753988178846574,-0.062180664357094,-0.0225966912593822,-0.0017670212908806,-0.0529262892218899,0.0479805843389528,0.0341169136336826
310,-0.0142121979684927,-0.0255090479293796,-0.0176306921027466,-0.0464659810507922,-0.0286540679648511,0.0491998659864909,0.00128276613054648
311,0.000854949388138418,0.0069499322079941,-0.05308637747335,0.0149081006017726,-0.0549434438630984,0.00528806775395828,-0.0157208208258237
312,-0.00287798997526527,-0.000635056908783127,-0.0389363491114545,-0.101663377719911,-0.104710882111995,0.0202043423382347,-0.00298901823446895
313,0.00774579646081311,-0.0539521642436039,-0.0542377914307304,0.019108298280477,-0.0314957192391485,0.0412027371060617,0.040443917100157
314,-0.00743826676236867,-0.0605632429237759,-0.0186052037113683,0.0203067992014387,0.00828166533040325,0.0702798663542298,0.0711761563153019
315,0.0358951029429936,-0.0322918937007966,0.0674449477304902,0.0156611668913509,-0.0781061925277431,0.0455948311050684,0.0346605403239554
316,0.00626051134099714,-0.0535005397869476,0.00334929848585913,-0.0266029799136114,-0.0259402901146989,0.0172258850988513,0.00507485307689125
317,-0.0195182403697708,0.00399386098965106,-0.025963743351936,0.0228787737989886,-0.11747146712645,0.015997352791289,0.00260312377816685
318,-0.00952382133676555,-0.0376021279157817,-0.0877455425287594,0.00718601968300522,-0.000495873928005985,-0.04401393070326,-0.0422290939074713
319,-0.0348477825596961,-0.0470198156168016,-0.00336819563163848,0.00240329427696162,-0.00112821840469851,0.033209163139148,-0.0173487353923682
320,0.00942207934674672,-0.0662171712393416,-0.0082656560220575,0.0029006891740595,-0.0805041591045517,0.0429065935001964,0.0470901976729192
321,0.0305312279309225,-0.0650380882881281,-0.0771372330181789,0.0435755286914422,-0.0383308406093601,0.0425191143134832,0.0425191143134832
322,0.00714965244493723,-0.0631765006970298,0.0261147976341195,0.00675374802034273,0.012875859286484,0.0396112070033374,0.0296534796518811
323,0.00184369865637238,0.00144412637829658,-0.0814273030240062,-0.0162177280543809,-0.0903347942061097,0.0617711182284239,0.0643274547740065
324,-0.0158936874307038,-0.00618558950585704,-0.0343721997142455,0.0124478041604371,-0.0713368931753865,0.0447992810150371,0.0428542987568813
325,-0.0262323865590614,-0.0365008793284337,-0.0814086664600592,0.0100406813468097,-0.0341976067382608,0.0124656322396307,0.0612594302405753
326,-0.00498369987391647,-0.0201225913171452,-0.0649861682651222,-0.00364715944347002,0.00189511188136671,0.00284076069996027,-0.00839480055712537
327,0.00293298447322916,0.000610947386839727,0.0132598919969842,-0.00340457766095473,-0.124106579833994,0.02303717466812,0.0195605350101062
328,-0.0327319695060453,-0.0181476198895704,-0.00528487069655054,0.0405721141555673,0.0208686336181518,-0.0105875213128662,-0.016710613225216
329,0.0324819173631415,-0.0344228748645534,-0.0529288180236674,-0.0392236240316896,-0.0331177542505312,0.0394482855661041,0.0329891108296678
330,0.00107979653251179,-0.0889356632265673,0.00631107842027487,-0.0967992256213712,-0.04439682520322,-0.0292107582036458,-0.0149452004117576
331,0.00327272049970888,-0.0232859218352222,-0.0432683629979347,0.0236811480130961,-0.0926262456588192,0.0824902787750135,0.0872607440208352
332,-0.000166730856325445,-0.0235292385956663,0.0114932005585386,-0.103276055305601,-0.0386597762334682,0.0208875167108601,0.0236709214867558
333,-0.0453305785594576,0.00346774109064972,-0.0537174624047357,0.0257043071941269,-0.0948420518406738,-0.0119534869203328,-0.0150260326604819
334,0.0104981801538885,-0.00930193479453864,-0.0554823250423098,-0.0476334955095948,-0.0748612238948048,0.0633740548090917,0.042050456687706
335,-0.0340460857950793,-0.036059778635034,-0.0584331880790096,-0.0316772202488617,-0.0195922001880178,-0.0152230574255348,-0.0117393519861726
336,-0.0371004837151523,-0.0559444765238423,-0.00406168954348954,0.010446028232417,-0.000588155463921214,0.0270088527254244,-0.0149084234345793
337,-0.0549010884296869,-0.0586552011498421,-0.0473520941990258,-0.0244390401040885,-0.0916907967734402,-0.0537393576573334,-0.0349408285279907
338,-0.0265279578057414,-0.0531548270156149,-0.0165827492192634,0.00141130003258669,-0.0250402506393785,0.00937021602352296,-0.0230683613293451
339,0.0126896295202952,-0.0187778059281411,-0.0237343783157801,0.0419414009867002,-0.0711516346462313,0.0352184941592079,0.0137784174952602
340,0.0221740685246905,-0.00347194113100474,-0.0266670129434835,-0.0553696800970875,-0.0305976878768408,0.100586393055137,0.0977569246357133
341,-0.0347293477942425,-0.0378259672526027,-0.0636102582951847,-0.00520527229290721,-0.153040916799945,0.0235185142932546,0.00861755654102192
342,0.00586735550893012,-0.0107037217541329,0.0070151327907661,-0.0432380717341371,-0.0156178842593166,-0.0131894328174405,0.0086410932648204
343,-0.0273276517875437,-0.0580061926413568,-0.0175531190908274,-0.0109157254160933,-0.0729570436978721,0.0434929004517687,0.0629477667490802
344,-0.0321358457462464,-0.0410950863220158,0.0313006544459357,-0.0648384080936168,-0.0650461505469301,0.0127098566248873,0.00876936903139119
345,-0.031809597936985,-0.0162931929429068,-0.013311835486216,0.0602078557486881,-0.0431564124807401,0.0290999245608221,0.030847892296038
346,0.0303086725057437,-0.102036471514474,0.00410659591149792,-0.094377292371239,0.0145321045731014,0.0328500683163587,0.00627916719566475
347,0.0167811288631188,0.0584052433207486,-0.0496245634348904,-0.0213612591470994,0.0477372281322915,0.0529183268182585,0.0876331544545499
348,-0.00348635741776635,-0.0520506746521533,-0.0195098694497859,0.00295509989957926,-0.0179929413947676,0.0245877122889278,0.0301507588433411
349,0.001878739238416,-0.0246925654191929,-0.0117625334757851,-0.0201381901838814,0.0232248398442595,0.0357494502047432,0.0334030590799488
350,-0.00296265319823308,-0.0528172173261284,-0.0590016449696349,-0.026423166737375,-0.0446393216979211,0.0161073677743212,-0.0113497768435711
351,-0.00658928236503231,-0.0469203521074643,-0.0573243356631868,0.046059901506311,-0.0526273980605447,0.000216409316895913,-0.0066402040063873
352,-0.0206684629778083,-0.0170044172109816,-0.0352008752161089,0.0410621786236116,-0.0556489381626035,-0.00916672725155574,-0.00701462618050119
353,-0.0347188237442865,0.0083528995313666,-0.0433676982835636,-0.0456133856778973,-0.0131788767802753,-0.00263938151579679,0.0203041571911501
354,-0.0398861577453574,-0.0202339694759074,0.0351052488328451,-0.0831328340751862,-0.0897037378168961,-0.0155334323423391,0.0653113240240901
355,-0.0175495857427164,-0.0862029559321212,0.00719350423698592,-0.0410887111305977,-0.0296845100198049,0.035336298128598,0.0314684124301588
356,-0.015800698543163,-0.0290934907040798,-0.0625049651284919,-0.0185805232522138,0.0149403095446675,-0.00348669314781344,0.00578572772724666
357,0.025135585172632,-0.0946992194183201,0.00820072857671364,-0.00818585265995059,-0.0808206831012111,0.0237786162334845,0.0307746149590501
358,-0.006480765649108,-0.0703508008660583,0.0188218873079331,-0.0205042763025869,-0.0296587293228371,0.00126089362202859,-0.0259810420070665
359,-0.0241118288654215,-0.0337978897154491,0.0202831902341129,-0.00109588082124101,-0.0971111549667561,0.0407683546094718,-0.0117416851507253
360,0.00357580667900183,-0.0499242166658723,0.00516897732594285,0.0669855505702498,-0.0580285565674992,0.00978028494731273,0.00978028494731273
361,0.0388454306024944,-0.0264506278981643,-0.0247077586899065,-0.0754404357650881,-0.0564740867158258,0.061718711120058,0.0629614992136349
362,-0.00268877129083467,-0.0147627413469331,-0.0157798438034662,-0.0514530388968276,-0.065643394674587,0.0226620911637241,0.01246861485377
363,-0.013440376729259,-0.00553844524372149,-0.0039675857016935,-0.0065876517839181,-0.0707435659726499,0.0208032270955018,0.0427363785352626
364,0.017298172309747,-0.0683828555739345,0.0291274578383695,-0.0458852251510965,-0.0740232143142192,0.0457534081960545,0.0474495746218152
365,0.0198653560258086,-0.0354914426184151,-0.0368126190169617,-0.060273961354815,-0.0300327788464141,0.00929619776604963,0.0106374718537807
366,0.0265180246882384,-0.00437356749630717,0.00227097639830717,0.0206773551680643,-0.0813430550250961,0.0287918510269047,0.0204249453781123
367,-0.00633782263618304,0.0172243006947596,-0.0428904310372247,-0.0981186835866494,-0.070141531599457,-0.0519351540352327,-0.0334687728974561
368,-0.0546356221116868,-0.00817591083084403,0.0280523109057737,-0.0664482293383316,-0.0308194509264447,0.0103227678142239,0.0287576746355746
369,-0.0206238480295548,-0.047765988401347,-0.0120030153341674,-0.0163881763846543,0.00656540669158778,-0.00437602494471404,-0.0116862608637699
370,-0.00247194754659067,0.0192119866803164,0.0216751175532651,0.0276010803672665,-0.113749323903272,0.0532691340030369,0.070285554521366
371,-0.0535227194165457,0.029347857198416,0.0110752554473301,-0.0696724882040867,-0.0885421469038608,-0.00333096378445586,-0.00374638573697107
372,0.00411742964253813,-0.0190095957107327,-0.0361464268194225,-0.0145364138845278,-0.0512275575124375,0.0173857784420579,0.00824525965103392
373,-0.0329999902599882,0.00461455685768164,-0.0436244027675204,-0.0463131684790617,-0.0354837156256217,0.0337612122122604,0.0313519645203878
374,0.00345124690698839,0.033064260314826,-0.044933919372219,-0.0398409957461668,0.00444642164355313,0.0412091245273943,0.0419034900755877
375,-0.0189701811416125,0.0190704747108133,0.0321806293162255,-0.0541274568083143,-0.115782272618967,0.0450328339492437,0.108103164837764
376,-0.000290743935059325,-0.0309775382241222,-0.0324523875556758,-0.053271459520468,-0.00790691492797729,0.0223575851772018,0.00814757482365177
377,-0.0126142418527525,-0.0346188918511796,-0.0467367918960521,-0.00699516432617417,-0.0450916757721048,0.0326058563478481,0.0427195475407226
378,-0.060247507611774,-0.0593969343146804,-0.104587394513761,-0.00850703064817335,-0.115726458044254,-0.00985333161081636,-0.00961299462515761
379,-0.0208103264014988,-0.0106476142027093,-0.0218211016740922,0.0399083861508626,-0.0915099165767841,0.0230423704129196,0.0378199376821318
380,-0.0183948124995492,0.0105955190884157,-0.0113915447837986,0.0172983163875904,-0.0366699701083272,0.0377885370316557,0.0455763672592969
381,-0.0176959993061235,-0.0984195729694122,-0.0503679735412253,-0.0657423167009204,-0.0474598787251367,0.0333762309298311,0.0301978805376398
382,-0.0147467507519676,-0.0310627851489112,0.0520567494587743,-0.0413346946907966,-0.110258618534916,0.0105149333571939,0.0222315732606522
383,-0.00629357253117819,0.000291753100962175,0.0404111383982551,-0.0407096538313447,-0.023732579715585,0.0287171368957283,0.0350996344873948
384,-0.0403919254048631,-0.0221782637714805,-0.063258151902714,0.0173899891145562,-0.0782873157812168,-0.0115365427607068,0.0222968007365102
385,-0.0301890195474888,-0.0281300826077607,-0.0329671413254112,-0.0410389416700891,-0.0319809183139588,0.0343167858028655,0.034016692740049
386,-0.0231171709256516,0.0272604625658408,0.0277047888841912,0.030522472158462,-0.0619711646601913,0.0146224462358691,0.068632529810753
387,-0.00548447887117159,-0.0382637867098097,-0.0725182131892458,0.0299260030544599,0.0136287395120946,-0.00470393632036422,-0.00909640184665969
388,-0.000043741258975806,-0.0283796798053009,-0.00956498929621269,-0.0443979806786409,-0.0183892297175628,0.0442032127513254,0.0512209784054402
389,0.0343610216520026,-0.0617049663186965,-0.0504332128139953,-0.109113462658805,-0.0413320394346948,0.0286233207370233,0.0322493149433138
390,0.00793710420209226,-0.00997072847068345,0.0615178624396474,-0.0252778935432679,-0.0526208343828157,0.0346560808174444,0.0206583647033444
391,0.0148556416675541,0.0190304462353345,-0.00226052004913016,-0.0454119651058457,-0.0459020597505032,0.0547954842678361,0.00952445058902467
392,-0.0172814087640488,-0.0696472627935003,0.0156457148916107,-0.0675107672177106,-0.0647353909832313,0.0202593220218107,-0.0052397393383103
393,-0.00589053047493719,-0.0630891581382624,-0.0418041794931204,0.0229966264782497,-0.106975402889665,0.0129470265988713,0.0121273733424338
394,-0.0435435616369137,-0.0177351356168179,-0.0305888813062326,0.00855444014576581,-0.0706966255782636,-0.0171307550986257,-0.0396798016034598
395,0.00365062329099692,0.0175114375380896,-0.0337627657335512,0.0287406109620769,-0.0545712410268345,0.0173084660103759,0.0443245006558526
396,-0.00656450370932533,0.00578907775214023,-0.0520511689807445,-0.00146628739318838,0.00750266363136487,0.0201713007052028,0.0159846814099511
397,-0.0351421342130009,-0.0470160168620237,0.0591265146223725,-0.0163260871360564,-0.0571241436487088,-0.00297868267128296,-0.000709605553877259
398,-0.0198226625322965,-0.069444164390602,-0.00194945606142122,-0.0931670723176347,-0.0520195069254342,0.0186573075398942,0.00701373178636754
399,0.0186438217431644,-0.0708712803087587,-0.0267400420775645,0.0843038157585458,-0.0189064734512234,-0.00121346611936728,0.00380951921841542
400,-0.0238865635643038,0.0293901780763893,0.00171146176851322,0.01195420839935,-0.0488638367060333,0.0163691234442488,0.06643721342567
401,-0.0324687930624773,-0.00674830696737555,-0.120974694252252,-0.0682954424080086,-0.121220397789988,-0.00160612876782067,-0.0251129182148718
402,0.0363306462043393,-0.0390783181074342,-0.0842364258850121,-0.00700540187670123,0.0206905448271661,0.0819727401033724,0.0483377183401559
403,-0.0229467567131525,-0.0123572841387648,-0.0550027683131689,-0.0359865396135034,-0.0777857605394928,0.000614651988382203,0.00385915688505351
404,0.0216500550608382,-0.0346073259183457,0.00301914053630667,0.0264676580051431,-0.0307247212492238,0.0390852687625483,0.00146455314016986
405,-0.031332913523564,-0.0513867283536648,-0.00609876010831706,-0.0045394991113733,-0.0894049817771965,-0.0166608819174822,-0.0504426543522139
406,0.00983595621075337,0.0127209406209924,-0.0099654784807979,-0.045787056903155,-0.00583845244252085,0.0584097528112857,0.0398711241687061
407,-0.000329011543212375,-0.0284650966787599,0.00621027007175404,-0.000212309915462588,-0.0465021733380133,-0.00382917650063521,-0.0128816681085163
408,-0.00591926445468275,-0.0457442184695481,-0.0253470314357486,0.0317345959546685,-0.135192245152146,0.0276668055576309,0.0187732604778793
409,0.00375300222777387,-0.00815217207966662,0.0477644463598102,-0.0534008704826143,-0.0730778706613554,-0.00298307206853166,0.00987385700747638
410,0.0376899968389768,0.00200023859207546,-0.024582620095354,-0.0569929480283499,-0.116439580924809,0.0314315537148782,0.0426243379386349
411,0.00918811633205433,-0.0323298135667359,0.0147853805121684,-0.0499209922817488,-0.0911324400230125,0.0514864594634263,0.0425444295583615
412,-0.0138674949363531,0.0395259192241442,0.0104447079823179,-0.102318936068414,0.00945090621341427,0.0167847044184553,-0.0151906110171865
413,-0.00826516401179506,-0.0540343125092286,-0.0363142042241618,-0.0146135244967942,-0.0292874856011461,0.0640792815900446,0.0328608681986406
414,-0.00368537148894928,-0.00618352680765943,-0.0490307038946836,-0.0516425984886816,-0.0936455299260558,0.0152602871913324,0.0417941795044944
415,-0.0404843220487757,-0.0117888937472745,-0.000135561792047406,0.00463036813640594,-0.00175075286919585,0.0105900772872665,-0.00938845678833081
416,-0.0232890748299424,0.0116977444964226,-0.0001268464356666,-0.0191251374818092,0.0120565885275933,0.0416998660591876,0.0432345258508326
417,-0.031389579857295,-0.0394483780938496,0.0070357714261706,-0.121635166499368,0.0122525219324269,0.0366858190913703,0.0388966961506299
418,0.0237399026115859,-0.00653018391362202,-0.0178556213122268,-0.031997535175268,-0.0732223101279975,0.0634773119210173,0.06012687518108
419,0.000242287441283823,-0.0244456164112121,-0.0560888728747898,0.0345658257520088,-0.0273461307305561,-0.00357658135317486,-0.0155013703844035
420,0.0174261705255561,0.00306225489605766,-0.0260886137654472,0.0434445368936658,-0.0313601963154018,0.0451985410449813,0.0384392223718407
421,0.0126172042559168,-0.0896100023869589,0.00700717325756214,0.0505761293793183,-0.0185048755155218,0.0213799256181892,0.0143266772635277
422,-0.0424287429878613,-0.0394619101178663,-0.0199771327443649,0.00726976105120464,0.00640016433965579,-0.0194721796929517,-0.0281029542178094
423,0.0416688187787229,-0.038070726667891,0.0336783263330065,-0.0328020095263348,-0.0179233685699376,0.0638150457422342,0.0669031064215919
424,-0.0188224604289395,-0.0949381825454531,-0.0665455609832409,0.0353887193477615,-0.0546747622707602,-0.0191107525280261,-0.0620795431656638
425,0.0048170293199975,-0.0149423230643894,-0.00496449987178993,0.0231202599675011,-0.104522391181732,0.014115301759142,0.0187636978187678
426,0.000946589603843362,-0.0370496854197079,-0.000778647443412744,-0.0318446489405873,-0.00738155566995619,0.0449766553768192,0.0104645199410346
427,0.0154440322140176,-0.0483991014001274,-0.0241081647689385,-0.0369833382636883,-0.0323093697661579,0.0137471982205762,0.0295997066539865
428,0.0346143139236212,-0.0081793270959491,-0.0388863816801633,0.0118101152342985,-0.0511218525443462,0.0956893101555457,0.118766492932553
429,0.0129963020340296,-0.0411064175432248,-0.0223767156507548,-0.0249704429899512,0.0179100518009074,0.0295889356143648,0.0130317792568555
430,0.00609700308873151,0.00632031767767366,-0.0498514146807234,-0.0244035070096368,0.00665708920429181,-0.00124027363174993,-0.00116676813423366
431,0.00608516194956332,-0.088970422761845,0.0177332695381473,-0.0397887408304591,-0.0194480613943004,0.0243508544200569,0.0174374067678061
432,0.0162310080365912,-0.0538932380088298,0.0240039821507086,-0.0490424457243404,-0.0523496971205583,0.03026911471695,0.029047807348455
433,0.0247769015337609,-0.0500082067421025,0.0404082743670081,0.00296518685192701,-0.0265893061910995,0.0638672001930853,0.0103793620389264
434,0.0221635079184071,-0.0687887461386014,0.0173523583496802,-0.030459719924988,-0.0725598353919472,0.0359602006535912,-0.00013409970676375
435,0.0201881799040597,-0.0533737398457486,-0.0319296713331783,0.0131467426312883,-0.0794425798370123,0.0109380112330776,0.0437795472670472
436,-0.00340305265592446,-0.0162066193678546,-0.0527187420857552,-0.030946780102094,0.0288774053507888,0.0194930928497595,0.00921010030272132
437,-0.019896960484315,-0.0714523928173327,0.0191223631884351,-0.00574606710417039,-0.043763170719928,0.0409160977854098,0.0432085262551716
438,0.0318949185738021,-0.0345423659902816,-0.0304974207925789,-0.0347334814960528,-0.00840504707444889,0.0284750126976092,0.0238970223969998
439,0.00654993421719009,-0.105870078660092,-0.0948358110903855,0.024150201526172,0.0202928568257806,0.00793811557883124,0.0217495015172258
440,-0.0214239846539699,0.00348429874279968,-0.0519744860032962,0.0658509756624382,-0.0517085160226844,-0.00418873684448687,0.00614932081128181
441,0.00331055120314628,-0.0690330365889006,0.0773846588990133,-0.0759926479124689,-0.132774518018629,0.0289852884308493,0.0280529588446605
442,-0.0176206419486912,-0.0356854252268115,-0.0235256680768258,-0.0223019511047932,-0.0179299060117689,-0.0132728210528945,-0.0205715013850328
443,-0.0109786273535504,-0.00903611748309778,-0.00329771673523499,-0.031355856602187,-0.0617265610413723,-0.0243476829741455,-0.0309738254123476
444,-0.002816613801194,-0.018992547407365,-0.0370848216426395,-0.0901264688115126,-0.0532529602326269,0.0262537261497633,0.00368249919015481
445,-0.0285784424020841,-0.082802751570928,0.00816419218656805,-0.0639705783774375,-0.0290004452425276,-0.00300075795744305,-0.00395787202979182
446,0.0153382836829436,-0.0112120961974679,-0.0460084526388646,0.00285415817473958,-0.00830926938715199,0.0547172239094876,0.0142832219967669
447,-0.0240913550604415,-0.0551508496039677,-0.0361798628579364,0.0495725912946475,0.00354311748098063,0.00581647559929165,0.023955743622887
448,-0.00334003320375803,-0.071575140251533,-0.0574367065026674,-0.0427208829201101,-0.0921845081316132,0.0336427381650411,0.0246048322816203
449,-0.00699243647117199,-0.0198501400555074,0.00243511802636456,-0.0342479853557441,-0.00833368561990466,0.0208262334056274,-0.00219975437684366
450,-0.0629706125357923,0.0119245089622693,0.00571675372132346,0.0120715075621415,-0.0289732628061239,-0.00149634057420427,-0.00889825224325595
451,0.00194446999255466,-0.00617490114860596,-0.0462501360878936,-0.0386505600532164,-0.0298826251163143,0.0224438404974803,0.0216204735853923
452,-0.0456572751136329,-0.0107718795932304,0.0115379010578815,-0.0774828930947181,-0.0273411508967106,-0.00983909699648103,-0.00818472384055493
453,0.00205342919182822,-0.0308748535577772,-0.0161160188019217,-0.0437275143421677,-0.0546956523706375,-0.0339201392407469,-0.0126034917967001
454,-0.0177788887753318,-0.021187835554313,-0.0211861529603778,-0.0134473973352456,0.0231784338762173,-0.00189149395992937,-0.00210759843980014
455,0.035121939645991,-0.0150877562891591,0.0322962576995562,0.00247840526661008,-0.0908289429677525,0.0483688339502041,0.0339438283203329
456,0.00427593850144825,-0.00727746558744187,0.0131908411933214,-0.0488843638746647,-0.0405473895531061,0.0469019677784243,0.00557848575375199
457,0.00799055232062935,-0.0138389667739961,-0.0203812930264357,-0.0466120577284351,-0.0449432186196583,0.0228965776816862,0.0531704382369349
458,-0.0356502065840567,-0.0032604114419529,-0.0344348264036302,0.0371646304231156,-0.032962300150695,0.00679493872958292,-0.0116784176245159
459,0.0204205354590749,-0.0321597458761874,-0.0155304423414003,0.0131372627116139,-0.0267633296439347,0.0560557226648072,0.0389790902168737
460,0.00557622701709383,0.0165061777353376,-0.0242278951362233,0.00126468075387351,-0.0536021008148157,0.0163293492001019,-0.00140080138654365
461,-0.0286551988349075,-0.0467893415999932,-0.0520120957303908,-0.0665378870506229,-0.0785011379491509,0.00924033666239614,-0.0160879694313383
462,0.000113137682081495,-0.0815914127952949,0.0400494460402308,-0.0246381198585342,-0.145413499197832,0.000651319200930742,-0.00479191931467422
463,-0.0178126487302698,-0.0709494796354048,-0.0290311756410503,0.0145733598976419,-0.0374025685130307,0.0133846234075714,-0.00246753858775012
464,-0.0224349863633437,-0.0747144130330343,-0.0272989721818631,-0.017399600195121,-0.0634265455862623,0.00840021480585736,-0.00563187540012174
465,0.00707640324595844,-0.00835359725209828,0.0226228180698372,-0.0251604298004506,-0.0203099554750568,0.0274269541709411,0.0333066347763061
466,-0.00694834081233422,-0.0606676446299326,-0.0465233417359559,-0.0716757561207774,-0.0553230971599039,0.0314062422500252,0.0385151019585354
467,0.00121938412947599,-0.0110461504615363,0.0252382646743759,-0.0549617387979315,-0.0987449309086332,0.0560116331164283,0.0530464561107507
468,0.0000628195905930801,0.00829587458476812,-0.0429933534179751,-0.0845921020464025,-0.011520677896923,0.02062070241519,0.00633125641597406
469,-0.0273280045892584,-0.0295660159283483,-0.0417815798937833,-0.0682437944782315,-0.0343897866181957,0.00840506482267335,-0.0102880846009972
470,0.0037507824658672,-0.00949879886525964,-0.00400048102300962,-0.000501049245500207,-0.0618339184234232,0.0468268046386907,0.0106795276815016
471,0.0139133371519681,-0.012313722238231,0.0423486270053391,0.00349825920394367,-0.0638495205365679,0.00859526803342023,0.0126774079632686
472,0.00720986105936043,-0.0429096854222167,-0.0422830356386846,0.00725788427975166,-0.00603651032814001,-0.0138551044192069,-0.00978980905398627
473,-0.0340885117820564,-0.0232280241870835,-0.011502089125678,-0.0203806058906806,-0.00835436130441691,0.0157052687113569,0.0307056555419618
474,0.00367942869948871,-0.0737926680164355,-0.0178532377473485,-0.065045216160327,-0.118816019195479,0.0583173714148558,0.0261236476315882
475,-0.0127107636467359,-0.0112794044991762,0.00809641438529771,0.0285387401709246,-0.0841007404220391,0.0191664469245015,0.0135467453057354
476,0.0048173109070812,-0.0300797207215386,-0.0168057455573475,-0.0492891294661648,-0.0786907281121769,0.0124035171901454,0.0455105811455338
477,0.00150329224099722,-0.06128661032461,-0.0437579257216716,0.0185119824814708,-0.0740147649951677,0.0464568660836307,0.0466866067296427
478,-0.0105849701075295,-0.0518816952843032,-0.0626795054455389,0.0160695179180444,-0.0689639276933803,0.00114394767145472,-0.00121262229026507
479,-0.0396868656056638,-0.019578739070012,-0.0559195125230149,0.00657530874220841,-0.0786093728993932,0.040155703985243,-0.0148193154668996
480,-0.00388241529531881,-0.0468865024313515,-0.030196630376573,-0.0137518825093635,-0.121827001172836,0.0038930045611964,0.0062514472510818
481,-0.0127030917154123,0.0147790686874378,-0.0854617808298484,0.0573979427838581,-0.0725399009965567,-0.00377904809254732,-0.028902320971895
482,0.00654068957416952,-0.00262801568253349,-0.0103513300944007,0.0151299553877763,-0.0776120388360965,-0.012994545801834,0.0241994228575174
483,0.00253407170906211,0.0106410386510161,-0.0497897307551701,0.01624475348674,-0.0832162892597806,0.0760416359654348,0.0624495781693503
484,-0.0237521903593333,-0.0148428842407853,0.00432223642519025,-0.0625573255708592,-0.0480502218843989,-0.0236248233917708,-0.0261372113137391
485,-0.0317341476561195,-0.044580684212828,0.0223430822435454,0.0552138504967914,-0.0759868673141676,-0.0249793576027578,-0.00469685480276575
486,0.00703362971156264,-0.0100471097018625,-0.0114092755159126,-0.00622726344864394,-0.032148215900196,0.0407022952278046,0.0203194266960604
487,0.0154272257723789,-0.0496565922995528,0.00421621241130293,-0.0705737634900868,-0.108603910463463,0.0378944985653302,0.0175289185604944
488,0.0145100339585464,-0.0448129461074441,-0.0163303283378873,-0.0182966350675724,-0.0106102478270318,0.0239521162691792,0.0171861991726459
489,0.0264228015157038,-0.0321982796844059,-0.0453936364671478,-0.0161091060877377,-0.0802805299119275,0.0625722543286732,0.153195517308538
490,-0.00738025647245969,-0.0520571438941463,-0.0186379736855161,-0.0040785328557813,-0.0821724110939416,0.0340666679860352,-0.0113418888547461
491,-0.0268267608011115,-0.0323213979794048,0.0241901718939673,-0.0122574788872812,-0.120769736224011,-0.0103532000113594,-0.0327189551262114
492,0.011061943534237,-0.0298875735917131,-0.00503242257126346,-0.0489015111805606,0.00835649756446316,0.00831921861591088,-0.0111326300424823
493,-0.020463652007696,0.0273542074318902,-0.103749673511775,-0.0275278577864783,-0.0476513974608013,0.0205617770105414,0.0212531451296073
494,-0.00798080907328697,-0.00511305817056257,-0.0361542806804513,0.0129572370637149,-0.0760017688620403,0.0221954508991045,0.0219059616870563
495,-0.0013113447124776,-0.0380311884925949,0.0528295338570453,-0.00851192845970891,0.0144869160146063,0.0130809672257342,0.000903248407287914
496,-0.0312542570063967,-0.026937722107791,0.0224646106168123,-0.0555571457351758,0.0798085510697129,0.00251088250895764,-0.00502934547320939
497,-0.00584644008018685,-0.0958642885421437,0.0624121547256993,0.026218370012543,-0.0502735461640284,0.00280548272147253,-0.0102309760971062
498,-0.0251272144328939,-0.003799228088744,0.0232518079617771,-0.0549067391756541,0.0396189096914435,0.00437727454125484,-0.00407981469365106
499,-0.0213983646669715,0.0054548247903482,-0.0489073686371957,-0.0181674719074479,-0.0257183387613188,-0.0274954505789989,-0.0268836141557203
500,-0.0195778311626411,0.0105633870040263,-0.0186577040406385,0.000987095542219679,-0.0855144154618466,-0.0120238393106712,-0.0171248468709007
501,-0.0177781592440475,-0.0521106405980346,0.000444771245736053,0.00820826356888674,0.0213401080496493,0.0442077037093413,-0.00690822448039367
502,-0.002977879345141,-0.0686384506064757,-0.000957062701263223,0.0120936909901091,-0.0123301163744693,0.0508594182521433,0.0538427179431146
503,0.00237009426193583,-0.043814846775988,-0.00146675272145447,-0.0207470104184982,-0.0330266977055405,0.0359513414274461,0.00612274146357947
504,-0.0285859937864513,-0.0686256441602346,0.0166843560101446,0.054568234440757,-0.040985884684856,-0.0194007979192511,-0.0238902322030004
505,-0.0113250901584139,-0.0182298898709929,-0.075133941523973,-0.0464757773674889,-0.0494953546698608,0.019673266130489,0.0506328381980994
506,-0.0182744886126613,0.00399047154812628,-0.0477815916589242,-0.0291287490164224,-0.00459906901090612,0.0327212938167623,0.0331721566757309
507,0.0145436925824862,-0.027058271699813,0.00109472376061751,-0.0809848895536366,-0.0098518665217987,0.0500271234331902,0.00679952354370444
508,0.0105629068137889,-0.0144676860107282,-0.0322960688590231,-0.0445101093142635,-0.0877166655978235,0.0351056498193018,0.0703747533852721
509,-0.0189481672589776,-0.00272225686114999,-0.0267812391359007,0.0267652673566165,-0.0524765693448611,-0.0056905976904647,0.00868478069775501
510,-0.0254723693586169,-0.0230052588816363,-0.0421054803753861,-0.0658712716138625,-0.045794350692519,0.000212730605009592,0.00433540471935884
511,-0.0133226281007184,-0.0703858681463287,0.0493165565927048,-0.081107808421615,0.00994334276675513,-0.00608929349537044,-0.0317922067303576
512,0.0164274163294958,-0.0335037061427371,-0.0158766636688382,-0.0361834388880067,-0.1092999812283,0.0380424784302983,0.0215506810144028
513,-0.019542826898748,-0.0064170396673007,-0.0266538258074556,-0.0750747927622777,-0.0339816226437269,0.00744391595506005,-0.00375483892172565
514,-0.0047067742330078,-0.0372889204397971,0.0130892279874112,-0.0558703955705272,-0.0342588797911166,0.0189521100993738,-0.00640939522463127
515,-0.0201346813028138,-0.0117914519184722,-0.0466317210838383,-0.0599871742089628,-0.0448144802141727,0.0329548825270837,0.00468151044395464
516,0.014010461035857,0.0127808571185401,-0.0489822558198379,-0.0519019480434714,-0.0505600288607509,0.0281263242168156,0.00780088412046064
517,-0.00436774104814688,0.00626244989328587,-0.0277114038146949,-0.0721177814988926,0.0364534996548672,0.0486778190027417,0.063550362472419
518,-0.022942111777689,-0.0331830476811849,0.00536066456027773,-0.0252713958333041,-0.0769787662525212,-0.0134435065725803,-0.00485764512122897
519,0.00282897381975392,-0.0671310851157061,0.00137196499314765,-0.0722761042487918,-0.0300618535608881,0.0557405676314922,0.071262931338681
520,-0.0029103313901767,-0.0386898422943582,0.00528129249079501,-0.0765425989848009,-0.0230836695064772,0.0561084994242332,0.0500700744253553
521,-0.00967812607023924,-0.0347538945563699,0.000221018280225527,-0.0172939590809972,0.0410171505009838,0.00983694179404355,0.0147449574634016
522,0.000903469532810758,-0.00816108519249471,-0.0309720277043809,-0.0734069568776308,-0.0746160338148122,0.0205283800512836,0.0291762062835075
523,-0.00659244542020047,-0.0270304296858084,-0.0291699960863445,-0.0154904313545629,0.000682726282345558,0.0335376821387428,0.0442158037674255
524,0.00392435601401415,-0.0851731237973303,-0.0264611437086651,-0.0286447650643712,-0.0423304851619035,-0.0176385630597502,-0.0121834842874382
525,-0.0468258908276737,0.0191178777204896,0.0452977322949805,-0.0631495158000807,-0.0261604191189294,-0.000829245740010892,-0.0344298886560324
526,-0.0353738150541626,0.0306568807830149,-0.0367783322752692,-0.0123840048831574,-0.0845346161516682,-0.00838682145600173,0.0743571413495137
527,-0.00419785317942009,0.0131810308582491,-0.0541158547738638,0.102909083596755,-0.0406256125104545,-0.0254752734200575,0.00258607345366209
528,-0.0263075003104924,-0.0629577993761044,0.00133777958028561,-0.02005469597704,0.010368661803026,0.0040139674105381,-0.0191441274786707
529,0.0192561591822176,-0.0325700244875415,-0.0359209385600142,-0.0115447423005637,-0.0938686210217957,0.0141625590582045,0.00993295047512634
530,-0.00221088528649953,0.00819824626386945,-0.0288566935597092,-0.00250313679749511,-0.0706137704512693,0.0396202435213017,0.0168723279253195
531,-0.0319854452267669,0.00293219409269313,-0.00107058745496871,-0.0456522436655803,-0.00570574092405496,-0.00967887973398039,-0.0195644495262473
532,0.00380986987226695,-0.0125205800069993,0.0243590328070725,-0.040061068012631,-0.113726080208084,0.0281253169984847,0.00516006525901124
533,-0.0350312049204771,-0.0174044395633315,-0.0591609086584501,-0.0204293367668977,-0.0449730007904526,0.00669752573353975,0.0136711849353778
534,0.0164905513232091,-0.0432067143782396,-0.0398850185265134,-0.0386585511318193,0.0241243411883773,0.0386257247976842,0.0410101066529738
535,-0.0177752802202267,-0.035089619583556,-0.0592500828655579,0.00251912333994811,-0.155554540417367,0.00784082453067654,-0.0110333460962942
536,-0.0192134674012474,-0.0338818748298408,-0.118466865710351,-0.0134960221539621,-0.00684042119387451,-0.0251297562649262,-0.00681734396261736
537,0.00398002428807394,-0.0290661066128993,-0.01012730237842,-0.0395849561296418,-0.0108475335977762,-0.00697911910500561,-0.0277384847157922
538,-0.0213106697077243,-0.0333694627056922,-0.0205741254417447,-0.0555987741362731,-0.0139488667198665,0.0314727631617345,-0.00695179655113504
539,-0.0235887280398368,-0.0497954056961991,-0.0382232342698702,-0.0273176231345564,-0.0487091093760862,-0.0462176739158467,-0.00749971057686212
540,-0.0262200783573622,-0.0389154396353291,-0.014583395169834,0.015753523763173,-0.0440147245797247,0.0178737003863178,0.0180260095455852
541,-0.0401535882148895,-0.0503738020579973,-0.0229040687452252,0.0144269074903507,-0.0214410173320637,-0.00521413545220895,-0.0230058289227475
542,-0.00839739013721116,-0.0133492955226115,-0.018044846652237,0.00359709033418135,-0.136130657733515,-0.00759069219260346,-0.00970106266155722
543,-0.0237076420133475,-0.0518008758317786,-0.0129181326117839,-0.0311893975297535,0.00930813919447743,-0.0277538013853322,-0.027655570541309
544,0.00337624278868789,0.000232612490780243,-0.0436597306223814,-0.0183254529129904,-0.0211374027817301,0.0102051553247283,0.0115491620679186
545,0.00265094264350726,0.00976913946699651,0.0456929973014788,-0.0449552466354611,-0.0390385735149372,0.0503944175274905,0.0711394742076503
546,-0.0472956304848451,0.0192572804296009,-0.110419854079474,0.018146560650204,-0.117547846569273,-0.0326202972916398,-0.0276285960528519
547,0.0364486971683613,-0.0411896955738934,0.0103615280312538,-0.0299106133983582,-0.0258931358822055,0.0459655515679507,0.0785338890623686
548,-0.00739984484654303,-0.0358042155193613,-0.045569324099641,0.00331302492225813,0.0353601078156081,0.04774063111331,0.0161188866541176
549,0.0122819088451988,-0.0414515654334802,-0.0299243041646737,-0.00586057565497416,-0.075408168620301,0.0249384969083526,0.0195853503947888
550,-0.0154050271320881,-0.0412547884466354,-0.00484184930316087,-0.117081890047767,-0.0464939977482001,0.0119252550391149,0.00356688217283128
551,0.0136139189268659,-0.0542230225990854,-0.029656914797663,-0.0449698250008119,-0.0340331877407616,0.0345772368574678,0.0406332827578123
552,0.0266392234412856,-0.0482412072956415,0.0659981588868323,-0.0232399189735203,-0.017975511334393,0.0498160344143453,0.0185137687818492
553,-0.00821603359136828,-0.0302778981888197,-0.0133584885547827,-0.00062143038063539,-0.0344245491211254,-0.00398394494303515,0.0155831628023662
554,0.00768567552763789,-0.00966290399350736,-0.0188273997663152,-0.0768400966679236,-0.0912067029979629,0.0319142126566378,0.0263574643500925
555,0.0322851770259856,-0.034269358071079,0.0331958597960962,-0.0207949346514851,-0.0158920014320517,0.0290734219445102,0.0271492585922388
556,-0.00397831630317599,-0.0484951686832718,-0.0174753650680418,-0.0454589299327802,-0.0176481404382668,-0.00297403246135367,-0.000848454696145425
557,-0.00900705885601567,0.00530961385237755,0.0315183374057511,-0.0369674483190291,-0.0301291001165493,0.0146402057183248,0.00877463479789306
558,-0.00314259463932896,0.0249299407515787,0.0121242504627529,-0.0663055787785082,-0.0435437662316887,0.0445528483574032,0.0654760341960105
559,-0.0455796967731405,0.0149934318275623,0.0309777751621494,0.0108907508672344,-0.0763602288946817,-0.0254214811062194,-0.0465507486127628
560,0.000886535002142128,-0.0575273152850415,0.0254514294459156,-0.0504164753928106,-0.109953715086333,0.00263676956765486,0.0082100741120865
561,-0.00217652107446666,-0.0518050470795964,-0.0438687189888061,-0.00045138689060284,-0.0808903233373699,0.00109571012060398,0.00109571012060398
562,-0.0246912424414869,0.022296338376175,-0.0265675997324457,-0.0276363682137199,-0.0307135756355735,-0.00961005764337807,-0.039111023462096
563,-0.00565001493865933,-0.00493536306189082,-0.00832519803665416,-0.0307726746450761,-0.082976103677564,0.0354006899543747,0.0331865566065275
564,0.014878338309413,-0.0576109623746004,-0.018390315984517,0.035498769851191,-0.0817716413065976,0.0392531190348711,0.0333782648988574
565,-0.0311617293561633,-0.0062728957506139,-0.0111155745737779,-0.0343000291577543,-0.0925979092940919,0.0172101075223378,0.0281233945651267
566,0.0142688431965106,-0.00512250405994231,-0.0388350659553266,-0.0581535528232195,0.00424112223433759,0.0217714289210828,0.0269627380313656
567,-0.0257077302156426,-0.0160898828246255,0.0249526574976342,-0.0299265152631268,-0.0499652342997916,-0.0162149141086291,-0.00964292376470107
568,0.0207548350298975,-0.0475633957630211,-0.00453622879140611,0.00664467946403252,-0.0460978296842353,0.0307450055161582,0.00905940033292375
569,0.0114088402110787,-0.0569278176917148,-0.0597101359557207,-0.0332429657715689,-0.0533904540967348,0.0130778317868828,0.0107256585280828
570,0.0107977809097669,-0.09426798009918,0.00637738482013589,-0.0242919379920682,-0.0646784991548317,0.0239443839078277,0.0536008161649269
571,-0.0195869263802984,-0.0507810475229589,0.000819122007317652,0.00321021360878218,-0.0357367983364371,-0.00272124145379995,-0.00110546829500987
572,-0.00315155444198244,0.00490943511821908,-0.0178018115221965,0.0203308049060515,-0.0449172788597271,0.0370199045955347,0.0261426931214779
573,-0.0360981735444162,0.0209553251488613,-0.0419573434347904,-0.0358934088423724,-0.061097924470647,0.0152756178414974,-0.0197911219623691
574,-0.0211924774748753,-0.0221292589381976,-0.014828912714211,0.0140603473172577,0.0131341996237769,-0.0175791517191721,-0.00515748214272385
575,-0.0187983418360807,-0.0307207619855014,0.0209356729015388,-0.0909458232981369,0.0332327151822323,0.00106320370075259,-0.00996342453952965
576,0.0195740051845852,-0.0298153226513275,0.0226838077095142,0.0121392055553042,-0.0817703270613477,0.0502639710909758,0.0389244961411409
577,0.0298996893651031,0.0234708485151146,0.012557583312099,-0.00662626983622033,-0.020041895464881,0.0857039127971763,0.0632062825880208
578,-0.0370338647549388,0.00206866790250575,-0.0545939133063052,-0.0435120587582339,-0.0397073657549966,0.0184656426480161,0.0206911979360468
579,-0.00751094586669857,-0.0467086340240818,-0.0333391831710278,-0.0123016622500906,-0.11699538148089,0.0286548234601626,0.0486998856872272
580,0.00722153591613876,-0.0223035817032791,-0.0230182307006639,-0.0280666077084403,-0.00426550487888933,0.025932574145759,0.0190575537925654
581,-0.00722821790925924,0.00499903786372774,-0.0119792852308788,-0.0174120603732677,-0.069725233816437,0.019742931898152,-0.00736667597314269
582,-0.0253679592608446,-0.0710617970855427,0.00983267386929407,-0.0948528755578722,-0.0239134126999262,0.0291775406360247,0.0394691541574139
583,-0.00984440980893485,-0.0211054025384413,-0.0399087550325241,0.00531472948043785,-0.0908442085352397,0.0186503943517473,0.0233199500155859
584,0.018770970709201,0.0129172948466999,-0.0684789313526177,-0.00585979364891298,0.0200715408899908,0.0728059298520445,0.073066317320707
585,-0.0279715753801541,-0.0203588787517457,-0.0156574873993218,-0.0354356494997028,-0.0306713575008283,0.0431524305975336,0.0222443442093705
586,-0.0176228539500637,-0.0645608445393018,-0.0033486085589729,-0.0303974650930662,-0.00111910079114408,0.0022601831689106,0.0114522767313742
587,-0.000561187097215379,-0.00987395713053957,-0.0728778383220849,0.0240103367100997,-0.0875682973368285,0.0218053679297369,0.021576889648257
588,0.0121183221731945,-0.0165050060778304,-0.00926005350528283,0.022889618015341,-0.0775157234903985,0.0476564066542972,0.051077075710253
589,-0.0210383566472788,-0.011015950684249,-0.0339206229686951,-0.0256396568777702,0.00975829861212346,0.0293725114729251,0.0293358999442409
590,-0.0560159934234204,-0.0170205294430747,-0.0204680487060693,-0.0825067609950068,0.0126779485985067,-0.0422772931438881,-0.0337096199793786
591,0.0292777904633309,0.0104728003473829,-0.0011679846675085,0.0337337211708944,-0.0458338661466095,0.0370176624686077,0.031472405679334
592,-0.0270404312393422,-0.0403568992804548,-0.0153723415104195,-0.0441224265947102,0.00798423830298978,0.0572554490484413,0.0546381919374699
593,-0.0150319840908468,-0.0372336289854918,-0.0732647038574671,0.00560152660196828,-0.0491106124632932,-0.00776770271376798,0.0110184370681444
594,-0.0321583067001038,0.00150396815814814,0.00351493541532966,-0.0727159405855538,-0.0539551636956078,0.00711968995867163,0.0155807769731716
595,-0.0146173137633973,-0.0354150179419286,0.0653948043082412,-0.0331753863627707,-0.0798820311021409,-0.0273978132978438,-0.0109264978866591
596,0.0125948886767342,-0.0488621167794525,0.0110139706705414,0.00774883959960507,-0.0452333042130982,0.0404744477394917,0.0361909234101428
597,-0.0104311219872926,-0.0853271661930241,-0.0385885474368644,-0.0355672535189038,-0.0615603790586627,0.00827222515228289,-0.00358889292617006
598,-0.024728676732552,-0.0063314447014636,0.00767334821168919,-0.0445684409737647,-0.0845979919966792,-0.0162225614284234,-0.0114202163844924
599,-0.0197160410044194,0.0305902404391696,-0.0434015257364144,-0.0310645159708562,0.00989142872647136,-0.00525190789801688,-0.00194470762417398
600,0.0137545117266271,0.00079565209197982,-0.00244015338282011,-0.01037644379831,0.00448806544949065,0.0691721942946258,0.0234666733135472
601,-0.00147842867047484,-0.0226618202612046,0.00821135049668312,0.0933015802241909,-0.0907791757825328,0.03344825025182,0.00648405795367693
602,0.0275816351883931,-0.0168447442263469,-0.0623821465869201,0.0224581026253079,-0.0661277550995138,0.0638117158961536,0.0324794259612018
603,0.00279025199004557,-0.0546393669492412,0.00232820631990266,-0.0489538861689276,-0.0434945403915267,0.0282290104068952,0.0391329132462809
604,0.0163967995397984,-0.0521700370524448,0.00995949800370449,-0.0209159819495985,-0.0561918523875205,0.0479737045016373,0.0405086211820882
605,-0.0480615862563101,-0.0204242500149201,-0.0558773422443899,-0.0227399135847105,-0.0414624539059596,-0.0235420803431097,-0.0242251479682219
606,-0.0121882609364119,0.0267943742160858,-0.0651067542600846,-0.0652584900877189,-0.0530631281956432,0.0283599913832873,0.0213174621936568
607,-0.0328487754944736,-0.0322299712425602,-0.00979914055598577,-0.0296358785654658,-0.0576736009970279,-0.00124873412274275,-0.0280112175707464
608,-0.0135625702238217,-0.0778691479015575,-0.0745914044762603,0.0184629829863369,-0.0821445177634343,0.0201481101131893,0.024662122284482
609,0.0296642376238277,-0.0489787808079792,-0.0351796116111378,-0.058921186270218,-0.0521519211425274,0.0618028112703315,0.0701908803163986
610,0.0000782702300965998,-0.0261205946991777,-0.0208133086674161,0.0459933197855291,-0.0247773225181604,0.00441810578064661,0.00336849203562872
611,-0.0415665351829792,0.00344577533786525,-0.0208729750914887,0.0268030054109254,-0.0109131345552615,-0.0616945654206633,-0.0526695211611057
612,-0.0000857394815121926,0.00683514866038722,-0.0139706861827089,-0.0622540991040411,-0.066422327610789,-0.0157990146591077,-0.0204895152789333
613,-0.0354331644120103,0.0212918122490166,-0.0465989228118336,-0.0255559065158755,-0.111971177800329,0.00784419018783583,0.0121706730252275
614,0.00579952385330758,-0.0562678713350142,-0.016545161284994,-0.0440495367663845,-0.0224317686222096,0.0626647571315946,0.00244097022190173
615,-0.00373878843157234,-0.0108929205532578,-0.0388715869414503,-0.00440685435694724,-0.0970187887182862,-0.0319793186963819,-0.0308569746646824
616,-0.0079815582553238,0.00421201975666652,0.0181535922904996,0.0155820077999082,-0.063290770413051,-0.0301350348418459,-0.0249662722829131
617,-0.010921877800698,-0.0571909827287482,-0.0223437028844985,0.0222629401124818,-0.126003438474486,0.02195269566432,-0.00638317916323594
618,-0.0150663332963575,-0.033466032494913,0.0243019264085449,0.00732091467718468,-0.101330631617903,-0.0135857409936646,0.0230187430037573
619,-0.0274409292714631,-0.0115664057915228,-0.00534647181299372,-0.0169483257965509,0.016912000028249,0.0251070743987821,0.00484487619962161
620,-0.021785388913535,-0.00723250755537969,-0.0148185469822185,-0.0818304041935013,-0.0407161768864872,0.0280725203066038,0.0300453277873789
621,-0.000815463897407567,-0.0799082648410357,-0.0194199048752757,0.0174807509513464,-0.0485208462055495,0.00623387884622653,0.0530259200260093
622,-0.0219857701182957,-0.0179477487614665,0.0262896653593997,-0.0349807977967364,-0.0788896286292204,0.00683234532754139,0.00218464213411985
623,0.000787432013889144,-0.0122419062847641,0.0307555405104639,0.0409739467888083,-0.0841445635123604,-0.011152067033914,-0.0123892532573906
624,0.0143331556852812,-0.055321091243398,-0.0145891625859347,0.0559996244199903,-0.123783956229147,0.0223285421676808,0.0272687364933418
625,-0.0361161125469182,0.0294639260985254,0.0268283364738601,-0.084659641397003,-0.056501388881652,-0.0151094671471962,0.0234637353563481
626,-0.0148615114876926,-0.0188114997677715,-0.00311278811495397,-0.0471531383885317,-0.046926045958458,0.0109157752921002,-0.0000671393547635943
627,-0.010381609804362,-0.0454658284322723,0.0136257871235082,-0.0375180200717534,-0.155506070507317,0.0149555676515622,-0.00685844186303756
628,-0.0114126119278832,-0.0595522395578537,-0.00566702087884241,-0.0329373875476666,-0.093164561408183,-0.00647793767415214,-0.00365158421486797
629,0.00237946255069782,-0.0411089818738707,-0.0596659746146553,-0.010985365594499,0.0117887652071408,0.0529728860122925,0.0477031644085986
630,-0.00711171458660204,-0.0356513743742529,0.0011749533166906,-0.0156679396268374,-0.0124264766938907,0.0141510272069228,0.0135707184682114
631,-0.00221945873291535,-0.0181869766649194,-0.0281711138810028,0.0266627081274162,-0.123275050153148,-0.00680934063836362,-0.00358792614125761
632,0.0151059088367594,-0.00869691906516255,-0.0409086049842367,-0.0549966097044074,0.0353959256212861,0.0162349102198762,0.0195974130760567
633,-0.01965389808388,-0.021103915008023,-0.0759895824840411,-0.0108699985335332,-0.0712793189625098,-0.0091352432199429,-0.0011063273992159
634,0.00415491976290977,-0.0886727636951689,0.00880233974798963,0.00656040682099243,-0.118020810845537,0.0378110156305311,0.0238274289839029
635,-0.036900562790772,0.00330240125691247,-0.0423356983099332,0.00719647874587273,-0.102838126253075,0.0272846807298035,0.0248552321063341
636,-0.0179459192524826,-0.020402359799244,0.00148695295740034,-0.0612510514557782,0.0143753825129699,0.0357723485631125,-0.0213352565715409
637,-0.00937028960716579,-0.0104577551964627,-0.0563677712204569,-0.0528688100034808,-0.0468284758551251,0.0188562837952261,0.00851552250952696
638,0.0158201050185714,-0.105893783558591,-0.034518390569358,-0.00983769422632019,-0.00343889733485941,0.00746691778044815,-0.00391792572031036
639,0.00164675839001708,0.029716661056182,-0.016480374417799,0.0281616490891791,-0.108451811181652,0.0370090521807817,0.0368624461435487
640,0.00651710978911565,-0.0432233065813434,-0.0134209380174514,-0.0369050897187748,-0.12575464907979,0.00150137273043132,-0.00384033076464282
641,0.000118124906207565,-0.033740422192364,-0.0796580424670347,0.0352217123243833,0.0276725800752644,0.0264035042392005,0.0117572131625586
642,-0.0241678201784344,-0.0459346289164598,-0.0347880721823525,0.0314321303148981,0.053429996748295,0.0229041199454289,0.0390885767741667
643,0.00947300232076182,-0.0340097776642833,-0.0334265588978492,0.0242367874164557,-0.0623647057301426,0.0653082329383768,0.0292975137481351
644,-0.0111067424440045,0.00915322158682312,-0.063359118883392,-0.0280455389929692,-0.0668307590001437,-0.0230440904513284,-0.0230440904513284
645,-0.00101231461400413,-0.0726176034623288,-0.092568072597272,0.0418327981330541,-0.11341716947367,0.0417957243504128,0.0120789298166545
646,-0.0295457574338173,-0.0558723564714586,-0.0174909952205229,-0.0116504256939467,0.0313614661785998,0.00617603515865697,-0.00597888847223805
647,0.0175272611413663,0.0172494475109082,-0.0616072027004067,0.0383329528481608,-0.0683785734804843,0.0776901358034232,0.0713126173452278
648,-0.00387296699246649,-0.0619006769354487,-0.0458272161153804,0.0256924849971664,-0.0484411150930312,-0.00086636939671976,-0.0122597455363455
649,-0.0449845315112951,-0.0114009089733044,-0.00846649287291543,0.0053236278506624,-0.0762567411105025,-0.0234980719119282,-0.0225614410153471
650,-0.0473015700309538,0.026822674273642,-0.0162111046226069,-0.0207895983922112,-0.0186370005958088,0.00667772200779848,-0.0182132537020681
651,0.0302244217761396,-0.00874141925377273,-0.0646621954485727,-0.0309256775709891,-0.0560065726503104,0.024036333536104,0.0163577026034146
652,-0.023538852485823,-0.00160940141418442,0.0313436676415677,0.00648176683430635,-0.142633649866545,0.0287523552866538,0.0214846525253469
653,0.0055750240820997,-0.0573500783671324,-0.0455752347485289,-0.0820847402356304,-0.023536889538909,0.00889377313798249,0.0117700604450496
654,-0.0434612017572228,0.0114623576520686,0.00473062075261182,-0.0188972871208638,-0.0221846041345172,-0.0893864681036395,-0.0761748690793681
655,-0.00587464993637643,-0.0603187113526679,-0.00370820314802761,0.0327567549234696,-0.0792165586967825,0.0396209091238319,0.0400770319566981
656,-0.001592382274824,-0.0229739156399394,-0.0525854186215428,-0.0148362860788553,0.00270222950579735,-0.0281086658020506,-0.010609736052038
657,0.0324691159453616,-0.00517322977684889,-0.0319075361901801,-0.0249589700373727,-0.0302387176130513,0.0666069209980026,0.0828712575895956
658,0.0144232679136284,-0.0649264644582668,-0.0428571241401992,-0.0888074864943769,-0.104753459499786,0.0143440262183173,0.0166405921619959
659,0.0150339638782899,0.0322786975681571,0.000575694261848281,-0.058928385998287,-0.0388005251548877,0.0204225632692488,0.0206481243153865
660,0.0024151267184909,-0.00111664290597704,-0.0670911539693646,-0.0431449250963197,-0.0300086441967157,0.0343607570798933,0.0244152401947405
661,0.0145220608069084,-0.0132156705629837,-0.0152028569581088,-0.0715530801555016,-0.0861108685363327,0.0593098763437961,0.0762503236676019
662,-0.00916349414429352,-0.00753999304150808,0.000745778580712286,-0.0344131374582667,-0.0443767116868506,0.0736011092781365,0.0475443275084697
663,-0.0282173406198047,-0.0168324775502258,-0.0473923977470174,-0.0612660361097673,-0.0704871710137068,-0.045087813354132,-0.0442374820388736
664,-0.0315859634166958,-0.0269624567549328,-0.0264295585725774,-0.0438127820192351,-0.0648093735149624,-0.00213875421596589,-0.0118407829722636
665,-0.0075988562882017,-0.0107068385733439,-0.0299739040765832,-0.00134758785457562,-0.092986238920606,0.0343486795095455,0.0228399023178762
666,-0.0116509775847328,-0.0220317119447909,-0.00774667641359464,0.0228930695357497,-0.16343931589509,0.0769967423590835,0.0427248869746473
667,0.0234102363906711,-0.0390772538233553,-0.0312856013299783,-0.0029524032601547,-0.0397636974969233,0.0287001340064761,0.0241703312765468
668,0.00737636187591603,-0.0779338510957567,0.00887510538259526,0.00941048182558213,-0.00500895541209018,0.0567218115848539,0.0899186378309433
669,-0.00248270330689737,-0.0292243658147475,-0.0781346280527637,-0.0544695866451495,-0.0376243076430306,-0.00000123636134419236,-0.00357539790283538
670,-0.0242354436270448,-0.0610060770718505,-0.0418678313516866,-0.022280496689626,-0.0916983189387225,-0.0168768652796715,-0.0161406897318918
671,-0.0182387259046603,-0.0394378585688756,0.0103579413167247,-0.0404485193938624,-0.109228497953905,-0.021169877072565,-0.0195993435317427
672,-0.0127254245912434,-0.00228067366577528,0.0232651087880731,-0.05726195896695,-0.093737914130997,0.0415336592438186,0.0257419959184644
673,-0.0126453421520871,-0.00739141514068664,-0.0172875470824872,-0.0306740475353921,0.00595511139481075,0.0308595606910304,0.0296391988531662
674,-0.0353482094372205,-0.0532943720447248,-0.0454643280358866,-0.0180120345050598,-0.0585311515247089,0.0136847945745677,-0.0121978292982864
675,-0.0239086536551799,0.00018175926762172,-0.0451693724607098,0.0107034586158487,-0.0113537354667183,-0.0150935666344107,-0.0081820613369276
676,-0.0200272150542427,0.00966781234043027,0.0115789116488961,0.00702806997336192,-0.0697697842151659,0.0413128314971324,0.0619745125228559
677,-0.0101526786011222,-0.0285006748532117,-0.0616939485924889,0.0763201165290122,-0.0776431821746186,0.0021043436694668,0.00157637582388988
678,0.0126428983046546,-0.0549096442085486,-0.0241049692138748,0.0620321433048039,-0.0372948406588869,0.0604597806260439,0.0241283247153488
679,0.0208983141621279,-0.0342487662040473,0.0603080727197829,-0.0671801793734275,-0.0118780425137606,0.0106288535590543,0.0508004570159581
680,-0.0363427831188175,-0.00636718418525084,-0.0126647061669332,0.0547952739672191,-0.0811128569673349,0.0037498341272731,-0.0216616331243485
681,-0.0362781012231563,-0.0821614096396332,-0.0515553820671377,-0.0348056618967724,-0.0502975592301564,-0.0443587605391342,-0.0344488444862135
682,0.0226829268545533,0.0122399315113023,-0.0314267077628666,-0.045545295727026,0.00127786864088025,0.0725624350617272,0.0308702785308548
683,-0.0164919832635444,-0.0583642770243539,0.00535723849438552,-0.0186678166266636,-0.143706645590356,-0.00889234020788503,0.00471466641500601
684,-0.0329374365962777,-0.0176114328869128,-0.011330593619,-0.010335064407555,0.0289859604567068,0.00746987966015573,-0.0372096245262954
685,-0.030431492131853,-0.0350107299062246,0.00726023995987077,-0.0597634925745271,-0.125310932613075,0.012760957271646,-0.00989510225364552
686,-0.00000679142916965025,0.0165468710880944,0.00454632956564188,0.0452934547715891,-0.0287629661607595,0.0181682326613981,0.0285599053478443
687,-0.00535903824111526,-0.0166285320595049,-0.0353795680723868,0.0557951516141348,-0.0216563011725816,0.0259040285897488,0.027455210826157
688,-0.0118473842122223,-0.0658813540608954,0.00703824560056041,-0.0110319800018689,-0.134815549011681,0.00911006435770835,-0.0176076691958256
689,-0.00696099284072968,-0.0062046778821134,-0.029874762792225,-0.0831290696933325,0.022441191929494,0.0746566296401331,0.011317325001816
690,0.0206960421576985,-0.0733914230410481,-0.0635968431524089,0.0265171496251672,-0.0425697991635192,0.0715949649435677,0.0935163356408627
691,-0.0172546755668647,-0.00195076268878827,-0.025304605559872,0.00375248118920143,-0.0229169249083799,0.0023265627501522,-0.00469326632801387
692,-0.014221052432598,-0.011413105885194,-0.0227234671053741,0.00101759463040005,-0.0577415160518578,0.019177323677427,0.0260553268855343
693,-0.00874031478463518,-0.00579693801540566,-0.0191969213487945,0.0131517781617583,-0.0294190469440327,0.0136611841630098,-0.0082032494064152
694,0.00061733713986524,-0.0438846960741686,0.0143297688153297,-0.0299120681817396,-0.0520480318851334,0.0157220666561355,-0.0166120610911984
695,-0.034216253767371,0.0514242439732938,-0.00852559222967131,-0.0271530331747944,-0.0132129497636047,0.0329612120011634,0.0195372738244245
696,-0.00462739271347516,-0.0157442810566689,-0.0450243355585537,0.018667337705373,0.0341514212231508,-0.00941241431546554,-0.00949252996784975
697,-0.0279047424266243,-0.0290441560584492,-0.0656925269386642,-0.0295703554790591,-0.0375803945586095,0.0068924994876717,-0.00240466529440304
698,0.0333621633436003,-0.0180136471807822,-0.0330369277250943,-0.0407811874415248,-0.0588615482536314,0.0746043098842958,0.100172306133332
699,0.014737876223488,-0.0824449651380362,0.0205163817388034,0.0154963246291225,-0.0687105815739286,0.0260165919128565,0.0302366068677971
700,0.00629471449140465,-0.0275346479519602,-0.0207651242898768,0.029532126417626,-0.135742807344979,0.0256981967236105,0.00930515074911845
701,-0.0172979847709849,-0.0407116674616794,-0.0150277648313061,-0.0604354081799935,-0.0923188181779108,0.00291914549484221,0.00332613740815303
702,-0.0296135469713358,-0.00527090082533424,-0.0262569944433341,-0.00901221016899018,-0.0729304073497674,-0.0245768049528364,-0.049556637927151
703,0.0334326916383743,-0.0434060574558937,-0.0160251026523728,-0.0289867087853263,0.0041510553896702,0.037144487388111,0.0408712604378986
704,0.0284312314714009,-0.0316138607558976,-0.0245122299110077,0.0567580070155262,-0.0467254225180351,0.0455924744740511,0.0499551294175135
705,0.0199215101387628,-0.0119895874386315,0.0722104945784685,-0.00919170307353948,-0.0885352055260524,0.0721034410502335,0.0716755404408348
706,0.00461102999446546,-0.0337036944756238,-0.00576729731648398,-0.0229121220178321,-0.0213702021319233,0.0282742312843092,0.00491156714823453
707,0.00571228185400698,-0.0428021243263946,-0.0750643262049579,0.00707922149054338,-0.0796745553224943,0.0374835949798246,0.00595557072327205
708,-0.00850863449613865,-0.0429484208228177,-0.0133198033768495,0.0371272885673008,-0.0510384922838117,0.0146021731810935,0.00710928947941571
709,0.0059638334449628,-0.0337576202987576,0.0060859432181366,-0.0714041734916554,-0.043550585260595,-0.00530914691111293,-0.0002103850640192
710,-0.0181708205836105,-0.0243877478417509,0.0457634961367889,-0.115422779011593,0.0517277270734856,NA,-0.017059720354674
711,0.0251712036307514,0.0126186353656124,-0.0754361354093675,-0.03528240952131,-0.0474496315267785,0.0411377262178847,0.0423688131997305
712,-0.0218091506880125,-0.0530687225279959,0.0575234013482529,-0.0338827703309353,-0.0279669113971412,0.0344318733409752,0.0345162581606446
713,-0.0361289952716227,0.00940048130491242,-0.0364670742118228,-0.0242637895097796,-0.0174084000049064,-0.00530818095030473,0.00432542564676447
714,-0.000420953035963754,-0.0139287815251123,-0.0461278105319443,-0.0421374295593073,-0.111826393959274,0.0552498111804502,0.0120722791259377
715,0.0112961514576585,-0.0491853498148092,-0.0448764554578582,-0.0373621972130833,-0.0802846722984822,0.00965065426956052,0.0216757334538159
716,0.00771140477499072,-0.067190682134988,0.0213056602769993,-0.0458874922429613,-0.0409041640731997,0.00963473386710739,-0.0027576877771751
717,-0.0441782833145324,-0.0420005602401656,0.0146616921589369,-0.118476801109638,-0.0230065544215476,-0.00765730648792549,-0.0425722066901271
718,-0.0122241252952017,-0.0341001483118169,0.0162403093718581,0.00863833696806138,0.00335308257107086,0.0248159642665678,0.0206449345158227
719,-0.0256123515651418,-0.0299290900008579,0.0518699047122252,-0.0900327868227129,-0.0336092227973966,0.013777758075585,0.0331142826031341
720,0.00885671361484497,-0.0480764350221874,0.0419671270349082,-0.0702081583820519,0.0164844630360718,-0.00887092182377702,-0.00796779058218859
721,-0.00629378327841616,-0.0260637556268821,-0.010674787280023,-0.0246223901189264,-0.00541355109785896,0.0419937279052826,0.044111544077365
722,-0.021095839100887,-0.00933932752028796,-0.00825823919455046,-0.0497020979643948,-0.10484295286453,0.0150347792959029,-0.0335322335528916
723,0.0306120346052422,-0.0147601178683909,-0.00579770018349524,-0.053612591559977,0.00604957678382945,0.0313170778277385,0.0453940430078827
724,0.00978635882195324,-0.0196774266947705,-0.01892419005793,-0.0401076485081764,-0.0834696599736271,0.0307959423104593,0.036920136202372
725,0.00360694689447899,-0.0283246432393499,-0.0299478483375048,0.0186202780044194,-0.0224941655022069,-0.00223940710383139,0.000768796025569202
726,0.0290104299434411,-0.095823499706895,-0.0763468363098738,-0.0222985666248699,-0.0869886250787184,0.071492282941827,0.0614308684540015
727,-0.0155938777254333,-0.0559449318559429,-0.0237794433224312,-0.0387730844026546,-0.0661839797385274,0.0000264880495533665,-0.0214350864329474
728,-0.0406083520117529,-0.0290904342218757,-0.0496472210445785,-0.00925060357573679,-0.0755060121157706,-0.0201243193157174,-0.0181070664919945
729,0.0225866508562371,-0.0250910952812954,-0.0286867141471802,0.010404389152058,-0.0706492319410182,0.026174351686835,0.0346844535562836
730,-0.0181256394740973,-0.0140945267204267,-0.0119364069202807,-0.0319290205088019,0.0158558571278404,0.0272579892209563,0.029304729817746
731,-0.0119067381994104,-0.0350351826555059,-0.0241977115475007,-0.0126841196614282,-0.0529751245186967,0.0650417774555972,0.0604057492075334
732,0.00286502440827302,-0.0228134936167985,-0.0671277727539881,0.0307860010698412,0.00892053069716497,0.00473627247970823,0.0136493445655234
733,0.00689209369091946,0.00215264612945022,-0.0507644056589604,0.0565442279488867,-0.042075733701853,0.0277355237769241,0.0102177052609847
734,-0.0031692797052925,-0.0283178581496345,-0.0135164917454651,-0.11415370594957,-0.00494678545757771,0.0290156943125882,0.0309467860735575
735,0.0045092533470092,-0.0446870962201535,0.0110559139811456,-0.036557173285818,-0.0247961677622649,-0.007494945282033,0.0112301623080775
736,-0.00860216776106817,-0.038028376016375,-0.0559515570534507,0.0248380306473054,-0.0762973154734218,-0.000081829836568556,0.00184746475509735
737,-0.00465255335552207,-0.005113739592084,-0.00813631797540382,0.0217543800819188,-0.113916169178884,0.0693423195116716,0.00966687052804052
738,0.00410217524851618,-0.0231417185902595,-0.0478532872947313,-0.048116368346271,-0.0266233493586867,0.0152628898540407,0.015572716224498
739,0.00633434849478309,-0.0526251165082445,-0.0282376922930182,-0.0241269316499349,-0.0203005934690061,0.0493427075930116,0.0236388058059319
740,0.0230432955434604,0.00429787287697599,-0.0742082994935011,-0.0395139518637107,-0.0668466287609814,0.0622059840330135,0.0530041003879526
741,-0.00869594027525379,-0.0389458952702542,-0.0474897217310719,0.0272263319009932,-0.14917828645136,0.0589730490336468,-0.0122998789824094
742,-0.0102740258647355,-0.11551133189323,-0.0261045839115493,-0.00431357787933509,-0.0855149529696446,-0.0236409660534613,0.0447736471503316
743,-0.0162627175668701,0.0211724548901518,-0.0604987531779344,-0.0891063225044884,-0.0353687315165976,0.0216139151388619,-0.00477684822627027
744,0.0040718133739196,-0.069132682278376,-0.032867245701106,-0.0375698653822414,-0.0294734217855367,0.0243948121748992,0.0488500754736435
745,0.031002862102485,0.0229301978735014,0.00618656244562762,-0.0328165313965139,-0.0502525846138474,0.0430391168253819,0.0396762175808896
746,-0.0202636115233021,-0.00866626170426962,-0.0175739632155119,-0.0432375472523683,-0.0441270261348837,-0.0136575661559789,-0.0106750022953223
747,0.0129417099339793,-0.0431861683563764,-0.0564965208295169,-0.0199754331209769,-0.0322550932144759,0.0318091319165669,0.00256149108166517
748,-0.0155805416580104,0.0125944126224733,-0.0401245558961043,0.00130913720844786,-0.0454202013163469,0.0128244344842738,-0.00792795747522017
749,-0.00391295527095648,-0.0349272731314594,-0.0103947520808629,-0.0177768620114991,0.0221866685767703,0.00522919202694098,-0.00300798574649504
750,0.0215917149346097,-0.029315144681866,-0.0022806873205313,0.0300902340789313,0.00528587297658334,0.0975424993292846,0.186361547184311
751,-0.0265700375721384,-0.0460529087848594,-0.0519070847692662,-0.0108329394658613,-0.0680321553905144,-0.032875176710519,-0.0447608509351844
752,0.0138644518329685,-0.0404247419360511,0.00162518640331696,-0.0653775273047737,-0.0223366665251312,0.0395001634330939,0.0178122583454093
753,0.0199318237311234,0.00237588101249087,-0.0109560155847082,0.0270655193122252,-0.100917431220426,0.0426211810140042,0.0873280616893172
754,-0.0221669161682722,-0.0316713767685857,-0.000756880707144386,-0.00909577968394701,-0.0524657510738048,-0.0160737853392941,-0.0190380512794433
755,0.00854263232358297,-0.0339202146113476,-0.00188419445978924,0.0290181787346239,-0.105114667700905,0.0609654539869237,0.0552343841964587
756,-0.029625790150321,-0.0449090594517431,-0.0299441544561014,0.00485933914843381,-0.0755594298972302,0.0160929129708797,0.0216521848436022
757,0.0088855063908136,0.00745575367687772,-0.0225678068091513,-0.039090950106927,-0.0723476170031683,0.0405946000964588,0.00389005770762718
758,-0.0175445346217728,-0.0875791027198809,-0.0165208772253478,-0.0806483271575061,0.00939369077412144,0.0271280573951436,0.000388613940680745
759,-0.00753800806047976,-0.0593000238043594,0.0191355607228097,-0.0234893728766211,-0.0594990943291954,0.0245821843907077,0.0478105361386869
760,0.00962570573948392,-0.0618697511534135,-0.00203702166135789,-0.035702355891253,-0.0582656649113952,-0.00246903546015337,0.00592926693068638
761,0.0121963209380873,-0.00814510387747962,-0.0208630753583963,0.00251814332230713,-0.0657078567214758,0.0107994047720456,0.00623936867822893
762,-0.0253391384932861,-0.0903283068663394,0.00455929970179181,-0.0324058051859498,-0.0826386139790285,0.0379626584250656,0.0305882788310511
763,0.0144903636053876,-0.0407563066975803,-0.0665039225399223,-0.00274149270259308,-0.030948654814281,0.0475927145371936,0.0217829232351939
764,-0.024601940186828,-0.0565337547507057,-0.0218244962733542,-0.00176588279167292,-0.103366760791928,-0.00494327103145818,-0.00280118135400876
765,-0.00144821512529506,0.0133844389828146,0.0492553752524447,-0.0164566251166629,-0.043381806301012,0.0429233801117316,0.0419794544257377
766,-0.0104442767456779,-0.0320216731903337,-0.0135816261806413,-0.00502955883144779,-0.0426547267799355,0.0117574479540802,-0.00144960498779258
767,-0.00536316240704562,-0.07613960807032,0.0246753684329357,-0.0321007491607769,-0.118832778565951,0.00480660012177161,0.0171059011763022
768,-0.0110875188655028,-0.0508556360516558,0.0159257228806464,-0.0692834443195372,-0.108797944047248,-0.014964031614665,0.00253073432383936
769,0.0213183833040174,-0.00715677451564417,-0.0548230717746696,-0.0063267854245459,-0.0692788409038138,0.0336207401298641,0.0288830174426823
770,-0.00808187068110081,-0.00359598277393783,-0.00669475648973838,-0.0208436477051225,-0.0749245556276125,0.0179096225050181,0.0135078203994339
771,-0.00491960024078371,-0.0402240398918296,0.0170941328664395,-0.0570765212511513,-0.0477042801000035,0.0448243063161159,0.0373636994845481
772,-0.0320391351486407,-0.00637205907931093,-0.0629766613573088,-0.0137262999803964,-0.0996029525825588,0.038909351286042,0.0447358039509421
773,-0.0220221951208664,-0.00394314997008555,0.00548370571085119,-0.0169103073383815,-0.039180962601933,0.0091679285028788,0.00629073371986436
774,0.0164205631270734,-0.0765531652639096,0.00120539138854561,-0.0361691937513269,-0.05645762145297,0.0269565399872091,0.0305847184652268
775,-0.00987591353406995,0.00168018259882066,0.0113503402354021,-0.0525709607485104,-0.0072811943767811,0.0150753165909458,-0.00942314984451808
776,0.0071631150052254,-0.0245472939530376,0.0243065950089483,-0.0723511307108186,-0.0660623528728811,0.0612286850760123,0.0116567199640488
777,0.0318914767071574,-0.0526844520290926,0.0558269892082398,-0.0588647465290774,-0.0146076872510314,0.0496341519958837,0.0926760226706948
778,0.000678939276645515,-0.0238601032288268,-0.036547558463537,0.0884617691478236,-0.0717811603959118,0.0470480847785114,0.0712869147497821
779,-0.0234100333200798,-0.011287419122821,-0.0568717388357349,-0.0094694648339062,-0.0763294705778888,0.00486287769817662,0.0301083187470283
780,0.00784092139721236,-0.0722503063032685,-0.0732493310069723,-0.0501727815271115,-0.0403737176424719,0.0509451053711148,0.0270906363539003
781,0.0217307434455918,0.0243482329087803,-0.0312729049508835,-0.0274867918480766,-0.0365278559909094,0.0483123489880811,0.0505401786490872
782,0.00443365778668565,-0.0158462868282087,-0.052212343516491,-0.0127833132195037,-0.13911652822427,0.0276590356603305,0.0159949822763238
783,0.0242392001389092,-0.0803917051867624,-0.014917323813763,0.0102005589132078,0.00817394711096403,0.00480237909658743,0.00572704578768275
784,-0.00182310904173665,-0.0608805802848549,-0.0190945734012863,-0.0656688879615539,-0.101433358882728,0.0242566400837985,0.0243015398804916
785,-0.00859920018733301,0.0282284539223728,0.00317170562942259,-0.00140866259949102,-0.0508109310993355,0.0397865532814971,0.0363233861242424
786,-0.0161900692967872,-0.0271669067740285,-0.0160277502880839,-0.0885428738242108,-0.0965728478727649,0.00570038618641909,0.0106068119340375
787,0.00510190009214304,-0.0275311885609521,0.0521332482564391,-0.032565856370513,-0.0160900149160995,0.0411193277749368,0.0426522518983062
788,0.0048671067065329,-0.0239265989299617,0.0174175971251935,-0.0713919291578627,-0.051110553363145,0.0191361224385274,0.0245793806910942
789,-0.00580523773525751,-0.0442859370668075,-0.0283277823898004,0.0807230013432734,-0.05797076729457,0.0309587508080878,0.0202177377822295
790,0.0186631972613817,-0.0453603687584596,0.0161044369154777,-0.0565456044195495,0.0112692464927981,0.0767169909336658,0.0258702618528018
791,0.0265853421061638,-0.0210040506896906,0.02561826338737,0.0169880882137242,-0.00451743643095975,0.023805469736627,0.0224886901457344
792,-0.0151828711309076,-0.0387216343463958,-0.0289243511271485,-0.0623526666054404,-0.0643496188314882,-0.0249733504006049,-0.0113873912163133
793,-0.0106816205194837,0.0168950427786286,0.00295911940234056,-0.0110743028326965,-0.0253434155631506,0.0315762422985839,0.029206935251127
794,-0.0040073474600539,-0.0750820282777038,-0.00539329353089132,-0.0662644988114554,-0.0534328027498436,0.0109028700882632,0.0107139903505602
795,-0.0169175569258746,-0.0667506165408933,-0.0075907829810718,-0.0105257179914385,-0.0289477159392563,0.028946122540778,0.0254724386898732
796,0.00904750053415961,-0.00379698523781805,-0.00972324531900323,0.0471062789011552,-0.0937374288877278,0.0407257211206066,0.0285549742883124
797,-0.0443089694440724,-0.0242357866561593,-0.111475679677385,-0.032291990305963,-0.101854391740598,-0.0431067260512429,-0.0442905070156731
798,0.0203846957020586,-0.0476416423922649,-0.0364061178250381,-0.0401074221031793,-0.106562178631328,0.046303941252746,0.038920532292264
799,-0.0311696902386889,0.0285097640606802,0.0438434372568591,-0.0613634219353494,-0.00293757361845859,-0.009645574916527,0.00101344433174172
800,-0.00345173809550324,-0.0328479954363861,0.00129043927235439,-0.010700632754566,0.0114227614051901,0.00199654269541018,0.000871698781055537
801,0.00889408546612346,-0.0561514589400335,-0.0228063861415074,0.00628927581392619,-0.0509590812791549,0.025023651452889,0.0239381817338163
802,0.0195045478541351,0.035944307699653,-0.0158594491427401,-0.0496811201785869,0.0417894245738422,0.0325463851510995,0.0293183301440577
803,-0.00290576332752,-0.018349572660837,-0.00331186296308877,-0.0122721104498426,-0.0439931374793745,0.049869002485607,0.0424305796760828
804,0.0117249321982663,-0.0393457852809505,-0.016526654628669,-0.0359949856584221,-0.082927831394759,0.0401133313438468,0.0414322145742304
805,0.024796823580903,0.025449119219768,-0.0210526451884758,-0.0736667197467263,-0.00966399127971196,0.0516247023910269,0.0233158955538762
806,-0.0153845019350923,-0.0689244273616262,-0.021901619364318,-0.0165732544193273,-0.0944354708383271,0.0427527183869819,0.0537663047924191
807,-0.0339516328103733,-0.00880124026289905,-0.0498892252361355,-0.0720313430435442,-0.113160909111502,-0.017350094969022,-0.0013384965997521
808,0.0138747694867706,-0.0318929399156203,-0.0476127205964518,-0.0132353908397651,-0.0176699499671499,0.0474313293559561,0.0702904373113043
809,0.0122066519759314,-0.0405615094338017,-0.0473770735047819,-0.0636175457516272,-0.0630980357411915,0.0666904291452163,0.0229741219786725
810,0.0141483066955013,-0.056432282336832,-0.0137438395331366,-0.039516250409411,0.0407142184765433,0.0239550776166589,0.0203059800174913
811,0.006730845568916,-0.034132664746859,-0.031797440085969,0.0185560869070967,-0.0629829636714896,-0.00659638390233233,0.00550780220611909
812,0.0325618246657525,-0.0472597225548681,-0.0451476467897813,-0.0579274240467149,-0.0290038506928794,0.0272330728014109,0.0148142925740387
813,0.0227287850459684,-0.0357502799884317,-0.0137604916325016,0.030059150398229,-0.114801807524997,0.046299620911559,0.00886955907519428
814,-0.0360665726920636,0.0271257550905874,-0.0395753508394999,-0.00895698386397731,-0.0401453242225732,0.0154774271351379,0.012239105320997
815,0.0400780239007181,-0.0560864060095886,-0.0254502150637864,-0.0112528251095572,-0.109717664242018,0.103446136804505,0.0694928448994952
816,0.0274466456706761,-0.0686914889740919,-0.0227903238691685,-0.0482910701020711,-0.0539870000122788,0.0602058885203891,0.0420289420382063
817,0.0186192609459967,-0.01391491302544,0.0427246889086594,0.0653258405974915,-0.0354079913355124,0.0369157430944564,0.0355949793418697
818,0.0340042900381494,-0.0526102619777403,0.0281690117996603,-0.0828600478264372,-0.0496500587940983,0.0724814730850719,0.0360632821165603
819,-0.0109984354501733,-0.0432661947748671,-0.0162222338883599,-0.0238798907719626,-0.0669024338289631,0.0122042297175882,0.0125930760599072
820,-0.0126530608149261,0.0162453858296012,-0.035648107783689,-0.0164203101211891,-0.0570696116616734,0.0464469654320982,0.0399558143492608
821,-0.0136340091501009,-0.0186134907016881,-0.00049442551820017,0.00678278429694398,-0.0289952073075923,-0.013559839659481,-0.0277079428081157
822,0.0197261306334757,-0.054768551666549,-0.0293601869484294,-0.0194019149859103,-0.0966936491788022,0.024483042584572,0.019047657831511
823,-0.0153568794290674,-0.00230032552490249,-0.00608855040308023,-0.0131647165301527,0.0225603836653906,-0.00334319559821235,-0.0124376025856008
824,0.00652344666863276,-0.0325473137752294,-0.0111968166867551,-0.00318303563653746,-0.0151226196214216,-0.00738412222877395,0.023004472680173
825,0.0166751002530608,-0.0768581880102784,-0.00612164201019552,-0.0433650050181868,-0.0506737128253471,-0.00510208233715501,0.0152240360299284
826,0.0369749547611229,-0.0612160527139622,-0.00233574578192502,-0.0392846252122006,-0.0868585757610497,0.0698525814700053,0.11199143222607
827,0.0360743128406751,-0.0579778080798819,-0.0423722416304614,-0.00253361663306864,-0.0399853335928148,0.0430548597515371,0.0342486629641997
828,-0.00554215975068627,-0.0293714046242644,-0.0360499268883513,0.0294826863503805,-0.0525531800252833,-0.00339402806316342,-0.0175199495759537
829,0.00904487043173521,0.0103216795369621,-0.0583617699106305,-0.0224007531174999,-0.0154068867584861,0.0194354873345339,0.0127039194553949
830,0.0171754863040634,-0.0125353441862397,0.0293616067836265,-0.014111599905047,-0.000941371739770769,0.0306126309559676,0.0307250307161614
831,-0.00553862304618308,-0.0247166098320904,0.00666705140467033,-0.0254809666232153,-0.023644210253239,0.011449831283991,0.0154118634128341
832,-0.0348700815233692,-0.00398354100755845,-0.0101167585106396,-0.0276145951719044,-0.0345897525320243,-0.00408641878414271,-0.0180815647327821
833,-0.0516304659608285,0.0187201927856183,-0.0441742968242549,-0.0303814154078601,-0.0294244631407328,-0.0348890179453564,-0.0549375539446619
834,0.0286131774116209,-0.0911728001610827,-0.0401624491211386,-0.00870709397238967,-0.038500798319631,0.019564909325416,0.0182848957316435
835,0.00597878828990758,-0.0623710696934059,-0.0127128106075248,-0.0137650188978831,-0.0387152122961265,0.0511337890175868,0.0610566860562549
836,-0.00519706501489071,-0.0395789931691041,-0.0928723601930367,0.00900587089045207,-0.066689465561559,-0.00602857618205667,-0.0108216107774343
837,-0.00771160964732626,-0.0383508838621574,0.0549934353751802,-0.0358111918404087,-0.0189333779535021,0.0729257449642229,0.0299490464529174
838,-0.0279064004664845,-0.0455792821044196,0.0463286161469198,-0.0612167837245797,-0.047047545984143,0.0242280885840712,0.0209203558516747
839,-0.0138726933784282,-0.0808691766615632,-0.0319867613012539,0.00523816121054335,-0.101739406743019,0.0362609872279799,0.0366345567039837
840,-0.0284851837478205,-0.010173410799518,-0.0214837449466093,-0.0165300240760639,-0.112608476033153,0.0257229727022592,0.0137293956071157
841,0.00513316693378736,-0.0227348055436461,-0.0806548952405055,-0.0671644685020958,-0.128787478852351,0.0578368856637475,0.053861873612729
842,-0.00421752961914994,-0.0445989093680453,-0.0269774247540271,0.0110883247078731,-0.0635316616460765,-0.0158323510169698,-0.0114969257012907
843,0.00366396650714037,-0.0165955437023697,0.027638688857619,-0.0520633654899308,-0.001451016170816,0.0714841611507946,0.0415245098644969
844,0.0114509046242112,-0.0184790044269703,-0.102860885281742,0.01065549805023,-0.0174202670519926,0.0610752945368167,0.0161809070734619
845,-0.0242112650447974,0.00329411472340842,-0.0305760770803806,-0.0736269718229335,-0.0605473143755701,-0.0108242852120589,-0.00664059621613824
846,0.0239428132590208,-0.0397686125090662,0.0138505909941314,-0.0403389816956423,-0.0945823294593913,0.0408932892354748,0.0241847854929479
847,0.0169045188888497,-0.0779247768941847,0.0225273269748696,-0.06258725867697,-0.0389865806742087,0.0567375985868732,0.0181843830413639
848,-0.0137632115284497,-0.0204350087589344,-0.0255417462438295,-0.0396274202075705,0.00942426139906977,0.0351623662805401,-0.00400937692487661
849,0.0250930583118998,-0.00598767348816967,-0.0513402426450388,-0.037330481582969,-0.0251151413616843,0.0272856456675237,0.0381185044080354
850,-0.00642907775184394,-0.0296187079997367,-0.0300824678180658,-0.0124568451541001,-0.0255721691765509,0.0125597694563101,0.0279745584655791
851,0.0051874424581406,-0.00784346215856951,-0.024855847209681,-0.0172972330168033,-0.0211546129667592,0.0135305156916158,0.00969610599228334
852,0.0181618356511658,-0.0880461015009782,-0.0165728341848768,-0.0521654400140607,0.0367468595097437,0.0493074516764747,0.0254542301910341
853,-0.022781383010268,-0.0109471084260621,-0.0339984832155665,-0.00647507556519969,-0.0393402906399034,0.0114260488013134,-0.00018317470297826
854,-0.0250262011952171,-0.0639772956284111,0.0112679664128738,-0.00162263188016454,-0.0205120594147841,0.0156001636628107,0.0165163374262729
855,-0.00676915571191221,-0.0280087377151572,-0.0111604019898272,-0.0118460490728627,-0.055496407083243,0.0305643475008413,0.0192020218352389
856,0.0077587969651834,-0.0138613808216239,-0.000157174597332499,0.048175106360688,-0.0791673091858231,0.0254174266178524,0.0274015009829349
857,-0.0217075720340606,-0.0629781819189498,0.00364860079478016,-0.0257460670857134,-0.0991853302054724,-0.00589661551434705,-0.00746564086547395
858,0.00112288469075478,-0.0349781204930579,-0.0160334024366698,-0.0364650457081504,-0.0874387076858891,0.0543468860946112,0.0123015582339295
859,0.029965886686344,-0.0422363584275771,-0.0144147149157841,-0.0419455462165241,-0.0383862771892,0.0450726336828578,0.0159146440628214
860,0.00946575460842225,-0.0360712357806333,0.00594399994262898,-0.0484477216409254,-0.0969314632810289,0.0373811206288457,0.0307707311068898
861,0.041572069473266,-0.107186553460302,-0.0486413798624298,-0.0485299667465647,0.0110629946878915,0.0372701267971912,0.0288374294037106
862,0.0177369250711139,-0.00761669586405481,-0.0749109668906402,0.0596346611562737,-0.0371447072460335,0.0596503994533101,0.0324240543382639
863,0.0100351299665022,-0.0466806034348395,-0.0218693571750135,0.0282542391626343,-0.0229534171322135,0.0338858265635147,0.0121329163885231
864,0.000643148137210503,-0.0707592811285441,0.0140601449726351,-0.042050606620173,-0.0579220176659173,0.0655495186791941,0.0141339236277506
865,-0.00824160216594658,-0.0719715210765495,0.0567137425277827,-0.0218586898626345,0.00519941180579975,0.0384103573755326,0.019932260766035
866,-0.0095770366561515,-0.00927870226969962,0.0143982552206013,-0.109535918420427,0.0485017791456726,0.0358319209192984,0.0308175468174577
867,0.0179383210165353,-0.0453254220327243,0.0227398415947882,-0.0153417958845506,-0.0377780290744464,0.0381718880227975,0.0332334287657808
868,-0.0157317667808794,-0.0146244966932682,-0.0107222456429544,0.0210651316229373,-0.115705298888819,0.0442436631174162,0.0179121090526024
869,0.0440537461783281,-0.0406800170209045,-0.0187505450750195,-0.0358254162165065,-0.0183467751091246,0.0509604079608749,0.041122701342509
870,0.0272374722014514,-0.0306626785073163,-0.0314015633789503,0.0148988417821732,-0.0549699424977707,0.0220672282943741,0.0201777955922839
871,-0.028781412196857,0.0675275879719718,0.00414561590848625,0.00654530319089056,-0.0540675387669703,-0.0132340442443155,-0.0398831511489371
872,0.00372576802266884,-0.0155758262606514,0.0128822256980296,-0.0461221054278001,-0.0603418078709937,0.00584777114747383,0.0099827501134202
873,0.00395169883450006,-0.0511105892986219,0.0244954401485778,-0.00609237161879517,-0.0344016082502736,0.0314202407813289,0.0574859092400934
874,-0.0148205188557741,-0.0517096921739127,0.000065958888712192,0.0109783419571459,-0.0940631095847914,0.00505067321996265,0.00696110713548527
875,-0.0127064918792103,0.0218739724697774,-0.055796965754199,0.00867956042404036,-0.0254708899195715,-0.00304593596888481,0.0809642351819294
876,-0.0171633922901118,-0.0165043143610829,0.000221496723149778,-0.0284379821680337,-0.012248388858134,0.0224888583169729,-0.013285580874724
877,0.039073555576955,-0.0367764048642898,-0.00891498407242977,-0.00705134284260547,-0.0974530689006313,0.0892443593116336,0.0492772283425799
878,-0.0351909106467919,0.0253541224190751,-0.0378749499761049,-0.054616823633674,-0.0632285591158164,-0.0192928347520816,0.0258736104248278
879,0.0104547430803097,-0.0297426894065824,0.00742182789188253,-0.0819267783148108,-0.0521122855459598,0.010907704900418,0.0124262736659045
880,0.00241439097435732,-0.0117763971371902,-0.0181353151351361,-0.0282245092108117,-0.00536134502622665,0.0191241241332954,0.035919628844622
881,-0.0349995158856024,-0.0215568251335913,-0.0146269475036197,-0.0229016052298832,-0.0265720510321644,0.0196622461700717,0.0194436168094996
882,-0.018520083639826,-0.0376396304999799,-0.0212664726277249,0.0429269107369401,-0.0205305340370119,0.0167822432140948,0.00894457051002563
883,0.0334506861967122,-0.079277514451187,-0.0535459160673487,-0.0226600400853208,-0.00409634497942996,0.0872842247159577,0.083693367969068
884,0.0315158417605396,-0.0427311389622012,-0.0838620767141427,0.00982769668915764,-0.0999986577520915,0.0491551489383348,0.111604176648919
885,-0.0160516598785434,-0.0689367768319693,0.00318886519977701,0.0282554647701723,-0.0768601360128,-0.019832145432442,-0.0109690029531142
886,-0.0081303350820924,0.00286368857231889,-0.0524632991005269,0.00914148560875824,0.00817933846530594,0.0331667279262595,0.0357518005355359
887,0.00740997870007152,-0.0616202322802016,-0.0222086612300519,0.00733170113261991,-0.0473436915378144,0.0345162463893965,0.0340336191007421
888,0.0138556396295856,-0.00570371689682866,-0.0517334243754776,0.00880475146829113,-0.0465060119050843,0.0414680385493026,0.0272967113277841
889,-0.0167161624838145,-0.0493944651933799,-0.0108310736231447,-0.0126916815825593,-0.0519912187072669,0.00213609286449576,0.00784556162838184
890,-0.0131394572621883,-0.0238432335368354,-0.0106588800605517,-0.00197120827747677,0.0246820967377972,0.0506660807457625,0.0203369561496337
891,-0.00221112544226656,-0.0601910196169344,0.0159425325088913,-0.0565273972031072,-0.0614025090271084,0.0199317312589,0.0184759285032904
892,0.0098291931863993,-0.0276476709267166,-0.024789682173493,-0.0263276537715333,-0.106373781968069,0.0309417978037582,0.031312585654745
893,0.0155198633459338,0.0043171874192604,0.00855995130711182,0.0140052807048881,-0.0464098758548536,0.017247639705693,0.00745731786276968
894,-0.0130289605097198,-0.0358533987088896,0.0151461287835229,-0.0469093478271649,-0.0444601585620156,-0.0215874453160611,-0.0164799715206736
895,-0.0198162101064864,0.00428059569079144,-0.0445783292337152,-0.0622181114471313,0.00478119909646124,0.0349642158689202,0.0257726907394814
896,-0.0133876181577592,-0.0480007938980345,-0.0425339394275688,-0.0818173240292179,0.013320095165632,0.0136894566251394,-0.00730444252592997
897,0.000164524333410174,-0.0411704062978302,0.00554234638300899,-0.0166853083615629,-0.0944519551986244,0.0407573083923076,0.042537857963247
898,0.0137355585876471,-0.0389544769340377,-0.0252122456513318,0.0510310159380047,-0.0318398647355746,0.0511570795374959,0.0480092792021704
899,-0.00986442174085496,-0.0912676637842614,-0.0308701189063352,-0.0346982498207836,0.00765844549450589,0.0365496788069938,0.0368554016692552
900,-0.0158143987702351,-0.0848811918525976,0.0214095558859692,0.0329187890314316,-0.0753499050625393,-0.0300646997140399,0.0162824971224629
901,0.00639661719290736,0.0206326671593774,-0.0646254353814157,-0.0846848635162008,-0.00215634125434022,0.0428318337454456,0.0355744836608707
902,-0.00439413944181515,-0.0403378216396293,-0.019552861815876,0.062207301640851,-0.11321646568429,0.0360276237570873,0.0347405351762503
903,0.0227455425848018,-0.0684528936883948,-0.0535456382385192,-0.0512610173638776,-0.0563742294881712,0.0247179677092205,0.0345721300806405
904,0.00777292802678149,-0.057617270407227,-0.0552512159778058,0.00952602961866561,-0.00613038707913149,0.033543106193969,0.0489045238566567
905,-0.0134634063658132,-0.0135815528470368,-0.0191541222707925,-0.0801919168254581,-0.0597645266715665,0.0355740806431739,-0.00496476576445158
906,-0.0293891052814087,-0.0515129583353812,-0.0305411615715159,0.048512909469358,0.0112652240374329,-0.0288893382084463,-0.0175523492296238
907,0.0141996047995924,-0.0127272951561363,-0.0487668557310746,-0.0110463742692627,-0.0493282920491676,-0.00153126151136174,0.0113276180710269
908,-0.00203819644124277,-0.00534291492175398,0.00339981485340882,0.0503326421569314,-0.059249284190377,0.0514452508505036,0.0511473727970088
909,-0.00244250115076074,-0.032960350142833,-0.0552821266010768,-0.0509618999080784,-0.0862040197335087,0.0410264123631116,0.0134629020175415
910,-0.00561142867751266,-0.0033414555974341,-0.0368255203558022,0.0538544797366505,-0.0659370628088333,0.0443732579124339,0.0344250725365775
911,0.0014265487492507,-0.0326635406994593,-0.0800340231245902,0.0635189392593776,-0.0996443409492857,0.00207291798408556,0.0183014966759342
912,0.00455193822668046,0.00851304908402875,-0.0411310653904596,0.0109052914782712,-0.0947448404861185,0.0330797850408019,0.0588948604466698
913,-0.00393409540458855,-0.09271903508096,-0.0237290629056058,0.00481926818180797,-0.0290422733815325,0.0424567411807996,0.00495044004735037
914,0.0152786206533722,-0.00726978166681048,-0.0757707989858453,0.0104238128741212,-0.0927255692170277,0.0504084760298425,0.0688694509437792
915,-0.0404969513136617,-0.0217718095317037,-0.0178360272360949,-0.0302161847058401,-0.124882795508819,0.0173061907059489,0.0300789695521368
916,0.0297137153909308,-0.0486532492261438,-0.0195467134944129,0.0141968955741546,-0.0880377428123603,0.0867311790364879,0.0651796193433027
917,0.0170513781035529,-0.00618264272859646,-0.00566894236776957,0.0559981348206643,-0.0742150600314052,-0.000306910847769057,0.0104781907186023
918,-0.00111088470716288,-0.0123172048745341,-0.0180460988385495,0.0178950935760512,-0.0970963091582859,-0.0210220893808235,-0.0117753238637176
919,0.00183749887591626,0.0000117401446532023,-0.0828796211229089,0.0546252562938964,-0.0372560420363361,0.0627688415354758,0.0687988913213406
920,-0.00265158777069708,-0.0250974524568885,-0.0116312085361923,0.0138367912994684,-0.0349380301391126,0.0133018572693708,0.003533098530987
921,0.000771070186242673,-0.0406179343186026,-0.0114123011391978,-0.0142047987970242,-0.0261699494602053,0.0376906484988047,0.0511520987816777
922,-0.0192972358745623,-0.000382062462503788,-0.0502009483644677,-0.0445567632132859,-0.0224398248877135,0.00290934179162997,-0.00914324537832061
923,-0.0406293913856725,-0.0307886650640417,-0.0353295866231755,-0.00443727151584505,-0.00501097675405021,-0.0331802191176928,-0.0137982899162514
924,0.00388218637040902,-0.0186720571306632,-0.0250401346356142,0.0430439143768446,-0.0460481315544383,-0.0112693670823488,-0.0307930495855312
925,-0.0280590733602232,-0.0356856033925763,-0.0645126848157371,0.0438479578677946,-0.0031423082489036,-0.0288086398991524,-0.0262021647792695
926,-0.0421880194907379,-0.0396287946032601,0.00359030189637202,-0.0688694032128176,-0.0460375446917947,-0.0552804610537402,-0.0425917511156455
927,-0.0162362661167393,-0.0610978488890139,-0.00999260796915888,0.0337517676275879,-0.0208958854798343,-0.0000743470136003177,-0.0206856767082884
928,0.00366694064514755,-0.0181378701757303,0.0451685074543141,-0.0147781059059994,-0.064235739932092,-0.00584948611037117,-0.00185814847084162
929,-0.0113192547228196,-0.0512391111701133,-0.0719835258402826,-0.0384630013247911,-0.113522930288574,0.0310896793207532,0.0313368521352727
930,-0.0458032484327626,-0.0232663001219922,-0.00950749012431407,0.0593082775010419,-0.151970997306102,-0.0517703377721658,-0.0471776750726347
931,-0.0186387035999078,-0.0064528481131529,-0.0147815445027641,-0.143648576990805,-0.0598618077333933,0.0581095975189913,0.0261039159750327
932,-0.0517325979102748,0.01223820867005,-0.00433050227520598,0.0178009800671491,-0.0230358314017526,-0.0258270444349472,-0.0133395725736793
933,-0.00926174582117088,-0.024894909014246,-0.0288908605490472,0.0079052449549108,-0.0845848388208943,0.017044798281847,-0.00310936972933715
934,0.0253831901020203,-0.0605156776075389,0.061540270848729,-0.00919820368095431,-0.0378426813013193,0.0517449938008081,0.0396704786354079
935,-0.0358972622146611,-0.0424270333241414,-0.0846162590365474,-0.0323477652250877,-0.041092360826648,0.0036759818382591,-0.0191900166679006
936,-0.0136700371902493,-0.0585139828513962,0.0307743872610779,-0.115646676960203,-0.0102481932548131,-0.00305115611761752,-0.00305115611761752
937,-0.0132750302202738,-0.0126472885289225,0.0585934975055078,-0.0544402561316554,-0.0205401965654358,-0.033766235010727,0.0300765606080055
938,0.00977964869261523,-0.028318604277725,-0.0606159515781131,-0.0476164761502681,0.0125435599601136,0.0544579633781675,0.0331445946570318
939,-0.0425446293978613,0.00996827831347712,-0.00444092133978632,0.00937588373947973,-0.071605137702086,0.0011499286462984,-0.0268285845707284
940,0.00395616952103092,-0.0445212778380921,-0.0543232746159037,-0.0155763515243555,-0.0634162194921266,0.04731085229078,-0.0153931866626764
941,0.00698992531267607,-0.0625356627886851,-0.0170040344967468,-0.0322661161849702,-0.049763236162349,0.00526545344630809,0.00428593906955838
942,-0.0117221066529556,-0.061682014532662,-0.0941010602783182,0.071151410604296,-0.0689599755611384,0.00713578058641979,0.014793959217049
943,-0.00208615398428216,-0.0175454916644061,-0.0359246685976594,-0.00758321862015005,-0.0474312062423828,-0.0144311017859443,0.0231189327215849
944,-0.0184758232836238,-0.0165385301692336,-0.0843808976178392,-0.0543695717666747,-0.035719091553953,0.0256808905031746,0.0516835179763022
945,-0.0202228724553625,-0.0130261637180491,-0.0305724852253446,-0.0250974440995014,-0.0325742047732721,0.00307601536619361,-0.0175723254628525
946,-0.0316044461093315,-0.0307957612585258,0.0433154289903966,-0.00616918574178565,-0.0663296426641499,0.00649255017988895,-0.0328089928814772
947,-0.0263570658522961,-0.00298101034039569,-0.00551185013115624,-0.129052053488191,0.0148043135481095,-0.0153331013291113,-0.021922562227405
948,0.03353489325474,-0.0479871496931159,-0.0176689262474814,-0.0197239671978827,-0.0136661713709639,0.00955643742004866,0.0133178571247217
949,-0.00336717760549367,-0.036565150337972,-0.0517944067313607,0.0839654265418411,-0.0450357435412543,0.0269183901276009,0.0360341404978041
950,0.0109474313885426,-0.00106735586544472,-0.0115745740808783,-0.0277084355480463,-0.0369862760595113,0.0600822026117828,0.068850816374546
951,-0.0352391457460741,0.0347309874547924,-0.0100721024100917,-0.0112744242113047,0.0303426002413442,-0.00479476534847482,-0.011853649545693
952,-0.0278773095884453,-0.0368841756168056,-0.0384147214907662,-0.0368462882682684,-0.103405847832635,0.0264630747532035,0.0232047433232358
953,0.00196817067429082,-0.0360833232502225,0.00920019643578865,-0.0246142817869187,-0.0730341660847361,0.0541608241142071,0.0395085613950732
954,-0.0105405803125827,-0.048066633688325,0.00884856512348234,-0.0131653893332243,-0.0108860321719977,0.0387095041203192,0.0557658943014973
955,-0.00672564215606448,-0.0487857881793483,-0.066034957454115,-0.0717501915627023,0.0105228574399125,0.0241835757156716,0.0519993148979216
956,0.000380458190322161,-0.0437575350806673,-0.00994797142923073,-0.0595706844470879,0.00897745950150264,-0.0188916350433135,-0.0264890463544062
957,0.000119229148189716,-0.0545695399162761,-0.0143578014424335,-0.0734754887171503,-0.0586580616587239,0.0623352656783323,0.064533379670132
958,-0.00357443679563303,-0.0136175589059069,0.0292705197394738,0.0196499217967557,-0.0360226023688399,0.0258924686840854,0.0115953746102349
959,0.00010733279533777,-0.022379340597816,0.00688048739011532,-0.0513023038836689,-0.0460991188175571,-0.0142285831135892,-0.0127508474722821
960,0.0384883512877467,-0.025209540821606,-0.0741942696008912,0.0421448277123884,-0.0786715289881744,0.0596892555505627,0.0490772498107764
961,-0.0315718625494604,-0.037634756880992,-0.0416024240377766,-0.00432759566678126,-0.0406274825736331,-0.0717332655982916,-0.0290258545197497
962,-0.0382271891603412,0.0166703032264975,0.0107945312305035,-0.0610907512691771,0.0205696429468915,0.0156838024466364,0.0310641744394215
963,0.00289352136614068,-0.00742807276584735,-0.0635340588386114,-0.000611698028714025,-0.00973313657551966,0.00781930316036079,0.0149738445113001
964,-0.0300261626946553,0.0145656128737636,-0.00662091566625589,-0.0223899310664431,-0.031684552579445,0.0683787491527594,0.16448324795605
965,-0.0210017259736982,-0.0609246397398476,-0.093314560153744,-0.0522721870618362,-0.121936798124721,-0.00814424623033713,-0.00534588824270518
966,-0.028074198879127,-0.030019988469727,-0.0571522006629168,-0.0907201566002193,-0.0371057025793595,0.0418582081643814,-0.00401353207177377
967,0.032725115521058,-0.061874949230767,-0.00804589460660501,0.00346656818047877,-0.0810015778985372,0.0512213248317262,0.0659153144429179
968,-0.0375144115390709,-0.0289060071140433,-0.0242387512058541,0.0072225921546194,-0.0723227246211976,-0.0181999757497324,-0.0503196916318105
969,-0.017294703324791,-0.0374396514723549,-0.00670154847510132,0.00170791806585324,-0.06496554320186,0.0230144172043828,0.0296132469599625
970,-0.00441152299928059,-0.0250359062805044,0.00651399222871205,-0.0139654787993747,-0.0200688022233838,0.0373651029140825,0.00967503279743499
971,-0.0155574110797926,-0.0299407588509889,-0.0170623416167862,0.0142421506022625,-0.0977313847743485,0.0115452491643674,0.0114536832648054
972,-0.0189296259881376,-0.0393322772214478,0.0277040180062114,-0.0190412002747708,-0.114368616791739,-0.0335139881874544,-0.000523118555961613
973,0.000322210210273857,-0.0594952200017198,0.0629014530917907,-0.0117477727934847,0.0224878775969675,0.00245580164208506,0.0110672718504939
974,-0.036244071451585,0.023643227129332,-0.0683145585843411,-0.0386822290364784,-0.0645071928293419,-0.0138119242546354,-0.0447231423889814
975,0.0284829105330152,-0.0440931895938986,0.0296550529006269,-0.103332925013074,-0.0575637790573251,0.0253436236461537,0.0218436782097113
976,-0.0485756765026492,-0.00403240666397497,-0.0695466498050233,-0.00353182810254127,-0.0862013840656516,0.0353826658326372,0.0332882023933361
977,0.00769339840997163,-0.00536271068541534,-0.0637481867346361,0.0216375392302809,-0.0834716945434199,0.0295481819405018,0.032449322400911
978,-0.00268532965917892,-0.0239486144689281,0.00499646034189558,-0.118296280538858,0.0455145819141177,0.0638269350095598,0.0610948151395657
979,-0.00936711079841266,-0.0275711066739829,0.0147524382003119,-0.0446141705995582,-0.060740395604569,0.00872379567782842,0.00505601517187318
980,-0.0190474362882428,-0.0397703951357209,0.018375563394271,0.0124442543085378,-0.0134916898336002,0.0171209586734446,-0.000115175971309563
981,-0.00596526494725153,-0.00585196399096215,-0.0764683422725215,-0.115342722440278,-0.0281190773768482,0.00869068935492071,0.000410445738519075
982,0.0139796829066374,-0.0549488183995154,0.0215897376294698,-0.0772647440733001,-0.0073733865111516,0.0879712749826508,0.0710938338614194
983,0.00142783621102416,-0.0402132622465244,0.0290868707017562,-0.0605829516121095,-0.0908669791313993,0.0498867166800307,0.0389464783311114
984,-0.01412500277387,-0.0377408686765171,-0.062256682541078,0.089022639339711,-0.0563571388685828,0.0333840111960917,0.0383429385593958
985,0.0115864422266994,-0.0239587668446526,-0.0191003408611331,-0.0723569825902345,-0.0775993313219352,0.0356588193880581,0.00581608757222773
986,-0.0328806482335929,0.0200690788422739,0.00565154826519679,-0.0193739513652507,-0.0679429892860017,0.0119741629240999,-0.0179346097288832
987,-0.00773334095848929,-0.038901518964213,-0.0216839933847526,-0.0664223714513261,-0.017879959614142,0.0100601675368749,-0.0029528431945887
988,0.00230899818358525,0.0205550891968863,-0.0565887806366083,-0.0441723497271523,-0.0431596233857483,0.0166880161602128,-0.00716183293872321
989,0.0338425007235795,-0.0250387746393439,-0.0204090544341418,-0.0227097432607729,-0.0264351708298126,0.02522599525576,0.0134727697233943
990,-0.00273539707147336,-0.00522204441282188,0.00822707301781372,-0.0671272458311616,-0.0225965384183668,0.0557613422060878,0.0564176270590355
991,0.00783201309381223,-0.102704788899919,-0.0089982396078053,-0.0846975076148017,-0.0780219302766847,0.0373302708432886,0.0179849382127207
992,-0.00914515295784773,-0.0582878197973326,-0.0194898755160158,-0.00582584256416241,-0.05876823311832,0.0327806491786111,-0.0114465748820097
993,-0.0142756274630103,-0.028389131994692,-0.0557890437218773,0.0362986616878745,-0.0125188664917986,0.043825521867849,0.0114021176340559
994,0.0330792578203462,-0.02600255492364,0.0226146235369214,-0.023447491488137,-0.0372801898607832,0.0687233370388715,0.105905879019054
995,-0.0181865254091629,-0.0622619569974455,0.0147331155057643,0.0506534774245969,-0.0245049292831083,-0.0301833386684958,-0.0211960046530656
996,0.00396019954186194,0.0159515137187439,-0.0853936678777452,-0.0212690410537435,-0.0696936875424863,0.0285605728910846,0.023092455078493
997,0.0187735574812663,-0.0306773138143673,-0.012381854090457,-0.0408323283299422,-0.0644233009140185,0.0355563427937995,0.0349953484338836
998,0.00148680167476596,-0.0896276948857504,-0.00120025541278695,-0.0649176068155587,-0.093474380458583,0.0475973566848655,0.0338876302304212
999,-0.0102883025495718,-0.0323864391795349,0.0239206241372731,0.0023314216745855,-0.0880578792728344,0.0301269754771323,-0.00971130727717863
1000,-0.0490108694670453,0.0180038401998441,-0.103009611596131,0.0371414303428866,-0.00967614869457528,-0.0265835012558507,-0.0284378516229963
