"replicate","RD_3pct","RD_4pct","RD_5pct","RD_7pct","RD_10pct","RD_14pct","RD_20pct","RD_28pct","RD_40pct","RD_50pct","RD_P10","RD_P90","interaction_1","interaction_2","interaction_3"
1,0.0297929945133619,0.0187691574014681,0.010380753705008,-0.00166987425125378,-0.0131903355002824,-0.022266892029174,-0.0276790774789661,-0.0258059435460224,-0.0169592762968127,-0.00948080569714898,0.0125539563905944,-0.0127861734350323,-0.0422254859369768,-0.0700409695996767,-0.00791197863328033
2,0.0156279035585593,-0.0000684764958625295,-0.0114262384484249,-0.0250310661893569,-0.0317262220757927,-0.0282161926871838,-0.0172444796214166,-0.00513163370462238,0.00739657387738499,0.0151362721978181,-0.00641213900303729,0.0121841998220587,0.00439447365624563,-0.0371391611337944,0.0406448654569284
3,0.00473959595152852,-0.00741739945018379,-0.0157662162424194,-0.0233946061315352,-0.0204076568409578,-0.0035066588725672,0.0167371396297214,0.0173463326627475,-0.00392381487351527,-0.0230186058422924,-0.0139019907174341,-0.010365036600046,0.0572464866955424,-0.0235768080452885,-0.0019934918029791
4,0.032061971560054,0.0155807947391877,0.00281221859266524,-0.0150627398424499,-0.0282861950263732,-0.0311661418489841,-0.0236241001747421,-0.0129656056194229,-0.00172610301611875,0.00525335249539085,-0.010662824476174,0.000775718750599216,-0.0165971215819594,-0.0720475238172712,0.0218399507778846
5,0.0502741367393124,0.0417036152876591,0.0352242355268923,0.0269889589935634,0.0222934586907737,0.0233986364503679,0.0238520543961234,0.0113957806309574,-0.0168200002377519,-0.0386818018314298,0.033886500556737,-0.0269770877677817,-0.0000259060263109017,-0.0811528212518517,-0.069068235848496
6,0.044246829877846,0.0235699879712402,0.00754207013826587,-0.0154218809461156,-0.0345646719705959,-0.0438367963571467,-0.0455824069969686,-0.0495475033534917,-0.059791287429148,-0.0678090874066979,-0.00905966528520626,-0.0619254056221167,-0.0450637859804387,-0.148082035250211,-0.0537698812192574
7,0.027743604250788,0.0168967299633163,0.0086304530787246,-0.00160882502446415,-0.00593968991265295,-0.000398986511123155,0.0063779270984781,-0.00817620282522111,-0.0484958402801244,-0.0803734411222446,0.00533581640372091,-0.0610479471950312,0.0196656083269377,-0.0961289494835328,-0.0821235825688918
8,0.0498476641474868,0.0358277840925809,0.0248939310837988,0.00748203032012228,-0.0137067369845542,-0.0377552135274639,-0.0583292726227789,-0.049321197463056,-0.00754535630601543,0.026921914140902,0.0180958737150039,0.00262090956870692,-0.112207861864953,-0.0858007773327499,0.0194917428962162
9,0.0113840443361932,0.00472886972255068,-0.00033693889939819,-0.0075486829151558,-0.014249602168965,-0.0192952155874555,-0.0239466163972899,-0.0296089194773327,-0.0377490362414154,-0.0434619275515555,-0.000405683836040269,-0.0413534425077657,-0.021286248293967,-0.0623600747956574,-0.0377199900671156
10,-0.0208982443613483,-0.0198874905549325,-0.0194177852120206,-0.0193702735489956,-0.0203884560372454,-0.0223068911377459,-0.0229064976133407,-0.0190846260320642,-0.0106481021683176,-0.00412433774284118,-0.020867571243826,-0.00732415452569935,-0.0275945016163413,0.0128608730423705,0.0110881613251272
11,-0.0133650170599621,-0.00727193979076587,-0.00271941565057121,0.00251231738732101,0.0037364319066892,-0.00139963978526074,-0.0137513755766999,-0.0302911772803688,-0.051111253590826,-0.0649706131224025,-0.00214950425155411,-0.0557578714563519,-0.0186419104588421,-0.0237369109017543,-0.0701460124684444
12,0.0112506251974275,0.00467838477104985,-0.00119177411292213,-0.0121685910945387,-0.0278013144501082,-0.0473266265033511,-0.0666792614767018,-0.0712509620776274,-0.0602279323372813,-0.0490664602320616,0.00320107150313341,-0.0557966012118165,-0.0856186718082078,-0.0859281801633043,-0.038490164916906
13,0.0720707766451269,0.0466769639477562,0.0269910439474169,-0.000817203151468424,-0.0217676989810134,-0.0269312195556333,-0.022158815343292,-0.0342749766349148,-0.0696352242521707,-0.0975320186234136,0.00589409953362441,-0.0737896697766702,-0.0251712296951703,-0.205264235594342,-0.0993160949843419
14,0.0226465117306409,0.0174512257819412,0.0129391427357193,0.00473757690201725,-0.00664550777591325,-0.020086578392785,-0.0324693565548994,-0.0371358826952634,-0.0355569878038489,-0.0328976679411655,0.0170904599211675,-0.0348718791589729,-0.0616759471178794,-0.0683076734235888,-0.0384551454127702
15,0.00860783231441802,0.00553354837698958,0.0030857755954606,-0.000928051575573485,-0.00592422936052222,-0.0116312603833914,-0.0175966034676031,-0.020645334454446,-0.02073947658328,-0.0199625726180951,0.0022993757807114,-0.0204730402404978,-0.0243732828428473,-0.0364639605752275,-0.0199911267589402
16,-0.0230908808787931,-0.0257887044238289,-0.0276528061423177,-0.029896199002129,-0.0312594902119723,-0.0312891765866367,-0.0290183954109969,-0.0231289844311793,-0.0133148477175979,-0.00624434033491736,-0.0256006740692268,-0.0113296835059107,-0.00386846233189442,0.00351686674600002,0.0235272380892341
17,-0.0113650237482355,-0.0137590776866477,-0.0153126490720406,-0.0162376217557598,-0.014038467731902,-0.00785655686948033,-0.000449262751894731,0.00132088054557038,-0.00276217876999438,-0.00684245012096663,-0.0157353194228568,-0.00381794500258509,0.0234462685482949,0.00512211139451373,0.00930315342107917
18,0.00444759520212482,-0.0108039385951402,-0.021325305610055,-0.033365824544527,-0.0387471931422492,-0.0351848257252593,-0.0275508147919567,-0.0243902481187029,-0.0275376722711685,-0.0315616926783856,-0.0139220685593331,-0.0311553043759256,0.00938075406367974,-0.0615802568861645,0.00101338215768783
19,0.0130984373649173,0.00383934964654256,-0.00258632345642206,-0.00977245650745541,-0.0123235158979163,-0.00878613007172536,-0.00573254350298021,-0.0135256220937576,-0.032987788901275,-0.0479965404076081,0.000372149360095221,-0.0362190434712604,0.00535621428755504,-0.060391930522383,-0.0411038366356786
20,0.0509644821285937,0.0229217784034512,0.00149356253371772,-0.0273654165198748,-0.0485668199547395,-0.0555189997798714,-0.0530388421444041,-0.0481456076520662,-0.0424901079050514,-0.0388375468684644,-0.00335194017550476,-0.0419429226885437,-0.0475437895852362,-0.146601572317036,-0.0131606232339454
21,-0.0135854362793832,-0.00485990962425681,0.00157430515577687,0.00720775760558899,0.00179318942924067,-0.0197565575344206,-0.04780462378591,-0.0538015527729947,-0.0379328941411912,-0.0225861033278191,0.00358774265881146,-0.0369815684309963,-0.0819091546206551,-0.0106133771403135,-0.0297030707668571
22,0.0506488742563094,0.0263584912723591,0.00753842120119376,-0.018399061711995,-0.0353653780742889,-0.0340470222265861,-0.0231923281844066,-0.027148811720183,-0.0489807250904105,-0.0669247764188415,-0.0070723739073458,-0.0500820565910413,-0.0085189116107755,-0.147838654920988,-0.0501659380799079
23,0.0153858915329257,0.00831896087962913,0.00270859689278795,-0.00693021818934436,-0.0202500245715823,-0.0372601690841009,-0.0557484677803022,-0.0630252759459259,-0.057889916878582,-0.0510364546608651,0.000754342819377928,-0.0546451489480356,-0.0745012185322119,-0.088483787074572,-0.0461459038691734
24,0.00551522723869604,0.00504274665398225,0.00389589025087993,0.000140034129286777,-0.00754924841795636,-0.0190292873299574,-0.0279709644865155,-0.020092371668835,0.00541316648254783,0.0256809275248452,0.00496612682541139,0.00993536673671823,-0.0476360438960479,-0.00415247024735441,0.0277806082976633
25,0.0579886838506132,0.0291964920242903,0.006872282869324,-0.0245015633497609,-0.0467930657870352,-0.0487217865626751,-0.0312424454306019,-0.0245937050491548,-0.0409480287524557,-0.0574695168413849,-0.0125061470394957,-0.0456292719790874,-0.00820003832184086,-0.16331039213018,-0.0304215545911213
26,-0.0203454193638384,-0.0121999861355419,-0.00627696421244721,0.0002094562193627,0.00120139159960696,-0.00618598059572458,-0.0213718071151803,-0.0349778949811379,-0.0447476857345773,-0.0494512524189158,-0.00458612161701863,-0.0475252742200969,-0.0276136973528187,-0.00811985985094517,-0.0518668688250543
27,-0.022127275077931,-0.0170968581458368,-0.014684415995806,-0.0146365423083902,-0.0209026976753882,-0.0342286087833541,-0.0508024157893201,-0.0573270224819865,-0.0517368344703309,-0.044961890333998,-0.0171923860732308,-0.0491890574323243,-0.0566198187353843,-0.0179511270184171,-0.0323287291363902
28,0.0376772358870338,0.00750773714139501,-0.0132627056143673,-0.0367862192823481,-0.0465896237689503,-0.0395022551509699,-0.0235544774441411,-0.00984382709799824,0.0014739891067142,0.00768796016626202,0.00855435748274423,0.00378403186482715,-0.0079616393905893,-0.082161967411878,0.0407633594369461
29,-0.0247086828167648,-0.0172271029193336,-0.0118151349806362,-0.0071680672527794,-0.0114479674190484,-0.0287044198358422,-0.0558635053577941,-0.0759981285808111,-0.0885653400382938,-0.0943435587014589,-0.0106579266806191,-0.0895375545556483,-0.0679291145186416,-0.0488145321181272,-0.0902623130927187
30,-0.00978750637906333,-0.0209522290459136,-0.0289773922324318,-0.0386513895866516,-0.0437606366798586,-0.0420260647696287,-0.0400240092338594,-0.051092497116917,-0.0787717582021882,-0.10049364308423,-0.0260139901287624,-0.0875639277026009,0.00175658228016878,-0.0878424069583214,-0.0654380645587431
31,0.00913665345710011,-0.0059883197555121,-0.0171193762749341,-0.0303128785455118,-0.0357283789144754,-0.029077469140348,-0.0135862329573963,-0.00038762637963,0.00939025462962415,0.0143248864366941,-0.0164785825137355,0.0118066028016932,0.017214431827329,-0.0262062106170973,0.045279201075694
32,-0.0271105183112246,-0.0109420221949835,0.0000188474396876012,0.00849561313947347,-0.000987111239692119,-0.0335657232826495,-0.0729288443182586,-0.0825820308363453,-0.0605309798222062,-0.038098717340797,-0.0016993722017222,-0.0515493479609882,-0.124369259015573,-0.00703979929329784,-0.0459303648645681
33,0.0167603940878059,0.00630429768029688,-0.00205593101109543,-0.0159941478954973,-0.0338603703288083,-0.0542548935216448,-0.0715711017440055,-0.0740198660360769,-0.0649036209877442,-0.0566277175148939,-0.00194339291920621,-0.0647192213022642,-0.0814408433713428,-0.10983790496651,-0.0407929516783474
34,0.0714779861330264,0.0422187801146118,0.0203962344990403,-0.00696024426211615,-0.0225169426224561,-0.0199567370379985,-0.0105834887838231,-0.0121998660572129,-0.0280213810065815,-0.0418672236116159,0.0235025091638855,-0.0353666088893417,-0.00828297428532306,-0.152600973039443,-0.0385809421977127
35,0.0276154130929604,0.00769892868523396,-0.0075543839772411,-0.0263883493647318,-0.0331928094385896,-0.0198552928457823,0.00299632512695608,0.00625596506366526,-0.0110220211516436,-0.0266141518887429,-0.0156082743792006,-0.0133307071277328,0.0385980117173047,-0.0723290807883413,-0.000652884112559481
36,0.000733859210004704,0.00750747098789945,0.0120431416996505,0.0129062062225063,-0.00157488908000959,-0.0363034153416807,-0.0771606499291395,-0.0864738271920583,-0.0620561732305792,-0.0375586255695973,0.0129024426100748,-0.0526168271302913,-0.138051475332182,-0.0536245855011115,-0.0512299337064488
37,-0.00863997682073289,-0.00627584040726725,-0.00444463834222619,-0.00190516838573059,-0.000127380403301806,0.0000183682112776034,-0.000309908756442642,0.00422564275166985,0.0159541271260649,0.0252767190370441,-0.00271371431807548,0.0207307646799417,0.00359329239199635,0.0233587614484494,0.0282299813735754
38,0.0303918578858151,0.0140637806502715,0.00145122882624744,-0.0162761219988213,-0.0308658658027324,-0.0380438904281526,-0.0371328703793133,-0.0283413224439212,-0.0129647676117881,-0.00180655648817337,-0.0086147936994126,-0.0106286647264805,-0.0384925527178853,-0.077297377295698,0.0153830676694686
39,-0.00875250313454859,-0.00903872627451781,-0.00952417383642903,-0.0110573249971961,-0.0142541035781933,-0.0191941618500235,-0.0239087155432345,-0.0228392361429871,-0.0153024412664911,-0.008930264029806,-0.00933199920959773,-0.0132619079355761,-0.0263420190509303,-0.00414350207281311,0.000804510526555228
40,-0.0105979988802454,-0.0176525759384455,-0.0230856091404533,-0.0311865755691747,-0.0396155620206246,-0.0469119794743235,-0.0512031913426561,-0.0491893396800253,-0.0412921512061977,-0.0347291661520206,-0.0121810970551035,-0.0383222980639462,-0.0346394792221718,-0.0451601892219613,-0.00406208461869648
41,0.00293147211654768,-0.0101801195353363,-0.0203019714701334,-0.0346015267507992,-0.0467623014925592,-0.0535868040824691,-0.0549471978962263,-0.0511790863577531,-0.0432277889951155,-0.0371800415618703,-0.0262085727967921,-0.0401254334420522,-0.0324038532309231,-0.0766143492214933,-0.00271166764566614
42,0.0277778721238319,0.0055383972946125,-0.0107089733561905,-0.0303590347635409,-0.040214725281868,-0.0347904381158031,-0.0186789125695746,-0.00596308411477558,0.0000969093157803767,0.00165714738258777,-0.00667913337525095,0.00119578231667705,0.0115904348925844,-0.0683552025480369,0.0314120097437918
43,0.023669459778455,0.0183994239319486,0.0139071226213195,0.00480493948742161,-0.0103503074945359,-0.0322228850533537,-0.0564337212987659,-0.0634598607973164,-0.052378345134927,-0.0405533218591584,0.0134098598434239,-0.0492964150329754,-0.0949312681500977,-0.0884822951195986,-0.0473355920076529
44,0.0105968195173141,0.00560291423312982,0.0016372214612762,-0.00473861192130207,-0.0123658586378628,-0.0207467586948707,-0.0312160149575915,-0.0428007045995855,-0.0565249821339787,-0.0654894952446854,0.00211777207442435,-0.0595788466307747,-0.0367379096749922,-0.0762910240625613,-0.0633720463812878
45,0.00417971363680601,-0.00359553293678681,-0.00957419747838432,-0.0173347380327827,-0.0214984655759566,-0.01904037125976,-0.00964569697937312,0.0002583517954177,0.00927909749327007,0.0145847872040655,-0.0131564650635561,0.00907379649108394,0.00962917033399199,-0.0147629063263758,0.0340885848860878
46,0.045820094740766,0.027915072237042,0.0140269651189358,-0.00640025165871527,-0.0250147742583588,-0.0369677297946599,-0.0382401181352809,-0.0207087985130444,0.0162790528028494,0.0441194257704959,-0.000153167319979162,0.0277724554849212,-0.0592245175682793,-0.0704365989044663,0.0525881321884438
47,0.00951529527037679,-0.00856660093795713,-0.021780130515131,-0.0376356714819524,-0.0451485531997511,-0.0398964881890292,-0.027173330964578,-0.0197037102151097,-0.0187297055913742,-0.0200070102425032,-0.0198169651962873,-0.0190962886888266,0.00875895972992838,-0.0596239252143327,0.0168724169747181
48,-0.0389015747731259,-0.0388985148303011,-0.0386058241835698,-0.0375049493049769,-0.0352164919446615,-0.0320282670327447,-0.0294778085118933,-0.0299664691601572,-0.033222863672827,-0.0359600741216552,-0.0389308638146508,-0.0341077909781644,-0.00112161415116716,0.00657956007855673,-0.000677435232502988
49,-0.00898407869609274,-0.00662903524693234,-0.00484703178431774,-0.00350179765533079,-0.00662915128892787,-0.0165182607903299,-0.0291543894337102,-0.0322362800566714,-0.0258505933542972,-0.0195007906892418,-0.00395607295968136,-0.0254546347838806,-0.039886239836394,-0.0117547683724806,-0.0162788157027148
50,-0.0146219208751016,-0.0132819481946778,-0.0123108943479744,-0.0121181357086114,-0.0158131651151883,-0.0251739955475451,-0.0341975736762366,-0.0236192967541846,0.0104649533326677,0.037703858712167,-0.011997257999779,0.0192106656464348,-0.0406274160416021,0.0250466149480332,0.0514841563133178
51,-0.0227018988286564,-0.0376564731605785,-0.0479719331251902,-0.0577739721517032,-0.0554072770577811,-0.0360950997157442,-0.00568939438993894,0.0118354745166857,0.00982230748625117,0.00222453183030898,-0.0464177446597262,0.00407165689637081,0.0811144369602711,0.00209907374151345,0.0621066506589714
52,0.0141686776576908,0.00430204155119693,-0.00346315197987746,-0.015891113578542,-0.0308108843029791,-0.0471929255962461,-0.0612109292711879,-0.0594964741551382,-0.0403312783419568,-0.0235314097287183,-0.00448529037555464,-0.0328089298956297,-0.073002403636471,-0.0768851869975721,-0.00793208699941801
53,0.00351243617822985,0.00396872900117961,0.00398601227329115,0.00267810071607717,-0.00156679844426407,-0.00914850306707644,-0.0185197828979405,-0.0247413343545322,-0.027997818205501,-0.0291122995337279,0.00403793641516131,-0.0285391054540991,-0.0361926253265775,-0.0262445704441655,-0.034266179182929
54,0.0860649674347004,0.0516914672723906,0.0250570923986243,-0.0117124312528077,-0.0359526013467762,-0.0337566229088444,-0.0060398726605202,0.00397982671497142,-0.0237690313612228,-0.0513561252570898,-0.000647517357172611,-0.0301071184961334,0.0160523967045964,-0.192219298055565,-0.0348528694424504
55,0.0465469932518471,0.0227200722220933,0.00609249459103039,-0.0139108005086279,-0.025610856742092,-0.026551173406881,-0.0299533624614017,-0.0508309998840427,-0.0901330343290037,-0.119386908359606,0.0227701574476671,-0.100225545817521,-0.0146883064779953,-0.180777607633544,-0.111945139487137
56,-0.00553885560540165,-0.0157940152114605,-0.0233078450056936,-0.0319739560145011,-0.0347853895713529,-0.0300473030486507,-0.0223449193855365,-0.0174715693683128,-0.0147795276254112,-0.0137551018846151,-0.0212176257074137,-0.0145164790615928,0.00900982542419516,-0.0260253181996444,0.0176034105232918
57,-0.00993050088159604,-0.0191297995882499,-0.0257289140489346,-0.0326296229225856,-0.0327531661280088,-0.0236647056176566,-0.0138381978103869,-0.018984853109811,-0.0398286405857347,-0.0568455250442185,-0.0252406865570203,-0.0435961621080221,0.0264609886309852,-0.0408917989181338,-0.0268013009831713
58,-0.0275141529458065,-0.0409268720292037,-0.0490922349802365,-0.0563411732281347,-0.0554378053042921,-0.0456866360920878,-0.0335229912951883,-0.0297831288794018,-0.0354553240383858,-0.0417326248220973,-0.0267030583865349,-0.0385444237052511,0.0399441615357541,-0.0383113019624615,0.0165964940663493
59,0.0116578277957407,-0.0103486488872144,-0.0265649083703566,-0.047291045914305,-0.061055708441894,-0.0628090442134977,-0.0536278859146791,-0.0442542834710525,-0.0392502287109238,-0.0375870916644753,-0.0276524188854273,-0.0383037758631714,-0.0083987027634386,-0.0984289069959352,0.0105564000484208
60,0.0365564679468818,0.0274269544754176,0.0203455536761555,0.00962374158840502,-0.00216819384451727,-0.0141746490420263,-0.0263043961311152,-0.0300511509531407,-0.0239037322977483,-0.0173018622168417,0.0103605684338991,-0.0213039819110729,-0.0491765155672146,-0.11051572314047,-0.0292714658255617
61,0.0390213871859664,0.00988115394943958,-0.0110811005303637,-0.0356461688423303,-0.0462464983465604,-0.0367617756779572,-0.0196538744191938,-0.017850582959266,-0.0329696273033643,-0.0467954516771172,-0.00935726870082692,-0.0363423242406338,0.0146184175152987,-0.119919362304505,-0.0147632991733215
62,0.101129293590841,0.0642613800902909,0.0357399735916535,-0.00240318506753944,-0.0237518903707043,-0.013145959164244,0.0163730868946604,0.0224209651573197,-0.00110274311892342,-0.0235878122436767,0.0172617313120288,-0.00786231800745647,0.0258710281905124,-0.179449539439402,-0.021352911523793
63,0.0328032775167608,0.0122869512615567,-0.00309525308657105,-0.022474827555269,-0.0335122275963123,-0.0302703184339306,-0.0156862996462719,-0.00787673351108558,-0.0137109624848153,-0.0215264965702103,-0.00777937642999861,-0.0180196678172873,0.0143552907213883,-0.0920985304823693,0.00188029755383693
64,0.00387389318874577,0.00771263553530524,0.00965702573851936,0.00612007522422498,-0.0132418731961423,-0.0519095340202681,-0.0908503662178251,-0.0859172294378275,-0.0334779583017383,0.0122175468360756,0.00961689750118707,-0.0125363398669212,-0.155641500764965,-0.0374623536870057,0.00833970584524941
65,0.0235411771776774,0.000248583239254422,-0.0161419518833105,-0.035513946701001,-0.0453802175339996,-0.0408741698222787,-0.0252489024251709,-0.0143715380623825,-0.013871414102246,-0.0168490649377434,-0.00843185047507487,-0.0153474246286287,0.0146013218419636,-0.084930871123039,0.0199857857946101
66,0.0410791276405937,0.0229563432499109,0.00890411840233352,-0.0118966219558344,-0.0323682760799228,-0.0487901047663355,-0.0562357823785114,-0.0445458513001757,-0.0156539265507418,0.00653942280164307,-0.00144645615788775,-0.012048736059656,-0.0760559674655233,-0.0954621260009396,0.0200526670320854
67,0.02536854135198,0.0102921477440102,-0.0013478021637125,-0.0169086035523892,-0.0263670952616825,-0.0240951865730778,-0.015023516954085,-0.0178839539282867,-0.0360462631077389,-0.051170152899716,-0.00957467733545291,-0.0371881070892664,0.00418047041168635,-0.0917051656030799,-0.03505242775715
68,-0.0127348659225431,-0.00953748548217103,-0.00778088184051564,-0.00686906812606764,-0.00895237415635754,-0.0145094516545532,-0.0236477586596315,-0.0340478720542144,-0.046080629307756,-0.0538890420919348,-0.00962267242957343,-0.0499116715256063,-0.0262657288554444,-0.0254855735028203,-0.050480444311289
69,-0.0308703991149885,-0.0223063553347747,-0.0157105755573293,-0.00735108018374465,-0.0040018692678289,-0.00957464198521157,-0.0177877791460115,-0.00523782572311296,0.035333598818806,0.0680995639093721,-0.0120405605496106,0.0473233213855981,-0.0209563331999354,0.0772022651070536,0.0776423215812315
70,0.0129622673562763,0.00805808104657414,0.00414694151578936,-0.00283651103720575,-0.0131604083609156,-0.0270265734672259,-0.0393302975061431,-0.0338520161854729,-0.0075814427633197,0.0149736458690686,0.00305176970483574,0.00592263209132991,-0.0607107935262235,-0.0326589903528131,0.0187412995867248
71,0.0898349532259375,0.0629720303186994,0.0421468620286609,0.0120128323844743,-0.0144926334593646,-0.0303266779355233,-0.037520362282401,-0.0420305168159043,-0.0474573068795476,-0.0510241204503313,0.0215788716441509,-0.0477653562649284,-0.0781710160950379,-0.188997885148271,-0.064847242945966
72,0.0124331316331867,0.00502427015035697,-0.000794884245372971,-0.00992014889023683,-0.0203874824496932,-0.0311237854195078,-0.0387696573044973,-0.0349661838517201,-0.0197144875316719,-0.00735422600494082,-0.00088780370920411,-0.016339913509137,-0.0493421061527337,-0.0470318091465379,0.00265774922117665
73,0.00465148349591228,-0.000243457188684781,-0.00403345112617867,-0.00894066620320352,-0.0106487093187078,-0.00637501144256215,-0.000162555505881933,-0.00913571783904093,-0.0372639998239377,-0.0597404140285651,-0.00756427495101465,-0.0436270036914231,0.0209104983267447,-0.053479815420066,-0.0520373782509586
74,0.0126002259354722,0.0131953149237325,0.0135219682438087,0.0112598977504334,0.000243941531834642,-0.0228195990997491,-0.0524077687339093,-0.0686374695425103,-0.069707688971645,-0.0657988023698036,0.013258992225394,-0.0678159956757173,-0.0933921606389901,-0.0817128819672311,-0.080077207320644
75,0.0294087292870898,0.00903360766380589,-0.00674056264267227,-0.0283993381636558,-0.0428739012950646,-0.0428987460843568,-0.0355778773560831,-0.0391509585255861,-0.0564353271294264,-0.070792163879987,-0.0208953801434712,-0.0602869898785179,-0.0113786728338536,-0.125635452078188,-0.0440428834124358
76,0.00724331244128697,-0.00256351658744014,-0.00970955109978155,-0.0191916399521898,-0.0267894859196833,-0.0311763971552979,-0.0346996742126305,-0.0391724244576263,-0.0452846388407959,-0.0494833725585414,-0.00238878609623253,-0.0468154447001305,-0.0358896427398687,-0.0647989368363659,-0.0347507303889274
77,0.00709590104433926,-0.00514995073691774,-0.0140884709453975,-0.0243800556291283,-0.0277747047931913,-0.0209034391774317,-0.0109017545941372,-0.014011407539221,-0.0318528852167449,-0.0468677642698659,-0.0151658025387857,-0.0358009509438038,0.0182292969129842,-0.0571763968161138,-0.024814777025698
78,-0.0123494229041942,-0.00939061217470368,-0.00731933273605269,-0.00657236358715138,-0.0122373816079163,-0.026715449372339,-0.0457254648125385,-0.054895676282161,-0.0523518281863197,-0.0472811478339956,-0.0066825283971702,-0.049668951459197,-0.0573992258488192,-0.0349528272013971,-0.0424127839116075
79,0.00937931231898377,0.00223200599204644,-0.00371163537304034,-0.0140961870935446,-0.0280536488163587,-0.0445990973060957,-0.0593234066080783,-0.0616997036843304,-0.0530138476317445,-0.0444772844294275,-0.000490699488006266,-0.0507423236664045,-0.0753676586558531,-0.0758643152913154,-0.0318156879480932
80,-0.0202599003807992,-0.0181059035121398,-0.0173413332259264,-0.0190346903441245,-0.0264826187788201,-0.0404122617168679,-0.05385281965155,-0.0493331075098175,-0.0246852267553351,-0.00415021683364388,-0.0176669024342514,-0.0187333997264408,-0.0566198225589497,-0.00482111511804311,0.0164499802900678
81,0.0433386386469262,0.0227117038716534,0.00672198697502515,-0.0158582016314,-0.0329109099659953,-0.037221486650051,-0.0274913640478482,-0.00970584674170306,0.0139035853528733,0.0297944036309228,-0.00746357773050453,0.0164010202476882,-0.0268531446070417,-0.0750216353834087,0.0487113765984192
82,-0.00310726405983487,-0.00727213457563485,-0.0105026591256665,-0.0155526027083858,-0.0225214975002055,-0.0323812108640191,-0.0461698610378725,-0.0568327662036284,-0.06337994185285,-0.06623911455172,-0.0155714550450825,-0.0641496684396922,-0.0403974233927514,-0.0794491415921527,-0.05383295538954
83,0.0312070503068372,0.0132171391531043,0.000538431970758254,-0.0139885666917339,-0.019832293472283,-0.0143460460986436,-0.00866205751341819,-0.0183080777043902,-0.0443348011936547,-0.0650305050393382,0.010208150527524,-0.0533721308506666,0.00571582768754761,-0.1034357130941,-0.0562176146566672
84,0.0272823907168141,0.00879314693266726,-0.00458127085222647,-0.0218311214865841,-0.0344126880323783,-0.0391459139892921,-0.0365554274337494,-0.0277459416324881,-0.0136195826778524,-0.00346176640128135,0.00445640566698708,-0.00862865519446511,-0.033545121619534,-0.074387251247431,0.0175737790950959
85,0.0111856649328246,0.00109914298326287,-0.00672295923618913,-0.018136009327779,-0.0284259687102612,-0.0349921922391164,-0.0382926777836359,-0.0408522140382613,-0.0447130664762552,-0.047485875875999,-0.0139421650563332,-0.0459732226345596,-0.0220543418853953,-0.0896510663045319,-0.0289195164853168
86,0.0443100058037979,0.0317009559034482,0.021917383634992,0.0069990110132232,-0.00944060172506267,-0.0259247955401997,-0.0396690646603697,-0.0370995611367773,-0.0174173618167579,-0.000832026478831172,0.0146046528105414,-0.014137616420126,-0.0773683774226002,-0.0860537899646688,-0.00866904339812113
87,-0.00688128371326995,-0.0203793169904624,-0.0292887283429219,-0.0380830820493577,-0.0383852891132152,-0.0271630120278391,-0.0102060516558874,-0.0121091320072537,-0.0411934289766136,-0.0672251780701128,-0.0240252933420818,-0.053515437227842,0.0513268878366473,-0.059991115303781,-0.0309591064469584
88,0.029728743318834,0.0178136050252283,0.00841975529761491,-0.00620646497168576,-0.0226161282447343,-0.0391677067109705,-0.0540081819978631,-0.0575348786408525,-0.0492162665348551,-0.0407672172632755,0.0136238967089854,-0.0464624129002239,-0.0735288632729469,-0.10441091959549,-0.0361496173474109
89,0.0225706660238421,0.000610166327043631,-0.0154227290044075,-0.0335884579808265,-0.0384851616564521,-0.0239563412391961,-0.00367397896877523,-0.00696417266423375,-0.0357223800145149,-0.0606095225533106,-0.0152992432441985,-0.0447066755100354,0.0449025275837627,-0.0953037159528977,-0.0303577480292295
90,0.0643517253630148,0.0421804366654571,0.0249855217238525,0.000651677105533974,-0.0167991878609246,-0.0184460661843134,-0.0072230864057796,-0.0077109754690737,-0.027961958736085,-0.0457051517275234,0.00642956381532966,-0.0325460539084173,-0.00674954101204939,-0.145615561956925,-0.0456893303196571
91,0.00752471051113787,0.00235949418332805,-0.00155512640068189,-0.00709482552565547,-0.0121897094609647,-0.0160182203110038,-0.0195450122588958,-0.0231264129963882,-0.0272825642004579,-0.0299747078022799,-0.000405632963049983,-0.0275529268044825,-0.0274522639221982,-0.0382731940301922,-0.0247136295259659
92,0.00718413847704952,-0.00713711702939354,-0.0173105464054954,-0.0291784780224964,-0.0344612220488764,-0.0303766649559949,-0.0186742147178203,-0.00399314478220612,0.013600855514539,0.0251024704325046,-0.0107157673361565,0.015000023999912,0.000464599539253903,-0.0158105587321165,0.055365578916464
93,0.0373440261927938,0.0320185388279234,0.0271584404330982,0.015053745527883,-0.0094285267444768,-0.0462674293759765,-0.0771284816571989,-0.0706965306340841,-0.0307384683890173,0.00282726106184181,0.027205130069755,-0.0244831943203848,-0.144318923195677,-0.0897606959673406,-0.00914534763314754
94,0.0244517890910317,0.0183182083887633,0.0132901215089977,0.00406422255409052,-0.0096557988085672,-0.0277400450105705,-0.0443767857299533,-0.0441532638621146,-0.0279891884779629,-0.0138954523495945,0.0120615261284625,-0.0256749181273985,-0.0784484893118122,-0.0662500903041709,-0.0177059206750838
95,-0.00722298771351875,-0.00152603947688928,0.00238260308973549,0.00418695308879632,-0.00434818167026286,-0.0263629140767886,-0.0503232912494365,-0.0501947596381212,-0.0248435409457636,-0.00244910093562209,0.00224014900817389,-0.0158364283092925,-0.0852405751265923,-0.0109744327950282,-0.00542949756400244
96,-0.0034310767998948,-0.00883077294069857,-0.0135203295172309,-0.021842255118143,-0.0329061373390714,-0.0458936935895791,-0.0574286378055994,-0.0569500291036431,-0.0431720483866331,-0.0308928535222216,-0.00683819127797968,-0.0381567095254076,-0.0614816602098229,-0.0504167641414832,-0.0109004248137656
97,0.0413031278211041,0.0259109811534945,0.0141256400671232,-0.00284276434003915,-0.0189779178821909,-0.0314344269574947,-0.0379452767313618,-0.0328285942458557,-0.0164741832547559,-0.00337483911048618,0.0155714125087966,-0.0112057946094917,-0.0609333998204649,-0.0881387184240624,-0.000936515788975172
98,-0.032206353871023,-0.0127650520597016,-0.000254319023341113,0.0096417513048048,0.00164790332946139,-0.0271569910241703,-0.05757376306844,-0.0571341709495264,-0.0264248434596609,0.000307071946976961,-0.00569980668002576,-0.0194755397785302,-0.103623613506719,0.0356130343702775,-0.00454727644718728
99,0.0595479279632009,0.0360554848086775,0.0184346827127855,-0.00506625386407319,-0.022934742899628,-0.0303319566232318,-0.0305865356268645,-0.029146535304561,-0.0280118675475562,-0.0274148923230511,0.0188435193219722,-0.0277923769959516,-0.0437888322496373,-0.131703644415373,-0.0243829699334264
100,-0.0166193853692088,-0.0189811528586726,-0.0203691505113472,-0.0210549042557804,-0.0189774555925613,-0.0134159609860058,-0.00556561864729386,-0.00151244076479245,-0.00243134293153843,-0.0045366839722684,-0.0196689708891932,-0.00354954250323802,0.0236817035387303,0.0101499822605616,0.0167887955403342
101,0.0861607427083472,0.0443381610994846,0.0126816919854296,-0.0262558592705501,-0.0433434887478032,-0.0253358892893509,0.00707728351692877,0.00942183402010073,-0.0195387327202625,-0.0459919219546144,0.00616969520304384,-0.025526998404721,0.0434501931825253,-0.179561864688067,-0.02379033479512
102,-0.00348622694714171,-0.0127645091340145,-0.0191142937262057,-0.0258258101057723,-0.0271023291043689,-0.0208932038066438,-0.0134806606893912,-0.0206750721137596,-0.0463503099446822,-0.0677174577773799,-0.0177554609742652,-0.0580633883826536,0.0236225511700423,-0.0600021220049029,-0.0442314883749832
103,0.0183184740006825,0.00264518203009213,-0.00921651475375852,-0.0260305996955481,-0.0416178131925387,-0.05309249601285,-0.0560883196142713,-0.0421586155455442,-0.0112946355193097,0.0121639465139424,-0.00699787386661736,-0.00542348143344876,-0.0563099192563208,-0.0623792823789408,0.0396274619980097
104,0.0832035204587548,0.0504253724139312,0.0250011485393121,-0.01136994870221,-0.038391842798162,-0.0428334099268392,-0.0250322397777958,-0.00819678605405467,-0.000170428526144677,0.0020912211882093,-0.00282086943102677,0.000792878425509066,-0.0204131356156586,-0.17598126145887,0.017060891165478
105,-0.0104969190433577,-0.00577644883030975,-0.00211792283386099,0.00203391497164037,-0.000501292191998847,-0.0150954215340115,-0.040395520548345,-0.054612565725965,-0.0547316388403297,-0.0510784432179031,0.00124552627554338,-0.0542330538771434,-0.0631096771030352,-0.0288969258973186,-0.0571488452602913
106,-0.00131836395756298,-0.00203766414842543,-0.00265075795682871,-0.00383295178283702,-0.00566419201716241,-0.0081739245401451,-0.0113183702845546,-0.0138157070017284,-0.0157017502900441,-0.0166679420611612,-0.00258718365627549,-0.0161423999805902,-0.0100495433556398,-0.0158132031668235,-0.013894744835142
107,0.0256136541787369,0.00332521091004372,-0.0136302139615941,-0.0361292320372054,-0.0518958057300982,-0.0549718907447042,-0.0469513828553304,-0.0366640273520992,-0.0275839814976034,-0.0224722953426781,-0.0191611276496637,-0.0251739393511265,-0.0165487962881875,-0.104331874820452,0.0142564009618968
108,0.0591698717404928,0.032503800794275,0.0129697429024509,-0.0120851344587759,-0.0293123856744838,-0.0337430200375792,-0.0299856768319506,-0.0251548297653533,-0.0206995660512993,-0.01808852422408,0.0182162904286805,-0.0202589474673591,-0.0337409045430618,-0.131717662166447,-0.00793224587819318
109,0.0124576586333481,-0.00459363135574538,-0.0168778964382654,-0.0321158528093172,-0.041499635106905,-0.0414341428497063,-0.0333616916464443,-0.0249273255044276,-0.0181757077894767,-0.014550879764842,-0.0143833037953958,-0.016938061505873,-0.00663996874133099,-0.0636540779937152,0.0174689084368193
110,-0.0114729494024086,-0.00522732579732711,-0.00104455651593983,0.00197055159784923,-0.00233924135346985,-0.0166936359209375,-0.0390578458265401,-0.0553162244041882,-0.0637634072418806,-0.0667070672095947,-0.0011820871469321,-0.0651076163329189,-0.0559454620968924,-0.0419949412851442,-0.071296933179169
111,0.0472599849468608,0.0240977871567234,0.00704144079796706,-0.0154068437972171,-0.0323982724830618,-0.0402075905127709,-0.0465566139670763,-0.0604942441176384,-0.0843832542528733,-0.101702173896325,0.01619539441372,-0.0882861521248852,-0.0556389656176206,-0.164845780093401,-0.0926502654254449
112,0.0292400410350578,0.0298047882095955,0.0293958811422595,0.0253043655670353,0.013446071167039,-0.00784803670897459,-0.0347170349174026,-0.0441088099636976,-0.0286311788529337,-0.01115135409185,0.0295970529707469,-0.0182370810763594,-0.0936146331628049,-0.0578243661207145,-0.0384207419212976
113,0.00465080723269256,-0.00923923810966673,-0.0190752331552504,-0.0303390517494979,-0.0347264731107757,-0.0292952408107914,-0.0192624470420479,-0.0162568751747194,-0.0228224665286503,-0.0298127662175633,-0.0144980663419586,-0.0280145925197075,0.0142158530507091,-0.0516061531984092,-0.00112427949734872
114,0.0172957491092429,0.0115713209585876,0.00712363837901098,-0.0000623163723755867,-0.00956000570699801,-0.0215657981907376,-0.034093213004395,-0.0362554634161249,-0.0267770252253094,-0.0175400499091162,0.00333003782076512,-0.0229830125557566,-0.0522811913524866,-0.0585557502454561,-0.0182060149408335
115,-0.0103740717014895,-0.00582302618239036,-0.0022929610286272,0.00222992848910525,-0.00108248259803054,-0.0209170336400875,-0.0498971092483651,-0.0498959847407789,-0.0155600127824942,0.0156557617244911,0.00214071166036964,-0.00513181338183132,-0.0838177693603666,0.0000599888829181089,0.0124618021636443
116,0.0132899712542251,0.0164119232247123,0.0181980960012582,0.016652980677258,0.00463156984955339,-0.0204471592032355,-0.0471813654762507,-0.0487685781480323,-0.0254718618912795,-0.00445388249035618,0.0181628048004348,-0.0208905165440504,-0.101420979521854,-0.0351877789208125,-0.0203016010112293
117,0.0240719931499152,0.0137007949559082,0.00570256347000897,-0.00621679610565774,-0.0185751816505584,-0.0298982152462639,-0.0424000965515093,-0.0564913148176505,-0.0742968901291063,-0.086263338625598,0.0113150291104512,-0.0804507823823535,-0.0491838426901158,-0.118641343357497,-0.0836627915597655
118,0.0326029202299421,0.0148908652187714,0.00170536125958395,-0.0150135633452632,-0.0252669779906861,-0.0243946982961861,-0.0156218224117091,-0.0186249441505407,-0.0417185617514418,-0.0612986259001658,-0.000926155712737561,-0.0465311687443638,0.00666278611981742,-0.111651130020323,-0.0469734200990245
119,-0.00274196177888781,-0.011221906548194,-0.0172530184537974,-0.0242844287325196,-0.0273811355186872,-0.0247163707354878,-0.0176629899209987,-0.0101726933394372,-0.00238018320206052,0.00245399203775586,-0.0148491842393171,-0.000866623778870585,0.00704773580601935,-0.0180880562480635,0.0277405686550309
120,0.00718132006542136,-0.00140528006120965,-0.00789576872873958,-0.0163738237101274,-0.0220463613016692,-0.0226289879430729,-0.0181749596522537,-0.011010473180736,-0.00171248569822882,0.00453555103291601,-0.00988421449438679,-0.000304298047673757,-0.00702775142629913,-0.0262351766789293,0.0217274216506735
121,0.00692280049071587,-0.00124899623454297,-0.00785405589416436,-0.0192284650305557,-0.0345654466190707,-0.0536061066967139,-0.0748455502225603,-0.0824538714848461,-0.0729897436843341,-0.062176592082207,-0.00840088941856042,-0.068564550460936,-0.0879042104981092,-0.0971046920123455,-0.0455197459295933
122,0.0146346610086085,0.00285813312156018,-0.0062752400886264,-0.01919499564955,-0.0283969399196356,-0.029120606046884,-0.021218838564951,-0.0105692638683794,0.00143588479303674,0.00911231271025027,-0.0152630606642272,0.00323390563284021,-0.00636489423071045,-0.0469094992596993,0.0304353073561866
123,0.0297887545554331,0.0139873706945142,0.00194691902924227,-0.0144438185914177,-0.0272908534335188,-0.0328198260320751,-0.0328868121978505,-0.0349453576612628,-0.0418465635234778,-0.0472824135370943,-0.0000771611297907225,-0.0426735677726475,-0.0295701887264114,-0.102613873416029,-0.0337877878823936
124,0.0262456446977088,0.0199830298573694,0.0150119856216341,0.00551359358685915,-0.0106276728468445,-0.0349801056927007,-0.061248317262294,-0.0626038071684186,-0.0342832060024633,-0.00816084182210737,0.0116569342981461,-0.0222545042379381,-0.104535130390624,-0.0774389337219467,-0.0145930857382027
125,0.0187873799890252,0.00913218776312387,0.00140462394789963,-0.0117601169105439,-0.0293773151903829,-0.0498724209584759,-0.0651590027180925,-0.0611811858146138,-0.0399036911822954,-0.0219407036953206,0.00208655872234927,-0.0324238342379958,-0.0854891525368988,-0.0823050629956913,-0.00912683630755641
126,-0.00665715482847062,-0.0136699743069579,-0.0191006272965044,-0.0270809717022883,-0.0348692882261556,-0.0411591472754758,-0.0451048617992477,-0.0422243576448851,-0.0313315067885898,-0.0223926964738541,-0.0225782920236999,-0.0280177683703207,-0.0294093255414687,-0.0412275609647476,0.00443732280440499
127,0.047526419789433,0.0224203918791974,0.0029466437254169,-0.0254057996860039,-0.0445323430808845,-0.0393168960309793,-0.0103656618658021,-0.0070932155312853,-0.0442091367732044,-0.0767894077278233,-0.0264803829656347,-0.0453998385502243,0.0314335365718803,-0.157499126178168,-0.0459242060643978
128,-0.00607778191010571,-0.0094376781180388,-0.0123303809220616,-0.0176576361377009,-0.0252710008394262,-0.0349686844864231,-0.0431145835733994,-0.0368590543987958,-0.0126894739347105,0.00737895310137643,-0.0122781185011782,-0.00271257001579647,-0.0416173834646585,-0.016735549091151,0.0263560440297452
129,-0.0020580007787904,-0.0035632829279374,-0.00482142455035085,-0.0071634864065793,-0.0106574217097148,-0.0148868332541996,-0.0138984704060171,0.00161105986988304,0.0336574491738263,0.058170620165786,-0.00461835722766802,0.0479817811121477,-0.0161601551212121,0.0288889832665081,0.0687912988019674
130,-0.00152871340649567,-0.0126825268668233,-0.020809859312085,-0.0305343083038309,-0.0351178554257806,-0.031616384817498,-0.0236226134147213,-0.0240169295614341,-0.0363490496633698,-0.0470723196367186,-0.02030743461221,-0.0386510255125218,0.011898104411688,-0.0551291120400336,-0.0174488909762144
131,0.00748373065000614,0.0023287724279283,-0.00188231023452588,-0.0093559931632917,-0.0198810115339588,-0.033178081098172,-0.0452182330505729,-0.044264072835125,-0.0294370916921045,-0.0164803201184712,-0.00131170859766412,-0.0244789626425496,-0.0572029422987882,-0.0493854661707352,-0.00712199915829377
132,0.00804421538972817,0.000834038748194762,-0.00489492433482413,-0.0140817648926044,-0.0250001906693897,-0.0366330641257156,-0.0454264772384541,-0.0423085196935839,-0.0269921118856328,-0.0142522722019191,-0.0034611995096347,-0.0231603322910485,-0.054326300254253,-0.0487026265907829,-0.000587248486132069
133,0.00607728459427964,-0.0143760904440854,-0.0295540704504274,-0.0465030150460134,-0.0490427773482861,-0.0293736233232816,0.00316693181724405,0.0146029285588911,-0.000044578481550147,-0.0161966671843751,-0.0354755097367507,-0.00458576452043837,0.0729560758087334,-0.0445323966701069,0.0311356899936016
134,0.02980334623789,0.00736832973808622,-0.00910962414897726,-0.0288518258888539,-0.0378286078765709,-0.0310662467976587,-0.0186781682558469,-0.017570823417904,-0.0286903225842335,-0.0390748922525475,-0.00832994290443403,-0.0325507970529763,0.0101720383388266,-0.0962787527357502,-0.0128688047105319
135,-0.0198754190310273,-0.0201073851157998,-0.0203024742725799,-0.0208396167219548,-0.0221303609087802,-0.0244769448881554,-0.0303110332353658,-0.0431209262364865,-0.0639047158600236,-0.0784623084677971,-0.0204390929906745,-0.0651185628757933,-0.00952350630394689,-0.0437962102601095,-0.0596405874352144
136,-0.010430817126728,-0.0106959979484816,-0.0110227622503401,-0.0127279586760785,-0.0177886574269414,-0.0273044536978611,-0.039248306034803,-0.0430508451639647,-0.0365287816645867,-0.0294764144100318,-0.0112473805705012,-0.0336144843921807,-0.0378373466052691,-0.0304635709589089,-0.0175139314227199
137,0.0312062660908855,0.0101580302601597,-0.00596554381444302,-0.0268578340563856,-0.0387369064041319,-0.0347226538659882,-0.0230961808547561,-0.025179556226081,-0.0442482531245532,-0.0605322290035303,-0.0112981176100076,-0.0497429385919504,0.00469076939788669,-0.115309515447312,-0.0355539692928982
138,0.0293698133465794,0.0216131159888284,0.0155965540942104,0.00633672398976204,-0.00474251193543307,-0.0175467191259693,-0.0309597846222736,-0.0352746423276839,-0.030684756135562,-0.0256059199360884,0.00878890495525103,-0.0303098544574336,-0.0564503879943311,-0.0833883223810113,-0.0339788992430964
139,0.0000853051047694138,-0.00215475545284765,-0.00412166968448699,-0.00800282452650648,-0.0140822903136571,-0.0222748031450909,-0.0325928590972186,-0.0424147953463589,-0.0524690858999627,-0.0586600232796894,-0.00330598327590138,-0.0552153579487722,-0.0444840311544497,-0.0501236633717587,-0.0542116290005027
140,0.0571499669911243,0.0502556541122305,0.0446425887410429,0.0334605218590858,0.0142784244685474,-0.0146656692854987,-0.0519115813933154,-0.0717469070246718,-0.0683660307870345,-0.0597204038289546,0.0420596472315308,-0.0654809438303065,-0.127026150082093,-0.141777713738311,-0.0987738797033975
141,-0.00643971178890702,-0.00848390502620326,-0.0100702658102041,-0.0126649440388169,-0.0163885187543377,-0.0214602704580176,-0.0237525672908932,-0.0131439367648454,0.0117888174222944,0.03091621028368,-0.0117853655498838,0.0160088387959958,-0.023140196194543,0.0149654343732105,0.0453663352483444
142,0.0394067139013347,0.0299775012397821,0.0216298864833175,0.00554697813825829,-0.018630403061013,-0.0498542688877249,-0.0788911115922711,-0.0824787894402592,-0.0610242580777051,-0.04060599816982,0.0237370429596943,-0.0521380971299847,-0.130268335434864,-0.12579575762409,-0.046308686687503
143,0.0391576970688502,0.0248111575233377,0.0137010533290989,-0.00240619602809279,-0.0172086121950265,-0.0274076523325209,-0.0283311416556511,-0.0105971833760263,0.0259367054400023,0.0533574879585412,0.00778290408824185,0.0346320831905458,-0.0501743705281742,-0.0445583906229352,0.0583534274570185
144,0.0543751413686234,0.0352187336599634,0.0204855330037809,-0.000663740051006764,-0.0203230291087133,-0.0348608950074738,-0.0454577561993978,-0.0513183513809682,-0.0544441071267912,-0.055654413278767,0.0156785955013946,-0.0546917023217401,-0.0720882100586958,-0.145210277582135,-0.0574187420099914
145,0.0156265254377911,-0.000863877067233168,-0.0132736222492973,-0.0298878641004738,-0.0425920784821386,-0.0478117707549143,-0.0459055868075771,-0.0381771296591506,-0.0255829122533957,-0.0164546145563707,-0.0126841114375335,-0.0206572188623354,-0.029305402519834,-0.074796958789409,0.0137405041719499
146,0.0281809857395115,0.0101497355569106,-0.00286962992119846,-0.0192485021502132,-0.0299891710907946,-0.0314867479241635,-0.0245926340258264,-0.0138744026287365,-0.000493872218760207,0.00836249023442067,-0.00285028082403672,0.000783395799766041,-0.0166774104723511,-0.0642955250661455,0.0279406668656156
147,0.0213268912761251,0.0130761772782614,0.00648641783638228,-0.00452505202458475,-0.0187292172204635,-0.0353461061196181,-0.0510444165982677,-0.0556131064047174,-0.0503194074590196,-0.0443877694776016,0.00599034725877785,-0.0488875093820652,-0.0751548103338943,-0.0874785942474348,-0.0411868666074583
148,-0.0464377106936307,-0.0344939181286462,-0.0252317537026154,-0.0120564400871411,-0.00201939692815752,0.000572057727932222,-0.00443607032521336,-0.0122039709053429,-0.0210247171473458,-0.0266815557354669,-0.0160147363537023,-0.0238476425581365,0.0159870627052987,0.0516830700300174,-0.0158910016508862
149,0.0448748330371126,0.0248657621147717,0.00940168749790748,-0.0131679077610796,-0.0349581332470695,-0.0521473980457343,-0.059489433285699,-0.0431058174665473,-0.00142984408790394,0.0310328009195408,0.00163419538384453,0.00655128748904557,-0.0802043248480081,-0.0933991970206594,0.0459744470938308
150,0.00734753613246309,0.00577834444082362,0.00386854733986211,-0.000705793861596785,-0.00856135640002633,-0.0196343404283487,-0.0346308869540349,-0.0477665179565279,-0.0587868835819632,-0.0649301677381969,0.00527934427413455,-0.0599538970286512,-0.0461556787113179,-0.0693303827749407,-0.067963852519766
151,0.00438559544682551,0.0030888025285992,0.00175996649639284,-0.00306722724186003,-0.015538516991139,-0.03739090468434,-0.0609791595962117,-0.0645690881469001,-0.0460327923443326,-0.0284030969630363,0.00156799178902369,-0.0404169170321814,-0.0912394183461325,-0.0545038605111803,-0.026008810710095
152,0.0164368340350232,0.00142517537698241,-0.00993468134584462,-0.0254350310162765,-0.0380173761832862,-0.0448278950487591,-0.0493204364177241,-0.0551543321471997,-0.0635682868537278,-0.0693881839942647,-0.00808828739950108,-0.0647553575842559,-0.0398661820019528,-0.106483396198833,-0.0461998234595127
153,-0.0102527542112242,-0.019928953028141,-0.0266032343810869,-0.0337572468427253,-0.0353377010087987,-0.0293372235977114,-0.0229229831967259,-0.0314425274074998,-0.0585999987262183,-0.0806686730484639,-0.0247369762896591,-0.071589951528933,0.0207895560498232,-0.0641483522287326,-0.0498765050867398
154,0.00947370850933291,-0.0106151505025186,-0.0259395303838021,-0.0446351140868092,-0.0511671647232178,-0.0381220855721406,-0.0115432164925087,0.0114721862615005,0.0302092895714568,0.0403200424971629,-0.0331321921791065,0.0348072156937212,0.0396204535237167,-0.0183944936569168,0.0874320906876823
155,0.0516504846135018,0.0210903294761304,-0.00177761432866258,-0.0290650704103686,-0.0393182466782841,-0.0218996357834072,0.0155953397562231,0.0343218052168121,0.0287458166164435,0.0189629347817308,-0.00949387322826186,0.0277451140530606,0.0608221451981823,-0.0819817673725118,0.0502361643992269
156,0.00892086684567117,0.00187296549082763,-0.00318470271524372,-0.00907649244312064,-0.0115329408545203,-0.00870476324404918,-0.00212196412823332,-0.000111705488007517,-0.0059903942260572,-0.0119433493998993,-0.00279859179806887,-0.00896862622265405,0.0163301676551855,-0.0315581727991985,-0.00209606507763312
157,0.0186097913191327,0.0131898747479481,0.00897871048761907,0.00251214691377331,-0.00469038857370947,-0.0120042123980841,-0.0189189451491609,-0.0209875086618948,-0.0182831015767411,-0.0154343576204538,0.00671267778891361,-0.018091562256349,-0.0325655864203306,-0.0500359096271645,-0.0183483022006247
158,-0.00589440645892577,-0.0106743114178331,-0.0143778027935455,-0.0198991850230919,-0.0255666048358821,-0.0304487290896156,-0.0305753689248379,-0.0187880531423886,0.00516544356979055,0.0231550582698125,-0.0157738551116605,0.0122988660470159,-0.0233891763476004,0.000483680723565759,0.0451769624231721
159,0.0061128679654812,-0.00391691241198617,-0.0117060526637936,-0.0235539939095126,-0.0363945139427122,-0.0488328693594529,-0.0578318890890674,-0.0528760736881646,-0.0325206142759941,-0.0159321414524983,-0.0140724459193271,-0.0271576252838583,-0.0558961301440293,-0.0626116121310078,0.00758143626636198
160,-0.00485838246597376,0.00528524259350952,0.0124150809652955,0.018402974873615,0.0131725361082521,-0.00726144359307418,-0.0345235114688352,-0.0464538073076111,-0.041917069945306,-0.0346461672822417,0.0132741739349127,-0.0398497266074925,-0.0780621273643079,-0.0191853820926015,-0.053810108815192
161,0.00408309341804258,-0.00225524364032265,-0.00821813261440819,-0.0201605547132581,-0.0384305697695409,-0.0617064428846684,-0.0774723060370481,-0.0608225725929792,-0.00940352340246218,0.032278218341046,-0.00299604547743164,0.00858672391194949,-0.10052028761714,-0.0311754711188592,0.0551975944439411
162,-0.00522080136348495,-0.00793766217669632,-0.00996907366663244,-0.0127649657783098,-0.0151765870720495,-0.0167674965186458,-0.01963647897016,-0.0273737733620263,-0.0409913588386241,-0.0509067416027647,-0.0091302621329583,-0.0431111740091572,-0.0124932015649606,-0.0370703880801992,-0.0410369216990011
163,0.0273866600150301,0.0227727475742622,0.0191714709383956,0.0131028098134006,0.00452733690598366,-0.00694541140884504,-0.0218565803523936,-0.0341833795796962,-0.0435816145324717,-0.0484110233759095,0.0161655679933293,-0.0461104361417976,-0.046430020513867,-0.0854640816291221,-0.0647217413916363
164,0.0371346620465785,0.00789001705142636,-0.0144026344228472,-0.0433892639077821,-0.0612473879307838,-0.0608536335732857,-0.0522018281458161,-0.0489735883084695,-0.0510648242296285,-0.0535204913997719,-0.0170398124716807,-0.0506956673373636,-0.0263019486748434,-0.135102675240965,-0.0122149590471854
165,-0.00132984878717108,-0.0109411483132285,-0.0174148077635667,-0.0244421088654182,-0.0267212220692553,-0.0231904450321847,-0.0171693068077867,-0.0136253623123866,-0.0125811724957482,-0.0126350055397476,-0.0103275531640337,-0.0125668631268849,0.00678665445767077,-0.0285014565617006,0.0111073448996612
166,0.00672565868041352,-0.000873092387663094,-0.00649181416480833,-0.0140133355670904,-0.0200338330057367,-0.0235076116816565,-0.02899084557245,-0.0419182490536736,-0.0642777166249295,-0.0805965683792983,-0.00419761097437181,-0.0711922258548291,-0.0188199307939755,-0.0835333725160017,-0.0700238068687294
167,-0.00628336438652007,-0.0050422682263854,-0.00412518573299979,-0.00433063067920794,-0.0101038926891261,-0.0244812138739379,-0.0453082581946822,-0.0459851458211646,-0.0168624177803996,0.0101712635226154,-0.00383488698225011,-0.001401498590869,-0.0687304857732659,-0.0064403787183978,0.0133237243189608
168,0.0168077022900822,0.0103452509401932,0.00517332964082429,-0.0035017475396745,-0.0147478261733464,-0.0281543856065753,-0.041783633051077,-0.0454378187547693,-0.0372958778128236,-0.028616768985536,0.0050640457435513,-0.0308034896637839,-0.0585314770543533,-0.0688310972440601,-0.0260475430796263
169,0.0160283155284872,-0.00512738683835994,-0.0213311895230082,-0.0422201647834097,-0.0536754326659026,-0.0482796033823455,-0.0297273621071006,-0.01488143733411,-0.00472447996103318,0.000384376062468846,-0.0314958142538639,-0.00468802924843043,0.0108091722633172,-0.0636551685351289,0.0443121507564826
170,0.0450201866271126,0.0326606206980843,0.0230737965675408,0.00844462948998225,-0.00851312972043454,-0.0273330285596744,-0.0465602433659222,-0.053166023966524,-0.0454025440224605,-0.036460582245188,0.0108966632442342,-0.041481847236666,-0.0875613118902286,-0.110615174403012,-0.0479322146739821
171,0.0150657400561452,0.0212753136213828,0.0240966430625181,0.0225884430367642,0.00992148480311436,-0.0154053813187458,-0.0423101868584892,-0.0417682830154634,-0.0113367124567367,0.0157832306908971,0.0218342205635849,-0.0010569267774694,-0.104900540243122,-0.0180893838970439,-0.00640880147461501
172,-0.0118083214712714,0.00261492503405618,0.0105209996939306,0.0138916392972897,0.00179332085644603,-0.0275971534533765,-0.0588359522595347,-0.0594282293858321,-0.029388084819084,-0.00193717415141941,0.00640659854366437,-0.020145652629727,-0.117844781677079,0.0101287318450523,-0.0145601633671778
173,-0.0046957340811314,-0.0120095501058678,-0.0177026897544033,-0.026455382505547,-0.0361673524892631,-0.0457894091029479,-0.049957898715644,-0.0354240001487775,0.0007439137242857,0.029090317397023,-0.019191370690284,0.0135187850026232,-0.0440832921058575,-0.0128887497951538,0.0577108842290572
174,0.0185672950115696,0.0130645089253199,0.00879621046672144,0.00163433513469142,-0.0106121639490511,-0.0305058484308529,-0.0517650507490392,-0.0512499511450067,-0.0272916077105357,-0.00638370860326247,0.0042469070380196,-0.0223142487195481,-0.0860220236849785,-0.057690812021337,-0.00907773164765754
175,0.0190929058553545,0.00393383031397804,-0.00687635768822522,-0.0194609503192039,-0.0248644615942918,-0.0195620951358757,-0.00903154115315741,-0.00842497051571156,-0.0207555645687424,-0.0317447891118129,-0.00557525221841621,-0.0239329007840767,0.0152034992062066,-0.0676127006525586,-0.0137074902958793
176,0.0293363604142926,0.0158713647043144,0.005541358747449,-0.00897042617609407,-0.0215417076090036,-0.0293195564724408,-0.0330177895107162,-0.0330385179314374,-0.0305191747872177,-0.0282218062341301,0.00308588663085807,-0.0292125534626451,-0.0388448495388828,-0.0870685391637866,-0.0203456346433285
177,0.0199661902867777,0.0119104009512809,0.005509336119288,-0.00497762902048398,-0.0180447663470535,-0.0328041538974634,-0.0444843885822699,-0.0406312337203242,-0.0215683435078671,-0.00575780208186771,0.00431504819481335,-0.0175179840701,-0.0648153361545943,-0.0602802651118556,-0.000356837952897986
178,-0.00302334377843464,-0.00734033390516665,-0.0104766639068785,-0.0146568655992805,-0.0180854334562128,-0.0201973551624623,-0.0223207552857608,-0.0256916718523444,-0.0307247857987712,-0.0342517325570548,-0.00740805551513153,-0.0315999181360686,-0.0158155902565834,-0.034733083570115,-0.0210306417962179
179,0.0153162012421401,0.011297192479373,0.00793436613521202,0.00141926844820125,-0.00892149229320736,-0.0233139420916584,-0.0374177345065991,-0.0369479787773067,-0.0205474237417606,-0.00586009338481139,0.00745023797955773,-0.0146471967268141,-0.0614274441499781,-0.0467488294884469,-0.00740757722630946
180,0.028147051903565,0.0200303150322808,0.0136530934515248,0.00259679734421776,-0.0134922305469737,-0.0353662182793239,-0.0605348128459001,-0.068001409991869,-0.0552018228957707,-0.0422073328197841,0.00832596766656193,-0.0527656305531826,-0.0998800667338334,-0.0991822114237891,-0.0475420887241155
181,0.00129829663097978,0.00243903988668691,0.00312995460505517,0.00325526047948762,0.00132614935262358,-0.00329838734337822,-0.0115633893754728,-0.0225458907160958,-0.0367173405482693,-0.0462735134013306,0.00299731788342716,-0.0407747726181163,-0.0252782056142161,-0.0295689187913436,-0.0526377303874246
182,0.0118033318497934,0.00214051713200599,-0.00520811973167765,-0.0155951464992088,-0.025043935174455,-0.0318111252315302,-0.0363509847058672,-0.0381665125456445,-0.0381483481348147,-0.0376390319612205,-0.00446441401051879,-0.0380033494735405,-0.0340612103313721,-0.0676348856224339,-0.023203252412457
183,0.0278423932311915,0.0157850360686036,0.00636364614310228,-0.0083160557977393,-0.0250447603357893,-0.042012431608285,-0.0548519420751132,-0.0529830136333568,-0.0365186317496714,-0.0220152833297186,0.00785628611951322,-0.027823482975272,-0.0762823176829912,-0.089019832251896,-0.0142121367249788
184,0.0133448361241703,-0.00434985394930319,-0.0172837311808532,-0.0342932368371052,-0.0473663327578943,-0.0536866411350497,-0.0570149147617353,-0.0615001817433462,-0.0685339307753721,-0.0735494817958798,-0.0109951729209026,-0.0703067931213599,-0.0472798213885236,-0.109426246273499,-0.0437482370099708
185,-0.00602127332523527,-0.00921659853757433,-0.01189184829122,-0.0167038024419089,-0.0234707840729831,-0.032096886932913,-0.0421373915715075,-0.0470349187771691,-0.045077731753648,-0.0417804474433708,-0.0120055716549399,-0.0430879010424152,-0.0331504801115697,-0.0487910266375065,-0.0265503367913123
186,0.0588747176163528,0.0391232415757592,0.0239626253854734,0.00301045072341409,-0.0138831303984983,-0.0218729042548355,-0.0233895442981441,-0.026777186914298,-0.0362162105129232,-0.0436240347774926,0.0167323848291557,-0.0381981127212473,-0.0384961225831552,-0.13698204684762,-0.0480912249751449
187,0.0100800093822958,0.00698531538597892,0.00396962217885751,-0.0022441044209376,-0.0119419965537007,-0.0241404113032819,-0.0305792385933694,-0.0174602197229824,0.0157160887314155,0.0418452076361678,0.006578494983033,0.0262598342678184,-0.0558276328839529,-0.0015959083233176,0.0457346037022982
188,-0.00220962120474901,-0.0233971936773912,-0.0376411385984721,-0.0522435114207577,-0.0540698744805332,-0.0385583351214791,-0.0179319271220618,-0.0264162029293119,-0.0724241046817565,-0.11119401018489,-0.0310740025550274,-0.0863678161930072,0.0596790363583997,-0.107754223881118,-0.062130440170325
189,0.0146113517906919,0.0057664363972827,-0.00118536794889632,-0.0128087335482801,-0.0283412735959141,-0.0471003998644777,-0.060469389293489,-0.0498744919428732,-0.0144952452719361,0.0142386897281435,-0.00347346063142837,-0.00271475804707681,-0.080474182881986,-0.0503853071114679,0.0288796877145006
190,0.0196681969542852,0.00575558983682386,-0.00443016959785036,-0.0167389420581147,-0.0228106786893999,-0.0193115231523593,-0.0118901588576933,-0.0128288097829301,-0.024182732323442,-0.0342953796172861,-0.00353737904432297,-0.030476827697521,0.00968407855974069,-0.0717583412069522,-0.0187157167620814
191,0.0285782270436622,0.0209590280206487,0.0150491181201979,0.00628735367871227,-0.001910118246721,-0.00755565668533937,-0.0126165703845628,-0.022113818872288,-0.0388988643030183,-0.0512331548619838,0.00745300364381122,-0.0450000143950111,-0.0209867016907877,-0.097566407073727,-0.0599725170168067
192,0.0106383164301068,0.00298088682174823,-0.0027942159938462,-0.010814830461369,-0.0178210805965258,-0.0223875464598339,-0.0242629927142008,-0.022478331476958,-0.0175537508118402,-0.0136884847599636,-0.00238849154234113,-0.0166733300692278,-0.0239486838104917,-0.0437986323836876,-0.00343063724982832
193,0.00309248071147182,0.00691925791312905,0.0094318532694311,0.0107489542184126,0.00638492876984004,-0.00568729498856812,-0.0218826038220815,-0.0260516296392877,-0.014188379806525,-0.00221404343199619,0.00944309746380742,-0.00846318993622459,-0.0475336551252804,-0.0130996976175641,-0.0134137400461447
194,0.00684560937534635,-0.00398662212341911,-0.0123323449833047,-0.0246920711639534,-0.037312047906332,-0.0485161204202934,-0.0590140648262055,-0.0670460700630988,-0.0740113495208252,-0.0779326678298679,-0.00942390710799365,-0.0754698772963047,-0.0573355564346401,-0.0979553772540449,-0.0563861169011981
195,0.00476829052057158,0.00606386021343354,0.00549459800127316,0.000972248341133088,-0.0101372935273857,-0.0257810804867341,-0.0399433053873542,-0.0442394142399099,-0.0409077513299598,-0.0367931685346323,0.00510148073106092,-0.0405935948995181,-0.0650585251666319,-0.0439457423321039,-0.0367729303556726
196,-0.018885435254817,-0.0169114145682269,-0.0156964917219791,-0.0146476589287515,-0.0149342528165426,-0.0169418881231084,-0.0217815671192511,-0.0299187826113956,-0.0418663042795948,-0.0502757059642292,-0.0170619122104078,-0.0471373941919187,-0.00332356925682403,-0.0204733812111564,-0.0357027523125827
197,-0.0216652176052822,-0.0147358282883922,-0.00964167781582569,-0.00365384674628381,-0.00135763010332343,-0.00477347374129906,-0.013133888941254,-0.022318561582656,-0.032050330883893,-0.0381314483823264,-0.00923647632185562,-0.0349734522846255,-0.0111112011352947,0.00522748193426119,-0.0362807758599965
198,-0.0148308582032428,-0.00991024148331811,-0.00609982091366321,-0.00205440423760726,-0.00594225183790456,-0.0230993960948691,-0.0463724179141548,-0.0543367667190318,-0.0467119759232734,-0.0374539157080662,-0.00367468398242033,-0.0428609133717834,-0.0672248504784098,-0.017885209103076,-0.0367730110426078
199,-0.00315881553647286,-0.0107552346797027,-0.0165191502707512,-0.0242053265813685,-0.0297983817485497,-0.0315654713330667,-0.0314610886799415,-0.0327072327013472,-0.0360141719077235,-0.0385619390423065,-0.0176237024107491,-0.0365580328901476,-0.0134455417274508,-0.0455605235285133,-0.0152960681419721
200,-0.00338917071374199,-0.0151081441484407,-0.0227141019503041,-0.02914727516551,-0.0256856140329236,-0.00962364059063949,0.00995372175528152,0.0113498685980786,-0.00711522008093339,-0.0240570174582623,-0.0175419379282376,-0.0118006138182894,0.0543217208015664,-0.0176335097594458,0.00243656603891592
201,0.040906212445627,0.0217629216025531,0.00722989576872507,-0.0121719731692505,-0.0263308600657224,-0.0303490144223777,-0.0237424966746035,-0.0128778691693227,-0.000689903340320184,0.00704763987461732,0.00240042074933924,0.00207796370953047,-0.0254841957498562,-0.0796840104664925,0.0202790837660079
202,-0.00385088941536094,-0.00408897331728064,-0.00458233618195953,-0.00703607054836566,-0.0136428149206847,-0.0254138717571925,-0.0384132793616715,-0.0365289708541473,-0.0162026836914209,0.00168213883764989,-0.00446711763157791,-0.00672805161146071,-0.0488492868552894,-0.0162534903728286,0.00888026880590619
203,0.00747495847095801,0.00555846092513389,0.00246881334260403,-0.00578276804868709,-0.0205883448201004,-0.0403555565253036,-0.0582971640838893,-0.0615810859727204,-0.0511468177163812,-0.0410138549464801,0.00734504563684561,-0.0480062629187822,-0.0902651476566426,-0.0602682577610333,-0.0361603384654792
204,0.00931537564385669,0.00503493693348869,0.00173437557638901,-0.00285748816780926,-0.00653071316852536,-0.00814698834338576,-0.00873696461296107,-0.0120378381517711,-0.0199807712985039,-0.0261334146816324,-0.000319758916488248,-0.0220728452812292,-0.00128369665127454,-0.0445203911091789,-0.0236040176750604
205,-0.00746245081478211,0.000687678909143505,0.00617685930807766,0.0102455811400607,0.00492415405278379,-0.0121773471800181,-0.0306839155440609,-0.0299846433904331,-0.00919240605937822,0.0091502971476158,0.00516178977495302,-0.0014759738114576,-0.0709415920424342,0.0152564134429291,-0.000238457246678524
206,-0.0293079590970877,-0.0207963454707261,-0.0143060964435481,-0.00714245461528877,-0.00800107848023667,-0.0220368863483741,-0.0457713241984451,-0.0519610418944117,-0.0305838112724627,-0.00937198926026032,-0.0104514740857321,-0.0200822598454796,-0.0622172958716485,0.0161843551413052,-0.00453058798803598
207,0.0468804005618505,0.0182624651175889,-0.0030670962049966,-0.0302955236359636,-0.0475266982358302,-0.0473590943390732,-0.0316054996079945,-0.0215327123299693,-0.0268435555503491,-0.0349034768794163,-0.00392138420772877,-0.0305745106385786,-0.00139005428897334,-0.133644852154105,-0.00365117407479609
208,0.00731231727437167,0.0101010406423535,0.0111321721514148,0.00837378770188141,-0.00368620841546982,-0.0263598552803276,-0.0499008605110539,-0.0512855477748259,-0.0293146452523094,-0.00918872830472344,0.0108458738683075,-0.0197065781092131,-0.0936522165538746,-0.0337532054401107,-0.0178164799995456
209,0.0101772599546406,0.00986631314697125,0.00940802988875396,0.00666446783390323,-0.00168251571819522,-0.0175114750285895,-0.0390591130181409,-0.0507146511761578,-0.0485408644202159,-0.0428496429039405,0.00912753964425143,-0.0454617546971993,-0.0691478841263256,-0.0589504937470204,-0.0520891354599554
210,0.00384508246978748,-0.00254539389394285,-0.00749714031275375,-0.014769809667983,-0.0217887074133177,-0.0272676772198899,-0.0302931344922847,-0.0281090805121398,-0.0208896388498554,-0.0149963868502494,-0.0110063311370078,-0.0183260045125218,-0.0249819675028328,-0.0389527829683684,-0.000308193078592898
211,0.0353824657567105,0.0127120361565076,-0.0043752812756331,-0.0271835314698012,-0.0443113678353507,-0.0505644216699381,-0.0446360970658119,-0.0266475355003755,0.0020479328720883,0.0224730878175875,-0.00592336565542547,0.00780609320656301,-0.0431092115448982,-0.0729415680814018,0.0507290781016307
212,0.0682107298490804,0.0417861585364391,0.0216339802396307,-0.00607066952963941,-0.0286294425518246,-0.0401449894196871,-0.0427595095087532,-0.0409962735682553,-0.0373385796690494,-0.0346637091192676,0.0173163800145618,-0.0373771225033106,-0.0640274533444225,-0.154919941175259,-0.0295143057698874
213,0.0682653697218271,0.0301515959355366,0.00120769359438415,-0.0353802904550603,-0.0547025912811194,-0.044034943059185,-0.0137321392655267,-0.0108514170917291,-0.0456698802738884,-0.076550574847598,-0.0150580813154977,-0.049097264328896,0.0338064600637496,-0.188573776381813,-0.0417626357949424
214,0.0226354679140241,0.0145697361727333,0.00824520293059722,-0.00209453115656092,-0.0152858533943536,-0.0308571374433008,-0.0472120892069501,-0.0560935793250504,-0.0581023061085526,-0.0572967758445038,0.00651762988973874,-0.0578202418350341,-0.0678922780955776,-0.0969951324080478,-0.0575268053586614
215,0.0227392465041376,0.0116699270551853,0.0033011112903214,-0.00763992160855198,-0.0149858714703863,-0.0157565336953186,-0.01091949064085,-0.00718603190594214,-0.0065584628828205,-0.00705780428268691,-0.000233662923569033,-0.00666178078157627,-0.00556746495345123,-0.0530292411131528,0.000835745861566263
216,-0.0047384635858002,-0.0190620445662767,-0.0279623692351861,-0.0353515649805999,-0.031884816559257,-0.0153025222233711,0.00719964639496815,0.0184353499060442,0.0180863231146936,0.0150159153296141,-0.0211050846011046,0.0176740047250076,0.0606165483321374,-0.00416026875093638,0.0499647568757092
217,-0.0153922449868717,-0.0162948326808129,-0.0170351001887267,-0.019226472107119,-0.0251123817237443,-0.0362189781052512,-0.0495703942694489,-0.0506188261089169,-0.0369138098536174,-0.0244086849218524,-0.0177533675214429,-0.0327297813721758,-0.0454958696901129,-0.0283306381597796,-0.00582560264181502
218,0.0475277359070087,0.0215814728240332,0.00154290154206426,-0.0247954335534053,-0.0384826957765622,-0.0288032463047385,-0.0034358670494435,0.00843887706239478,-0.000310035808992529,-0.0121246402269253,-0.0114329759700739,-0.00782679247986872,0.0344447777691084,-0.110369112846975,0.0139600106919175
219,0.0358670641861474,0.0161847922555842,0.00126491551509015,-0.0170042443510476,-0.0245370839510321,-0.0146682810668989,0.00355361772634043,0.00727178388740894,-0.00549992931140395,-0.0173701954767867,-0.000841555727422883,-0.00740756607057609,0.0252901455101278,-0.0747001240875186,-0.00113576857566966
220,-0.0134205036454717,-0.0107595452844233,-0.00879754558574974,-0.00790451960567211,-0.013408407669558,-0.0286053792820667,-0.0502257326471075,-0.0534681410754897,-0.0307153488427969,-0.00988817733609957,-0.00822623206796898,-0.0256570114773235,-0.0692868583887258,-0.012289554219129,-0.00430959632641022
221,-0.00759043605892423,-0.0117147046148188,-0.0151182477257859,-0.0209050881396967,-0.0283489916907059,-0.0365408297493999,-0.0370800654365983,-0.0152466956867352,0.0320346253443957,0.0682340145495291,-0.0130203889344201,0.049369479534128,-0.0387059182803703,0.0293194252667596,0.0922186425206432
222,0.0271235263567624,0.00217704523973297,-0.0162792438767181,-0.0388633248033256,-0.0503380242959993,-0.0437365744450294,-0.0224090292941945,-0.00387018484590091,0.00858037412751116,0.0142550443601859,-0.0160556347066486,0.0116810760233951,0.0178817929311479,-0.068432719929797,0.0548070135844697
223,0.024285647192733,0.0180448740613065,0.0132046213569718,0.00614149136930007,-0.000139834217654296,-0.0041406221375552,-0.00993979515230729,-0.0233724101265781,-0.0460885139145888,-0.0624965714734433,0.00921343901320829,-0.05131842765413,-0.0208057693582428,-0.0803426051254048,-0.0715775250707484
224,-0.0082062314820009,-0.0119406523796157,-0.0148364065870818,-0.0188960958626887,-0.0216844493933312,-0.0216646815091455,-0.0197189730406042,-0.0212003165322175,-0.0279743973518901,-0.0336296391327528,-0.0175692535636474,-0.0306936306391614,0.000238531688902173,-0.0299579372846789,-0.0148941084199974
225,-0.00141949850443228,-0.010289007333066,-0.0171912362406857,-0.027861039608786,-0.0398979708832065,-0.0521801836599515,-0.0601194662963196,-0.0506153354227643,-0.0211551368475752,0.00270313997592155,-0.0203328951686914,-0.0102256540367299,-0.0572754072202349,-0.0391473132296944,0.0316703462231928
226,0.0402825703162111,0.0189777199578465,0.00275477998396336,-0.0191668717188308,-0.035845546189832,-0.0422455720940257,-0.0411960695118571,-0.0386937794175254,-0.0366068146816161,-0.0354432122126913,-0.00101507060702858,-0.0364364760674222,-0.0412156526828722,-0.11599297305207,-0.0170141446725258
227,-0.00823319190603461,-0.0103802399832945,-0.0124977457441171,-0.0170014685317089,-0.024297372102307,-0.0340043370978058,-0.042158276777122,-0.0399654553149054,-0.0266608119366775,-0.0155354709882592,-0.0106284277270598,-0.023931482936566,-0.0442285343376242,-0.0229479156717814,0.00152757604881736
228,0.0281083835185765,0.0167016067657078,0.00779372631235346,-0.00701199998543984,-0.0271100603695395,-0.0521777654460606,-0.0703447455728789,-0.0557589766427015,-0.0118787806900594,0.0217192319703116,0.00269678466564202,-0.0140228110246615,-0.105897466647262,-0.0676803923246975,0.0321243707076798
229,0.0614205827913156,0.0396421300769564,0.0227670807332675,-0.00175501409667634,-0.0242571307885482,-0.0397750049419752,-0.0480640076684936,-0.0470191741016476,-0.0388147042486184,-0.0318231805901391,0.0113168100051772,-0.0373096115920999,-0.076362558950734,-0.141834332425633,-0.0313017264314217
230,0.0036166033804075,-0.00265517759946262,-0.00727060167848073,-0.01330161206311,-0.0177417939959603,-0.0192903481387375,-0.0166246032600772,-0.00811477306123457,0.00671731167148944,0.0177443135691393,-0.00740806223072457,0.0143128682851271,-0.00827381216071092,-0.0109776061063918,0.0325341107687705
231,0.0163284405055975,0.00922313616236319,0.00371240124735921,-0.00457419429874009,-0.0132759003762936,-0.0213446031142525,-0.0278794426612889,-0.0268958719640018,-0.017475511986111,-0.00926599092890833,-0.00121617803341861,-0.013904059294174,-0.0380188895907708,-0.0482945119870321,-0.00543208811230347
232,-0.0193840429071189,-0.0226817675579904,-0.0249663463168606,-0.0276587001452941,-0.0290973273365756,-0.0287006906861353,-0.0274828736772628,-0.0282711237034334,-0.0319327297239726,-0.0350601285141362,-0.023823617399879,-0.0334737738486235,0.00299651190002987,-0.0200041711730367,-0.00745663868734148
233,0.00507785744402523,0.0121814765741259,0.0149954806552525,0.0115843492430492,-0.00662634857957979,-0.039806190856187,-0.0773408939491115,-0.0971460123007648,-0.100449424090542,-0.0977361818446895,0.0121486369046366,-0.09961590273365,-0.117719990219832,-0.102590461026363,-0.108100586356914
234,0.00468727921090965,-0.0019390245937676,-0.00707734535237078,-0.0145094429718614,-0.0209049106305439,-0.0243649118462657,-0.0239062446551115,-0.018273271189102,-0.00771999145543259,0.0000480747960958381,-0.0124026743111908,-0.00556975221924585,-0.0182825544569154,-0.0255433732768169,0.0153001062746697
235,0.003805771083479,0.00521875133181339,0.00588119814123052,0.00347706162073533,-0.00772513996018819,-0.0305709862837057,-0.0584623420553904,-0.0644333040365302,-0.0446030425065016,-0.0255129109910706,0.00580816227165437,-0.0395217172749922,-0.0954083243031762,-0.0490709729824597,-0.0303613710179364
236,0.0508488966469008,0.0340458320202388,0.0211931086520023,0.00250389385288919,-0.0158421924679889,-0.0311091402256801,-0.042645807609121,-0.0453756534178353,-0.0400821035918956,-0.0347049417212914,0.025039985032599,-0.0386281551383409,-0.0730995130869017,-0.123570262956854,-0.0395220326119092
237,0.01347533008581,0.00951983318517245,0.00635426799912134,0.00039341014997012,-0.00924895625933682,-0.0228500280280138,-0.0325865870730148,-0.0210487233163313,0.0127151003230387,0.0399272014213018,0.00369472688338817,0.0237362147574963,-0.0569032085832166,-0.0119722764424844,0.0417998657108344
238,-0.000614694607605525,0.00886807269736234,0.0152183953650593,0.0198876519872605,0.0137055855126345,-0.00737307427878701,-0.0389632153021167,-0.0560786554831832,-0.0530654333338656,-0.0451917870666432,0.0159771544642375,-0.0494741584088897,-0.0839770858374138,-0.0371400761631796,-0.0676230456824795
239,-0.0138040198686717,0.00278759471751431,0.0142023293477886,0.0235316844818621,0.0150545328104021,-0.0175754122949168,-0.0609715605154006,-0.0762343970152122,-0.0619190497888088,-0.0453555998442357,0.0106250013462217,-0.0567423471634785,-0.128857067984579,-0.0182321807703293,-0.070278428750028
240,0.00551780922114528,-0.014781333271295,-0.0301395356904369,-0.0479867952301587,-0.051658889653324,-0.0329580067441517,0.000817589108935552,0.0250777246009385,0.0383131553359256,0.0432264488161868,-0.0357808518941021,0.0398476539013294,0.0629344084055577,-0.00538257070881582,0.0940344369220177
241,0.0118481358233662,-0.010505736695454,-0.0254682624402435,-0.0412928601793116,-0.0452303070051253,-0.0344559695426256,-0.0176313092556497,-0.00921670460762561,-0.00988689626098098,-0.0129763347442785,-0.00800290337927813,-0.0113079981856099,0.0218830623648966,-0.0578786266316842,0.0250209460001876
242,0.0260810633024977,0.0106047002617809,-0.000936669000528169,-0.0165474859167195,-0.0292819297281792,-0.0364481568861352,-0.0448564073090396,-0.0651349383030112,-0.101741524903909,-0.12867056558886,0.00178849768075771,-0.11408514826845,-0.0338218105680955,-0.157585592715781,-0.116953573931095
243,0.0247006703920672,0.00547673434453213,-0.00894766731123879,-0.0270933850606248,-0.0372831316642196,-0.0341607748420542,-0.0248481131972675,-0.0285696238340206,-0.0485302044485866,-0.0650928949258697,-0.015721226924467,-0.0519482134493079,0.00262775196974705,-0.10797525080955,-0.0402063445007931
244,-0.00913816696368978,-0.0103107337761665,-0.011589801566017,-0.0157590085156369,-0.0255446101280237,-0.0422836887106302,-0.0633791563329636,-0.072616799866631,-0.0644636257594916,-0.0537912149000173,-0.0118724767646538,-0.0576066151699189,-0.0661355147093362,-0.0622657905290938,-0.0395333132703985
245,0.0162182105762809,0.0120795338822844,0.00874685281762471,0.00307386774853353,-0.00443978955043146,-0.0136094934714118,-0.0242833497329373,-0.031135594095864,-0.0335740913756941,-0.0336678659286754,0.00734068612153681,-0.0337022549625909,-0.0378812604747279,-0.0601855128612999,-0.0381947206082102
246,0.00956180455759828,-0.00188871995778103,-0.0098198197962081,-0.0186484923652667,-0.0216818906890607,-0.0177543995306173,-0.0215938750161678,-0.0528414978768926,-0.112885008726947,-0.157220161773246,-0.00613216709507289,-0.126134617538066,0.00134553007319063,-0.134056821389594,-0.147520890804268
247,0.0159692708093174,0.0185157268117903,0.0179882889067563,0.0100294418238883,-0.0121144016596763,-0.048824457247644,-0.0837900716250503,-0.0810151791738234,-0.0390013787024811,-0.00233242566467677,0.01865530834524,-0.0253509447159304,-0.149320313076264,-0.0560397330888359,-0.0103261983479326
248,0.00500221341558855,0.00138940314455349,-0.00147211699320399,-0.00723277931937643,-0.0180392031784509,-0.0355187874052554,-0.0569025598294611,-0.0650977008169924,-0.0585387988831986,-0.0502400466345615,-0.00398286568156513,-0.0557110910307659,-0.0759154580877256,-0.0722045743555216,-0.0452573374053172
249,-0.0407154779999537,-0.0337563887607487,-0.0283590490119935,-0.0207759451419615,-0.0157483459408003,-0.0164069482229037,-0.0240226987231726,-0.0348378972240423,-0.0477354979427031,-0.0561866103435779,-0.0225353845152354,-0.0524889282290554,0.0061517238724052,-0.00381280368141518,-0.0368601204606997
250,-0.00554211492971621,-0.0093704414280126,-0.0123292749327563,-0.0155603916558147,-0.0136819202182098,-0.00293965792957326,0.0122164346831423,0.00387730867226021,-0.0407256721363701,-0.0792185766123508,-0.0143450092768418,-0.0638996055383516,0.0672104453215439,-0.0641275234223881,-0.0628198808659126
251,0.000730130190642431,-0.00798165328495179,-0.0147119825465426,-0.0229140089160083,-0.0238233452863726,-0.0121961388616114,0.00443305353926472,0.00306956003902045,-0.0191160025183177,-0.0386932105723531,-0.0187140427237891,-0.0256859632687444,0.0445714888897255,-0.0396356875295447,-0.016415653240801
252,0.00662825567764494,0.009690034734316,0.0118968125293056,0.0120370544224062,0.00237194869445835,-0.0213225897962995,-0.0487532890221999,-0.0476428938365349,-0.0133540354487049,0.0168049974955811,0.0126464803606283,-0.0056938151844922,-0.097427226999252,-0.0171446912587188,0.00496050925749717
253,0.0178216190119024,0.00474608074558778,-0.00531202717077452,-0.0192208015743209,-0.0302864258163585,-0.0352173574979983,-0.0388832105801491,-0.0532069199889912,-0.0838637007123561,-0.10740630263872,-0.01000472557607,-0.0938958448395934,-0.0213621354556372,-0.128906597031464,-0.0915901510770731
254,-0.0141592428144778,-0.0425951520979956,-0.0605213227025189,-0.0761368139392444,-0.0711823680585187,-0.0422377774586593,-0.00786699231569233,-0.00060085050688457,-0.0186996603271649,-0.0361723680173439,-0.0432923354493287,-0.020844955404472,0.0972230476793901,-0.053025378119003,0.035640544414758
255,0.0031160284505957,-0.000205968507906122,-0.00278518915834172,-0.00700481262336752,-0.0129318591737746,-0.0209832369870349,-0.0302859476248102,-0.0330865159480885,-0.0285936119901899,-0.0238344685094162,-0.00558817091106494,-0.0272128538127936,-0.0378925850470474,-0.0343666660934095,-0.0182497498672797
256,-0.00788219032145929,-0.0140035679158411,-0.0186675214580975,-0.0241324736498094,-0.0251168524025751,-0.0187603942963499,-0.00870367329508326,-0.00782378160815742,-0.0170463261783009,-0.0253746966009893,-0.0213183942852699,-0.0180613312921037,0.0223339896791588,-0.0199642087899659,-0.00121403841330683
257,0.00919929825754225,0.00580116492286123,0.00311079500808078,-0.00239856300400175,-0.0130469894306106,-0.0301672115414912,-0.0451289691433508,-0.0354806374359305,0.00195411363883084,0.0329752510060552,0.00180690479715198,0.0171797023482822,-0.0709123407319515,-0.0200916950963718,0.0372760439726027
258,0.039813406295183,0.0122305653940145,-0.00791383493513203,-0.0316487239050319,-0.0414148959433661,-0.02941555741961,-0.00334415555796271,0.00725837792498824,-0.00383884899455167,-0.0165346164487566,-0.00834496513427861,-0.00840383619024076,0.040489604115654,-0.0967075297381241,0.0154859494626645
259,-0.0317591811774282,-0.0233148259118412,-0.0168785945599033,-0.00972728030949134,-0.010301012950692,-0.0234410824256702,-0.0450947259026532,-0.0550245755864979,-0.0526933010761056,-0.048060071712971,-0.0124085979674193,-0.052262070294192,-0.0529923288413903,-0.00327078870000658,-0.0395435704523466
260,0.0120009998038683,0.0041257705640979,-0.00159997249982089,-0.00906657760639935,-0.0146897503005993,-0.0173033926600839,-0.0212738917816886,-0.0326989921412825,-0.0531619017553506,-0.0682588207569362,0.00274886986867713,-0.0586725325776164,-0.0145753447253362,-0.0793590551451167,-0.0621408811853163
261,0.0363130103260526,0.01738721675359,0.0030767578878331,-0.0146114589413471,-0.0228112289537545,-0.0156634689165657,-0.00157039986124972,-0.00061976702768891,-0.0175320784521754,-0.03331907390733,0.000653460886936311,-0.0253499753948799,0.0223588686257504,-0.0917849733517646,-0.0204381765169206
262,0.0131963827144112,0.0221172244269025,0.0259415017657091,0.0226486639118905,0.00165998080259044,-0.0345653575594256,-0.0619069979664672,-0.0527835368620461,-0.0163988920058123,0.0117005269158977,0.0214634111822378,-0.0209589575449689,-0.123921124023444,-0.0289760782196709,-0.00190052394251536
263,0.0336943559564336,0.021811662678683,0.0126616174558155,-0.000113451860165301,-0.0106524453275478,-0.0161012996646223,-0.0182939388345818,-0.0208758299022625,-0.0256746680975087,-0.0292660502217665,0.00932642165943994,-0.0273527918927479,-0.026315219475733,-0.0845256877403376,-0.0305466869625567
264,0.0243760587558896,0.0112842692517841,0.00149795024721307,-0.0112814434253618,-0.0202326259901011,-0.0224965759515658,-0.0202978529851074,-0.0179567500094275,-0.0164908823942218,-0.015839054749939,0.00443671212352388,-0.0162431362932459,-0.0231272541505136,-0.0616154898794328,-0.00551291075400445
265,0.0485759849073295,0.0258778327545824,0.00832013295632974,-0.0164075274039797,-0.0364643524086942,-0.0458683561920736,-0.0476633138332995,-0.0469428626689533,-0.0458297217126451,-0.0450422218126383,-0.00054804375498517,-0.0454716142557525,-0.0521089417634002,-0.139676393628795,-0.0300668940153506
266,0.011790121687611,0.00159475141724459,-0.00605157007536346,-0.0162153671676319,-0.0238370920894581,-0.0269213161595307,-0.0322219754518459,-0.0510447991259312,-0.0861870427100176,-0.112166040520009,-0.00501227113592596,-0.09436129953519,-0.0193937554804891,-0.113577875969403,-0.100857877105923
267,0.045247014132754,0.0205400043564026,0.00288626146380266,-0.0185791686018928,-0.0307906094772505,-0.0287915934555164,-0.018735355445592,-0.0161987403701801,-0.0253144846522695,-0.0343658810941907,0.0113640807567171,-0.0296775282861809,-0.00414203766073334,-0.115145822399731,-0.0182502176078409
268,0.000113881277475688,-0.00932846808996152,-0.0161229501787475,-0.0244198033369812,-0.0291317175758374,-0.0284215369260358,-0.0232292011339469,-0.0159787162258258,-0.00697862912553016,-0.00100807239002053,-0.0118599303997853,-0.0050558553272186,-0.0100526816708507,-0.0202650677521325,0.0229502553408709
269,0.0325566520081878,0.022551709104952,0.0147912724856736,0.00329397206190604,-0.00753245715751126,-0.0151806367933993,-0.0214332454405947,-0.0323793413093604,-0.0513441243317901,-0.0650144031280629,0.00495095431083243,-0.0539198704626168,-0.0355750947917297,-0.0952671267877603,-0.0701073829873288
270,0.0710096267960936,0.0473010542000711,0.0294045363594781,0.00456411350955468,-0.0170483367859019,-0.0310803947367434,-0.0385492743780531,-0.0390037611641034,-0.0346464855172658,-0.0307154499584456,0.0322557169419463,-0.0342908486698887,-0.0714722721264222,-0.152826555865941,-0.0370884937753708
271,-0.000117411443838065,-0.006908415925114,-0.0121838956272815,-0.0201635679306393,-0.0286717675793447,-0.0367849317908721,-0.0461631543750058,-0.056940170607327,-0.0704033780993976,-0.0793349529268969,-0.0109720295474781,-0.0723634161227244,-0.0365448294140205,-0.0834924595649542,-0.061733750076186
272,0.00289787899967608,-0.0103669195540968,-0.0189318173405598,-0.0254866812680532,-0.0190960125964253,0.00328326672256876,0.02606586869454,0.0171613009057859,-0.0271023949735848,-0.064536211308387,-0.0154795065403318,-0.0450953092941238,0.0812408238915995,-0.0479576482327054,-0.0437858558284524
273,0.01452463393892,-0.00333561661462799,-0.0163562561361024,-0.0312451409909826,-0.0358352209257252,-0.0249123126262041,-0.00637382834556021,-0.00309965985478964,-0.020418302925908,-0.0370362942907974,-0.015084508022473,-0.0283786397411862,0.0398599157007064,-0.0685094674729313,-0.00674392513456713
274,0.0286468547055304,0.0295091908131046,0.0299376601816171,0.0272714399829591,0.014927878551901,-0.0107378390117802,-0.0416773997049391,-0.0475079234849603,-0.0261643386756523,-0.00585231817163858,0.0296751773394523,-0.0209592047464913,-0.106795939735894,-0.0555970944503721,-0.0343277535536391
275,0.0160843053852114,0.0121578599017604,0.00857135094469986,0.000978564499954395,-0.0117776730813351,-0.030150976612378,-0.0494311846297732,-0.0449520352290517,-0.0106015655191629,0.01877346594628,0.00878193652783439,-0.00163729741862239,-0.0821596442623782,-0.0388677372937201,0.0176285043818415
276,0.0534463638467483,0.0312633580658375,0.0141676251151042,-0.00967365840447811,-0.0290858043909005,-0.0383982323391252,-0.0389622202566453,-0.0368243864730578,-0.0348922445996776,-0.0338006179109205,0.00426178870126722,-0.0344520194089438,-0.044727886733696,-0.136812682975503,-0.0247587907901266
277,0.0632861450591667,0.046597540990241,0.0336600238701604,0.0147045015067471,-0.00315329654703266,-0.0162665316746953,-0.0262396657175693,-0.0362360126818572,-0.0498266631244736,-0.0592211557159636,0.0213767264652706,-0.054930244128737,-0.0553479896434979,-0.15729049907542,-0.0767335638730952
278,0.0120248253946947,-0.00279784354547688,-0.0124518073568656,-0.0217394745432801,-0.0215081850106277,-0.00994085438767902,0.00300933867686412,0.000546753101737955,-0.0189122623039328,-0.0357749924430174,-0.00269033351683379,-0.0254647093376548,0.032923542113385,-0.0528207686185799,-0.0182157207985648
279,-0.00714751755505698,0.0080733806919254,0.0185150713727179,0.0283644543372451,0.0258593060482625,0.00633854094034579,-0.025277497278291,-0.0489388155872538,-0.0631441464319132,-0.06913424001737,0.0169674176843042,-0.0653124975683674,-0.0739954589664915,-0.0266430979987342,-0.100563328254299
280,0.00962104843460919,-0.00656973687922667,-0.0172559059536601,-0.0276207459118221,-0.0272895335431179,-0.012924597009684,0.00603319143271773,0.00483467948877765,-0.02213234413593,-0.046114296755658,-0.0120002721886513,-0.0338521314643374,0.0535920812666712,-0.0590059007643525,-0.0209561232362519
281,0.0206117245740676,0.0197875284974869,0.0185925745586098,0.0138995403482132,0.00225656299751894,-0.0167166328016032,-0.0344069666908737,-0.033547154093114,-0.0122090577251523,0.00718454061627176,0.0186042043854652,0.000570057512520435,-0.0752007299054191,-0.0398805278171855,-0.00525746663432526
282,0.0381870735965543,0.0192632128162693,0.00508376647127617,-0.0128310362682663,-0.0232501619236757,-0.0217262472290354,-0.0172362658791078,-0.0245967218419288,-0.0447869593257859,-0.060396867299936,0.00330772942033588,-0.0469489743959494,-0.00818703691711333,-0.114350178636243,-0.0513292466215231
283,-0.0864888576277709,-0.0642422050209559,-0.0470865050699955,-0.0240621890447642,-0.00919834759198761,-0.0102121682446633,-0.022105624643057,-0.0223081922080944,-0.00599360789650011,0.00800099821156493,-0.0351529267323872,-0.00453285546620155,0.00343732905752845,0.123575222665122,0.0331321878898859
284,-0.039787521093899,-0.0247731166349433,-0.0136573498379298,-0.00102644725074759,0.00187818448202746,-0.00958079225141525,-0.0258388260244415,-0.0260829661371055,-0.00813190382587523,0.00796571087641954,-0.012787929977733,-0.00146142153930848,-0.0377445954420477,0.0582146164557464,0.0106249521789343
285,0.0281081980716395,-0.00938635922353191,-0.0350636498908035,-0.0617112744612429,-0.0649594350643787,-0.037287763492511,0.000200367094339092,0.00497314302811551,-0.0248677197415667,-0.0517423458002966,-0.0211723382308447,-0.0303551601966197,0.0887493011153281,-0.113410242282562,0.00489124821489464
286,0.0130954836503194,0.00995153069084733,0.00677422653841006,-0.00100793572419253,-0.0157072674120283,-0.0379158416714834,-0.0608270241253623,-0.062915938832257,-0.0432127207662858,-0.0251071262792971,0.00810706643060497,-0.0372026703294318,-0.0947795235339446,-0.0649858646466587,-0.0247996600797772
287,0.00105796599286675,0.00246136654773029,0.00309491650119535,0.00266906448570103,-0.000489673257801391,-0.00690322053740165,-0.0158064521343234,-0.0222046892771886,-0.0257041031754555,-0.0269757453086071,0.00280832844075134,-0.0261711902607919,-0.0270315118304711,-0.0237465777215564,-0.031350475613569
288,0.0404186155974352,0.0279250039817061,0.0180572452200482,0.00244116154839925,-0.0157138033803813,-0.0346545143624417,-0.0521841653533325,-0.0596744031082766,-0.0576387165509474,-0.0535106768510694,0.0230728166446788,-0.0554457529897979,-0.0841546281610991,-0.124489077580063,-0.05831161239962
289,0.00465656670169647,-0.00658943183321796,-0.0142966699542101,-0.0218614205972035,-0.0211677242430951,-0.00911121558315705,0.00672596215022054,0.0045718947130975,-0.0189107774459524,-0.038367246867188,-0.0122392576183665,-0.0207348002884259,0.043518693630937,-0.0398273682463826,-0.0183094966956513
290,0.032613929182165,0.0162460107572396,0.00355429987383215,-0.0150151667345334,-0.0321979989705107,-0.0440805898173786,-0.0483796000206618,-0.0401967115576139,-0.0204656030376008,-0.0051997993350786,-0.00638927445066085,-0.0162706003896128,-0.0572412051015743,-0.0895261660289446,0.0106995035990332
291,0.015934181789575,0.00154195166181591,-0.00972125913987188,-0.027003206417411,-0.0459045200396549,-0.0636020914768982,-0.0760789688130976,-0.0758311388982287,-0.0654188297167998,-0.0563989978631895,-0.000436522852496853,-0.0641901347061428,-0.0924586827889943,-0.104480842284449,-0.0302671311853367
292,0.0152308960527927,-0.00534841127243613,-0.0203665304540326,-0.037646374965442,-0.0433145198775465,-0.0315974889286012,-0.0109736116377844,-0.00313360562892318,-0.00947080794406821,-0.017166134981551,-0.0195737536704895,-0.011049104564108,0.0342698903150288,-0.0606985471759146,0.0197368711895208
293,-0.00697818439380172,-0.00839644714337187,-0.0104266881447097,-0.0160162635681274,-0.0266691071488899,-0.040909062280503,-0.0496065228078318,-0.0395704186623337,-0.0106178721384839,0.0125709484408138,-0.00799883615187972,-0.000521270212235513,-0.0624635434794556,-0.00875001410641187,0.0305902569048743
294,0.0313155570895056,0.0118110206767875,-0.00318497877073453,-0.0222677123782783,-0.0308194501921609,-0.0204047430880932,0.00341085242812689,-0.00431621108259528,-0.055449248976558,-0.0984206031249375,-0.0169765395573146,-0.0672300537504117,0.0477401087389446,-0.123543691482498,-0.0761489939181633
295,0.0615343323161113,0.039638369203616,0.0228831833047971,-0.00146795486627703,-0.0253188791289262,-0.0449459048921311,-0.0560637958385501,-0.0471799706549487,-0.0190747883728546,0.00358555059460201,0.02456970038265,-0.0114981473951837,-0.0940691832931313,-0.124954703609741,0.00474033839022058
296,0.00248094334867081,0.00221904402369408,0.000911088334897274,-0.00519176924617367,-0.0203602810254218,-0.0455326735051703,-0.0746783189282003,-0.0892858537518486,-0.0889661864462036,-0.0843928030629817,0.00176504264966515,-0.0869613027789802,-0.103086914809682,-0.0946838279642583,-0.0818075356601044
297,0.0160245129801097,0.00689922303409251,-0.000182609875134946,-0.0112572916233385,-0.0246847388895607,-0.0401513797771777,-0.0569938777286498,-0.0659503800217281,-0.0669195124681143,-0.0654036177184017,-0.00670469692434334,-0.0666576428329202,-0.0683960213015988,-0.104351660992655,-0.0567058460214874
298,-0.0170363930836539,-0.0188275902092127,-0.0201636825717482,-0.021813474121143,-0.022662917978875,-0.0222684810143518,-0.0228642393117691,-0.0286516886673741,-0.0403421671584231,-0.0491246562375361,-0.0203063852284922,-0.0438247005629467,0.00144791491678447,-0.0266252184273607,-0.028493049644739
299,0.00388223293301008,0.00787343652939329,0.0107219316749059,0.0122735699382669,0.00639348490447192,-0.00981623351703996,-0.0319764189305216,-0.0454139111227643,-0.0503179261667237,-0.0510690284714849,0.0113476782381627,-0.0505886590654516,-0.0647575990072659,-0.0457540374080469,-0.0650946367922546
300,0.0141303881510574,0.0159207312594038,0.016758641412799,0.0142838137594514,0.00246501938487634,-0.0208756496291111,-0.0431495794916628,-0.0357552217910005,0.00154708601168787,0.0326264347249273,0.0167281625395797,0.00717316203324563,-0.0909256004095115,-0.0161284480600092,0.0207307590233054
301,0.0179569607467321,0.0187553236936833,0.0193284589482382,0.0180520824495742,0.00878248658403187,-0.0128489895695543,-0.0453800131091043,-0.061790778006245,-0.056832253296352,-0.0482128523016376,0.0191387452542896,-0.055506651576097,-0.0908085980780697,-0.0819195877661757,-0.0711963732046987
302,-0.0249620784129253,-0.0268307685789329,-0.027928098489453,-0.0283470838493339,-0.0262402709782423,-0.0209599143358277,-0.0130960109294145,-0.00648022977779938,-0.00171263354535557,0.000577526632535016,-0.027464250095263,0.000111882884979392,0.0232355860247821,0.0194001314907441,0.0294017266514207
303,0.0143591738391388,0.000578348968825195,-0.00960108029276564,-0.0216570013398711,-0.0264290849958945,-0.0200258340464557,-0.0135939568973298,-0.0322532145025978,-0.0804692307466104,-0.118061885959293,-0.0124652511978888,-0.0963404219777692,0.0199488871277883,-0.116660433407319,-0.101292056523136
304,0.0078518209515605,-0.00865568224342614,-0.0205947851251086,-0.0340922891142985,-0.0380074510631539,-0.0277527185866245,-0.0134180962974473,-0.0205066776797671,-0.0535444156154881,-0.0807557780456078,-0.0199204060051045,-0.0606462640057552,0.0342006724149899,-0.0890081260782363,-0.0496838706887813
305,0.0199156706349426,0.00942620628458074,0.00133035819764627,-0.0106011486084031,-0.0225691491767872,-0.032795416518626,-0.0408332982015223,-0.0437950142431651,-0.0429210328337753,-0.0413381301254197,0.000326144893727277,-0.0425258463924857,-0.0488966925875053,-0.082370195640483,-0.0320270505257862
306,0.0256130027398809,0.0196111361165013,0.0140984921182025,0.00332782581348207,-0.0127971059700187,-0.0334631077454131,-0.0550979075303823,-0.0664012486381081,-0.0688803989283868,-0.0678525133930949,0.0191449076867252,-0.0686784905963901,-0.0869809593993585,-0.108307870054965,-0.0731272555064105
307,0.0329789387897718,0.0274648282001699,0.0231504955263434,0.0158685116099363,0.00570903926776279,-0.00757707248618778,-0.0216183834595695,-0.02476217922791,-0.0159871352334969,-0.00721765563920944,0.0203865453350197,-0.013877918492836,-0.0577641361509268,-0.0614825453998983,-0.0242594426346284
308,0.0260380476768774,0.0232532845704025,0.0201731257289541,0.0119180852954863,-0.00454724829114292,-0.0297208952384529,-0.0547625372266549,-0.0574075783931311,-0.0395935966249641,-0.0237909766746132,0.0212108736528014,-0.0379928237352468,-0.112615103891706,-0.0690510152606348,-0.0345571252918172
309,0.026317273614188,0.00349932645928176,-0.0139542989265047,-0.0360895551168055,-0.0469685261280421,-0.038392320848203,-0.0173383671159314,-0.00695104953872247,-0.00952003535525995,-0.0141998108645282,-0.0207918908810267,-0.0099686942014947,0.0214584670171482,-0.0796619769357552,0.0227419703897911
310,-0.00305763427543397,-0.00871084423344834,-0.0126418059208945,-0.0168282753423213,-0.0175715815643846,-0.0133179575058152,-0.00545765690604796,-0.00265200902678563,-0.00722693386572335,-0.0121265897225773,-0.0134019844963084,-0.0092269809351228,0.0201424562789155,-0.01608263697042,0.00516840854052507
311,-0.00818021413350587,-0.00511284600156119,-0.00291030481792462,-0.000730920469545156,-0.00119703384548946,-0.00544760512005195,-0.00984905042754323,-0.0047514767711596,0.0123257866237458,0.026543044137839,-0.00222735848985833,0.0216604666048698,-0.0137665860770164,0.0239088578341225,0.028730272294844
312,0.0134926761709707,0.000109166391860196,-0.00986355685170972,-0.0231299486449384,-0.0332991099991208,-0.0380264911917044,-0.0404294464243537,-0.0438114380117291,-0.049161512006808,-0.0529914686623973,-0.00496326185200942,-0.0507432678260666,-0.0271381801786093,-0.0877349541252961,-0.0316623715900215
313,-0.00821266073659721,-0.0201223262174026,-0.0290755855565473,-0.0397856710242239,-0.043686616658536,-0.0367310477992692,-0.0230396462498923,-0.0147062905606267,-0.0116286416466094,-0.0110185830296523,-0.0318372654903365,-0.011535742248609,0.019119421724661,-0.0245376541906176,0.0296136714909314
314,0.0363431027305109,0.0212355654303307,0.0096556858120782,-0.00574052929613714,-0.0160258149165729,-0.0168217434941982,-0.0160154350559803,-0.0317668843496383,-0.0673903338389614,-0.0945703168077694,0.00347133971871717,-0.0730374219114655,-0.0109963138146554,-0.130150334098731,-0.0927708367784118
315,0.0193180397332513,0.0132965607812962,0.00863068579099424,0.00160977422196285,-0.00580382363233737,-0.0128077530471958,-0.0205274351883547,-0.0283922489728924,-0.0373016677470372,-0.0430348119209364,0.0127613880598596,-0.0400822932020962,-0.0422804342346632,-0.0605871489263423,-0.0486551772296423
316,0.0218586914925219,0.0185070784687946,0.0159032220187941,0.0116829519786434,0.00603620847267219,-0.00123641362606795,-0.0110188654959806,-0.0207122304811867,-0.0306115055962642,-0.0366939085544091,0.0138541464137755,-0.032988536008205,-0.0264532216876393,-0.0685952705599856,-0.050900752024562
317,-0.0269061264079138,-0.0199563845179692,-0.0150671330112197,-0.0113103369437837,-0.0163468696978643,-0.0328621860188546,-0.0472979951211591,-0.0348895001950747,0.00291668780583392,0.0328472718010982,-0.0142363540238678,0.00725905384674881,-0.063465730759622,0.0407821394072241,0.0488492382739498
318,0.0496210282351965,0.0277640653789699,0.0113779763872513,-0.00833585424956001,-0.0162056629906849,-0.00536813277034021,0.0150598959528469,0.0215435485035201,0.011198515441646,0.000115786763971351,0.00429347763993792,0.00716559849193392,0.0324711316763231,-0.0796687822420988,0.00766877241263723
319,0.0203278648419914,0.0137642487842667,0.00881151170613273,0.00213032037660459,-0.00309654458421099,-0.00560852681387883,-0.0115327991994748,-0.0320984595246689,-0.0728996608454354,-0.103926516198001,0.00849129844146843,-0.0915818987974413,-0.0103194753104819,-0.104166548658252,-0.110534465177117
320,0.0211649688254251,0.00734865116527817,-0.00273363367927137,-0.015838936017412,-0.0254870785901131,-0.029253520870299,-0.031238301791945,-0.0381294268406068,-0.0514047178643554,-0.0611538252132704,0.00183908651261903,-0.0526692032723476,-0.0278796071540807,-0.0945772208608033,-0.048433011765614
321,-0.00734488753985927,-0.00128160468600345,0.00221955782604227,0.00379783822851569,-0.00182453521039187,-0.0164580502242308,-0.0345401058687028,-0.0334941750553818,-0.00814251447376269,0.0143834387019105,0.000771622626068853,-0.0011239293268904,-0.0624748816685282,0.00892729534594417,0.010065432300848
322,0.050517053240919,0.0315661048250815,0.0168683254928184,-0.00522150637621187,-0.0283741079381377,-0.04963923149248,-0.0658016016891661,-0.0644163087026524,-0.0456526643320449,-0.0295792850390443,0.00515484877703623,-0.0416665475321365,-0.0980551704232186,-0.136003357923859,-0.0254291434456811
323,0.0335009880753942,0.0203655660764002,0.0105360450247701,-0.00184186657577987,-0.0089481575199877,-0.00709174180287124,-0.00354848060936252,-0.0222882066122382,-0.068326337698283,-0.102789898422481,0.00605954379420923,-0.0699470410049313,0.00502858743592932,-0.124689794788192,-0.104418179657531
324,0.049659946021663,0.0319159418949123,0.0182514530529494,-0.00127776592512748,-0.0190431528723911,-0.0314496584398046,-0.0394303262448592,-0.0428074293505194,-0.0433189689198184,-0.042842878128661,0.013570683432026,-0.0431856574819173,-0.058810397440548,-0.12981625726877,-0.0434551113859533
325,0.0112110874783238,0.0143756665682547,0.0168173550746272,0.0186742928318394,0.0125512054012519,-0.00686083475800474,-0.0338282352288469,-0.0386273244224383,-0.0179305847906984,0.00211104501246896,0.0185944881760178,-0.0109244024163596,-0.0803589391231064,-0.0253953194467667,-0.0179706719238214
326,0.0750649153732247,0.0484906423306371,0.027878271795044,-0.00206307515600376,-0.0270674513159834,-0.0383846697757343,-0.0356075461947102,-0.0238770195629762,-0.00595235102115371,0.00669614112018959,0.00544697142618387,-0.00214705836738318,-0.0577857493244189,-0.142017423248549,0.0102495128479917
327,-0.0243893309559354,-0.0201970598783243,-0.0170613370490609,-0.0149911491805585,-0.021320173805569,-0.0396302327856265,-0.0610583695757953,-0.0635388808968604,-0.0448791226592438,-0.0280421224426828,-0.0158794390487796,-0.041784151178295,-0.0737421628492695,-0.0117772128017713,-0.0125089355795308
328,-0.00809371749745438,-0.0180238138937875,-0.0247201242901274,-0.0316225759782516,-0.0325684014930876,-0.025219685883411,-0.0150702244935434,-0.0230177117062657,-0.0541973085971183,-0.0796486580939644,-0.0191423143508121,-0.0628299171906259,0.0300391869833786,-0.0623310840423978,-0.0504530386097487
329,0.0125091102134492,0.00938008688735499,0.00680457925702361,0.00173695934247114,-0.00665687120523442,-0.0188516171357699,-0.0324903702145039,-0.0367214628294515,-0.0304663013000082,-0.0237500582449645,0.00637567521141818,-0.0285511869297681,-0.0519662641796447,-0.0510319611592316,-0.0265759289241308
330,0.0162696510519379,-0.00603327226425992,-0.0221235673811447,-0.0407352988367844,-0.0477905681104871,-0.0372735606393392,-0.0175252226060303,-0.016861605141647,-0.0433046264627915,-0.0676488242096716,-0.021126801033231,-0.0582247620401502,0.0430217111105452,-0.103144884449778,-0.028552277942326
331,-0.0117415030210114,-0.00833433041222407,-0.00591181697373423,-0.00386500752572845,-0.0057115216926688,-0.012861855199309,-0.0204015805579533,-0.0168156866480499,0.000346344572689629,0.0148745810255392,-0.00564422700683691,0.00748549859259248,-0.0273167984524916,0.0167935606373276,0.0198385365212273
332,0.026755133904651,0.00501280996538412,-0.0112752635333518,-0.0320540313309882,-0.0448527699887535,-0.0441170214719104,-0.0353358271615369,-0.0328853548469329,-0.0400529966202849,-0.047287036545406,-0.0122031008312619,-0.0439729997765872,-0.00701232723821271,-0.108021077062332,-0.0169503741420438
333,-0.0109580454262859,0.00695990128426576,0.0183949899442263,0.0264506792943249,0.0156562273539509,-0.0190669781815753,-0.0606496451487381,-0.0649759002181392,-0.027273775207204,0.00830557553547714,0.0157241193526113,-0.0125300590898868,-0.136098206203577,0.0129646692044385,-0.0167549462863848
334,-0.0203872350471155,-0.0196226644973383,-0.0196778331806878,-0.0215574567902321,-0.0269389771661352,-0.0358601704552437,-0.0434223824083568,-0.0390412258448958,-0.0198881588229172,-0.00392877016441722,-0.0196376121275439,-0.011939998357726,-0.0324357634679708,-0.00192211979248033,0.0191326235190919
335,0.0226199335438945,0.0219344915870937,0.0207554275932341,0.0130212875153919,-0.0108662599148272,-0.0549658160198755,-0.103106382981634,-0.111423648502113,-0.0788433761831714,-0.0477143302182092,0.0205016124754187,-0.0697776491003407,-0.179985550161162,-0.108109186064693,-0.0616573406223767
336,0.0270401889104514,0.0216253515716666,0.0172787892321025,0.00993371481024174,0.000306158309063546,-0.0112135182838592,-0.0222504123587431,-0.0237755551104445,-0.0138702584531596,-0.00418018380326687,0.017708134821109,-0.00813679750548212,-0.0475427127902159,-0.0541334377362306,-0.0144268749226679
337,-0.00134636694037086,-0.0130299417284915,-0.0211803695931804,-0.03128354034316,-0.0381567500727527,-0.0398630918159768,-0.0342606566372092,-0.0197077169683097,0.00377893210386452,0.0206988856842955,-0.00690300187508718,0.011872245497109,-0.0115114223626955,-0.0218560503276838,0.0538987415131767
338,-0.00651091757521729,0.00453496832580587,0.0131028230633617,0.0238019753831754,0.0180167507972227,-0.0202436862433109,-0.0746168160801687,-0.0739860437648279,-0.0125072610330896,0.0423314024724623,0.0227549709837918,0.00998823021910267,-0.157785068504694,0.0189874600729007,0.0169022714679932
339,0.0913049844533698,0.0540426578777063,0.0252268824287359,-0.0152969278948078,-0.0480917475746319,-0.0630784336602403,-0.062492335827153,-0.052366173183019,-0.0359692266386733,-0.0243786356100315,0.00667752907165249,-0.0350853498856708,-0.0803487282793296,-0.207152195931964,-0.00918741209401117
340,0.0169281652527988,-0.00640099932068388,-0.0238511286070108,-0.0437924891923795,-0.0478898134157961,-0.0278282860870402,0.0000832529441618514,-0.0017526526391146,-0.032899732109854,-0.0592883922514301,-0.0273453010114062,-0.0334696919116568,0.062753936179956,-0.087543197371134,-0.0185723623029113
341,-0.00250642701899866,-0.00381626571329765,-0.00547880619625002,-0.0102951251719231,-0.0201956677142573,-0.0354054651735304,-0.0499244752642116,-0.0492067541962043,-0.0334537004461823,-0.0199112691905189,-0.00466107929734854,-0.0303835670183289,-0.0688633052002385,-0.0332609813166947,-0.00899053704326165
342,0.0129353228775234,0.0150263530786697,0.0163570789187964,0.0144990999127916,0.00151478936136017,-0.0273636277645484,-0.0662870293205849,-0.0721110453694881,-0.0416658707958083,-0.0151489328016322,0.0163937090408513,-0.0447860331808431,-0.126188843045222,-0.0547814923163207,-0.0310545743338086
343,0.0270775630361904,0.0283056323520462,0.0287476882324704,0.0252853192523647,0.0110446440611438,-0.0166631077330053,-0.0478135287363852,-0.0574234748850228,-0.0480023365381104,-0.0374760864819036,0.0286072827715357,-0.0473315104900791,-0.115978645919038,-0.0707170095508179,-0.0627695083725537
344,0.0112805364390846,0.021725561834141,0.0291400602372446,0.0334468134296074,0.019576121673524,-0.0201854279462541,-0.0720218092422016,-0.0813730298812058,-0.0365394835354108,0.00710574750783954,0.0305630478239563,-0.0120525057332687,-0.165536964921894,-0.0307020008249884,-0.027990407656377
345,0.0101839196347018,0.0078065459438461,0.00392706232838888,-0.00734014055344169,-0.0293066763981217,-0.0576812525352696,-0.0789249563284812,-0.0759986815536704,-0.0536281132531896,-0.0350962284791091,0.00884263601563768,-0.0517613477033085,-0.139268382768216,-0.0646425163745459,-0.0235963045865791
346,0.0022692499042979,-0.00164397586336791,-0.00467196218686855,-0.00898101001574589,-0.012650105445834,-0.0146499487369497,-0.0141441901262996,-0.0100180049202215,-0.00256748373333769,0.00283761672237721,-0.00681217226945066,-0.00106459897767928,-0.0133779868430754,-0.00890480686239072,0.0129947349339265
347,0.0170644510603416,0.00813125870073445,0.00107303591255365,-0.0107358517980743,-0.0263125922950237,-0.0447790742063007,-0.0578493722753449,-0.0482267444439239,-0.0162422071242603,0.00956760469364453,-0.00016979719417959,-0.0101677297471356,-0.0805456236595054,-0.0534625450234668,0.0219056341462611
348,-0.00329012767516833,-0.0031125782594676,-0.00290380517193062,-0.00241106711719396,-0.00156913096369332,-0.000380438838561232,0.00150351409309648,0.00417247319935156,0.00781292308997081,0.010287636316658,-0.00314642179310074,0.00809141580432591,0.00122348474385729,0.012259195467038,0.0119985048333569
349,0.0273772971949489,0.0104008522792076,-0.00275111247447446,-0.0209888178820988,-0.033602855894805,-0.0341660847578482,-0.024961668478902,-0.0288216083709512,-0.0566044343887175,-0.0805876106872854,-0.0167780071298999,-0.0664569292484476,0.00917358836855636,-0.131522141333497,-0.058789760536284
350,0.0074273981351391,0.00558636321310299,0.00415834558553436,0.0016867829841341,-0.00313641155829725,-0.011877145649026,-0.0243072570319506,-0.028608303261508,-0.0219627239357375,-0.0149701102066936,0.00192205003482874,-0.0201727229595401,-0.0377827973677426,-0.0366059367713635,-0.0187992936624582
351,0.0761664477952144,0.048810455725873,0.0276942170512313,-0.000272069872801074,-0.0161507181588342,-0.0107174856385084,-0.000174304842314468,-0.0134015687676554,-0.051913857211548,-0.0819691463847155,0.0166686350704937,-0.0588701222729804,-0.000495671547817514,-0.175386426687439,-0.0866410686809331
352,0.00352171331819523,-0.00103484005490253,-0.00459422933682573,-0.0115961681718515,-0.0254491396912293,-0.0483491934324346,-0.0708283640149253,-0.0686253434130391,-0.0416110168393553,-0.0178150778467165,-0.00697982146346926,-0.0309584431311921,-0.0932643372192505,-0.0592133846076441,-0.00569589816561186
353,0.00421197959761903,-0.00760895140446035,-0.0161126707773852,-0.0261993916087823,-0.0309665838625421,-0.027585073272402,-0.0200965056744702,-0.0207548198839096,-0.0329541594391141,-0.0439162313635415,-0.0141407695410607,-0.0390165646878454,0.0128185088230237,-0.0603713153800581,-0.0189646668535739
354,-0.0011031321953135,-0.0119010310884401,-0.0200410272013498,-0.0303294884223413,-0.0361050386811259,-0.034062420699605,-0.0240951779167223,-0.0124014695161792,-0.000217474398595275,0.00733026333416831,-0.0248314645747958,0.00215640897369473,0.0100708562916773,-0.0269325570174432,0.0398216496569543
355,-0.000166664125630168,-0.00246892411409334,-0.00429910858585549,-0.00726005091678599,-0.0108465070121695,-0.0148188589389134,-0.0188200008003273,-0.0206221589261872,-0.0202425172560085,-0.0193472504255416,-0.00402768424870589,-0.0198474430957463,-0.0152455614232867,-0.026492806439261,-0.0125790261227286
356,0.0164135131706994,-0.00300564721940864,-0.0170172706343506,-0.0341732778084685,-0.0439676389415321,-0.0431512978059682,-0.0393262146970345,-0.0426388645054039,-0.0535251751904696,-0.0624110312805127,-0.00972782970929487,-0.0570251308156499,-0.0131428839624021,-0.101354831700218,-0.0318060486617306
357,0.031305252286432,0.0187114187226429,0.00891259086156419,-0.00618666324504605,-0.0230737935100104,-0.0400171975335659,-0.0503325524138724,-0.0377681232125654,-0.00287073919416652,0.0245372847074658,0.00538739246947328,0.000654232151246343,-0.0765461609611842,-0.0621933337982741,0.0325676972151874
358,0.0120682317865251,0.00584843329097375,0.000864941078110932,-0.00724533129373857,-0.0170980888536104,-0.0280266694917411,-0.0407246467035478,-0.0523209603371002,-0.0636978276999998,-0.0705517217058046,0.00269879194624737,-0.0673120751581194,-0.0483807120959523,-0.0868912908471334,-0.0665912831658433
359,0.0330881032001346,0.017342838995371,0.0052151047269528,-0.0116128554948719,-0.0250568236580477,-0.0310104658468825,-0.0292417789910833,-0.0212914207781331,-0.00850362333100751,0.000567844445704143,-0.00211461923554389,-0.00805138858716194,-0.0322886908104011,-0.0746201548464193,0.0128744411889084
360,-0.0438220208896119,-0.0327726860534219,-0.0246150578364078,-0.0155611986879857,-0.0142235381495763,-0.0243309609838688,-0.0391273711148886,-0.041696574602851,-0.0299372879273373,-0.0186398475602026,-0.0237636028717957,-0.0245146298018429,-0.0372465634433342,0.0359154072017719,-0.00288878712215813
361,-0.00478750884434059,-0.00275536339987865,-0.00133006023238363,-0.00107235173364089,-0.00612422234318362,-0.0188610712638277,-0.0400751289122526,-0.0615205664097708,-0.0828202116840381,-0.0957415556474359,-0.000947997540693658,-0.088440037340183,-0.0516879143249064,-0.073477041870915,-0.0988617556030165
362,0.0165974977020919,-0.00307203835260422,-0.0180822123718755,-0.0378208347051284,-0.0507086130148474,-0.05108286225287,-0.0409623475242351,-0.0287110159485693,-0.0165383161518938,-0.0091783253326862,-0.0227808427027485,-0.0126908663626399,-0.0100250341066095,-0.0741919849553521,0.0295413910239092
363,0.0167800832852616,0.00223040303886447,-0.00794078175288183,-0.0187261498737975,-0.0203207030666143,-0.0111373704031863,-0.00744922577048578,-0.0290939785255548,-0.0752885028250818,-0.110513396529765,-0.00298874805363457,-0.0878666148126484,0.0186702352308377,-0.108598759317016,-0.099598185517946
364,0.0113163467530857,-0.00849352901100538,-0.0234690101835895,-0.0434528465047403,-0.0582769595983729,-0.0636350414038473,-0.0614838048225189,-0.0548618940952791,-0.0450214149079,-0.0381794153588807,-0.0229862503793633,-0.0437333984573384,-0.0401809727093301,-0.0898740629603568,0.0049074764386027
365,0.00064313850681652,-0.00884560124926355,-0.0160543560353273,-0.0257367025169616,-0.0329804966521778,-0.0354187053319628,-0.0318061237822068,-0.0215389651643677,-0.00512802023003324,0.00641401738967223,-0.018945611661362,-0.00435564814287623,-0.0167674352210439,-0.0247273432878449,0.0339809934384989
366,0.0244782569035636,0.0179343528304232,0.0127000457540021,0.00317234196948766,-0.0113426842087638,-0.0313464102853948,-0.053437406854338,-0.0622162742179089,-0.0568854944316587,-0.0495201259923786,0.0114422804464553,-0.0534595840912973,-0.0858387456373824,-0.0958421768968086,-0.0548866199445811
367,0.028894505344432,0.0143560184423691,0.00339005062516165,-0.0117067048624205,-0.0244918513853599,-0.0323685248302467,-0.0395585499449034,-0.0510631039909202,-0.0686541996377695,-0.0809976087019645,0.00629440049924262,-0.070272770742848,-0.0395008872458451,-0.124864491755135,-0.072979050368997
368,0.00466604212595683,0.0115815350314354,0.01691034706378,0.0214057267084671,0.0112326345492772,-0.0234650325177027,-0.0757794898451778,-0.0876497443583352,-0.0440525097067785,-0.00110852465004124,0.0207027775999177,-0.0276158176434873,-0.153200161170896,-0.0369565091825485,-0.0266763232807201
369,0.0629987521563468,0.0381362781156734,0.0188904078516549,-0.00844485264816795,-0.0312724389892491,-0.0428095162514082,-0.0416518453094087,-0.0291785956561807,-0.00741677636255274,0.00837480831587825,0.00233124990292981,-0.00196225989543963,-0.0547653862592981,-0.129671826542882,0.0183493333492669
370,0.0210668312855858,0.00619449870154176,-0.00520410653406122,-0.0208923411687012,-0.0334235740955981,-0.0392638837500473,-0.0389068645641986,-0.0335814047516114,-0.0243642446445295,-0.0176082258651461,-0.00757300989073471,-0.0226343213810945,-0.0330367725404906,-0.0743637033623809,0.00303487393415221
371,0.0142384129498398,0.00241004740521789,-0.00648759666921776,-0.0189368826345274,-0.0301403689989705,-0.0378911520385819,-0.0405180682635391,-0.0350298390373426,-0.022152023878936,-0.0120399068530462,-0.00188830271510807,-0.0164697234699216,-0.0407732915983081,-0.0574725225981861,0.00627225990114136
372,-0.0160435318947192,-0.00189438658338111,0.00846536856348237,0.0185489001397655,0.0147209714850903,-0.010036118902378,-0.0530985619978793,-0.0869411219292175,-0.107879041859404,-0.117051788035294,0.0118650173746247,-0.111117933097094,-0.0968728920712211,-0.0646995391553683,-0.141797020782666
373,0.0237072184443942,0.000648093675359094,-0.0166426185225034,-0.0378003871882238,-0.0475896343702378,-0.0383508370575901,-0.0128884267852052,-0.00594723851806949,-0.0295895403621645,-0.0533405634744299,-0.0228827993101214,-0.0385635576373747,0.0460123658776681,-0.104786194807199,-0.0134878294761743
374,0.0129325251160263,-0.00229403549997703,-0.0129966205261064,-0.02452575321849,-0.0267325376927711,-0.0158054573119694,0.00093293891365079,0.0049289577434836,-0.00576661456110585,-0.0163490704528187,-0.0110850841020383,-0.00860517517830903,0.0342203251300193,-0.0418275216508472,0.00675586377608032
375,0.0192408436067537,0.0131478693594186,0.00826937783155743,-0.00040815743859123,-0.0130421837107445,-0.0296709827967661,-0.0441256329420948,-0.0386101644134335,-0.0111836514510619,0.0119171021864589,0.00648070622967201,-0.000307685255262031,-0.0721035409505646,-0.0455558418393079,0.0130404033476589
376,-0.0000468112056468033,0.00872167542539838,0.0146388762513807,0.018949486369899,0.0128758458946006,-0.00707492674064033,-0.0341764776422521,-0.0470432112361568,-0.0435452606687557,-0.0365887996718936,0.0139030328159554,-0.0410819794473051,-0.077738537698134,-0.0289327130666307,-0.057097254264485
377,0.0137131079303617,0.00445319514081651,-0.00277755808485733,-0.014115719985558,-0.0272759302389241,-0.0407147740843545,-0.04808027231338,-0.0376478133776452,-0.00928389259307024,0.0130784956229742,-0.00296472940161585,-0.00100083553729139,-0.0595949334621631,-0.0433631762570762,0.0289458950971863
378,0.00904195044380316,0.000261771617655487,-0.00665656016423105,-0.0177586299530019,-0.0311414724600958,-0.0454553976882636,-0.0547593460856515,-0.0487164484249225,-0.0301323380338405,-0.0157310242862938,-0.00626297465180353,-0.0328429634988546,-0.0694850454248884,-0.0531229854849586,0.00468870239667119
379,0.00825532374356243,-0.00103163158335161,-0.00816478398857345,-0.018409468626581,-0.0279919315804626,-0.0352407513343383,-0.0433968627379244,-0.0573583859987584,-0.0797278746975919,-0.0956000065412764,-0.0095700536626492,-0.0826536781794286,-0.0331639978724324,-0.105435062613515,-0.0804809928701835
380,0.0255564262421165,0.0216475205736643,0.0185102750239756,0.0110081972198258,-0.00609729274029652,-0.0366131627846425,-0.0726284426081047,-0.0680905536070755,-0.0110720868942947,0.037867712632781,0.01440403357178,-0.00158773293282612,-0.140289140237195,-0.0460731536559279,0.0247564007165889
381,0.00378624510969111,-0.000592609266663742,-0.00473744379034099,-0.0124838602752223,-0.0230300040342085,-0.035414977615721,-0.0475410013120869,-0.0516037511003167,-0.0471823577700365,-0.0419187132260921,0.00514918226113072,-0.0445804774799776,-0.0589922497891247,-0.0573153739342493,-0.033197301488557
382,0.0938168353578903,0.0542438889382862,0.0239530064695368,-0.0162794861295707,-0.043368137939294,-0.0454244267079957,-0.0247278026588861,-0.00452639755667635,0.00664514468808461,0.0107020978169417,0.00468800416442072,0.0084634240571442,-0.0148305249884448,-0.176604755104105,0.0293933227908483
383,0.00257427163558519,-0.00084865185079292,-0.00414031858659254,-0.0112708105114826,-0.0232585343803698,-0.0398797512950163,-0.0559973020289869,-0.0579682742618406,-0.0438357027610663,-0.0304516389071523,-0.00240866797446138,-0.0392342697900309,-0.0728309964952182,-0.052968343578392,-0.0204914081249979
384,-0.0138293385263761,-0.0261270081683748,-0.0346197670846166,-0.0446749971928667,-0.0502699772464866,-0.049578463341752,-0.0443905690807397,-0.0382307401379751,-0.0314744644897058,-0.0271906041804554,-0.0277357793172878,-0.0301067002527197,-0.0135963391380937,-0.0392175753302247,0.0160792034403898
385,0.0336856006086582,0.0241154131729515,0.0165608030618622,0.00397189285715006,-0.0125206708435248,-0.0320661307508137,-0.0484625163244228,-0.0470439420610416,-0.0285908651463731,-0.0123715366521225,0.0149015920548233,-0.0227367494463067,-0.0872490357329902,-0.0803697888440559,-0.016918911937531
386,0.0332347641407408,0.0173673387590222,0.0052079065769847,-0.0122415956079407,-0.0286261745961592,-0.0410927857402391,-0.0502345142482762,-0.0545447736997102,-0.0557724186641718,-0.0556742272746952,0.00418868831716488,-0.0557796027595201,-0.0613729291060042,-0.119030228207823,-0.0456142658113889
387,0.00949420156137033,0.00982693810121055,0.00932320564448642,0.00596537118941951,-0.00290796015955923,-0.0171737432327886,-0.0317322516681887,-0.0368885735028917,-0.0335568635155944,-0.0289612321652023,0.00972075230956363,-0.0312581616620933,-0.0574075175210825,-0.0441834160892662,-0.0353722434185321
388,-0.0418081102685781,-0.0296329889280232,-0.0208068228897034,-0.0108856421287735,-0.00828585463582143,-0.016942995042484,-0.0349706973545631,-0.0449737403210163,-0.0419886926206766,-0.0363176997449174,-0.018577725738857,-0.0402760648440323,-0.0332963494865254,0.0215598036197508,-0.0270886836043335
389,-0.0324711357303634,-0.0224593875646784,-0.0147110939828418,-0.00467804840260067,-0.000945269132349734,-0.00900631134117711,-0.024311849890763,-0.0190786180614628,0.0141038949106861,0.041788871730516,-0.00840426311173112,0.0221887133979919,-0.0345988974461663,0.0620061390711212,0.0462543769222096
390,0.0255449240068582,0.0082183036347782,-0.00493394947968913,-0.0224629289545903,-0.035160513196791,-0.0388186359117847,-0.0390429202244178,-0.047849108233933,-0.0675318887186934,-0.0823720284365923,-0.0107673446444076,-0.0702436655176163,-0.0257850768537366,-0.123850710606455,-0.0627480506203567
391,0.0293811665801122,0.0132595237877403,0.000920154797791284,-0.0147643590157498,-0.0225330058979925,-0.0162397665467622,0.000886049346875546,0.00581387907359716,-0.00920833731001704,-0.0239825019399971,-0.0059525460945806,-0.0146224776879487,0.0281001707722631,-0.0759878657856286,-0.0079938458919228
392,-0.00783621100218177,-0.0170347799127822,-0.0241617589036097,-0.0333865230531767,-0.03614276586498,-0.0266219646428268,-0.00532282587391996,0.00152040342797877,-0.0151893989461998,-0.0321433583135222,-0.03185485420086,-0.0208172740943073,0.0511392651208373,-0.0344495937846008,0.00443023828040632
393,0.0480720121651406,0.0322081115634462,0.0197823013376744,0.000546902312953811,-0.0209251065975382,-0.0421314899104909,-0.0549824217741248,-0.0405420447548931,0.00379071991376453,0.0394089311589861,0.0196477732041909,0.0175408940862346,-0.0961467761230321,-0.0787417988097005,0.0406596556436112
394,0.0129987724865633,0.0138047308679466,0.0144279729897301,0.0142252191743587,0.00806642594850716,-0.00819052787602163,-0.0321496406960254,-0.0431787883011647,-0.0372260648428575,-0.0286956243277603,0.0146648952054835,-0.0344458522534351,-0.06874604773077,-0.0517516972086777,-0.0462118231181232
395,0.00396066093219487,-0.00697799782135609,-0.0149175901728914,-0.0242088827704118,-0.0279643341530891,-0.0232847363868603,-0.014312677721804,-0.0124643573677456,-0.0185122019980662,-0.0245343644650347,-0.015588921992627,-0.0203849077351208,0.0132506391480654,-0.0421970545896642,-0.00124557056808993
396,0.0498385715262207,0.0322738770658437,0.0185328122655877,-0.00278274670534689,-0.0267452019777854,-0.050927184707116,-0.0715851917772059,-0.0752409600900565,-0.0621040715945535,-0.0491986961890374,0.0201081043379575,-0.0587607765653634,-0.109662843969509,-0.147932427744824,-0.0486109584165682
397,-0.00406274562718682,-0.0133934640049056,-0.0201534406337469,-0.0290935921778793,-0.0362660989779948,-0.0403366171220446,-0.0420970923685641,-0.0418632105134241,-0.0402566675460709,-0.0388619697810413,-0.010721130217808,-0.0395716384671257,-0.0262667631301074,-0.0535154318193154,-0.0112902921686259
398,0.0254217456225633,0.0271132413684132,0.027210227281731,0.0223616921503597,0.00640543642629374,-0.0217250430449334,-0.0556896481349806,-0.07891453877155,-0.0932860737870132,-0.099406699783014,0.0273931475886664,-0.095911055625524,-0.11141744946395,-0.118224439656583,-0.124979882248528
399,-0.011261765366192,-0.00190100679489034,0.00527633048474177,0.0136773146463574,0.0144217377976147,0.00277812186577748,-0.0181446495741262,-0.036684879927508,-0.0533330296420679,-0.0630260149125282,0.00862855708444815,-0.0554619802280677,-0.0443076629852436,-0.0173389292362213,-0.0788810055645597
400,0.00967967070108137,0.00529099131421913,0.00110317104412331,-0.00803975928513345,-0.0236230595682164,-0.0438959450838037,-0.0539212058138225,-0.0327346829222297,0.0176461459802333,0.056121632176776,0.00387294680058329,0.0253981416750021,-0.0842232529390527,-0.00605452095168502,0.0696380807819744
401,-0.0159946683680264,-0.0246526791700431,-0.0304825870490262,-0.0364665581157556,-0.0372167858555977,-0.0314369058697628,-0.0228063809591942,-0.0178573853438904,-0.0166393260047929,-0.0170259791432772,-0.0262968642063687,-0.0168235638868124,0.012340842669534,-0.0126063135334364,0.0180366900541063
402,0.0372886055522774,0.0133514928872041,-0.0051528392711422,-0.0303804698059631,-0.047389977402965,-0.047661227913278,-0.0326072957490398,-0.0207146060179912,-0.01773118200918,-0.0186253072235313,-0.0204358807703628,-0.0179753467948169,-0.00853735317745137,-0.104111238054227,0.0132877605632725
403,0.0445080688135316,0.0218371061676863,0.0044155877001792,-0.0182981950526694,-0.0310987558860658,-0.0256082570945549,-0.00620551457331494,-0.00187635188568688,-0.0246534667726427,-0.0471858989775249,-0.00702701340371219,-0.0374205201990265,0.0264363959538672,-0.12184406411316,-0.0282970734711811
404,0.0262443357100016,0.00713988623467336,-0.00705825819477209,-0.0254474543401943,-0.0380943113626895,-0.0408292818650711,-0.0344214932715923,-0.0217934449160245,-0.00400488479410388,0.00822048135176378,-0.00663852348376312,-0.00356186280215104,-0.0224432374581045,-0.0670493366628461,0.0343330682242986
405,0.0443957097135478,0.0182586170352643,-0.00184037441121129,-0.0291805377123888,-0.0492414345799149,-0.0545359050630731,-0.0482077674264013,-0.0443956034693149,-0.0472886207433954,-0.050831869068217,-0.0150510814061208,-0.0477706756557322,-0.0315431410474278,-0.14712629003388,-0.022015245432155
406,0.0210405009550049,0.0112876824613196,0.00366202485801875,-0.00810836948300324,-0.0211881816434771,-0.0342333104638769,-0.045795443262596,-0.049165751007628,-0.0445560296123874,-0.0395407563096848,0.00510689887825464,-0.0430628183799226,-0.0602053698005583,-0.0840148119426601,-0.0331793908965249
407,-0.00472980426597206,-0.016920047513941,-0.0260052481639203,-0.0365378964705118,-0.0394947526654762,-0.0307720693135243,-0.0186746909554775,-0.0228985292194959,-0.0430602117632181,-0.0591165137723655,-0.0288995137431045,-0.0438738561694349,0.0239995849698573,-0.0562269544996297,-0.0247257718276655
408,0.0160861271269507,0.00504963625378263,-0.00351787934155496,-0.0167864017027373,-0.0321650402563254,-0.0486904510472208,-0.0626516527384556,-0.0597964683795152,-0.0387007718551135,-0.0205706496546415,-0.011289129982716,-0.0303948384528603,-0.0735763873308752,-0.0812301287430633,-0.00417896020380644
409,0.0202597566215188,0.00904495489786986,0.00128004972177081,-0.00798851269643383,-0.0133361943287025,-0.0136312565696383,-0.0135530165775559,-0.0187792589515935,-0.0305174523953991,-0.0395202884076144,0.0113061691726254,-0.034497776886697,-0.0135871353413156,-0.0689787517155936,-0.0349428217325878
410,0.0198929814277659,0.0209585499365358,0.0217850690838328,0.0213476151297958,0.00856507861495878,-0.0266661109663973,-0.0750972309604001,-0.092636006986857,-0.0798060950162526,-0.0640283975423651,0.022049649698698,-0.0797437605687726,-0.147119327484813,-0.0874728440040276,-0.0902250325928717
411,0.0906708311102709,0.0518584639755734,0.022203149977974,-0.0159019527009659,-0.0370319448949798,-0.0283041015400983,-0.00410740204297104,-0.00838723419865277,-0.0498698754344822,-0.0861163120720048,0.00789673873017093,-0.0668353425523315,0.0219823095849641,-0.218172199496731,-0.0735063100655387
412,0.104450355402742,0.0763846170700211,0.0546151391583647,0.0225207515932313,-0.00602742592909173,-0.0223564195181682,-0.027272561588157,-0.0286290889112397,-0.0307926145187071,-0.0323363171267302,0.0275352100694533,-0.0309215547975677,-0.0741290487142634,-0.224598161125709,-0.0565326206968893
413,0.00794186021420627,0.00514379339892464,0.0026415252245562,-0.00214546939524827,-0.00921220606031929,-0.0179592238965135,-0.0265034158272719,-0.0306160012529247,-0.0311619809077517,-0.0304512211311016,0.00471554198135959,-0.0309908572329253,-0.037007390179324,-0.0460297215449042,-0.029015410419629
414,-0.00981278247523874,-0.0182252527473531,-0.0244658954095263,-0.0325417067474265,-0.0381068919099616,-0.0391993487005374,-0.0340589868117562,-0.0211900417167091,-0.000112930804800208,0.0150788573346767,-0.0242718009765852,0.00637406779614267,-0.00856123677148409,-0.00845829764561703,0.0493106855072121
415,0.0483700068016866,0.0263472098460241,0.00941699617981874,-0.0130568816472912,-0.0273552893661761,-0.0260479254603531,-0.012786257535904,-0.0129602082510179,-0.0377990378059901,-0.0604433249259166,-0.000462140295652873,-0.0500544435798524,0.0118269430687325,-0.140046878005287,-0.046985961335983
416,0.0390191971683438,0.0279423593074636,0.0192006079125266,0.00544391793883647,-0.0103598096662892,-0.0266232659336109,-0.040440398417428,-0.0426006693056579,-0.0335147926970693,-0.0247441708753919,0.0216069238925054,-0.030321929367911,-0.0750764809815202,-0.0939093186262671,-0.0320440837613114
417,0.033783028998755,0.00269956365694272,-0.0201994790496991,-0.0467852406491393,-0.0555851936564041,-0.0366509079247306,-0.00150800780449072,0.00805185313795713,-0.0130819845969933,-0.0345447141598874,-0.0235755076465254,-0.0189223131636775,0.0655110257506417,-0.104289794079726,0.0117121773600969
418,0.0411307957538059,0.0145376186370101,-0.00523273931559551,-0.0300056805692306,-0.0442886053472083,-0.0414133278979151,-0.0265594986453542,-0.0135877273413601,-0.00430305254314407,0.000235754241446458,-0.00585668641261442,-0.00229185687609744,-0.00208897481491039,-0.0970536390367379,0.0302863525657825
419,0.0427757243479552,0.0231325106806211,0.00861645355839084,-0.00930943567274211,-0.0190444965757086,-0.01575225084707,-0.00768341641483464,-0.0134443773567451,-0.0371025616367145,-0.0570278820287549,0.00894283429165143,-0.048451408479174,0.00502669760183694,-0.114986226253125,-0.0512758185307291
420,0.0142740183688484,0.00146311384929553,-0.00832334216146051,-0.0218600342191207,-0.0330842567933906,-0.03914438146764,-0.0428116621226528,-0.0515246813140574,-0.0691277038074346,-0.0825301490453117,-0.0120498245817018,-0.0756584272919935,-0.0247335283367053,-0.111862593394296,-0.0628486238435105
421,0.0318439888200977,0.0144630439446565,0.00115390780984298,-0.017310662799677,-0.0326497227414603,-0.0408804371813032,-0.0412183661945755,-0.0330494549014734,-0.0175673585243023,-0.00618850735900972,-0.00312485283396717,-0.0162756650248259,-0.0423407785066058,-0.0860096368358402,0.0116888718258426
422,0.00745216353317466,-0.00275726940432081,-0.0105954217540748,-0.0217980926250463,-0.032116808483908,-0.0394928982378687,-0.0409832572492327,-0.0308230694561623,-0.00922332480591301,0.00746718937891141,-0.0126665216321884,-0.000879321529152939,-0.0344169523524155,-0.0391919532827219,0.0306363472226783
423,0.0354131451833649,0.013306183764849,-0.00366608119604151,-0.0268481280096297,-0.044500089229913,-0.0510055858241497,-0.0462280655709742,-0.0315006473587404,-0.0084195177074845,0.00798389960876121,-0.0072780887059534,-0.00319799377416742,-0.0394280174252196,-0.0888306976555218,0.0363274885085448
424,0.0145678203821326,0.0206476192860612,0.0235351383327612,0.0220093806674189,0.0086117207350011,-0.0189765467692953,-0.0530818697116541,-0.064927928568273,-0.0497469296200966,-0.0324668481527237,0.0231475089924701,-0.0409111300829931,-0.111791797546214,-0.0555328172792102,-0.055838970696529
425,0.0234251812039823,0.0131490341346079,0.00517236665735228,-0.00701169650312287,-0.0204445823405735,-0.0339217597377555,-0.0468996103920239,-0.0513722469725624,-0.0460844380122025,-0.0400502275707843,-0.000188657447955317,-0.0434811920109647,-0.0605886305611441,-0.0931920606710058,-0.0349340567881797
426,0.0287656144944021,0.0253749468208622,0.0226720471903398,0.0169057818242888,0.0053575201081552,-0.0139119885292964,-0.0381556716757517,-0.0503295170031685,-0.0507022686958134,-0.0479649713887186,0.0201915248495727,-0.0502880978132047,-0.084398606275211,-0.0844861655450611,-0.0670838305492061
427,0.0214149794322605,-0.0005554703726084,-0.0163994293838697,-0.0352433482093329,-0.0442128651139941,-0.0387964500155808,-0.0271374828129626,-0.0245768878818872,-0.0336085596362202,-0.0423625475593172,-0.0111811006933736,-0.0374187362377298,0.00615500600928278,-0.0917185227005654,-0.00968459321681723
428,-0.0272873563503132,-0.0149174580010397,-0.00631092972860067,0.00176768139076214,-0.000828098039108639,-0.0185978138114278,-0.0467973147027658,-0.0611793119343735,-0.0584965256112365,-0.0520858638036932,-0.00579502835458992,-0.0570961248970513,-0.0697474356824562,-0.00929736503080231,-0.055946160807637
429,0.00921731277208528,-0.00958478580260878,-0.023333188760813,-0.0403843928879451,-0.0503367291588177,-0.0487963235354311,-0.0364727096589756,-0.0188044699650155,0.00360584677655434,0.0185882082413172,-0.0231267404522071,0.00582943875390651,-0.00603622423623048,-0.0412753494625625,0.0604467775133366
430,0.0299291451734936,0.0168115490000625,0.0066541884934949,-0.00716043152895561,-0.0156192844804379,-0.0133564594027793,-0.00481325175127537,-0.00792591435473262,-0.027093978458978,-0.0432415362385755,-0.00221376894870973,-0.0311570018386417,0.00578918145676661,-0.0846610355698801,-0.0368783787329066
431,0.0272177611087712,0.0140805513365233,0.00391764880984805,-0.00999208374383391,-0.0193899389763553,-0.0195171405440433,-0.0137783596349964,-0.0193030821133116,-0.041881870033576,-0.0606363358655737,-0.00472335658997185,-0.0502753978567282,0.00562534236948911,-0.110173749761971,-0.051103586522763
432,0.0225853230932099,-0.00633446174075297,-0.026346940815024,-0.0489423879720796,-0.057851883171677,-0.0477862837446275,-0.0276341023202815,-0.0169406240301717,-0.018215798311752,-0.0224285937479836,-0.0161132715927175,-0.0200588238893836,0.0232071484528608,-0.0936065952391505,0.0247957763560094
433,0.00445977203068921,0.0114170779126002,0.0157913750173556,0.0171762795749924,0.00668831955086676,-0.0195070193434737,-0.0518590313358803,-0.053589303354186,-0.0123967301114219,0.0261515269695226,0.0154528891050578,0.00921586861159878,-0.111392378020681,-0.00642213393635947,0.00853503813602794
434,0.0547339904609408,0.021832601512917,-0.0032402637244187,-0.0363500993306252,-0.0587173389572972,-0.0609670451722192,-0.0443086692205934,-0.0230767014047179,-0.00132253610648169,0.0120464138779717,-0.0124053137729377,0.00158148099108579,-0.0240038151520065,-0.122882881211506,0.0506631079283204
435,-0.00214986222080622,-0.0211527134442366,-0.0340707937074036,-0.0466763032012992,-0.0455230411626078,-0.0263187867950087,-0.00410138260816082,-0.00999822216706988,-0.0455650458108155,-0.0752247114596205,-0.0298768712090082,-0.0515575488555642,0.063432362248467,-0.0708019402278321,-0.0329817804917465
436,0.0191104727308984,0.0198348344896303,0.0202850143471841,0.0183902698096596,0.00811852321324709,-0.0141196852245975,-0.0402919921148286,-0.0425088652036631,-0.0200769203703727,0.0000973560059332468,0.0199725166242361,-0.0157361676431914,-0.0916084177180035,-0.0396445315439478,-0.0188566655529822
437,-0.01092018187157,-0.0107360918399169,-0.0109897134942489,-0.0126946766011064,-0.0171865393919708,-0.0247286920049376,-0.0337566304576283,-0.0392107708819754,-0.0413984472738461,-0.0418201006153955,-0.0108243409960813,-0.0415913792150971,-0.0315740013593176,-0.0307118008003831,-0.0298338307783297
438,0.0270008177153833,0.0167008523782544,0.00873854593570272,-0.00301513020816778,-0.0148069642352103,-0.024951856749922,-0.0346552889074248,-0.0432610995818265,-0.0521192029286454,-0.0575943513531637,0.00557424732589012,-0.0537937444688351,-0.0462443052675515,-0.100107201674554,-0.0569455873830785
439,0.0367635055726258,0.0221388005480257,0.0108392914674557,-0.00585198523715576,-0.0226635780885455,-0.037206683973763,-0.048489349062789,-0.0497683964136438,-0.0408330998745619,-0.0324987945414992,0.0081230754610443,-0.0384989289937225,-0.0628447415248151,-0.112310049278304,-0.027700175470632
440,0.0396156142099548,0.0311242110553916,0.0241881104401226,0.0118898483872332,-0.0054012435982148,-0.0274532724960375,-0.0466095153343591,-0.035903066784095,0.0124228326723473,0.0530269374240899,0.022682680967971,0.0315737932666411,-0.102025235525509,-0.0474169160122854,0.0418575116960967
441,0.0198197882346936,-0.00463917274208587,-0.0221079776212347,-0.0442579147753694,-0.0598102285151162,-0.0647469687809698,-0.0600551253749462,-0.0479553158757263,-0.0294788313648689,-0.0163025466452071,-0.00515661318051194,-0.0226810652303025,-0.030644237196898,-0.0987054102426292,0.0286809017589267
442,0.0521702529611996,0.0254418535944027,0.00473862868316951,-0.0240824218298814,-0.0448212868167729,-0.0482530199754624,-0.037517967297788,-0.0263334647847333,-0.0183483504133725,-0.0145186120446367,-0.012965995138775,-0.0164588068726906,-0.0252879044530055,-0.130020698916769,0.0102075754595237
443,0.0265818173265533,0.0102277834577862,-0.00239835877593804,-0.02057165541413,-0.0373162433667651,-0.0492278010248451,-0.0555366604417765,-0.0534738924994838,-0.0443950564165934,-0.0368532409805906,-0.00777496493473718,-0.0411934539526656,-0.0586587456932761,-0.103166255096712,-0.0169651577535073
444,0.00670236155565058,-0.00164818923031057,-0.0081631365344986,-0.0181386507005745,-0.02903976690519,-0.0396120076334935,-0.0488231589002687,-0.0522208952984602,-0.0503014162123352,-0.0476414931624273,-0.00541917902982607,-0.049558297548352,-0.0456386324367773,-0.0756194035839742,-0.0303833623565927
445,0.00565636254667624,0.00146951840296808,-0.00166901340519776,-0.00602395864512432,-0.00986429809722371,-0.0125527866492404,-0.0157262562973909,-0.0211928086892284,-0.0298390196719299,-0.0360321375371252,0.00031350909320813,-0.0323086895286897,-0.0149126306801035,-0.041946252095392,-0.0320646093802025
446,0.013308745209662,0.0133806258442636,0.0133143114133982,0.0117724065607839,0.00612948717555494,-0.00490418927556551,-0.0191291056366116,-0.0283019485987789,-0.0330984871449906,-0.0348064880303049,0.013175271474429,-0.0335887742739427,-0.0455775691057631,-0.0453642366880707,-0.0480919736449185
447,-0.000420614720517026,-0.0127651078594124,-0.0219494593996978,-0.0328881596230605,-0.0371708764832956,-0.0314399491691052,-0.0225985925194365,-0.0241680937982219,-0.0378888457670524,-0.04976527349379,-0.0214180489580765,-0.0436763441331729,0.0142751028211767,-0.0578392574896086,-0.0188570275536356
448,0.111170652017961,0.0651969410291487,0.0295549140990722,-0.0198142654694788,-0.0513530365070501,-0.0457306299086991,-0.0160266402537157,-0.0101665660402021,-0.0364228761024373,-0.0612810678326128,0.000900721805270205,-0.0435473087656385,0.00372278764087928,-0.248139372544518,-0.0415148779484162
449,0.0810380335693364,0.0385887240702018,0.00623241746305658,-0.0358119185060827,-0.0616227630421674,-0.0593398470589352,-0.0408409133925011,-0.031845766480071,-0.0373079343983039,-0.0450334548919647,0.00238522654052085,-0.0411952652897518,-0.0159857051067885,-0.19870461541538,-0.0115800578109575
450,-0.0288123782157592,-0.0265632283822831,-0.024916690509058,-0.0227068255976064,-0.0208801421385379,-0.0197975339833494,-0.0186462898081743,-0.0158349497079855,-0.0108038539720803,-0.00715484876364021,-0.0251223712397282,-0.0101891111182608,0.00884370685745683,0.0202002287846538,0.0173439226969942
451,0.0446865068977927,0.0146834590012538,-0.00822548195440673,-0.0384063510263031,-0.0582271972750129,-0.0586716035601098,-0.0402843560866064,-0.0183741511444746,0.00382921714410427,0.0174782469925676,-0.0202584814004344,0.00386100269577004,-0.0157045621304391,-0.101721616737163,0.0590427860266809
452,0.00823902983475891,0.0106415512593208,0.0120851698596097,0.0112264110211439,0.00273977840514345,-0.0161239800950632,-0.0435181910310495,-0.0606548100038032,-0.064383897127523,-0.062752004472455,0.0123214657561699,-0.0638764308207348,-0.0761558731807045,-0.070960695388439,-0.077172515903939
453,-0.00131211952003573,-0.00585747234091799,-0.00972987771431507,-0.0166315729453449,-0.026038292980057,-0.0374856682747565,-0.0506709129592427,-0.0610999079070545,-0.0696298077161717,-0.0742973642211455,-0.00700278512422205,-0.0713951233158758,-0.0574146495815651,-0.0734236979187322,-0.0617945215136537
454,0.0114168500924202,0.00179965474092986,-0.0057144229389395,-0.0172807997454122,-0.030060759995079,-0.0427217966507006,-0.0533746860660605,-0.0542790911466911,-0.0451563684535602,-0.0368327741986065,-0.0054938360745642,-0.0419533694361066,-0.0562452267800992,-0.0783055307858843,-0.0200494292240433
455,0.0646074914405981,0.0452775697274363,0.0303714687851136,0.00905945567558997,-0.0102098765617276,-0.0233885112457096,-0.0312684463543004,-0.0335678665640789,-0.0320950582135438,-0.0301173468973912,0.0217647655705898,-0.031412367630836,-0.0626537226850965,-0.137145287085908,-0.0409573938037266
456,0.0145781784285198,0.00765823935809643,0.00280730408143845,-0.00244434184402949,-0.0035808066827336,0.000903234864237063,0.00313738020497195,-0.0126742554959267,-0.0507528070555769,-0.0800605234473939,0.00358655633636509,-0.0603576213181697,0.0163099017400938,-0.0749316924610908,-0.0815030075369573
457,0.0286447018339098,0.00623704085090708,-0.0105942416318081,-0.0322378856744793,-0.0459880483888239,-0.0459864624566955,-0.0370114319598009,-0.0343812539761375,-0.0417500520259421,-0.0490522448195565,-0.0146858637216877,-0.0438090402329031,-0.00953142553201921,-0.11371028616138,-0.0179279563140712
458,0.0438395737467729,0.0298743720392088,0.0190236864905713,0.00219292894734817,-0.0171873506905132,-0.0378610311594292,-0.0583807118229666,-0.0650546115339486,-0.0574778691696062,-0.0489159400103033,0.0100407036383296,-0.0554230770810757,-0.0918582402829616,-0.132079759753113,-0.0535268830508798
459,0.0147939727531768,0.00815668792249142,0.00293964483962848,-0.00519778776373753,-0.0144030158132725,-0.0236036994456682,-0.0298320717253222,-0.0268238124327098,-0.015764485749146,-0.0070437478578494,0.00344178799621206,-0.0164296600301167,-0.0460427711156097,-0.0423598343848992,-0.00101920871186378
460,0.0146947898006537,0.00594310004245807,-0.000813471358816244,-0.0108226219011918,-0.02101189213048,-0.0300296049886343,-0.0387002328039345,-0.0457284813337174,-0.0520147404582073,-0.0556062601083662,-0.00275581846424968,-0.0541400662496975,-0.0363901693016485,-0.087756046403074,-0.0464555350422538
461,0.0177008907355163,0.00711840182071504,-0.000971126321328147,-0.0119937399618341,-0.0205333861668131,-0.0239517192147548,-0.0221790562041836,-0.0166300683641261,-0.00810534825285893,-0.00207018555561343,-0.00352820643675184,-0.00631345651902609,-0.0183464221371019,-0.0484368802472371,0.0103114151645809
462,0.0251915685214652,0.00454106969881645,-0.0112483799125585,-0.032433935784375,-0.0476432547814367,-0.0512230413273568,-0.0477261639928738,-0.0535235242356505,-0.0747119655335741,-0.0917895383757705,-0.016465878678312,-0.0778243455165227,-0.0174698891020939,-0.143749270519656,-0.061114478183714
463,0.046251788627382,0.0293006723095205,0.0161772194227857,-0.00325870211990982,-0.0228421162353577,-0.0394907534197799,-0.0518552725305637,-0.05527579783163,-0.0521136214131931,-0.0483311580762064,0.0118624312802639,-0.0517091613313786,-0.0768677414652865,-0.132492624539292,-0.0465743642382125
464,-0.00747186505032882,-0.00387370419407259,-0.00169522445860672,-0.00105671974866848,-0.00619132864777633,-0.0182833003529998,-0.0292086634855215,-0.0218657856485333,0.00571872106696774,0.0281542695550225,-0.00201643953573099,0.0138792046915763,-0.0513539053376565,0.0200573546606698,0.0306802363982608
465,-0.00812339050961362,-0.0068385156303679,-0.00612723012127941,-0.00643086305430746,-0.00986527505301144,-0.0172519350662427,-0.0273006705692323,-0.0342837817145656,-0.0378843493405888,-0.0391160211972731,-0.006236947860913,-0.0384406039142029,-0.0297411643981491,-0.0277210356079299,-0.0339049229313938
466,0.0474449876608485,0.0317432908144815,0.0196669814632404,0.0024757675435634,-0.0130222783538214,-0.0236014865278612,-0.0291760359267805,-0.0283479700135742,-0.0221415993377281,-0.01681070614175,0.0131649347318968,-0.0200386622970289,-0.0470861099090442,-0.10600623579296,-0.0198128610492198
467,0.0289103348847451,0.0139455747293944,0.00320625064169638,-0.0103503372809724,-0.0195509134295562,-0.021969489023616,-0.0241377618073222,-0.037007624418875,-0.0645755728444425,-0.0857014376464586,0.0102799002885718,-0.0751712677268091,-0.0186879601126902,-0.118388114621693,-0.0804292450008374
468,-0.029719916952628,-0.0243995259708585,-0.0204130783431593,-0.0156728825662884,-0.0139838274944276,-0.0171624384742087,-0.0235640159875582,-0.0273961353178621,-0.028052678131548,-0.0275735734615005,-0.0191184029371201,-0.0279432008327128,-0.0106057169614608,0.0122049831733071,-0.0121899998164986
469,-0.00175728494140416,-0.000310122815312426,0.000481176501168853,-0.00113768533951302,-0.0101310214806642,-0.0292533218298508,-0.0567733730554831,-0.0691728078580671,-0.0590152161854835,-0.0457802951221775,0.000511850810325269,-0.0510202418065187,-0.0810872458306548,-0.0581556530411648,-0.0474831119431105
470,0.0500760626198827,0.0209354827137122,-0.000487679345215028,-0.0267470428022745,-0.0406989165857352,-0.0352963994663656,-0.0154824315505457,0.0049491946019062,0.02457553432238,0.0363535848186541,0.00584997375303715,0.0264976536410432,0.00266708664322008,-0.079564019979928,0.0640383757827881
471,-0.0146325119271765,-0.0180043374580347,-0.0203606180493418,-0.0224706673195214,-0.0213224714972498,-0.0159471422889163,-0.0119680666288227,-0.0202128824381118,-0.0426576168545228,-0.0600189707858061,-0.0198970584013644,-0.0469066284754528,0.017777774275053,-0.0302203083857577,-0.0397252486135945
472,0.0365652750666304,0.0356595020364221,0.0347644628111283,0.028701789151516,0.00694591632852681,-0.0358582978537023,-0.080713677773807,-0.0829982890688891,-0.0474333580284215,-0.0163672325900453,0.0337906259477046,-0.047373174047492,-0.17065722711115,-0.0890032525228558,-0.0439783181297455
473,0.0231328808621699,0.0151920710649359,0.00927051612181344,0.00134545686157906,-0.00486509913082223,-0.00793739824057779,-0.0124244030830814,-0.0253801131996273,-0.0478439392279623,-0.0637102086325374,0.0105711450775649,-0.0465755732783896,-0.0162248845600011,-0.085818161164925,-0.0677971830621976
474,-0.0272719266961921,-0.0294788555770736,-0.0306061290139117,-0.03009126491973,-0.024862597694846,-0.0138743699995769,-0.00186914529937338,-0.00333204984325203,-0.0210614233033879,-0.0368286351498789,-0.0304372334247755,-0.0298555758210713,0.0480518103740343,0.0029345757446713,-0.00746408934493336
475,0.0462141480221677,0.0355018632153716,0.0271927652383956,0.0139244101508361,-0.00490236787463335,-0.0315474414770655,-0.0620952561080468,-0.059960694740985,-0.0173225566627226,0.0200447303586053,0.0159302193106973,-0.0063860093906878,-0.12134184837001,-0.0996634986486796,0.00450249267688588
476,0.0158422031587173,0.00993513798939911,0.00532867637031916,-0.00257951324969677,-0.0144065407251903,-0.0309921785412619,-0.0472788043670328,-0.0426718433633815,-0.0134122402036957,0.0114934368895123,0.00130454080982364,-0.00176282810595206,-0.0732474269797261,-0.0446577731699572,0.0142086346547697
477,0.0579511811868336,0.0373609257455775,0.0214806940789273,-0.001257944865546,-0.0219214317089803,-0.0362361815518343,-0.0455416953913484,-0.0505429389222431,-0.0535442918238264,-0.0548692246363188,0.013123808516385,-0.0539740961247054,-0.068821088163443,-0.153044727742823,-0.0559381525726108
478,-0.0125149253169127,-0.0120762618619578,-0.011738806720864,-0.0114843910179756,-0.0122719461300284,-0.0146931332243029,-0.0175879233714362,-0.0177293992881456,-0.0149976681715103,-0.0125291258613126,-0.0115538170740201,-0.0144043635163064,-0.0107360656677397,-0.000215434013299252,-0.000860288369068651
479,0.0281753546400531,0.0204950586680134,0.014531143405503,0.00530913579886389,-0.0052672976865408,-0.0165259810042289,-0.0292274345985934,-0.0392438649971599,-0.0467753287809675,-0.0505743685793072,0.00938488783476733,-0.0487485696222945,-0.0476385853276322,-0.0966488307819848,-0.0581851072590272
480,0.00971335043733296,-0.00135898565569016,-0.0098560447279131,-0.0220584960573958,-0.0334985746181392,-0.0421141768972401,-0.0464742749168364,-0.0418807956521093,-0.0281411962662433,-0.0173759029080915,-0.0111681899938716,-0.0256308783150101,-0.0403892681779215,-0.0625275803431383,0.00476210299870115
481,0.00520537888802788,-0.000411051061645495,-0.00565213949860777,-0.0159424385524732,-0.0313001148885838,-0.0507992656792911,-0.0666646520605976,-0.0600622760653935,-0.0284508649238546,-0.00193757917129351,-0.000693570009936794,-0.019744395346842,-0.0877222768846523,-0.0467135914741006,0.013610212978309
482,-0.0381384997470476,-0.0394721576122444,-0.0392860957820336,-0.0362634574211646,-0.0284283282905179,-0.0166055242004801,-0.00685893208199584,-0.00860263362024663,-0.0206854425440579,-0.0311186667489568,-0.0387868140642856,-0.0240917824773836,0.0400699894705162,0.0135983834912946,0.00276993397846382
483,-0.0186566788809484,-0.0194646509656419,-0.0204143986977382,-0.0233171445973956,-0.029669995452173,-0.0390570425902794,-0.046773843100113,-0.0458632321577903,-0.0372360435121756,-0.0296370142780782,-0.0198798901495862,-0.0338370387951953,-0.0461486809361162,-0.01491312367801,-0.00785752454263731
484,-0.0100779248555499,-0.018471339537904,-0.0246539781305853,-0.0329800805256579,-0.0398515586183129,-0.0437024508595771,-0.0426129835794613,-0.0337568205937717,-0.0168900921098653,-0.00412978086065709,-0.0217503716829929,-0.00888103295309751,-0.0206337334910045,-0.0232807870611635,0.0292764359267921
485,-0.00682298891314246,0.00326815974195602,0.0106510915315099,0.0154945080075859,0.00245306778081127,-0.0360425406131031,-0.0782106201148319,-0.0657791514941676,0.00799696283928145,0.0698620369341857,0.0131270995214182,0.0242917793376856,-0.153845018686141,0.0276982205997716,0.0578007849324068
486,0.0195901582812304,0.0145191495600544,0.0105351259988136,0.00437204808012177,-0.00246773181548421,-0.00932220869121808,-0.0172512351304547,-0.0256612942426963,-0.0354758843158156,-0.0418776338563961,0.0123901316636624,-0.0387061489193857,-0.0282595818691973,-0.0657066755065489,-0.0485450573300292
487,-0.00600927613709713,-0.0161364980762574,-0.0239641803313057,-0.0344602177288677,-0.0407339486525602,-0.0389456612150081,-0.0323541818001065,-0.0309793405676948,-0.0359582310893328,-0.0406949084236134,-0.0289400639570391,-0.036958096823538,0.000123552977495482,-0.0472081638033633,-0.00648600456836111
488,0.0307261488637638,0.015238782902454,0.00326683884649224,-0.0143376894423877,-0.0317755556390598,-0.0459843890238481,-0.0531734002636349,-0.046535116110236,-0.0280414681275895,-0.013438951146465,0.00148030029460036,-0.025638789214197,-0.0698465023382551,-0.0865413896685257,0.00162133454428067
489,0.0168670781385754,0.0170670452445927,0.0168793894545361,0.0135016203960495,0.00180267754278741,-0.0202464166818142,-0.044748969651291,-0.0507539756925636,-0.0362546596787119,-0.0212801308359614,0.0166760537506618,-0.0275223922150529,-0.0903004023346684,-0.0538814046797016,-0.0357723644776959
490,0.0285073501801412,0.00802975812102243,-0.00761611555688483,-0.0287591826286419,-0.0445612637629748,-0.0497898312091611,-0.0451976801315813,-0.0348128403238484,-0.0202464198518584,-0.0101164752615101,-0.0109836664547656,-0.0135079740298262,-0.0283375290384947,-0.0930193743000088,0.0193837268339667
491,0.00949415192664774,0.00890500918022965,0.00784722318998329,0.00347459315802379,-0.00737314788618292,-0.0261074553215907,-0.0502689543330602,-0.0617392235950465,-0.0591093776796184,-0.0536557575656708,0.00800654987916302,-0.0578021514512574,-0.0798853284047749,-0.0722896529412289,-0.0594743682855997
492,0.0339150493505498,0.0163987913355769,0.00321939907511309,-0.0132207249528451,-0.0217787560170573,-0.0180130937546047,-0.011793969353371,-0.0194444838318257,-0.0416886204808861,-0.0592090594107757,0.00144736125245127,-0.0467232101431763,-0.0032042474456998,-0.0997437444462202,-0.0494303539770224
493,-0.0118508225118741,-0.00407442123458528,0.000894810284619994,0.00324546300588434,-0.00590378775021998,-0.0294802674974717,-0.0554820986123269,-0.0555443225173133,-0.0258216657428876,0.00134816265734967,-0.000119315543429884,-0.0104866667820447,-0.0920172677172072,-0.00374958248547047,-0.000833921482386391
494,-0.0169693286805729,-0.00965927299840889,-0.00411332978797651,0.0016646281858291,-0.000330465544723263,-0.0147517083941596,-0.0360923186746989,-0.0360370512477712,-0.00469582370800825,0.0236068199670167,-0.00140750493859577,0.00889928038981825,-0.0626024123569334,0.025657429694762,0.0210443231495454
495,0.00742772240722304,0.00142330925315262,-0.00315463671506948,-0.00906524949020205,-0.0125388180573593,-0.0116288123157122,-0.00603508661349559,0.0018334192136528,0.0115477680603221,0.017994944411921,-0.00500653597723901,0.0144586843859283,0.00197860394274684,-0.00965593273701213,0.0282081007887085
496,0.000318032326130114,-0.0106824956210969,-0.0190016373921894,-0.0294406909835885,-0.0348774234961263,-0.0320899260707548,-0.0260651634452908,-0.0281568851412064,-0.0408545619506018,-0.051687615288532,-0.0193913762411486,-0.0455396662518128,0.00672613579787823,-0.0624036855902443,-0.0236970667607428
497,0.0547507146422222,0.0402027794775609,0.0288592900606728,0.0106530652049967,-0.0120243856847226,-0.0384271664718982,-0.0613208922269238,-0.0534229700752337,-0.010142899493642,0.0265531584796642,0.0233886308184671,0.00301976744313465,-0.118686471466444,-0.0986825123099871,0.0162412112471673
498,0.0751885296615729,0.0406912093193257,0.0144871735182157,-0.0196083970017457,-0.0412937333691674,-0.0406454627633306,-0.0247589433574189,-0.02006251864188,-0.0346607671637262,-0.0493292323235578,0.00746733738697051,-0.040435304437177,-0.00716874475575426,-0.180998327224118,-0.0307316008889838
499,0.00550031815552166,0.00029175972301073,-0.00403165199659426,-0.0124259962897628,-0.0259098140376374,-0.0446829503982839,-0.0641455866216312,-0.070781913146396,-0.0654691598671104,-0.0588090414296428,-0.00394704305104161,-0.0631531435160772,-0.0813353474002488,-0.0810987250458652,-0.0479620757288455
500,0.000279995053563114,0.00280928157564561,0.00371246338442843,0.000862607308764334,-0.0111937488238232,-0.0345654933764532,-0.0628452162539258,-0.0685369868350218,-0.0471491430123721,-0.026526694367464,0.00371030844746155,-0.0405004500238262,-0.0986538539174318,-0.0461041268238811,-0.0285909819035218
501,0.024481015839813,0.00558548213803885,-0.00843050864828597,-0.0259531077726393,-0.036028933141304,-0.0339541097552339,-0.0213962464046524,-0.00494427207208516,0.014446587574468,0.027097575837819,-0.00549170187747554,0.0193419211353855,-0.00106500170861839,-0.04777165289156,0.0545999607688593
502,0.0174840808033379,0.0145154141593667,0.0121006419155729,0.00809104702832956,0.00309676967214343,-0.00255455586174086,-0.00917448647705608,-0.0152596041355726,-0.0212849342999328,-0.0249442166402775,0.0134385666904364,-0.0225747318107751,-0.0284277457138506,-0.0418336416362301,-0.0350037767271175
503,0.00771113293086105,-0.00561741586979599,-0.0157849696551043,-0.0289915281756161,-0.037018778170618,-0.035660651954694,-0.0288175842363754,-0.0329420782016721,-0.0546677989002165,-0.0731679980109989,-0.020061535100765,-0.0641982281071296,0.00884248999229099,-0.0936965520443752,-0.0450114306986462
504,0.0851066799843638,0.0397790201723672,0.00588910942883009,-0.0345118322399764,-0.0496878196442238,-0.0243586236966429,0.0220213177601077,0.0215750533366995,-0.0437489320925682,-0.103212115314471,-0.014103010280863,-0.076752432264999,0.0929716038590666,-0.215369094556769,-0.0713339741335629
505,0.0478343422255029,0.0321657150067578,0.0200198223819947,0.00183295042874968,-0.0170636677655349,-0.0339776206643861,-0.0434314032572325,-0.0334207578901742,-0.00602684641074044,0.0150134274645763,0.0150876052732108,-0.00511522201953709,-0.0786595349672251,-0.0865224389838848,0.0152179354687826
506,0.0388655439322598,0.0166019738728732,-0.000390483104254036,-0.0228984090431921,-0.038187219571435,-0.039884107141603,-0.0282622584964833,-0.0106964495670703,0.0109000137101048,0.0251157069301865,-0.00988942921804254,0.0143772236998009,-0.0180289422365867,-0.0737622974926863,0.0502112774060623
507,-0.0120959362894285,-0.00771402456297186,-0.00615670765777612,-0.00853929185713966,-0.0196742816631967,-0.0383778685789992,-0.0536601523171787,-0.0503260431558831,-0.03029709829753,-0.0130254530721546,-0.00821167352305122,-0.022188608813688,-0.0804688639695404,-0.0109247232879263,-0.00413990112237481
508,-0.00319201808717559,-0.00402753664330141,-0.00512037467700166,-0.00812417499485765,-0.0139707552850168,-0.0223245299427023,-0.0294553173316562,-0.0285420642865602,-0.0195632167363252,-0.011692775731828,-0.00403874784109991,-0.0166401456999872,-0.0375583175851129,-0.0180816399196283,-0.00383738174275908
509,0.0419149587214598,0.0386665346743297,0.0360961002272306,0.0311424880920449,0.0224911627733523,0.00905519409023369,-0.0100082710893854,-0.0275859249749955,-0.0438088369047556,-0.053287133996512,0.0337477692962044,-0.0476808330680745,-0.0552335002679092,-0.0942160791577139,-0.0882511158721424
510,0.00733316660987591,-0.00445595456510148,-0.0135865180631943,-0.0267509864469629,-0.0384996778233371,-0.0459925235521336,-0.0486599781189844,-0.0452396441878882,-0.0362791387780457,-0.0292724567454403,-0.0215835690948913,-0.0342041785252902,-0.0318482711561767,-0.0744848520723815,-0.00252408104845174
511,0.0492025786212781,0.0356691117895661,0.0251491371225134,0.00852165586081219,-0.0117631764656605,-0.0349359461545639,-0.054032132252831,-0.0452180624142612,-0.00681520673949233,0.0246770227470428,0.0163380517758726,0.00194606525241938,-0.103489989915529,-0.0881408298302773,0.0167424380122925
512,0.00928102344576502,-0.00493222861659884,-0.0153327575359532,-0.0270032161612355,-0.0296300690953708,-0.0193383563865106,-0.00666801431039827,-0.0119391974797319,-0.0370683668694664,-0.0581502880476913,-0.0148820567752138,-0.0456594879267705,0.0306952046721392,-0.0678400913278241,-0.0343831525213987
513,0.00187840598457797,-0.00931832383637541,-0.0173427384304424,-0.0271033080593421,-0.0326060735945929,-0.0320086619506623,-0.0280800434780097,-0.0248469665133001,-0.022620313360985,-0.0215679822335034,-0.0117377210148603,-0.0220841956539351,-0.0111224622142542,-0.0399267871334921,0.00361727859266956
514,0.0258755449385481,0.0226400575736875,0.0201304186007957,0.0154538259064578,0.00368539543924361,-0.0205557253770823,-0.0521814927316601,-0.056955672291124,-0.0304878533312296,-0.00572572533875278,0.0161147791521541,-0.0230499380082009,-0.108254352368587,-0.0607811282372892,-0.0241801246091021
515,0.00410513760648003,-0.00266400610779031,-0.0077556438980422,-0.0141337059038281,-0.0175597787218148,-0.0159927588374197,-0.0107440283340153,-0.00762215380106316,-0.00847386713314584,-0.0102523509824416,-0.00873835797162633,-0.00934562414790132,0.00883998100971786,-0.0290184116216826,0.00414034728623152
516,-0.02460012220048,-0.0118144926323386,-0.00199311583744145,0.00940048634450135,0.00947846105688549,-0.00895158107748385,-0.0359359276017196,-0.0415424237653957,-0.0231626823259753,-0.00508813881019562,0.00388861456301761,-0.0166949031299404,-0.0681682759670841,0.0252962881320052,-0.0147190330922379
517,0.022045735102435,0.0149031382510128,0.0093472969180242,0.000291789524937596,-0.0117834520606566,-0.0271499293737755,-0.046005686651169,-0.0604206403549418,-0.0712619943766734,-0.0770341822886805,0.00281960687433684,-0.0717449672295242,-0.0672597842408051,-0.108619090074603,-0.0805945530489318
518,-0.0176351437866536,-0.0106995135400012,-0.00547370571327385,0.00128096961149717,0.00562557466213451,0.00577285065168222,0.0021279813695353,-0.00343719996523182,-0.0105677851693014,-0.015356175025336,-0.00530341999681677,-0.0127070953655005,-0.000756825726630019,0.0261104166631465,-0.0176705579369103
519,0.0067186401366535,-0.00407101984718696,-0.0118081405881928,-0.021717400664821,-0.0289013906229291,-0.0314488979566715,-0.0281161920038369,-0.0177313975061081,-0.000113370900998676,0.0127657445024272,-0.00487368247087705,0.00647178397967344,-0.0191351175977197,-0.0280466640184415,0.0339589226214153
520,0.0114792972779318,0.0138941415166248,0.0153245992895753,0.0137695932666876,0.00254137425498122,-0.0200383478993019,-0.0389412053899012,-0.028038589961204,0.0120744394603955,0.0447187780598818,0.0154308716117519,0.0233366166131011,-0.0872201093945142,0.000589598223810541,0.0341584993773573
521,0.0130134245608173,0.00402091772409182,-0.00284103664974089,-0.012233373949427,-0.019722774767107,-0.0233108242305682,-0.0250135183282168,-0.028229039716133,-0.0343115044780574,-0.0388805717726732,-0.00327873450528315,-0.0369121802930787,-0.0180535818183738,-0.0653223432448057,-0.0281340324950306
522,0.0532813551064502,0.0160750348080341,-0.0118389319810378,-0.045765039708562,-0.0605196770947629,-0.0448193060373021,-0.0156814835036555,-0.0150067853706067,-0.0508574421276161,-0.0829665721766832,-0.0140592617314713,-0.0640465889698289,0.0451170587296112,-0.172471685399973,-0.0403964376124359
523,0.0110842033377107,0.0134444159182183,0.0147803168708597,0.0147674876006177,0.0103680732545227,0.000306324897135684,-0.0147183915876186,-0.0258498731125693,-0.0311767553805187,-0.0326689491114747,0.0144973202995714,-0.0320699635716267,-0.0402456966768834,-0.0387738335760134,-0.0497973081165585
524,-0.00874177259862182,-0.02602252476526,-0.0391689723386019,-0.0546754681876147,-0.0581719215752948,-0.0418894395565155,-0.0101400614442671,0.0119642985914806,0.0203535879454031,0.0215524581977106,-0.0450087512588923,0.0211109240803141,0.0623771142450983,-0.00861771570310364,0.0798921606139451
525,-0.0101189767105447,-0.000692148923777313,0.00654728277487273,0.0146575646759974,0.0132363296458358,-0.00420925565012007,-0.0361696504042625,-0.0587127516277321,-0.0678666248260159,-0.0697843256274533,0.011094270707683,-0.0686183302269971,-0.0672651365647403,-0.0427023186697603,-0.0889986750776893
526,0.0220340786616093,0.0204537219800596,0.0190916029541728,0.0144874566780885,0.00177689745199033,-0.0221670282845659,-0.0509731164336892,-0.0537859917173603,-0.0272579853568508,-0.00287979162766651,0.017391817216837,-0.019466079949935,-0.101854860267786,-0.0568551710788124,-0.0185889419449562
527,0.033778016196033,0.0228607532492001,0.0143864555519877,0.00158667794617032,-0.0120261210253177,-0.0248943297912332,-0.0378806957945382,-0.0484455688007181,-0.0579859674403846,-0.063533423477209,0.0183807561938694,-0.0594859378007178,-0.0622302161064268,-0.110262636884507,-0.0688403800021806
528,0.0178386634791019,0.0141736931611074,0.0112299858873713,0.0059418843342035,-0.00185745358956059,-0.0124277365303727,-0.0250830239895113,-0.0268681960358152,-0.0160802370114009,-0.00617001399074821,0.00857496684589562,-0.014730546056908,-0.047504812355791,-0.0439312589792689,-0.0129055271940703
529,0.0421126896977987,0.0119199893790874,-0.00979712099663804,-0.0354783162358692,-0.0473585255143364,-0.0399618570951947,-0.0236258714920287,-0.0137203602280492,-0.00987976139938992,-0.00930426136506996,-0.00245650002993137,-0.00960514783172525,0.00327451642058905,-0.101790370244143,0.0234834374683721
530,0.0656076887059617,0.0461540590285177,0.0310651454908726,0.00871798993326879,-0.0128093232115178,-0.0292454637948314,-0.039674389565341,-0.0389021287905983,-0.0275876449590116,-0.0176657081484965,0.0162058170932355,-0.0234853704802503,-0.0780545332344489,-0.131995363144945,-0.0278437385683151
531,0.0390700502968573,0.0129853116111813,-0.00654290774600647,-0.0317621478000507,-0.0483984094132515,-0.051075359143943,-0.0463104364734842,-0.0431790253115932,-0.0427977762595713,-0.0433265695194971,-0.00680088638610887,-0.0429564066671469,-0.0288147615763899,-0.129472495834311,-0.0137703412419383
532,0.0693152410441255,0.0423856786507953,0.0215748820851699,-0.0073482208144224,-0.0295740211783073,-0.0372018947268894,-0.0291287590379962,-0.00815549419425281,0.0234045037595616,0.0453556685759863,0.00714477335608169,0.0234623133019492,-0.0507755552302764,-0.0966616002252078,0.056157312964614
533,-0.00642337171949707,-0.0200184168791268,-0.0290472141573446,-0.0378339846003641,-0.0375119340282519,-0.0261269731113656,-0.00887981397563682,0.00432804383979231,0.0138346257963402,0.0185273018953262,-0.0216974396255526,0.0158748760736669,0.0307122174398841,-0.000912357767199042,0.056243419802796
534,0.0100383461422537,-0.00367144888779627,-0.0138454985066735,-0.0270239433039635,-0.0361349752729184,-0.0380605898282938,-0.0320788477975935,-0.019226265261524,0.0000968994771571802,0.013767912667541,-0.0135695942519388,0.00648856098496561,-0.0155838256654795,-0.0367335746754437,0.0417142705191244
535,0.0343094429748075,0.0141674924249224,-0.000297976200505173,-0.0186530212803145,-0.0313781948005767,-0.0354389570667779,-0.0384258792443899,-0.0509672407745637,-0.0762879189578854,-0.0956316428439773,0.0114889602762523,-0.085642297816028,-0.0314941313517432,-0.144833893018899,-0.083439729753473
536,0.0195992472974959,0.00732960896204404,-0.00197553473451483,-0.0134137251048952,-0.0182764950382077,-0.0120394845680438,-0.00076877270369893,-0.0090165278268061,-0.0448230094791375,-0.0743624692858574,-0.00684002673272709,-0.0573609139618157,0.0291063820611021,-0.0907597485762656,-0.0621944043975252
537,0.0665223415819904,0.02616582195847,-0.00447050618965938,-0.0436789873848842,-0.0663093142157989,-0.0619212785713842,-0.0412113104217275,-0.0226372913784326,-0.00682252629228211,0.0021003047928529,-0.00842622434838344,-0.00534651592748951,-0.0218787008081575,-0.138968725088349,0.0451977771406354
538,0.00842581891904856,-0.00982565507955515,-0.0229830958726811,-0.0397492476748373,-0.0514666521093575,-0.0547136518682719,-0.0487068679443791,-0.0341247603889348,-0.0115602570856745,0.00439654876669649,-0.0160466572612971,-0.00672935663784158,-0.0234880869966054,-0.0564204134680322,0.0450551785578404
539,0.0555752041350814,0.0304055643809982,0.0114481856367017,-0.014293262888901,-0.0350786255287652,-0.0457525139238565,-0.0488679775379623,-0.0493840447864765,-0.0497326518385765,-0.0499064521216277,0.0125322267958402,-0.0497943329910225,-0.0571353180476882,-0.153930541630133,-0.0378145178783115
540,0.0344424840684454,0.00463863672139102,-0.0165035302898141,-0.040926187841893,-0.0510646755225282,-0.0411091366457157,-0.0213304383715438,-0.0114058013816218,-0.0132506425059473,-0.0177475613404651,-0.0052070526861106,-0.0148884176086373,0.018887316020993,-0.0974335416517675,0.0211301318856654
541,0.0351511017544722,0.018794116270504,0.00607503548001928,-0.0135876522321194,-0.0358534029137562,-0.0587849468702106,-0.0769636030603215,-0.0717916178926452,-0.0400221970458453,-0.0131194592789503,0.00106360914836603,-0.0287330411441995,-0.102989789081728,-0.112875760335794,-0.0000150967633190162
542,0.0239762843052893,0.0214620127497352,0.0193152978240366,0.0141540915307031,0.00354516161230155,-0.0132905908055195,-0.0292189773986219,-0.0282776718105843,-0.0108313016247306,0.00455348813314948,0.0190571661255848,-0.00542943116237634,-0.0706346794042717,-0.0399619025369227,-0.00918256180971584
543,0.0382654365438244,0.0206845870407752,0.00706887095502379,-0.0124866206068566,-0.0296105236353889,-0.0398963155788269,-0.0455969594333588,-0.0537519334001515,-0.0676129458547886,-0.077625261554617,-0.00585465982328665,-0.0703983569319963,-0.0465258226594914,-0.146236566971242,-0.0672543913968758
544,-0.00412379792104805,0.00496138675278015,0.0118298132858318,0.0192808328144394,0.0185241458810533,0.00486615727759071,-0.0172618437634457,-0.0294700787069478,-0.0307281793296059,-0.0285610766120479,0.0146759104005469,-0.0304495450692282,-0.0532847248541469,-0.00729991932382054,-0.0492121112320525
545,0.0310266914691889,0.0169393450914208,0.00588224376770502,-0.011314584972735,-0.0306724229095758,-0.049133155781859,-0.0612095741442077,-0.0581037506017876,-0.0421368871649614,-0.0286759487083155,0.0104633498247611,-0.0365917266356489,-0.0792222349610502,-0.106003908655505,-0.0168484498908602
546,0.0592263465916411,0.0444240062039419,0.0329127216395153,0.0151977047512154,-0.00457869165104377,-0.0246676297530848,-0.0416442436293677,-0.0390078196369644,-0.0154797100388783,0.0043767354889524,0.027565958582315,-0.0119360935901627,-0.0908031835463131,-0.108853124515986,-0.0116809424913223
547,0.00586709712040081,0.00674424434896735,0.00713665314981543,0.0053780362628549,-0.00251545951157648,-0.017917370493084,-0.0328352383176524,-0.0297933157651255,-0.00755287667215705,0.0118250723499874,0.00712474671137612,0.00203689739896783,-0.0614474870900919,-0.0144207705703468,0.00740565717722603
548,0.0448906664065677,0.0274431239525441,0.0140830997721824,-0.00395492917092313,-0.0171819909625897,-0.0211467038874677,-0.0205732374812348,-0.024654245398543,-0.0351873917879788,-0.0433597908195533,0.00812591507586848,-0.037283176009528,-0.0272774360745627,-0.112539517973476,-0.0415468161415882
549,0.0362935071967835,0.0221267981029997,0.0109265052680831,-0.00673463098221316,-0.0270708992322147,-0.0476731380953799,-0.0627800846537197,-0.0596070306689233,-0.03858975624156,-0.0208491697670074,0.0187026080806684,-0.0319466037735208,-0.0910934017455079,-0.106090487996971,-0.0141002451021406
550,0.0412022440152887,0.0244307438090246,0.0114219073436035,-0.00711307356403798,-0.020271698878865,-0.0208736867832644,-0.00979701345335561,0.00213068194767071,0.0121483312655389,0.0176574835842765,-0.00218574894184526,0.0144832699981545,-0.00822887623913468,-0.066647336479336,0.0268052916267397
551,0.0359844695392806,0.028103691017268,0.021909656787287,0.0122958192880586,0.0015464045228484,-0.00899445306537994,-0.0164872391645935,-0.0144962492799415,-0.00322643995495576,0.00625513306412208,0.0246474410391221,0.000518945867843651,-0.0481493724770869,-0.0553235053795306,-0.00621329809585416
552,0.0520004658868719,0.0268996814546355,0.00814014930913833,-0.0161367645389386,-0.0324317641893071,-0.035235324081756,-0.0334712740146253,-0.0429318383851403,-0.0666701011397792,-0.0851424276954512,0.00889986371230249,-0.0727559262483063,-0.0257024603900322,-0.164803772232451,-0.0731601629940602
553,0.0168107853857433,0.00223014933275375,-0.00875825677176108,-0.0234372602895457,-0.0345033579721123,-0.0385958824616789,-0.0350087626258512,-0.02437388754836,-0.0074283149997407,0.00458387867872825,-0.0109634881853666,-0.00510587338244725,-0.0240650093082774,-0.0543675233838697,0.0289666320075011
554,0.0334024086604583,0.00665284286715258,-0.0130506783842896,-0.0357528437300649,-0.0426275804008249,-0.0258973370498097,-0.000478205052543019,-0.000699142067759071,-0.0323237629379434,-0.0605346026304435,-0.0189777349343419,-0.0452399825657878,0.0541313434366526,-0.113569055808218,-0.0276412754295392
555,0.0275071998929424,0.016972233353962,0.00882920293325344,-0.00318954453484866,-0.0152467577793746,-0.0255871999020073,-0.0308517147519752,-0.0191786870936015,0.011657540047171,0.035949237638895,0.00550829349904325,0.0196198434926616,-0.0493532695869719,-0.0401513888135215,0.0405671004900754
556,0.0179132936682557,0.0068128422877356,-0.00161408040494497,-0.0122713242339301,-0.0179373343998634,-0.014860118657657,-0.00371233129943764,0.00285663488109239,-0.000378791254958456,-0.00523608091122152,-0.00590837387200911,-0.00215953039550414,0.0148926148947686,-0.0437066391867788,0.00862031168089951
557,0.0273273461617792,0.0250536045262977,0.0218750720224063,0.0125670345740983,-0.0063207764670855,-0.0345834921347813,-0.0572293439582831,-0.0446145670545628,0.00126679297337601,0.037922550205027,0.0241568210499832,0.00392374362236901,-0.115528984822782,-0.0379103199453527,0.0302877845176558
558,-0.00147914207530184,-0.0132278010822832,-0.0209276053859524,-0.0290342609501682,-0.0313671471033705,-0.0270182273649711,-0.024147287289412,-0.0342506997609636,-0.0589962131348512,-0.0784936978442205,-0.00905988334092324,-0.0699275494681544,0.0114233617226915,-0.0789539203948038,-0.0529524246607658
559,0.0501971622995031,0.0258806184916967,0.00758992870463899,-0.0175777567873886,-0.0389911648689339,-0.0518396839559594,-0.0527121897287572,-0.0358911338421841,-0.00179641996134698,0.0239760962878373,0.00913392966099813,0.00955880263108078,-0.0631541775871983,-0.104077541118232,0.0434362562178688
560,0.00336624719779537,-0.00347149217645135,-0.00864709284189003,-0.0159140569387604,-0.0224476209743491,-0.0268179100486996,-0.0265876277544991,-0.0181761382863813,-0.00148260172244418,0.0110571734487828,-0.00651602504983064,0.00321133045449644,-0.023115565068412,-0.018347525664968,0.0277363943038912
561,-0.00177745909753897,-0.00260498205162254,-0.00333895218623602,-0.00629172291113645,-0.0151745969236483,-0.0314849504479613,-0.0483129812059723,-0.0511211403066354,-0.041349173220618,-0.0321182874172811,-0.00387045949523736,-0.0399695081412083,-0.0683381684003148,-0.0386487239055512,-0.0251094582199141
562,0.00897025972977578,0.00157285765459875,-0.00437279777053176,-0.0140382749458347,-0.0257102406507347,-0.0384950053649955,-0.0519560704742049,-0.0610719736789944,-0.067084770345982,-0.0699853227525839,-0.00241233972359753,-0.0671235502825648,-0.0580417560380337,-0.0911794403128079,-0.0575316788134353
563,0.00872966600971911,0.001277831107186,-0.00428209228471988,-0.0114861078447753,-0.0163818116538709,-0.0173567491425843,-0.0156738344705704,-0.0136601541994413,-0.0118172674432073,-0.0107485497942357,-0.00413216786694966,-0.0113504871231815,-0.00890063963920955,-0.0342838605585845,0.000219209383519457
564,0.00953669842431716,0.00157442909062704,-0.00462290198637582,-0.0143093486020506,-0.0255917753558096,-0.0377186806481664,-0.0489942385131459,-0.0509819377454392,-0.0434013420234375,-0.0359928943661542,-0.00776489932315085,-0.040082494299428,-0.0543016343854027,-0.0700600357088337,-0.022676421953828
565,0.0142615971922931,0.00547034885328278,-0.0012259132318613,-0.00921843555127647,-0.0113504259224526,-0.00411457595053595,0.00752476766646288,0.0109153750012367,0.00512135627728423,-0.00106988035575857,-0.00285572840017218,0.00231402700512737,0.022077821905847,-0.0237629472454565,0.00793790022095866
566,0.0200467061943322,0.00741964990786183,-0.00237440734629167,-0.0162003746714962,-0.0253450046197711,-0.024074974078212,-0.0156971958743165,-0.0138418309588409,-0.0203131371126759,-0.0264308562825037,-0.0120528352239296,-0.0213786742144674,0.00136396108625629,-0.0743389906228974,-0.00972398808734201
567,-0.0392622114901176,-0.0274001402723576,-0.0182882440258826,-0.00707711431957949,-0.00367570115651431,-0.0136271076273615,-0.0305204371144111,-0.0317378265620649,-0.0138101657722345,0.00285157851810879,-0.0130903623289746,-0.00553389027409691,-0.035917396067013,0.0483889924348959,0.0105288081149233
568,0.0000793578800485101,-0.00489786178496785,-0.0087747403859478,-0.0150080022265416,-0.0228685290195093,-0.0321823835183679,-0.0417215490167126,-0.0447249281767676,-0.0399588127312917,-0.0345608536072114,-0.0116599851509808,-0.0362893731161237,-0.0378311766880778,-0.0552684049091174,-0.020173571012054
569,0.000264901171432863,-0.001003554478404,-0.002171591327903,-0.00472451758906458,-0.00916684303826312,-0.0158384535149499,-0.0295757549182096,-0.0552335670971596,-0.0950025940249582,-0.123026193323444,-0.00214698453664905,-0.102884492145774,-0.0267947521445295,-0.0965411555281574,-0.122904942930709
570,0.0544358061421205,0.0377464995134391,0.0247716906076265,0.00500303828924922,-0.0164571112061856,-0.0373500863890853,-0.0558535781495911,-0.0604130277929415,-0.0512741530714264,-0.0420421894220067,0.0220817102275524,-0.0489408253243131,-0.0950140780568915,-0.141330643252511,-0.0492317002196052
571,-0.017303140279678,-0.01805375733987,-0.0186909536319406,-0.0203141444247321,-0.0238840251879644,-0.0297689675249106,-0.0318386750471644,-0.0167729832031818,0.0178741893993486,0.0442998478325368,-0.0189663117124375,0.0270428566181167,-0.0253053114538275,0.0305057442051915,0.0675349753153608
572,-0.0138338121317263,-0.00170167528098471,0.00554867069375643,0.00827702130830055,-0.00619187561452559,-0.0403193520350077,-0.0775256495485308,-0.0864302016372294,-0.0678506861223667,-0.0483792397400501,0.00352117742525505,-0.0574384805259972,-0.130669080850864,-0.0367331136093494,-0.0560325797693381
573,0.0156164289031063,-0.00312700883720039,-0.0171260517798947,-0.0342885410446302,-0.0426054490125848,-0.0366300283110976,-0.0241072479763375,-0.0256695614645516,-0.0438902611092405,-0.0594321293796665,-0.0196614937701158,-0.0463579450713001,0.0145604007079704,-0.0935858643406646,-0.0270508406287611
574,0.0393474203963848,0.0281064989492118,0.0193566922473653,0.0057988079140967,-0.00958700696832293,-0.0255877389891538,-0.040565224520065,-0.043116394281964,-0.0320900795415495,-0.0216876393608249,0.0156741820797125,-0.0292972062117428,-0.0723638301002343,-0.096748945027978,-0.0288582906443869
575,0.0658096078449801,0.0328676500823574,0.00740609566338856,-0.0272358969694651,-0.050374258404949,-0.0502588811578253,-0.0301425738043796,-0.0164264327186369,-0.0158738701051161,-0.019285274799749,-0.0105470103741528,-0.0170284460621497,-0.00951560374160478,-0.152288886422419,0.00989893971293816
576,0.0160854058332969,0.00863231662020249,0.00279438191837701,-0.00683552692406312,-0.0194479012184683,-0.0345977601369125,-0.0470792782406229,-0.0439147856273226,-0.0258213180098925,-0.0108504966421278,0.000560137109506247,-0.0240034210663136,-0.0680382276738744,-0.0562708306909665,-0.0029641116131038
577,0.00204807752873209,-0.00404988920236879,-0.00872266069404597,-0.0152947047719525,-0.0210414832516995,-0.0247342625215682,-0.0287040363722446,-0.0368836848432572,-0.0504404993293307,-0.0601902741480378,-0.0106423415062136,-0.0527187923961416,-0.0182681000413864,-0.0635955260517272,-0.0468980328527632
578,-0.0269380939063978,-0.028881263240235,-0.0305432363814939,-0.0335436514484905,-0.0377123408366511,-0.0427141979554905,-0.0441994622470018,-0.0334252529157403,-0.00822794732952781,0.0116191736084398,-0.0299454031068622,0.00498998601856155,-0.0224116384349833,0.0124616771721962,0.0473473045681225
579,0.0139180081838524,0.00608752345448978,-0.0000334953835558734,-0.00967242158300893,-0.0209538645276086,-0.032842304758543,-0.0418077034256467,-0.0392322681782789,-0.0251757149991546,-0.0131857807923751,-0.0014732940549171,-0.0193841413457915,-0.0526049397066933,-0.0562190721335107,-0.00330112977612611
580,-0.0175954186148473,-0.0208577006181603,-0.0232407337351232,-0.0263540057415723,-0.0286880199751954,-0.0301889131735673,-0.0353848351444986,-0.0485966938702667,-0.070339427782779,-0.0860030667238932,-0.0214622040530974,-0.0749197277660226,-0.0209481275427458,-0.0505492810665185,-0.0642750246554115
581,-0.00776118557736676,-0.0107963851863711,-0.0135569201684814,-0.0197756597780597,-0.0310768852834426,-0.048155340385869,-0.0670189386926602,-0.0702048755040363,-0.0556003645569725,-0.041729309229778,-0.0140611383062579,-0.0527604865497783,-0.0731031529909758,-0.0570961932433704,-0.0229953235340603
582,0.0383731647479838,0.0166113945089604,0.0000778821350030552,-0.022038152194568,-0.0382688416574177,-0.0433660996998537,-0.0392831356989051,-0.0309275568486799,-0.0198420549904315,-0.0123188634927022,-0.00107384820293994,-0.01785471503331,-0.0362074929005819,-0.0978779699100653,0.00933201036702445
583,0.0258380609309487,0.0160836832192052,0.00854197279342004,-0.00272389547624322,-0.0144327856116348,-0.0251049368494302,-0.0346948344380418,-0.0401352779041204,-0.0425098936475392,-0.0431489700512215,0.00943987163440508,-0.0426412005563581,-0.0500713820232495,-0.087432214673398,-0.0420567122404193
584,0.00489866446779229,-0.00299708668712404,-0.00912147767308894,-0.0181278926687012,-0.0263000471322392,-0.0314793351622973,-0.0340225128316847,-0.0367054326767059,-0.0413620285377104,-0.0447386631382753,-0.0176441791649195,-0.0420748086794269,-0.0217012476515909,-0.0683882573022579,-0.0271721282148098
585,0.0148771111921464,0.00649670314756588,0.000124039899019808,-0.00881143656941059,-0.0167241602766358,-0.0220975342010982,-0.0277861601375724,-0.0377490449087957,-0.0533921357774582,-0.0642982168612008,0.000670683051952673,-0.0541390897964574,-0.0245909235240144,-0.0853997498560827,-0.0578589907763142
586,0.044390031463274,0.0218029281646731,0.00431130652112828,-0.019369018907113,-0.0331909810904709,-0.0277732602902533,-0.0122287837908498,-0.0136110860116082,-0.0340148996235609,-0.0512960226460313,-0.0066610825171734,-0.0371186361761631,0.0107125043784708,-0.127477018167677,-0.0328669755809693
587,0.0226276459892595,0.0107716804745468,0.00158715842997676,-0.0122123656776162,-0.026732124822225,-0.0400587887675872,-0.048350404673098,-0.0416997505126781,-0.019496386739141,-0.00160300427444222,0.00367500671508513,-0.0125026876534913,-0.0618736069624934,-0.0670872659005368,0.0108444193416342
588,0.0017689320468645,-0.00708264049495883,-0.0128535143010573,-0.0189750902516584,-0.0209811283457617,-0.0182421428845899,-0.0196265952567499,-0.0383376368012376,-0.0770144529129943,-0.106198426490985,-0.00377483350681384,-0.0893073014545629,0.000259463541465723,-0.0944039478816486,-0.0937209353988834
589,-0.0259644258271082,-0.00656876204562637,0.00824548584961155,0.0252541477075815,0.0261556053983073,0.000320274542445311,-0.0458557964502329,-0.0664081575581488,-0.0478281549365813,-0.025294822610072,0.0171467503599228,-0.0375361641929717,-0.105716155048939,0.0160453595211219,-0.0549224501930492
590,-0.00220836027103666,-0.00399547574281573,-0.00589345271751469,-0.0104834525423697,-0.0188713137324731,-0.0302652567584588,-0.037303698978738,-0.0287061924933028,-0.004477898863785,0.0147805764397563,-0.00437423708933457,0.00322243071110979,-0.0518363754524747,-0.00615621867295227,0.0264741249501235
591,0.0398921356298823,0.0210828408199125,0.0066324437783187,-0.0137944917714143,-0.0318106862206805,-0.0434694109223619,-0.0493397788577911,-0.0491514244662333,-0.0446533434897096,-0.0407687417458159,0.00169354020790363,-0.0436671774408235,-0.0565556485476866,-0.124252405440676,-0.0282812453387363
592,0.0197036619821896,0.0130132939943944,0.0076403141510709,-0.0018875299480775,-0.0156056322488508,-0.0333957836472861,-0.0508930935932643,-0.054359897527885,-0.0424283796848284,-0.0303922130441706,0.00705755763341369,-0.035174145235056,-0.073544279937809,-0.0791487179931599,-0.0292990803900326
593,-0.00494298226788064,-0.00381796193306809,-0.00411117549014253,-0.00775352884471864,-0.0176258857607296,-0.0344827250823847,-0.057038013701223,-0.0709050928503629,-0.0729742880025126,-0.0707284421819355,-0.00377883528219233,-0.0722068112232531,-0.0731193521178024,-0.0657416174238861,-0.0671470997701412
594,0.00345288263117083,0.00227030128608978,0.00120621258674419,-0.00116399763417312,-0.0054435778608234,-0.0119555752291953,-0.0226782863225493,-0.0382836499807881,-0.0610045551408776,-0.0769743410706919,0.00123430603532377,-0.06880994776437,-0.019871268596147,-0.0698377804031744,-0.078484151937411
595,0.0204930065182484,0.011067683727942,0.00403726487285621,-0.00555899701057066,-0.0136433280313621,-0.0186025355928079,-0.0213373852524271,-0.0222898105712959,-0.0222577884619755,-0.0219604694266075,0.00771058513504867,-0.0221237606344881,-0.0295884812675985,-0.0584666912361691,-0.0179721273653843
596,-0.00214274676635912,-0.00141082128042959,-0.00243268381256854,-0.0103033002264125,-0.0322293057882978,-0.0654013810110118,-0.0884909081149696,-0.0746570982967128,-0.028476312792794,0.00846130793998603,-0.00156904146463174,-0.0218683293756824,-0.13162669663694,-0.0339205571858527,0.0234692313645447
597,0.0077066623394337,0.00496148809967208,0.00299994315094298,0.000864795215697994,0.000470006264959169,0.0026060306210374,0.00243005261708518,-0.0125095662629136,-0.0460089205599755,-0.071580723771622,0.00283646571469603,-0.0530492877272275,0.0127535044414687,-0.0585212838986137,-0.0753114153433629
598,0.0233453280502747,0.0235024032054685,0.02235324924087,0.0159279289038865,-0.000727780014358519,-0.028910957198834,-0.0589148008006145,-0.0631025553980079,-0.040582674439871,-0.0188420902705895,0.0231373777353293,-0.032336502938893,-0.118653971483347,-0.0669487085576781,-0.0359197879504203
599,0.0179695024730357,0.00846674528041913,0.00174432789724124,-0.00595439588641735,-0.00897269730391439,-0.00604896440684611,-0.00553679115215141,-0.0186571531274722,-0.0465875748857226,-0.0678180850023044,0.00472357093187585,-0.0544024372125008,0.00251290610432833,-0.0768978405727064,-0.0662105779506722
600,0.0364191230923998,0.0204893438625593,0.00825125469693481,-0.0079464976339191,-0.0181589481200171,-0.0170349687411481,-0.00767390390522434,-0.00849363369805509,-0.0279166172819508,-0.0455972985465,0.000243617433587671,-0.0377208866774874,0.0118112706091254,-0.106689045576742,-0.0376683182703485
601,-0.00224969537762971,-0.00397184316917994,-0.005368879656183,-0.0083737037491237,-0.014175166669786,-0.0235614351990774,-0.0372322270744035,-0.0514788454963339,-0.0667939040718839,-0.0764225075483827,-0.00603788724395926,-0.0709432782236983,-0.038631629156852,-0.0677710190643518,-0.0710933765625833
602,0.0482562256095199,0.0152691884175604,-0.0086337128167404,-0.0378884243873654,-0.0542820587412275,-0.0515253786668562,-0.0370074954593856,-0.0236725792860594,-0.0131329743264438,-0.00752992923804082,0.00399875812160864,-0.0106037804570255,-0.0113123199092361,-0.121035430886842,0.029158996460052
603,0.000406106483224494,0.00685088549958361,0.0110812222044309,0.0135324738448029,0.00711409645314433,-0.0107558619089435,-0.0287484973509529,-0.0213440498464227,0.0110036839854868,0.0376975213685353,0.0110639422900198,0.0173710826127982,-0.0701789329604331,0.0191975549708209,0.0264667143129165
604,0.0280345114051931,0.0143273296519204,0.00385204093249611,-0.0108725572599226,-0.0238436252896201,-0.0323050766687585,-0.0368496471005113,-0.037796215253441,-0.0363857005223269,-0.0348425363923455,0.00331457209566193,-0.0354647755851854,-0.037106993465533,-0.094662573092719,-0.0249731822185895
605,0.0151695687622341,0.00998399366594649,0.00596975780658185,0.0000422420324669957,-0.0058705913024927,-0.0109377111902612,-0.0166925908211648,-0.024013778453488,-0.0336411441684033,-0.0401302792286106,0.00444822212010375,-0.0345083025954402,-0.0278256274586919,-0.0546248685993205,-0.041562091714053
606,-0.00517307190660216,-0.0122290275412984,-0.0173645690259447,-0.0235330831695312,-0.0265397476466496,-0.0247673382595844,-0.0213632782581697,-0.0227041315449123,-0.029523826343247,-0.0353235958208652,-0.0165162730520161,-0.0325622211965418,0.0000297050740910102,-0.0345285351110004,-0.013726887852646
607,0.0470429028023979,0.0286364389534968,0.0143957337092678,-0.00616692785439412,-0.0249904240438035,-0.0380335292062008,-0.0425981523223327,-0.030973070156858,-0.0022094139009211,0.0203362300460475,0.00436497199284005,0.00634632445315467,-0.0619797369335855,-0.0922560799652919,0.0277279917908679
608,0.0337113355096558,0.022322795628985,0.013536964817275,0.000931112968412872,-0.0105968853558167,-0.0186437068342202,-0.0197079446373367,-0.00526591879836426,0.0264134018218523,0.0508751294407999,0.0084158507395385,0.037616200302073,-0.0376715539705234,-0.0357256267293101,0.0520325332294126
609,-0.00604524499140702,-0.0069683302860683,-0.00785133718441907,-0.0101469838063074,-0.0148624723630298,-0.0224552802098179,-0.0331971399251893,-0.0440815724082728,-0.0557490301492306,-0.0630764755466294,-0.00803585550104489,-0.0548540574142929,-0.0372686589422035,-0.0479788020103994,-0.0537130105403787
610,-0.0325225169038753,-0.021252446533783,-0.013223547784234,-0.0063775294695718,-0.0123121382511745,-0.0358329832262736,-0.0668908216594451,-0.0797694025100207,-0.0751840993565416,-0.0675991858371939,-0.010433259593889,-0.0733352910977979,-0.090456629074118,-0.0217745065580537,-0.0623078668903188
611,0.00102316387950123,-0.00416239396173378,-0.00824031573774785,-0.014595991884321,-0.0217675877362241,-0.028649390378736,-0.0290765354066753,-0.0131699596771712,0.0196466038168024,0.0443302905016691,-0.00703199081100006,0.0265730205885608,-0.0337738017115727,0.00834317333001765,0.0614302684044742
612,0.0182517150155296,0.0144821370854961,0.0115582252855895,0.0065954219363169,-0.00433927195698653,-0.0264973450866769,-0.055424747162739,-0.0562632590552825,-0.0245781816178073,0.00351329731126919,0.00711593973022338,-0.0189256846087239,-0.0975578521553185,-0.0602806860073713,-0.00604515189163401
613,0.0169279662180442,0.00295716470268064,-0.00758091413161363,-0.0223882354413581,-0.0358255494246407,-0.0454100317329588,-0.0498716674076886,-0.045663703096806,-0.0332741630717973,-0.0233205961509312,-0.0035280794121175,-0.0298161736636178,-0.0481684619008871,-0.0778966227134646,-0.00174998468133136
614,0.0570548228379138,0.038386038158763,0.0239215753649855,0.0025000551252015,-0.0189469937061119,-0.0371498662279906,-0.0516844881489513,-0.0567970428462944,-0.0533414233513058,-0.048645879776537,0.0150871531638586,-0.0515529582863345,-0.0810698681816228,-0.154702543359943,-0.0530747489514969
615,-0.0102998701094221,-0.000212943129661995,0.00667969661186295,0.0136793920041894,0.0140091501572066,0.00498765683172235,-0.010447474813426,-0.0187802086786781,-0.016896990648226,-0.01275784823062,0.00448019923285418,-0.0152707228096025,-0.0346191304724552,0.0120629339615186,-0.0274155748330798
616,0.00859736548185962,0.00197924151486408,-0.00332381834068787,-0.0123219426321826,-0.0242443897808398,-0.0382951119379498,-0.0478725805184809,-0.0391233417630998,-0.0107102152333768,0.0126474543258792,-0.00345972109457374,0.00177780232129835,-0.0613478559151327,-0.0341453324840405,0.0263619237083599
617,-0.012818712611641,-0.0231679286141147,-0.0300966434634552,-0.0372762615093978,-0.0385330626493331,-0.0320124131322785,-0.0210422843842973,-0.0136745378651208,-0.0103635793014764,-0.00948949581641207,-0.024113075292169,-0.00999932586861237,0.0134419558999042,-0.0135206008786833,0.0263781955910222
618,0.0303457888127115,0.00403271835399951,-0.0145979145592783,-0.0372986615571678,-0.0508005927882353,-0.0502151032487057,-0.035826993363785,-0.0118924786361112,0.0208535852585215,0.0433055542215258,-0.0029806830833169,0.0290317329444781,-0.0109365154049753,-0.0608000677927036,0.0827486348511309
619,-0.000939229723975293,-0.00220163523091652,-0.00318083301552889,-0.00539672505963129,-0.0141428114398934,-0.035230677180848,-0.0664347914425056,-0.0741921547509169,-0.0499889015837262,-0.0267337118524286,-0.00509333326963785,-0.045372375024935,-0.0996121146415178,-0.043013643920162,-0.0258731431762384
620,-0.0175603353696176,-0.0161654328773849,-0.0152537648250364,-0.0151369012228307,-0.0181678019616455,-0.0254488901378534,-0.0357221942788087,-0.0428321912180304,-0.0467027391497637,-0.0482515238412375,-0.0151526227585229,-0.0469621554913518,-0.033055124994412,-0.0238206661257185,-0.0339309757425201
621,-0.00240731834315415,-0.00279306395014027,-0.00373353745946051,-0.00832657355662026,-0.0204254221996117,-0.040546892032096,-0.0552063422449097,-0.0389599984729357,0.010825779442908,0.0514721718778818,-0.00369459820846476,0.0343571226968511,-0.083421926343261,0.00809253300873079,0.0637073193846878
622,0.0456492082000007,0.0238051149520347,0.00707176992798117,-0.0159378684357309,-0.0342972932900121,-0.0428095994549904,-0.0433465928425763,-0.0400903663396649,-0.0351025858965958,-0.0316173087442514,0.000621491307989233,-0.0344310590952699,-0.047256137335077,-0.123633387195205,-0.0165416746627414
623,0.0524599869004586,0.0309430078735742,0.0144614335448796,-0.00904274926895703,-0.0306793392418061,-0.0460839992513081,-0.0501314524461357,-0.0335872296939068,0.00265103721654494,0.0302710545148228,0.0119453410204024,0.0120292938692953,-0.0757458120889756,-0.0941387792059197,0.0410692149422955
624,0.0447642415208712,0.0271585289693855,0.0136022317980447,-0.00533713630741118,-0.0210149638250172,-0.0291906013934729,-0.0333923268039266,-0.0413803959126173,-0.0558404653786006,-0.0664689672453707,0.00750987754616981,-0.0580896387734634,-0.0409339415733542,-0.136115624858209,-0.0636298411857049
625,0.000318246888092379,-0.010441606631327,-0.018677263109953,-0.0306081904149147,-0.04217862850675,-0.0512209215165932,-0.0534781340094343,-0.0421093951096589,-0.0174845212995478,0.0012105834136214,-0.0159822547356592,-0.0121987113999963,-0.0451552716796834,-0.0390837834787752,0.033009361264991
626,0.00430640857564132,-0.00404118151165716,-0.00917604501399859,-0.0139634654020279,-0.0141049156748829,-0.00930546157218337,-0.00356704182564569,-0.00316248057010027,-0.00972973274409496,-0.015861865125957,0.00465108185626091,-0.0132922748788131,0.024042507117727,-0.0331004617974014,-0.000822945997178634
627,0.00585984260142252,0.00558265117579564,0.005385342180565,0.0051440043575389,0.00500019724022828,0.00487486461073089,0.000961833414939849,-0.0127374318733367,-0.0372976369126189,-0.0552497100526111,0.00549558541998287,-0.0417555863978931,-0.00529520967261963,-0.0387026639830654,-0.0640919482050208
628,0.039542640312634,0.0248271317897579,0.0137904126782657,-0.0010382960552287,-0.0126605783304656,-0.0179989163749277,-0.0196947423685494,-0.024682178192344,-0.0361062713953432,-0.0450042523402512,0.011565325212896,-0.0398274291969011,-0.0255888432259953,-0.105478790812001,-0.0457107082287632
629,-0.0233207521595466,-0.0144145464577223,-0.00922370511910855,-0.00646380548588187,-0.0133582480662986,-0.030943007425366,-0.0480453839322912,-0.0441615888114571,-0.0173725199908179,0.00553340274487778,-0.0140680413286611,-0.00558100237598823,-0.0752957889736771,0.0230045334699994,0.0122271858962747
630,0.0306855456615834,0.0119342177563746,-0.00248284678223989,-0.0224031666982456,-0.0382550903908547,-0.0454430391433986,-0.0448890461027596,-0.038503576266892,-0.0276521030226012,-0.0197263333448765,-0.00785928198729348,-0.0245670674624933,-0.0394808806280649,-0.0969598122173425,0.00255773085322196
631,0.058794607638976,0.0273147090448412,0.00289710660046,-0.0321049611053274,-0.0579938725316328,-0.0619636274630328,-0.0477271586974685,-0.035745688547995,-0.0314930235835292,-0.0313593157929699,-0.0251688175794485,-0.0312851921604886,-0.0269891419753439,-0.162737764653538,0.00209426421966924
632,-0.0511180683113212,-0.0319828614810231,-0.0174960245634367,0.000062956299458336,0.00671194804282409,-0.00401446248362073,-0.0232045365178555,-0.0290385801216786,-0.0184163365730272,-0.00687981233104661,-0.0157248980205917,-0.0117580291752352,-0.033989863239435,0.0703000657270311,-0.00634508252944191
633,0.0395698141979836,0.0171234376272789,-0.0000798938304437113,-0.0236589851184098,-0.042141121830449,-0.0499642572594398,-0.0489052464579541,-0.0443211365671106,-0.0386250545794213,-0.0348693248673656,-0.00678053364836374,-0.0373308592073733,-0.0432767350127798,-0.123735071410173,-0.011799118258733
634,-0.011762441611524,-0.0129090504335585,-0.0129789803803861,-0.0110589439311228,-0.00541039514173836,0.00282388286185691,0.00810140723767434,0.00340889750412354,-0.0108820962151615,-0.0225589626103359,-0.0125436997089418,-0.0174977195726321,0.00907266976957058,0.00738324912007269,-0.0185708507179275
635,0.00610214374612595,-0.00296649618248538,-0.00971987054317923,-0.0185248298928111,-0.0247268600017834,-0.0262889427012862,-0.0247639200201875,-0.0247928247140575,-0.0284269912082554,-0.0317213674419753,-0.0101895900518629,-0.0299335719709596,-0.00750949682264229,-0.0538447166741734,-0.0138796348295515
636,-0.0196114642196895,-0.0240916405625908,-0.0277176681774708,-0.0342214449024416,-0.043671298754216,-0.0561194882564875,-0.0650237226038803,-0.0508511398639911,-0.0131330337185345,0.0151306393189823,-0.0295001260518653,-0.0145557525473753,-0.0578977841887321,-0.00460987207536799,0.0530582764883659
637,0.0581766575038575,0.0398161958436866,0.0255752890205298,0.00495654556999387,-0.0121445743590605,-0.0197993021436036,-0.0217931915328577,-0.0296230320738713,-0.0464767904003484,-0.0593605703500334,0.0100002453331943,-0.0499439413994356,-0.0385274092513321,-0.142855983931145,-0.0663905032236938
638,0.0262859703864766,0.0118120482850921,0.00109936806911403,-0.01282697654304,-0.0226956511799545,-0.0254922018236786,-0.0221188394082384,-0.0150592348948376,-0.00515868425068127,0.00171352608614796,0.00342061098979165,-0.0021203914690446,-0.0229608717152379,-0.0561425513554456,0.013822934613113
639,0.00636592481019727,0.00578580203795284,0.00463504623984514,-0.00200970872640511,-0.0212190057868828,-0.0548470879327289,-0.085880361914677,-0.0810940586439115,-0.04366246264915,-0.0122432736705976,0.00479292411044415,-0.0407294887292499,-0.132172048549419,-0.0591650890159682,-0.00709526247932911
640,0.0431809910195974,0.0190941534548466,0.000538053872654553,-0.0253581407392267,-0.0465910921273244,-0.057071920860423,-0.0552377899769742,-0.0409297686835269,-0.0156545929779532,0.00257192217627173,-0.0114195305089246,-0.0130217358879816,-0.0523013045168365,-0.112542978632903,0.0293337380712534
641,-0.0257361886834363,-0.0360946908423123,-0.0425894298242223,-0.0484789523453795,-0.0476656583100343,-0.0383665006164971,-0.0246818046386437,-0.0210458581596588,-0.030937986088587,-0.0412483844855473,-0.0404852806522082,-0.0382606247440116,0.039060458952713,-0.0263608181137348,0.00744655574140776
642,0.0284584067981718,0.0170964239006142,0.0081878194169339,-0.00627253810960461,-0.0243998656564085,-0.045369943607534,-0.0650128292135943,-0.068304411270002,-0.0549448167060551,-0.0422230675951558,0.00388949750924309,-0.0515120045038835,-0.0920215970904556,-0.108404785979602,-0.0373312277372696
643,-0.0477461648108956,-0.0316978384036452,-0.0197677436607602,-0.00629499034257879,-0.00377009347755756,-0.0174384918595866,-0.0375550039463263,-0.0422953820962279,-0.0297160429634696,-0.0170961596445114,-0.0181008094616387,-0.0238555617003149,-0.0456690024283612,0.0468812539582296,-0.00995823241403148
644,-0.0191742167865376,-0.0315613827821475,-0.0396119488710076,-0.0479042322304206,-0.049834692473634,-0.0439667170791454,-0.0344613816317377,-0.0286277595809168,-0.0259748492622419,-0.0251712088031919,-0.0286513931166119,-0.0259928878925572,0.0113565034236343,-0.0294387068316719,0.0207359369584744
645,0.0222756355280954,0.00824263041356675,-0.00260375611949208,-0.0181112674786325,-0.0318546780327237,-0.0407157464718958,-0.0455018016967443,-0.0463207367393799,-0.0445583839205277,-0.0427830156887408,-0.00893411796184018,-0.0442774328966049,-0.046019950086243,-0.0925754800336876,-0.0252769405508598
646,0.0028513885270386,0.0000582561316954692,-0.00210024987808913,-0.00533044900513628,-0.00870629404681878,-0.0118380737847164,-0.0183834256693338,-0.0374125686987282,-0.073172623677829,-0.099544562984998,-0.00187551738554934,-0.0821873031713415,-0.00532531533335658,-0.0831103116220248,-0.0974890034396469
647,0.0102880478195426,0.0059889892976406,0.00259385092270829,-0.0028687926533473,-0.00946813159239653,-0.0167604551095647,-0.0243383463559711,-0.0289482986896783,-0.0308134841109954,-0.0311259930711966,0.00246216058319637,-0.0310167816382455,-0.0309936760263395,-0.0502452022549939,-0.0295276056507033
648,0.0032914662840276,0.00165716899613323,0.000220292054725289,-0.00283963823316032,-0.00815112363141497,-0.0160516236651388,-0.0267029513342222,-0.0348129139769395,-0.039547967729877,-0.0414329071207491,-0.0000415125988283333,-0.0403124350899969,-0.0300245726406783,-0.0489684734947286,-0.0402244391721218
649,0.00143340713119886,-0.0163694807653014,-0.0286388744129543,-0.041528319961155,-0.0434668219591714,-0.0299706896054247,-0.0139016582976765,-0.0335791728254377,-0.0978506191061939,-0.149143185131194,-0.0234528950597691,-0.113303236886695,0.0538380134480294,-0.127931416225972,-0.112295853789291
650,0.0476408113596344,0.02714032452374,0.0113083645884915,-0.0108123438583958,-0.0285275167885294,-0.0363456927244391,-0.0348265893494216,-0.0265569709121996,-0.0131592914519311,-0.00352084811390199,0.00256949569156454,-0.00917949894179135,-0.0424499004792169,-0.103949583197314,0.0076596202903801
651,0.00900809364601971,0.00916957937152552,0.00836001191537234,0.00442676183813378,-0.00496299978088618,-0.0204711898611556,-0.0410701133427529,-0.0535956769932515,-0.056089783034292,-0.0549645783803111,0.00882231239872931,-0.0559137404777485,-0.0646664994832038,-0.0666070578594887,-0.0619846354215597
652,0.0235344866218998,0.00969642529488629,-0.000955876156344012,-0.0154103894491118,-0.0257373761874061,-0.0279904634995707,-0.0232669830801695,-0.0151219417422084,-0.00454402215954604,0.00258342843216695,-0.00412892050446086,-0.0022615198317403,-0.0186943403513052,-0.0542183455487235,0.0185703646288657
653,0.00683764331672634,0.00041582702460452,-0.00457104361884758,-0.0121909379511613,-0.0205720588888729,-0.0288351036579804,-0.0340706137450149,-0.028289484085329,-0.0109102123010007,0.00288241190114431,-0.00626480721473669,-0.00657069516468669,-0.0373232793948535,-0.0327881507668059,0.0158096192032229
654,0.019886191897427,0.0160797234311788,0.0126816640027116,0.00554721933834661,-0.00648357744680826,-0.0235580270118107,-0.0394750617003605,-0.0371598542505465,-0.015000700681386,0.00426403281296577,0.0131597723199006,-0.00677582790458334,-0.0733792252975681,-0.04438705144509,-0.00119921437439428
655,0.00865715629932446,-0.000312598660569632,-0.00731692341485753,-0.0187211790308947,-0.0333753065600286,-0.0508314755044709,-0.0638094500344461,-0.0523589571075438,-0.0147735782636502,0.0149077103066247,-0.0120444667134844,-0.00969756387717013,-0.0774206315482794,-0.0459353430241052,0.0354033661903518
656,0.00783287050553466,0.00601939160447348,0.00449123236103439,-0.000328014412087385,-0.0133281924854173,-0.0376541728233903,-0.0667577049630513,-0.070530426270614,-0.0437629517598155,-0.0185397739137375,0.00280074167456191,-0.0343562210341067,-0.103841522573335,-0.0589758059637121,-0.0197670096922982
657,0.039557855773868,0.0116717719724651,-0.00882605878222015,-0.034734040906154,-0.0511514094561148,-0.0517483939427335,-0.0390607080303099,-0.0231467151703997,-0.00611001487531969,0.00457392769107054,-0.00505625800797567,-0.00210889563745266,-0.0165488692334131,-0.100375217064911,0.0399572434668641
658,0.0130431644311678,-0.0043488532530377,-0.0174783450407923,-0.0350112656002204,-0.0481278121365321,-0.0527043958905004,-0.047915883575862,-0.0358606104935925,-0.0175741292446878,-0.00459863561801615,-0.0195217650689804,-0.00962441359570109,-0.0237558537612804,-0.0688461813037456,0.0320715771584748
659,0.00282065292487866,-0.0217336113192312,-0.0377565116888754,-0.0536806325098648,-0.0551420346787874,-0.0382254619203726,-0.018621399342342,-0.0287080569029077,-0.0698775767781375,-0.103369203025341,-0.0219936709078606,-0.0781145365472651,0.0491039410560777,-0.11315531240222,-0.0559473859288013
660,0.0111821774686711,0.00992149856915401,0.00858344323318197,0.00324878001870751,-0.0111452077028482,-0.0366972528867535,-0.0635751206059396,-0.0659135885007613,-0.0429178367189609,-0.0215838462670399,0.00820213810064408,-0.034316876274366,-0.105877951779112,-0.0586889307453807,-0.0249806824077927
661,0.00508227548770391,-0.00715545732644537,-0.0158610125330431,-0.0260716197466351,-0.0307697488151449,-0.0270869958040506,-0.0155226650068819,-0.00188927586165959,0.0128350787952792,0.0220980325295477,-0.0124572110506701,0.0181898489691062,0.0122484868234735,-0.017972289944335,0.0501239852446735
662,0.0700306285628259,0.0437306679154312,0.0235654993589761,-0.00507387097208673,-0.0309809507275412,-0.0487304541726344,-0.0549565684868409,-0.0433941831747378,-0.0163629459719886,0.00448742062829676,0.0192024040137534,-0.0107308405102918,-0.0883564773564385,-0.138310592360224,0.00981373259699138
663,-0.00081047312019227,-0.0144439267182946,-0.0244726672347327,-0.0356938874489452,-0.0378798683840841,-0.0263533857050602,-0.00758983132288905,-0.00255934486781969,-0.0148723648518558,-0.0271008553840956,-0.0255193814613325,-0.0174982129531565,0.0413888703355851,-0.0384228842989882,0.00848158001583865
664,0.031518300733725,0.015835488906298,0.0039524926604056,-0.0118999669517775,-0.0235313025663067,-0.0271540843514259,-0.0245737541612633,-0.0210837032339075,-0.0183562023312514,-0.0169183883255276,0.00104303905509199,-0.0177033271906799,-0.0232065353712385,-0.0803863596322308,-0.00568136613841674
665,0.0279399385791591,0.019078771611605,0.01200448104463,-0.000978390426370216,-0.0211438553322231,-0.0495796685293902,-0.082650958370937,-0.0964756646455801,-0.0857397422278749,-0.0716326282868573,0.00864753381468038,-0.0784608301788222,-0.122148418248165,-0.135688019379569,-0.0741663316119742
666,0.011558925158691,0.00253055306869896,-0.00440620875292951,-0.0146921131340153,-0.0252757320513752,-0.0349421736273987,-0.0461764980592704,-0.0597537895004312,-0.0772225454052171,-0.0888512661641084,0.000605301856458393,-0.0786325416083915,-0.0506429754574911,-0.10339768483598,-0.0780362831195372
667,0.0182315670567298,-0.00691171803145666,-0.0258523580530315,-0.0478338362673064,-0.0528824482557527,-0.0330527620095891,-0.00683712337802921,-0.00696026553235792,-0.0335771814215403,-0.0576225463582752,-0.0294592620027535,-0.0435860885135881,0.0554589595978874,-0.0902801882951445,-0.0137266959048585
668,-0.0139098693959232,-0.00733722470821836,-0.00234432880940172,0.00174050576027223,-0.00582391630274139,-0.0296332345832648,-0.0584745795835424,-0.0703052187571466,-0.0671750115465672,-0.061417785945826,-0.000341913878265582,-0.0664861740790564,-0.0927364149363275,-0.0364299971429128,-0.0627180967711453
669,0.0417905328816915,0.0349472437527998,0.0292506505191987,0.0170289503956798,-0.00552662465913015,-0.0397092367075331,-0.0688322287089229,-0.0534296771561602,0.0098290117914991,0.0624982260109996,0.0267837192548911,0.0333844873077469,-0.142872076839605,-0.05300274240222,0.048772790030548
670,0.0219255575594014,0.00880950465508171,-0.00136409635992591,-0.0158936564088933,-0.0256264277147398,-0.0241480583486033,-0.0129691168454305,-0.00337782736869472,0.00277275731351876,0.005526574064296,-0.0135973223396507,0.00356082318711516,0.00133703346186105,-0.0495738084282924,0.0233455047563027
671,-0.00434908305196578,-0.00266704302752081,-0.00197655149225642,-0.00367518933555248,-0.0115451929637931,-0.0271051978203086,-0.045377207978714,-0.0469763642087404,-0.0267781042367985,-0.00819113934064405,-0.00197641917366559,-0.0189076860453123,-0.0648690059743584,-0.02285827046839,-0.00493543370157686
672,-0.00892605947957028,0.00023987548551138,0.00719083033715716,0.0157322285926613,0.0193544233742702,0.0146584705981073,0.00261245467532546,-0.00745466685954075,-0.0131903628771663,-0.0153963125444899,0.00966285186849596,-0.0142054026708267,-0.0151122223926834,0.0126362369671817,-0.0327986448701883
673,-0.0034068558869854,-0.00596484120551269,-0.00762804424308202,-0.00929559730804518,-0.00951944433929195,-0.0081705904455287,-0.00825448564183121,-0.0137161750361459,-0.0248622530215148,-0.0333495720647708,-0.00541623317486292,-0.0280321527008172,-0.00304321130735612,-0.022685610688223,-0.0276828045527043
674,0.082412540369654,0.0508595578945567,0.027533586235408,-0.00211775186141359,-0.0210719183639229,-0.0218039361429353,-0.0113717393930516,-0.0155402034912116,-0.0430742534423331,-0.0669988918539254,0.0241950418246883,-0.0554203031300856,-0.0106234138733432,-0.186669068475899,-0.0680891295851647
675,0.0373897479576044,0.0223513803675155,0.0106931562006206,-0.00610649096094206,-0.0205322014933346,-0.0284785283727683,-0.0321024242831111,-0.0362535746219744,-0.0428251161064974,-0.0475347984639808,0.000639349669518844,-0.0441861450341869,-0.0411192968630043,-0.106192206024428,-0.0433759893543777
676,0.00990359919315778,-0.00314775023321,-0.0129473759331738,-0.0248968570099663,-0.030202122147801,-0.0245671424573518,-0.0132919939064883,-0.015557497553517,-0.0356384113570328,-0.0528944738115492,-0.0160223314871529,-0.0413456096488242,0.0207188536706053,-0.0711727979059134,-0.0290362699109815
677,0.00466295844628541,-0.0169211893599458,-0.031738136412735,-0.0487481644588129,-0.0567228375628328,-0.052294689098787,-0.0414462220043063,-0.0359909069881673,-0.0378383244980261,-0.0411723760545558,-0.0176423607855772,-0.0395465290023823,0.0136203212815031,-0.0866151378591205,0.00805068660996447
678,0.0121745945178273,0.0039137512993007,-0.00235466088573217,-0.0102936186552592,-0.0145774622842804,-0.0128629959627062,-0.010239585572104,-0.0164739832846535,-0.032642577398975,-0.0449663286354287,-0.00383100193457886,-0.0349106055500186,0.00166365483830765,-0.0591719606320162,-0.0367629070663944
679,0.0177800264630758,0.00000349888560762478,-0.0128942821269427,-0.0285888463263507,-0.0370398521254819,-0.0344920230101951,-0.0242540993147904,-0.0136058390963931,-0.00316018262815362,0.00314069638953028,-0.00994371580178588,-0.000692508392479937,-0.00158211596810407,-0.0533052755830223,0.0317312335373093
680,-0.00115430213259758,-0.00920522749459635,-0.0153381182832689,-0.0232637023668053,-0.0279897580675373,-0.0270711900307584,-0.0219037455882911,-0.0174299292034948,-0.0145669712104989,-0.0132867805836014,-0.0188043053875811,-0.0139983059315594,-0.000802992930843678,-0.028981329439798,0.0101938286540715
681,-0.00996659611378607,-0.0100448267120176,-0.0102351321144636,-0.0125060708337823,-0.0207451363073697,-0.0369760813383574,-0.0519723651222187,-0.0410309827858285,-0.00254019421262226,0.0280065078076795,-0.0106064189458311,0.000685688048801441,-0.0681465365347852,0.00423112740720425,0.0431325241520526
682,0.0281673776695738,0.0149142992410581,0.00496241426282855,-0.00790046244965939,-0.0163102056822077,-0.0171208564824567,-0.0157436112887942,-0.0230382855638517,-0.0418388961840209,-0.0566012863800633,0.00399739277390698,-0.045982826594093,-0.00972862345470443,-0.0940456444848374,-0.0513775315382504
683,0.0248343187948376,0.00927981553684997,-0.0025732714575415,-0.0192827393530901,-0.0342756771748608,-0.0445358279575669,-0.0476919563669246,-0.0377780760838534,-0.0137826143045744,0.00510962271948642,-0.0049760184253688,-0.00371270228560154,-0.0500345474998952,-0.0717367385676699,0.0251732128971742
684,0.01364377981491,0.00722749825922743,0.00223900476799677,-0.00534493485528255,-0.0135278560472128,-0.0214297328405175,-0.0292623072633099,-0.0346200647744579,-0.0380013253742418,-0.0394725633694121,-0.000982737475006179,-0.0387082150319192,-0.0347646815688975,-0.0651644531771668,-0.0356522657157086
685,0.00267041528538464,-0.00390182512804223,-0.00898970938210943,-0.0165335029971172,-0.0241674666191592,-0.0308632590656253,-0.0378018502704371,-0.0448148837628057,-0.0527929339211139,-0.0579379638348332,-0.0100150149911916,-0.0555949746459186,-0.0349720907788545,-0.0627929538504695,-0.0438973904946598
686,-0.00943973315481931,-0.0113699841183601,-0.0131760306976357,-0.0190277655452424,-0.0336454511992888,-0.0588857876499673,-0.0802768751153939,-0.0657820008881848,-0.0158546222737638,0.0242912662595141,-0.0137222980352092,-0.00888326580664693,-0.102985009806842,-0.0153861192301401,0.0468398082718809
687,0.00706778509708739,0.00480021609466729,0.00304135211429325,0.000282388850547296,-0.00332792810379559,-0.00796934192363552,-0.0118686734497922,-0.00881615003783756,0.00151686444190304,0.00971073670788741,0.00095663483889496,0.00258227556288435,-0.0205984002591493,-0.0107513311441746,0.00992472498145645
688,0.0560183579597117,0.0481627309522723,0.0420615854101042,0.0317409038102268,0.0158209023583705,-0.00770426348245053,-0.0404090058305865,-0.065453859965492,-0.0820463308817515,-0.0901582086871259,0.0344121495970654,-0.0816735801148881,-0.103550681552386,-0.153652963713818,-0.128856228057989
689,0.0606136046411975,0.0395489121163821,0.0232101263839471,-0.000729460632749524,-0.0220949386422907,-0.0349856150271194,-0.0419120212446158,-0.0507496316716935,-0.0656396745758364,-0.0764404595212011,0.00703230534926796,-0.0696154272947971,-0.0585239650319739,-0.178518456167273,-0.0784516699299056
690,0.0326121967167319,0.00718392710964223,-0.0101195755818808,-0.0289363570702318,-0.0346786666112561,-0.023431565001607,-0.00610048443661835,-0.00153570380683946,-0.00952182099532271,-0.0171807239426731,0.00511586398578671,-0.00831193614697568,0.0236273514025338,-0.0865534945409643,0.0098225007829916
691,0.0514847383606507,0.0240270362335169,0.00286596234931395,-0.0263669248300085,-0.0490618077233689,-0.0578680784684011,-0.0532897206914298,-0.0385579186964127,-0.015575451057725,0.000792047654298238,-0.00736314006764428,-0.0104423871131566,-0.0515086325313729,-0.123859210870773,0.0282125701838512
692,0.0676855171617786,0.0401257938308717,0.0187488116474359,-0.0120333446162986,-0.0337914176329869,-0.0334382830000832,-0.017001976829056,-0.0167299999907731,-0.0407661899364162,-0.0623400323456612,-0.00761118191733147,-0.0466623582451246,-0.00694088277204186,-0.161326768313133,-0.0499140713809238
693,-0.000381322714427506,-0.00535703067506004,-0.0092860375821141,-0.0154338669681619,-0.022398184352057,-0.02939481200062,-0.0341492581248407,-0.0311703761093408,-0.0203600253375121,-0.0115527239980776,-0.00753737691823349,-0.0165969052300049,-0.0331698976633352,-0.0297282320735002,0.00376286453460875
694,0.0126725187660683,0.00463806334436416,-0.00106240479801529,-0.00807292214218856,-0.0124193109517194,-0.0132932204260406,-0.0172176397830466,-0.0318513873902753,-0.0581953116237201,-0.0775722659429164,0.00359330663835244,-0.0656518021145258,-0.0173068332939453,-0.0806333344474067,-0.0747376406919883
695,-0.00567265492950313,-0.00567492879698052,-0.00618759057028129,-0.00930742180519572,-0.0178545448080971,-0.0329582338832797,-0.0485602129921861,-0.0440527158042014,-0.0175747851746428,0.00483813605595891,-0.00678681874411781,-0.0100631175043608,-0.0631149785348757,-0.0158590608403779,0.0152984915724173
696,0.0112694494901591,0.0141486722622532,0.0162377537521043,0.0169814001681884,0.0105624124061838,-0.00645637217062698,-0.0313925563744505,-0.0445949001017389,-0.0436874656936168,-0.0390991038971157,0.0169720703756196,-0.0422382758227551,-0.0699230466311476,-0.0504793948938672,-0.0588119412807056
697,-0.010591924012075,-0.00512647733895952,-0.001006402939909,0.00455448235142504,0.00892767553293868,0.0108796878468316,0.00793378766708447,-0.00420355764281305,-0.0257322332207981,-0.0411164579088925,-0.000547573373894575,-0.0252760166954423,0.00984996663157215,-0.00226721249647717,-0.0473138906649866
698,0.00958142504629555,0.00171149010782778,-0.00420724058391408,-0.0114475243707954,-0.0146993119546395,-0.0113255233911548,-0.00574486000019796,-0.0142070522655388,-0.042679855441944,-0.0659719209218292,-0.0054498678343205,-0.0520442761685526,0.021002607088525,-0.0716561552440888,-0.0558966018663217
699,0.0248432014969992,0.0170109810843473,0.0108890678685431,0.00141352369931657,-0.00919545724951428,-0.0199844836361705,-0.030043639067457,-0.0313573120203029,-0.0226212726100709,-0.014710728794833,0.0106841462011826,-0.0213224872390752,-0.0520274543567897,-0.0630312186618345,-0.0172852370169935
700,0.0523247108514458,0.0346857675663047,0.0210135090476503,0.000609155231593408,-0.0203465565558299,-0.0390043147625841,-0.0526875750475065,-0.0496429520403835,-0.0308937168055462,-0.0158094510944939,0.0108515351337422,-0.0317226838752092,-0.0898560798960554,-0.118546794637903,-0.016127966432423
701,0.016819273305961,0.0127407209858108,0.00938492273302495,0.00226572714724695,-0.0108862538041167,-0.0312835525041416,-0.0519556518180829,-0.0499467293577062,-0.0215799774780516,0.00375153127165479,0.00790576217446915,-0.00965162349235296,-0.0869675042129382,-0.0498791338726928,0.00156591817972657
702,0.0134811827520303,0.00914425582482352,0.00538628909384037,-0.00175809168597584,-0.0124469228076308,-0.0266965034486961,-0.0444680667099702,-0.0566943562915938,-0.0627107933096228,-0.06469036121421,0.00558294442516238,-0.0633539769111777,-0.0605204814964134,-0.0870110652425893,-0.0657558725250719
703,-0.000515473545562089,-0.0148104258945308,-0.0251865531512776,-0.0382968161652302,-0.0469343145256407,-0.0481680542571026,-0.0417847283902497,-0.0295675484435145,-0.0120663438456462,0.000104138292394945,-0.022718169546543,-0.00766231297055058,-0.013141252165316,-0.03930313835428,0.0393103521056314
704,0.0342459342922341,0.0301497663300299,0.0266965772239247,0.020078251166741,0.00982164724543014,-0.00419844966710604,-0.0216300111050207,-0.0364052092051516,-0.0497326911392206,-0.0575393279368036,0.0270717006744667,-0.0501853867764162,-0.0650319874755764,-0.0867609258760122,-0.0802845288562393
705,0.0321824528914739,0.0222336497529984,0.0144645738706396,0.00255965773569668,-0.0104573107585376,-0.0231853345531811,-0.0355148178551018,-0.0433029168983938,-0.0474618271948589,-0.0490195679700423,0.0165571903294635,-0.0479550336286146,-0.0589111907258081,-0.0983580286880069,-0.0539687647542664
706,-0.0336898354958384,-0.0190506651074149,-0.00882077771751574,0.00178972074823905,0.00249193568441327,-0.0107453981172741,-0.0310948422712253,-0.0390826739161966,-0.0346426343552448,-0.0288967721481366,-0.00966412804178238,-0.0343612419481193,-0.0533617678149643,0.0295825919060861,-0.0297935688068631
707,0.00293120758505773,0.00924851869090426,0.0122207689460411,0.0084359180424123,-0.0136916010470486,-0.0574558698604603,-0.101581702673383,-0.0959302780052004,-0.0363877182462401,0.0159553736084716,0.0119908569284103,-0.0149595408148321,-0.174442947894632,-0.0377438289513206,0.0104986320910738
708,0.0281840197627539,0.0139231138893484,0.0032067086042131,-0.0105065337683771,-0.0189671063630784,-0.0185330854508296,-0.013822521456434,-0.0153455423938937,-0.0251350222536893,-0.0333886278758269,0.00153163697721156,-0.0275332627757316,-0.00671601607784477,-0.0789156603464491,-0.0244960985100465
709,0.0159883329006823,0.00953516305970735,0.00493926194979396,-0.000697372554271596,-0.00409837954128535,-0.00412717962945851,-0.00439391712850864,-0.0120467063434057,-0.0302699913949862,-0.0448378596402809,0.00670522555576587,-0.0408166644896837,-0.000762124524215009,-0.057718742797179,-0.0464880013578682
710,0.0139605796928889,0.0128371339477034,0.0119657207668887,0.00984462357036878,0.00231757642479812,-0.0142070614071048,-0.033806239911722,-0.0370682901274552,-0.0241053807303672,-0.0117809071989743,0.0107676619011735,-0.0213319476431684,-0.068560731427358,-0.0378227352734324,-0.0223393606237607
711,-0.0213338135911385,-0.0288989564421497,-0.0347566842328643,-0.0434975209850341,-0.0525225716054829,-0.060331954249506,-0.0621713155046675,-0.051051229288262,-0.0287952641720555,-0.0123908479830526,-0.0361528740676198,-0.0268291441090804,-0.0410745224182483,-0.0205824357588763,0.0341194959094494
712,0.0308143433526398,0.0213886379169818,0.0139825342003488,0.00240163722269751,-0.0107844083750062,-0.02406778092064,-0.0338246017166821,-0.0318553666922319,-0.0189291812740477,-0.00781869438107681,0.0150119162626239,-0.0149771140526873,-0.0600329420600064,-0.0685056872676145,-0.0106815324720632
713,-0.00522928713017007,-0.00861175948612632,-0.0113505409897275,-0.015738058240517,-0.0208234544462702,-0.0255790872945358,-0.0257496671449897,-0.0156337992376332,0.0049991804396676,0.0204791962199337,-0.00640334614459643,0.00904840353143996,-0.032546361643279,0.00268186718984069,0.0360172946878104
714,0.0155285364267465,0.0104388506876158,0.00635172392277399,-0.00175906825691898,-0.0159721387951518,-0.0376702419118977,-0.059885974505472,-0.0561089376685486,-0.0220463167374466,0.00742448365942739,0.00461330658944347,-0.0111954205504189,-0.094041275590078,-0.0515535009320262,0.00925476671366787
715,0.0602441536417374,0.0371442304655246,0.0192265380327106,-0.00673129681076942,-0.0247699362412592,-0.0225683560049082,-0.00244694960546819,-0.00379226214642612,-0.0377792871968854,-0.0674536409670887,-0.00805160827481993,-0.0438286945267378,0.0126670581079563,-0.155154207533133,-0.0590551306417913
716,-0.000053871530161531,0.000567677979573468,0.000780434588005233,-0.000162614368840463,-0.00400024992333462,-0.0111845614130525,-0.0195146434577146,-0.0235187246468894,-0.0234777491904905,-0.0223075483765649,0.000781266845504064,-0.0231078511414374,-0.0290525639116627,-0.0230388446395239,-0.0226671725672109
717,0.003402669770959,-0.0078967420583522,-0.0163994678284901,-0.0279087360622197,-0.0371125699254055,-0.0416635360801918,-0.0417662624196827,-0.0380606177998052,-0.0313661157823991,-0.026461425166959,-0.0174470983805149,-0.0303573586291709,-0.0262243167980759,-0.0556989240069783,0.00115447442557208
718,-0.0222946462588535,-0.00883743665832418,0.00110094567666411,0.00967255739078507,0.000608400940180828,-0.0328825632315482,-0.0709198742428522,-0.0725096516357884,-0.0396209002531611,-0.0108606829597337,0.00372609494697321,-0.036987152738965,-0.123988757535644,0.00406684461444047,-0.0171011042499418
719,0.0128615904860589,0.010708970504198,0.00878197747745081,0.00331399888922523,-0.00934881162146122,-0.0305524970836685,-0.0534692761447931,-0.0617056657125013,-0.0577259385691429,-0.0521793146070686,0.00853775781507387,-0.0570025468491423,-0.0895537505760552,-0.0738617569110533,-0.0553582494770457
720,0.0207030078469893,0.00119656711747157,-0.0124358731981343,-0.0278894931676336,-0.0338402478582986,-0.0264797397297218,-0.0136197437347969,-0.0113554961330953,-0.0208366378785885,-0.0297674483909539,-0.00815261373837108,-0.0229158270050735,0.0146130551745634,-0.0734000437974661,-0.00467311181222204
721,0.00907170363408757,-0.0108148867601805,-0.0246915262955851,-0.0413173445839405,-0.0508266910548927,-0.0498224020894671,-0.0400044523221948,-0.0267617962196709,-0.0109192494915033,-0.000558414262927708,-0.0163960459071103,-0.00930719504547837,-0.0134489001957666,-0.0588512556798585,0.0401395308840559
722,0.114632388906339,0.0798655174297628,0.053025125386468,0.0151620641595179,-0.0167998987647741,-0.0342444312717182,-0.0357703212663198,-0.0206426365650404,0.00856420090437253,0.0303040009015922,0.0346373191940578,0.0138485583161667,-0.0878749127561701,-0.182654080691855,0.0161611356368618
723,-0.0131150702260689,-0.0175146121518538,-0.0207410854514751,-0.0241674649659395,-0.0241533403470056,-0.0188422644470736,-0.00844203362357081,-0.00155198113598871,-0.000868657975651152,-0.00214962447092223,-0.0221124224022851,-0.00117594800441655,0.0252539775723774,0.000652595099563724,0.0236659902848781
724,-0.0133756715257119,-0.0136427422560044,-0.0138344688568247,-0.0140573215625448,-0.0141483311787521,-0.0140369886932831,-0.0140023259485864,-0.0149969408082132,-0.0173439132511632,-0.0191526966769993,-0.0139146813651571,-0.0179986794282224,0.00715748163736177,-0.00779648026170006,-0.00489320679777297
725,0.0356446463237458,0.023656725923253,0.014296530239528,-0.000415207454345572,-0.0176029043536392,-0.03611736756019,-0.0518349131340158,-0.0458232155866396,-0.0164441690523799,0.00721672229669387,0.0087767290638219,-0.0149807225277897,-0.0848914450066162,-0.0796635994972311,0.00757068643564322
726,0.0012662572257341,-0.00823795674756427,-0.0151126955891003,-0.0230929432072611,-0.0261631481183777,-0.0219048440005985,-0.0145551922907116,-0.0144513197187552,-0.0228389796942377,-0.0304106235432422,-0.0157390896085099,-0.0254445377136179,0.00836526891555715,-0.0375391873000433,-0.00934653732127122
727,0.013101263573482,0.00249073158460001,-0.00543523659121838,-0.0162013181690094,-0.0250865069786502,-0.0300258974238809,-0.0282861628361568,-0.014065077063522,0.0138768236926005,0.0345288195584216,-0.00490186098559601,0.0179835723136426,-0.026761860407904,-0.0218634032959077,0.0524311257994618
728,-0.00959218629260147,-0.0251168398962872,-0.0351000450663725,-0.0445624806080903,-0.0441422211217766,-0.0314123233214246,-0.0142043866047833,-0.0101030170887482,-0.0211877805404031,-0.0322509727047822,-0.0239007812464549,-0.024771228414782,0.0469270682996394,-0.0405015036169155,0.0116584339128514
729,0.000686218047977288,-0.0155118890464535,-0.0271789271498515,-0.0421192545867292,-0.0528131784416768,-0.0565821387810067,-0.0564390942487605,-0.0570929080547246,-0.0599104750977997,-0.0622684978445953,-0.0207568078147706,-0.0609091800276008,-0.0273875939192256,-0.091175334758572,-0.0228108444691535
730,-0.0030842444241594,-0.00512417294069462,-0.00674546669508662,-0.00991496071395374,-0.0154967774443851,-0.0242029007154758,-0.0363862852858933,-0.0448539381581334,-0.0477514226527452,-0.047735870872785,-0.0079482964577189,-0.0478429558697984,-0.0264468417249954,-0.0593158987657997,-0.0379390436246554
731,-0.00253358574183821,-0.0100291980525578,-0.0158432466515327,-0.0242354321842043,-0.0287181136091511,-0.0234897702034198,-0.0154602222159355,-0.0321222801244491,-0.0811238754322902,-0.119990290342035,-0.0233391858588593,-0.0972525428707471,0.0276890329848516,-0.107520609743326,-0.0983145883234596
732,0.0225630592017585,0.000503682101251259,-0.0154342756011204,-0.0350989366512084,-0.0467562042555685,-0.0466757594347411,-0.0403880493908663,-0.0356459392296161,-0.0330737006328668,-0.0320757714013564,-0.00834479433217883,-0.0329408262491147,-0.0259571420049303,-0.0870842955290279,0.000890737276922233
733,0.0123795525992061,0.00480947440914413,-0.000903410122939693,-0.00905388085090792,-0.0167988802060334,-0.0231173390009247,-0.0308253041396115,-0.0417965810169222,-0.0567561798781477,-0.0669765824324911,0.00250053602104418,-0.0578392365045838,-0.033619986536924,-0.0814087704271869,-0.0612852674757065
734,-0.0164697038334471,-0.0234963651424873,-0.0282250665073268,-0.0329626759284725,-0.033138386764466,-0.0270695711683487,-0.0181510471426373,-0.0176988853093892,-0.0284722024137856,-0.0383681870055654,-0.02690236316369,-0.0327875630235473,0.0249497383393614,-0.0256421996222008,-0.00578665394954692
735,0.0411817763308258,0.0279669105389976,0.017731862377977,0.00239388403034761,-0.0136353002745207,-0.0284285834146743,-0.0414880809870363,-0.0430017198935359,-0.0316643796320512,-0.0212746919699626,0.0127940200541886,-0.0290293308662912,-0.0693663899167631,-0.101440129654275,-0.0250538713037755
736,0.0399540949807542,0.0231518036927633,0.0109138788601787,-0.00499151446202147,-0.0167535096951873,-0.0212298841437802,-0.0206634487104657,-0.0219348756485065,-0.0283241574263715,-0.033701831689775,0.0152047895583256,-0.0304232900218099,-0.0255445537844835,-0.100679492174357,-0.0299217909674967
737,0.0534096130419511,0.035723665746084,0.0220244325500776,0.00303190426423825,-0.0102293784214823,-0.0113164458734425,-0.00460370786525994,-0.00825146024855812,-0.0265086590881413,-0.0413855835285254,0.012486343446387,-0.0279048624649727,-0.00849410962323908,-0.122148297297874,-0.045131060188074
738,0.0281165835154047,0.0185554170713256,0.0111392002147966,-0.000246304136786723,-0.0157552419112462,-0.0385629034676607,-0.0684708368694487,-0.0820757305898104,-0.0754332740188209,-0.0658477827261652,-0.000544784058220247,-0.0734733632939961,-0.10210295209378,-0.146162211168418,-0.0712976986217513
739,0.0683479880129884,0.0449616798232653,0.0268609664887225,0.00159874385814168,-0.0175089622498353,-0.0232382961195103,-0.0251220630608043,-0.0467437641439654,-0.0926493019264841,-0.127316356739403,0.014141283354696,-0.101008614449805,-0.0352210572262268,-0.203427814531117,-0.134319232095286
740,0.0218048543424502,0.00676404853456129,-0.00465461449400852,-0.0187633932180071,-0.0249644120530885,-0.0186184484151359,-0.00674447896827025,-0.00299561305711425,-0.00727410583094092,-0.0117899905818272,-0.00692144892754148,-0.00734431408886272,0.00290752202205668,-0.0459045902237176,0.00782974701737342
741,0.0410410298727083,0.0341988946234977,0.0288002168095358,0.0183094467296016,-0.000532648388142973,-0.0303084908879719,-0.0630126873419116,-0.0605725644422612,-0.0158197073447526,0.0231543895101895,0.0240775508165792,-0.00440872891581449,-0.132932397173088,-0.0729966907190456,0.00350906974167778
742,-0.00148969479674109,0.000102873166889909,0.00109001266985833,0.000964163924645503,-0.00310091031504772,-0.0123934207365934,-0.025198854814211,-0.0333545414581049,-0.0364278714182424,-0.0368279656002519,0.00119652416735499,-0.036684883795492,-0.0375420729218689,-0.032056959200304,-0.0393383409587477
743,0.0242817410733642,0.0120750525757621,0.00218522970091787,-0.0143715695672668,-0.0354293304523135,-0.0593717093142693,-0.0750490905796412,-0.0572449278881905,-0.00514740837095844,0.036468916035726,0.00340180596304076,0.00696939619281583,-0.106715568002785,-0.0579478536125809,0.0532616504679459
744,-0.00988137973428613,-0.0142820170089443,-0.0178534286423964,-0.0240304969998087,-0.0323872649904014,-0.0425020982256377,-0.0504551559813142,-0.0469599186329101,-0.0321914041735589,-0.020096222097827,-0.0186285021777423,-0.0295131676054466,-0.0452894601950406,-0.0318404772641537,0.00458461446101675
745,-0.00171831313077725,-0.00604941956842469,-0.00918534789000327,-0.0130488730228365,-0.0153035687993914,-0.0152405554620559,-0.0163231616293299,-0.0236409809666682,-0.0380922987931771,-0.0489676194297397,-0.00816359733938805,-0.0415964884334584,-0.00641538159672857,-0.0407670072104514,-0.0388056343957883
746,-0.0192569365470692,-0.030968321564025,-0.0383471259581793,-0.0441284741696796,-0.0396495403648128,-0.0230871170504848,-0.00655597774156459,-0.0102765324442395,-0.031832242701208,-0.0495435829839329,-0.034855029131946,-0.0317807799159418,0.0392126239944221,-0.0207201068570777,-0.00941231993949312
747,0.0429480985595356,0.0414845969761177,0.0402172003326074,0.0354999410500442,0.0216463844119868,-0.00479155674545535,-0.0353998284388358,-0.0396228313577428,-0.0167319965208679,0.00386226181640101,0.0391706346254805,-0.0147863981347755,-0.111411901320567,-0.0634606649409353,-0.0322552811582965
748,0.0131516598858627,0.0085189255966973,0.00508424615662654,0.000518483817530868,-0.00301699403826817,-0.00536338239693195,-0.0117182690536443,-0.0263804452195731,-0.0495881776461616,-0.0661948343611003,0.00721165726144762,-0.0567691711988376,-0.0139711725778107,-0.0691385240627089,-0.070240151493703
749,0.0420451272458927,0.0251923315958205,0.0121273702260089,-0.00697512279774521,-0.0247696456855287,-0.0373946382416925,-0.0418653252141613,-0.0308598252005788,-0.00453283984043285,0.0160676169070401,0.00153080466492547,0.00468564227205212,-0.0590680748168829,-0.0877744716951028,0.024250971479694
750,0.000957100501670311,-0.00162782872754537,-0.00397008114636121,-0.0101679277046326,-0.0235284164600022,-0.0450436578455006,-0.0657881995093978,-0.0659713265961983,-0.0472504040078741,-0.0308486701471424,-0.00422224720160902,-0.044664242907764,-0.0889205504505766,-0.0559741772368678,-0.020272337823308
751,0.0249994788896353,0.00732775783031697,-0.0057893392363325,-0.0217002861541506,-0.029129624959807,-0.0228564420954628,-0.00685745483202824,0.00230292634762716,-0.000345283451468987,-0.00588330945877822,-0.00785237196346792,-0.00411486585629297,0.0219520421052382,-0.0614094832963435,0.0159004278829184
752,0.0341458558383547,0.0193408939823325,0.00815776721532913,-0.00725020876363014,-0.0202897230810699,-0.0280657004097201,-0.0318396409674113,-0.0335354335237961,-0.0349298164592034,-0.035706552858608,0.00857820949980053,-0.0355036379364601,-0.0391606458710649,-0.0987542898928187,-0.0298503593360331
753,0.0137588370421468,-0.00914587535882824,-0.0250827069355248,-0.0437498843077083,-0.0531709623265983,-0.0496060967814763,-0.039941195607896,-0.0369440199068419,-0.0423690040789821,-0.0482020249090143,-0.0123154988062827,-0.044971120097594,0.00259375289864276,-0.100518847893071,-0.00608988150509603
754,-0.0146660931568835,-0.0238018730792086,-0.0299047628803008,-0.0358612125508519,-0.0356110742044574,-0.027559719754282,-0.017071450407529,-0.0140865799024904,-0.0183995273130836,-0.0230092608761016,-0.0255554916667923,-0.019614484175462,0.0174988120562535,-0.0156170333074964,0.0110115386226112
755,0.0381796377645758,0.0164282696355318,-0.00018795240183973,-0.0220123133115371,-0.0360332348122073,-0.0355713076654605,-0.0232385423944661,-0.0161904021591524,-0.0212726217460812,-0.0281047194946704,-0.00832480188928131,-0.024313458344552,0.00287440314275901,-0.110662221294954,-0.00524708552194062
756,0.0266183287718313,0.0140079696411972,0.00426371093408527,-0.00947189863916389,-0.020883220978701,-0.0266852994918668,-0.0273341743516487,-0.0256601919422874,-0.0233628599859151,-0.0218022077307745,-0.00312540842673581,-0.022676406668659,-0.0293498351065395,-0.0749135611599768,-0.0128866394539034
757,0.0118878870851551,0.00825214079605483,0.00543538023666338,0.00120432613542587,-0.00324390289414197,-0.00744613846441806,-0.0136708361672833,-0.0243181589504343,-0.0404335607417218,-0.0517123881978004,0.00521906257672215,-0.0433437353544868,-0.0205098332225337,-0.057894254855886,-0.0552271753989884
758,0.0202396022442444,0.0056777578666419,-0.00504338740162182,-0.0184736193023878,-0.0265410873880969,-0.0256739062543572,-0.0160923320684521,-0.0028864395390457,0.0127305568771253,0.0228606630124599,-0.00644846188150189,0.0150051598211677,-0.00251538499296081,-0.0373549848626645,0.0428944262657004
759,0.0232279718660752,0.0112951941479011,0.00206934633655182,-0.0111768025082451,-0.0230986891187217,-0.0308988631024475,-0.0318888947139553,-0.0218518832978212,-0.00166312691198154,0.0135115885501749,-0.00288092160380751,0.00137277922488088,-0.0398130331810357,-0.0478566266241129,0.0261416580923752
760,0.0483425984658598,0.0145966313168288,-0.00901618155370623,-0.037555325407531,-0.0545081582182524,-0.0544475946539047,-0.0436760715155496,-0.0348707493147178,-0.0307080599486638,-0.0295062531492423,0.0116922341299743,-0.0301825507058531,-0.0204184598358556,-0.142732648809619,0.00549954169976478
761,0.00871064076528479,0.000577579650489705,-0.00539493877328627,-0.0134755727684815,-0.0203010517973248,-0.0248431391379046,-0.0306064845264564,-0.0409860636393675,-0.0571050998663597,-0.0685286019675318,0.0000458597789585319,-0.0604053079206984,-0.02235455193828,-0.0816367951969643,-0.0577679798035669
762,-0.0124473143793734,-0.0145049365708569,-0.0159685011743265,-0.0175860058690886,-0.0179959192283744,-0.0166143159110939,-0.0155047630284783,-0.0214557881189287,-0.0381671670402507,-0.0517683235617057,-0.0157316441219446,-0.0486601020034683,0.0153796057233327,-0.0331393886169875,-0.0347204520845609
763,0.0166465470563596,0.00593460745190667,-0.00225126295424763,-0.014010380742844,-0.0251595717608967,-0.0338089859533592,-0.0386578811802166,-0.0352450882015497,-0.0226456141422925,-0.0121165220359127,-0.00109595456182663,-0.0160420881121398,-0.0418561377514069,-0.0618229228213613,0.00168459270264662
764,-0.0398370503866052,-0.0301773853098921,-0.0229538492260556,-0.0144699567796317,-0.0117819604104424,-0.0181948244820508,-0.0273503687676695,-0.0221313116678477,-0.0000476265507918655,0.0179338487666168,-0.0205724957801769,0.00532633462499749,-0.0223435820146352,0.0566061212220545,0.034226110538414
765,0.0493385534779009,0.0306267432912598,0.0161355514953229,-0.004557945256098,-0.0221419506329725,-0.0317272958950471,-0.0361907553242213,-0.0415266847267561,-0.0502566531642937,-0.0565472133997332,0.00591379751840279,-0.0524316679309514,-0.0480433780076318,-0.138267806509502,-0.0539992794512812
766,0.00879195891174016,-0.00648538498496833,-0.0180387952598725,-0.0326265268226594,-0.0405656724698029,-0.0374650174290609,-0.0268861924281866,-0.0180512591858291,-0.0120826439575979,-0.00926210631213261,-0.0193009587786099,-0.0109755175650385,0.00522121573504115,-0.0522600577950379,0.0238227158633048
767,0.0556378270843568,0.0372288944160512,0.0230134341075264,0.00213169819578155,-0.0185640517868322,-0.0357062936168177,-0.0472701850724173,-0.047285767601966,-0.0373155014848715,-0.0280796866685877,0.0239844670619799,-0.0321900962188164,-0.0823667253742995,-0.127257798873485,-0.0317322826770907
768,-0.00962370909342206,-0.011678798882735,-0.0133929995091757,-0.0163872549298831,-0.0203984796584349,-0.0252905732933961,-0.0320266317043304,-0.0401742181030713,-0.050310386332681,-0.0570149587117922,-0.0133515208609949,-0.051215866739885,-0.0249543032945985,-0.0427517713619683,-0.0426623529096446
769,0.0603228955867503,0.0289599322699941,0.00513143381614868,-0.0263648646758754,-0.0481589707278689,-0.0519531546942584,-0.0425876254095553,-0.0365703173124805,-0.0398835860778279,-0.044842517585758,0.00037906077916474,-0.0424427282907916,-0.0288403856973999,-0.163012214394822,-0.0194690456319123
770,0.0651267197867426,0.0380519221323117,0.0171754903611227,-0.010564456383618,-0.0272778729189002,-0.0229740636347644,-0.00699417583008056,-0.018943561348398,-0.0693683356251066,-0.110397213631422,0.000157193164737994,-0.078812395422902,0.0148671950460046,-0.189913180431175,-0.102047721529397
771,-0.0219150546224866,-0.0176313780998927,-0.0143322567062645,-0.00969545846038417,-0.00575949132208609,-0.00353811979758529,-0.00342179397994138,-0.00611298688729991,-0.0117583529598099,-0.0160813857787706,-0.0121027419353651,-0.0143938798306115,0.0161132482096373,0.0145497963343455,-0.0063952297818842
772,0.0740533062166374,0.0543725687438239,0.0391273057078315,0.0169081170314603,-0.00391151491250813,-0.0191435708675142,-0.0291010522159538,-0.0320032701065223,-0.0298105998667459,-0.0271906140713875,0.0290319266087893,-0.0293750139071638,-0.0719702682708482,-0.146278339596687,-0.045710344800957
773,0.0107195705462946,0.00731958781920885,0.0045386706465424,-0.00260498857463003,-0.0194196548385937,-0.0487854159261195,-0.0812141453727658,-0.0882273313801042,-0.0683697271197225,-0.048697848378834,0.00268661923474899,-0.0611405749080426,-0.121199301984133,-0.0889383766608091,-0.0474183615190491
774,0.0217470807048478,0.0059154269641909,-0.00574303981796886,-0.0195181831697741,-0.0249880921922936,-0.0181658283861752,-0.00631466714851169,-0.00320179717548097,-0.00915312500345532,-0.0152627255509117,-0.00658781413235777,-0.0103655361660041,0.0150420517556242,-0.0575457901523734,0.00303194887670431
775,0.00743994188183235,-0.00125122923297809,-0.00817143199687292,-0.0191607793635999,-0.031906100031257,-0.0450420684448799,-0.056661087838779,-0.0608150552485482,-0.0586358896961992,-0.05554068162421,-0.00281400341428425,-0.0577314901525634,-0.0645463408078378,-0.0816532381294634,-0.0385398939556975
776,0.00173043011983809,-0.00859752929357818,-0.0162721440921672,-0.0262495131875546,-0.0332345228672607,-0.0348055937328687,-0.0288474738596589,-0.0137430357660952,0.0111499148631608,0.0292721362468415,-0.0145456354853521,0.0215056125210583,-0.0127016437751742,-0.0110941073052033,0.0572942485854635
777,0.0184916914890989,0.00781314482776856,-0.000768441548262579,-0.014650833324512,-0.0312418325999291,-0.0481581634504299,-0.058181402420785,-0.0499036876655974,-0.0249772197903473,-0.00508238789906273,0.00780827595300868,-0.0211583942536995,-0.0758865095800355,-0.0664303345109122,0.0107990388433858
778,0.0212305044278452,0.0166235412439647,0.0129914793485314,0.00692530953107401,-0.00108808244232752,-0.0110048200484426,-0.0256011458232767,-0.0456684869711801,-0.073589091031112,-0.0930268066629781,0.0110417905745032,-0.0846955309043732,-0.0421758867014126,-0.103071788895424,-0.104340601494774
779,0.0154257132740755,0.0079217366297789,0.00176615481470611,-0.00843963772064669,-0.0209974126508784,-0.0339407915069989,-0.0399927158612924,-0.0284741524346184,-0.000340069971815328,0.0214230031025792,0.00788762189067338,0.00645928552797013,-0.0675026881535161,-0.0293044910550927,0.0301289618392738
780,0.0375598012892603,0.0187867206080009,0.00422518795279322,-0.0168346570146674,-0.0326870007585905,-0.0355198343235125,-0.0269923181030378,-0.0156316702289162,-0.00302442838645768,0.00501180186246356,-0.00970665817365187,-0.0000101048776010304,-0.022310421580427,-0.0838260333312699,0.0234989210959471
781,0.0115141325283747,-0.0021504106592349,-0.011164833972061,-0.0208242275586898,-0.0240313526691313,-0.0193296928999297,-0.0106122143692869,-0.0043304486484703,-0.000581575993191728,0.00101286728450019,0.00294179016533741,-0.000172502682850399,0.00591254412417587,-0.0380856557731463,0.0210786383275548
782,-0.0155814217651959,-0.0109753504356266,-0.00838330250503183,-0.00872506919785701,-0.0184287356411609,-0.0389624896479883,-0.0580403194549887,-0.0512455470635807,-0.0167223722887846,0.0119669555316858,-0.0090656712570883,-0.00642368582940066,-0.0816444010095452,0.0033229091710276,0.0232207049173434
783,0.0561556617770846,0.0424961713967505,0.032182395622078,0.0176520819154482,0.00438138718311907,-0.00536993416771996,-0.0129220120124367,-0.0181000997693041,-0.0222965156448758,-0.0246032433015179,0.0356983295565562,-0.0226309380438062,-0.0533874281178506,-0.101269962012133,-0.0448233448537061
784,-0.0101384144688643,-0.0264768066075365,-0.0385563173752007,-0.0518022514399215,-0.053025992235427,-0.0364320624211412,-0.0115156462148432,-0.00101919637876343,-0.00349922934616259,-0.00849273205904221,-0.0429029389085153,-0.00388969781420663,0.0498495062718134,-0.0163557673113481,0.0433732131547214
785,0.00613440896325932,0.00217190815725374,-0.00143544037161757,-0.00880930501228045,-0.0206607936842868,-0.0368135471487801,-0.0475919924331242,-0.029388101935793,0.0207556609476584,0.0596895724611764,-0.0000359613596913342,0.0265605598778545,-0.0719013662421107,0.00212263459304163,0.0716046445495985
786,0.0124923437299553,0.00464880628514918,-0.00150232061483327,-0.0111061404466338,-0.0220327560645456,-0.0321178849880061,-0.0355946270423512,-0.0259824244547216,-0.00516939565991462,0.010730244238422,0.000511845333139841,0.000812200618299732,-0.0498841922094577,-0.0311290574327876,0.0233804821171492
787,0.00661553868984665,0.00561292794088574,0.00481270600615504,0.00234363437538116,-0.00510733287908977,-0.0197952310077167,-0.036747834706365,-0.0385712294974805,-0.0247372676415791,-0.0123072353687025,0.0037300780289443,-0.0238317748360339,-0.0613362776292049,-0.0338105766941409,-0.0149055662708579
788,-0.0104049483121372,-0.025821819019619,-0.0359161125837307,-0.0435800662893191,-0.0354035554151114,-0.00730665036625996,0.0257607729295031,0.0309172561787253,0.00680705142025068,-0.0162357872098099,-0.0327464194625181,-0.00244341487334797,0.100703214276563,-0.00256086434313862,0.0250400640406977
789,0.00109987659919943,0.00498715556782952,0.00726992517843223,0.00829001217329044,0.0044701542162717,-0.0048752447730891,-0.0161782762832477,-0.0219017569716335,-0.0222770633871869,-0.020950892203854,0.00581309585590305,-0.021720416139214,-0.0349621447411404,-0.0175383758540679,-0.029566793959255
790,0.0313466412925231,0.00413595072993425,-0.0147815439170833,-0.0365392217697377,-0.0462422808698978,-0.0392658760944043,-0.0215107095994044,-0.00515356388223591,0.00872207324283193,0.0163768982323039,0.00205838833296681,0.0133559725469742,0.013784609349515,-0.0734873444346669,0.0532570932768623
791,-0.0130261124544776,-0.0134257200406442,-0.014207448525855,-0.0174461657770589,-0.025416170783243,-0.0390384701742612,-0.0558707622744643,-0.0631108548157967,-0.0595392541973356,-0.0543839212500039,-0.013824047354109,-0.0577627883489127,-0.0575320612708939,-0.049685458133501,-0.0386154443723882
792,0.0242767642767181,0.0080370244981461,-0.00440846966431368,-0.0211057995703717,-0.0328684385190961,-0.0351134427036122,-0.0300048999297578,-0.0250846911512351,-0.0220577704226817,-0.0207174860457912,-0.0101044143578373,-0.0216825603766845,-0.017782740982628,-0.0787251130916634,0.000395895195715125
793,0.0412552607154084,0.0127889340525068,-0.0091957122085005,-0.0391043398165033,-0.0595315236112512,-0.0609232815371428,-0.0492650161652092,-0.048154610106999,-0.0628349584451225,-0.0760218482500005,-0.0252328956667664,-0.0663792004418371,-0.0172078141096462,-0.16232310338952,-0.0377769869552465
794,0.000700640884092055,-0.00151472593430171,-0.00373796347791105,-0.00954868790984241,-0.0212824634398506,-0.0394142470689171,-0.0539811021769241,-0.0419665981956931,-0.000569949510509579,0.032986613409127,-0.00379816561237312,0.0121434887657825,-0.0771965413788984,-0.00923933738734334,0.0446404603658707
795,0.0802405087226438,0.0440875563848934,0.0160458218375136,-0.0238614902718192,-0.0523126550163501,-0.0539652502902852,-0.033815450127641,-0.0305976864226619,-0.0573712924496592,-0.0821591191652728,-0.0135919298176578,-0.0653425409734974,-0.00951787795627124,-0.225862076207472,-0.0567646684666289
796,0.00727091381137996,0.000490815403417909,-0.00509098177203935,-0.0149620997542193,-0.0286568541680967,-0.0456602890930779,-0.0606124662953331,-0.0582900067785281,-0.0376436332747769,-0.0202647298695955,-0.00404608590545755,-0.0343214822764218,-0.0736976103649159,-0.0612882283349079,-0.00502751391743759
797,-0.0102789614842873,-0.0000614902915836248,0.00775766993289781,0.0161817698154179,0.0135585263085397,-0.00738739139442745,-0.0451550504153132,-0.0626490803295574,-0.0489018503080999,-0.0314266486911605,0.0143642644878164,-0.0418236274214435,-0.0900450132733732,-0.0211865785298163,-0.0529200024554087
798,-0.0302352973120847,-0.0259035875230675,-0.022599229824993,-0.0188774667404811,-0.0189668876313148,-0.0253244273935942,-0.0352099562188448,-0.034625767438376,-0.0201344341582939,-0.00748656687740032,-0.0207881920953616,-0.0165439798134218,-0.0244506592564829,0.0144288838601345,0.0111941879423169
799,0.00904632041183027,-0.00534139973769722,-0.0163852953450344,-0.0322043531147932,-0.0468954349407363,-0.0575399897363516,-0.0622583015574728,-0.0575939500871654,-0.0451246404405767,-0.0352939522725853,-0.0157705688133624,-0.041538745925435,-0.0504873980934755,-0.0847004829687154,-0.00302215794339206
800,0.0137112127811166,-0.00267825096544072,-0.014463669709858,-0.0266115836153292,-0.026021053699537,-0.00853282436527191,0.011561270565485,0.0112964434813616,-0.00694067862612124,-0.0228955972688497,-0.0120203535410636,-0.00956393599190501,0.0509326532720817,-0.0427622403001853,0.000574934854445424
801,0.0564636003624673,0.0379354111621029,0.0235539483987099,0.00123496241437139,-0.0249085515957272,-0.053321592564323,-0.0795729552643182,-0.0863418023319145,-0.074963821050926,-0.0627487980493296,0.0118023452115187,-0.0710736855555282,-0.12611851310261,-0.167644308905617,-0.0667843386893468
802,0.0375896343810331,0.0190540749656096,0.00510974137915077,-0.012307502424642,-0.0214686923401735,-0.0170083214653683,-0.00850338319094415,-0.0194804125491362,-0.0544539082398003,-0.0820840239356153,0.00015621498228394,-0.0612458808781395,0.00898643159820699,-0.124902186140652,-0.0731875178805824
803,0.00649054006118132,-0.00656306971876392,-0.0162742791896654,-0.0283765421180972,-0.0351016408635728,-0.0329817176413267,-0.0286310958318447,-0.0398618315562931,-0.0719491891852491,-0.0970790886385341,-0.0159346178878287,-0.0789852167291837,0.00621012520290855,-0.102519386110996,-0.0716421136818254
804,-0.0175418085812951,-0.0269046563701877,-0.0328049484760054,-0.0378416045117958,-0.0358259398390075,-0.0259571378325049,-0.0168131853040451,-0.0211862825178559,-0.0384797696157873,-0.0524682482691799,-0.0270823489566774,-0.041230390082571,0.024415379920907,-0.0335074304897926,-0.017866688481854
805,0.00969443040320594,0.00567147677847964,0.00244798254482542,-0.00430363756528842,-0.0172421743030469,-0.0381608834897264,-0.0624242404385454,-0.0691357462161076,-0.0574648540751676,-0.0458137810305142,0.00065190773220709,-0.0571990567662743,-0.0904940829523893,-0.075661152862776,-0.042891933205424
806,-0.0105888219982848,-0.0256509623179399,-0.0355323617176688,-0.0456869226594917,-0.0477086895397428,-0.0391825347421134,-0.0251830945004095,-0.0185692550806006,-0.0211212577538906,-0.0255812955024128,-0.0239898329582871,-0.0233706677184916,0.0282035486208727,-0.038702110775745,0.0188259298223626
807,-0.00874806635735059,-0.00753687699777204,-0.00717464699268196,-0.0083338202784332,-0.0128692317124691,-0.0212685900623468,-0.0315941784428589,-0.0362246299555039,-0.0345313217679504,-0.0316441573716845,-0.00728188867218871,-0.0332330633385766,-0.0345641061246484,-0.0245781736182641,-0.0241635592427491
808,0.00945420023796505,-0.0079132198896925,-0.0211699903052997,-0.0398066921424747,-0.05629147256031,-0.0669702384661679,-0.0673639349306974,-0.0498795557852874,-0.0148565285439414,0.0111307844041255,-0.0227794398941566,-0.00952006697412208,-0.0542468481683336,-0.0598001260842911,0.0531805428494149
809,-0.00971056898651044,-0.01095469572632,-0.0124932287900165,-0.0165609360520007,-0.0243042010002897,-0.0357302900459132,-0.0446979225694038,-0.0362684191975041,-0.00877529309320352,0.0133727196795538,-0.0120572890840292,-0.00182217140780718,-0.0490766983226917,-0.00394936900532675,0.0314792488814069
810,0.070974725907316,0.0364101374210625,0.0100758700424812,-0.025422338466941,-0.0520570122766663,-0.0610942302757224,-0.0521940905072693,-0.0314477653014368,-0.00150370638225082,0.0194442057933857,-0.000879870952765094,0.00983913860045207,-0.0478638702361848,-0.147914200867448,0.0467800424542767
811,0.0123770833776197,0.0124730587328614,0.0118883251571849,0.00823586016232868,-0.0016740619694089,-0.0182706923410485,-0.0371707883383184,-0.0482877193387233,-0.0533879565687226,-0.0549039769977621,0.0122862636580404,-0.0537231367883699,-0.0715233405544394,-0.0639454121994668,-0.0649657709704393
812,0.0311083513238492,0.00306421324038629,-0.0169327351032064,-0.0414256463427119,-0.0560394128922463,-0.0553944737242365,-0.0437624398611343,-0.0328277840432416,-0.0260020823277627,-0.0229946952341918,-0.0087555236497138,-0.0249034268805499,-0.0101053749525861,-0.111817353491132,0.0180850462094322
813,0.0299286056669828,0.0187057315228673,0.00999443028670157,-0.0032909724583527,-0.0178607584710999,-0.0323181564511903,-0.0429011697403621,-0.0343129793501602,-0.00280128487688721,0.0230883553851334,0.0047745963039093,0.0083142358567676,-0.0694386957337387,-0.0555522269115488,0.0269312565822193
814,0.0573271924665587,0.0222214527911032,-0.00443797499715949,-0.0379077299246991,-0.0546871440809101,-0.044390366151286,-0.0181430841313649,0.00117948557062583,0.0134232938669952,0.0189437448023358,-0.00895447224153266,0.0144733626754462,0.0142889681769867,-0.108108640366475,0.0569792621921116
815,0.000960064611950553,-0.00964880568746822,-0.0177059049824293,-0.0271158186111157,-0.0289672403487548,-0.019053039183458,-0.00734853575746517,-0.0156854074710997,-0.0455944287101804,-0.0695313015860589,-0.0211427729082539,-0.0527175909130103,0.0314164418053453,-0.0620916999977951,-0.0450184534851343
816,0.00593411115067516,-0.00334089033529685,-0.0098836116974338,-0.0175652013320242,-0.0212675652085634,-0.0197840510782479,-0.0194551053844198,-0.0284105272363455,-0.0470704456404455,-0.0611849065861156,-0.00609712183717865,-0.0519973766365502,-0.00477278669524303,-0.0665260025395557,-0.0473030995541068
817,-0.0185854478339053,-0.0194913260456752,-0.019558092118996,-0.0178566224876068,-0.0126194375666982,-0.00405753539936378,-0.000364839155081925,-0.0145313420635501,-0.0465395992702066,-0.0711986124596101,-0.0196158529743178,-0.0533951073601974,0.0175142028738103,-0.0210928570036383,-0.0592722509623603
818,0.027499197389938,0.0138103878400185,0.00320755335842011,-0.0121342011111797,-0.0260427482505165,-0.0353424347583011,-0.04090653627317,-0.0446346217155826,-0.0484261156599796,-0.0507669248020314,-0.00593597008551451,-0.0491022504040489,-0.0426895806980619,-0.10701879239113,-0.0399700030987992
819,0.00551248178271527,0.00173551990986926,-0.0011941193210442,-0.00597923676816206,-0.0173261570346311,-0.0430038528225104,-0.0807528892271758,-0.0823104786559579,-0.0381881059081522,0.00146254300108755,-0.00706585038927976,-0.0322412027360067,-0.124173529819522,-0.0463706162741997,0.0025098980048063
820,0.0158480299366718,0.00648426670648803,-0.000947580597985977,-0.0126995323075341,-0.0262525406981934,-0.0401589757295396,-0.0496919118458737,-0.043010165308336,-0.0180325423427693,0.00283645400666127,0.00205785943287072,-0.00679777286716901,-0.0628574793447343,-0.0547935523982494,0.0164069650264204
821,0.0385027415731809,0.0261711675826703,0.0164633588530959,0.00123402043600062,-0.0161928381047326,-0.033631500313223,-0.042915531395655,-0.0284850912971195,0.0102286916321884,0.0406172594477981,0.0199036709598043,0.0193996557761091,-0.0809485508003534,-0.0532516532804718,0.041270354791789
822,-0.00259492920323173,-0.00336181834910251,-0.00395417971023746,-0.00478279375665068,-0.00544840217313806,-0.00573155182406286,-0.00442394742463217,0.00120461615814615,0.0118945581643463,0.0197970367201705,-0.00440112235447155,0.0139529887829304,-0.00324663221307506,0.01471445098714,0.0255658870666183
823,0.0092339509421718,-0.00777118688184597,-0.0201270274940391,-0.0355043155697798,-0.0448653114055539,-0.0449826274843911,-0.0424687753509115,-0.0487844297821928,-0.067121285675066,-0.0817340913094979,-0.0145121091495595,-0.0738122404723395,-0.0103785435613563,-0.106158388892506,-0.0496042290463006
824,0.0378854705609813,0.0103074380052819,-0.00928528186631482,-0.0324993374446001,-0.0440282254868852,-0.0377366205030486,-0.0173762565883396,-0.000674435928073834,0.00652894695014514,0.00771472310752738,-0.00137099763067331,0.00756298302651032,0.0210000455783434,-0.0872735488352339,0.041539339279103
825,0.00103199849053506,-0.000723601814534496,-0.00248049119034553,-0.00689262336414092,-0.0154752853681775,-0.0287915960984919,-0.042410896314787,-0.0398837258089085,-0.0168664233278296,0.00345246454866646,-0.00243997683009804,-0.00540925242085582,-0.0574601859320418,-0.0236928153055805,0.0103098652083584
826,0.0530176038284904,0.0307471807210541,0.0135560301681604,-0.0100858292306693,-0.0275520813951061,-0.0321708996660073,-0.0282596083788053,-0.0295157901680783,-0.0394138552254252,-0.0480064912476738,0.000778026544132931,-0.0418792875064061,-0.0274399815977511,-0.139097856687197,-0.0394501063583131
827,-0.0382834491047855,-0.028899366153843,-0.0217022641784478,-0.0127311270822933,-0.00925950975794185,-0.0151220663831073,-0.0256274481021289,-0.0269424363402708,-0.0172788149960967,-0.00844897528502272,-0.0183881078024496,-0.0149519836833381,-0.019755581460276,0.0392763726896019,0.00469878566975569
828,0.0442718622774619,0.0349298716533953,0.0276710488019194,0.0156204632036676,-0.00171957032980024,-0.0257391729963872,-0.0550403324815781,-0.0626305171745786,-0.0415474938531973,-0.0208318059923164,0.0202906468884223,-0.0358311576127033,-0.111110596666085,-0.108297762112689,-0.0405102618155896
829,0.0151688320398818,0.00604989354421923,-0.00106829418428826,-0.0123012100775991,-0.0255791509724305,-0.0400867412057057,-0.0519905577556765,-0.0456750409582119,-0.0191801367477292,0.00235105616453902,-0.00485216620620661,-0.0153673345743308,-0.0656644270477743,-0.0565203282560388,0.0147169652362241
830,-0.00410739859912908,0.00726482212858103,0.014985839503637,0.0215346679638321,0.0170794495927948,-0.00153890213983426,-0.0264944894383178,-0.0399958513387819,-0.0424048692711132,-0.0406787820544818,0.0134873845668066,-0.0419738031973322,-0.0713454080199359,-0.0163778454411034,-0.0634420053054866
831,0.00592206892212086,0.000803720953087123,-0.00336406780177619,-0.0103161638511458,-0.0190464617526233,-0.029050019151259,-0.0410639515130451,-0.0522878711469184,-0.0634134692239256,-0.070153709858232,-0.00164478352547774,-0.0656880776638232,-0.0421453535097716,-0.0800297684973309,-0.0622613658523322
832,-0.0131184493406534,-0.00414963260083106,0.00206206050470011,0.00660303812458079,-0.000323385630786815,-0.0224262955458662,-0.0498197513808715,-0.0575990201801409,-0.0415529083273568,-0.0242866121557769,0.00200205402459181,-0.0302805687828973,-0.0866337111363993,-0.0125802850670302,-0.0311946964915804
833,-0.0275571081928117,-0.00794598207094973,0.00652003428046285,0.020693213065605,0.0151177244778374,-0.0195557412988428,-0.0654873523372122,-0.069679785420909,-0.0265274064240884,0.0134291849706548,0.0110377898809946,-0.013381147234886,-0.133346558339413,0.0348119086836747,-0.0063939649131031
834,-0.000621481306105744,-0.00662954575842226,-0.0112257024202329,-0.0178001506682555,-0.0239347115032934,-0.0286901153927056,-0.0340318200418183,-0.0413931759774518,-0.0517447436489208,-0.0589434266896745,-0.0112433517900672,-0.0547667612895631,-0.0244309698751173,-0.05970975526204,-0.0436570751283514
835,-0.00341888943533426,-0.0135253861212904,-0.0212205883771235,-0.0312952216768084,-0.0378211207419649,-0.0379259712433731,-0.0327181589452711,-0.0266439214421822,-0.0206979926527119,-0.0171245603570724,-0.0215871609794874,-0.0191666608828015,-0.00527690272901143,-0.0378481622488127,0.0145585723087286
836,-0.0171564985050038,-0.0106691610976054,-0.0069726093794965,-0.00475365324435598,-0.0084379575800279,-0.0191897045140415,-0.0351812989524657,-0.0471825650424393,-0.0549251333250751,-0.0584287458358257,-0.0100888774636922,-0.055934151824665,-0.0411362060903359,-0.0247642975233774,-0.055164317076389
837,-0.000444672732917785,0.00653501177209993,0.0109226189222866,0.0132801750412253,0.00653287036927806,-0.0112456449289167,-0.030067061074322,-0.0294596440432558,-0.00911270660499212,0.00873475549554202,0.00918413164068699,-0.0038582588338821,-0.0731801126809949,0.0047855206018626,-0.00333736742711586
838,0.0177458321207186,0.000311453348840809,-0.0128257533318214,-0.0304039621466864,-0.0437556216053728,-0.0489823109030163,-0.0475554293174947,-0.0437507037451287,-0.0392389921031876,-0.0363007959568948,-0.0136027104242361,-0.0381303887005839,-0.030376265983562,-0.0912128984879579,-0.00666416640823465
839,0.00710024160484506,-0.00714879433771223,-0.0175576404180103,-0.0301039317596547,-0.0362545785808893,-0.03236763141838,-0.0221042164710495,-0.0170496145925481,-0.0191087719487333,-0.0223047694785097,-0.0172046746948864,-0.0200998301703676,0.00746692791394832,-0.0514378706693208,0.00730418869521725
840,0.00797661202336036,0.0119958568081221,0.0150460187863193,0.0171480075013651,0.0105339225878699,-0.00970152677126187,-0.0373924490967978,-0.0435953580492107,-0.0235898236212512,-0.00422039928697118,0.0163150717153842,-0.0184821084094702,-0.0839578422711679,-0.026841464707734,-0.0230869120400485
841,0.00831454645570833,-0.00368182443098052,-0.0124533022762238,-0.0236311990533274,-0.0311318795680106,-0.0323683702897963,-0.028577985996383,-0.0262468149458834,-0.0275853219930074,-0.0294471750882673,-0.012139916348134,-0.0281703053481742,-0.00745797357804062,-0.0598504111098598,-0.00605087910555166
842,0.0157331400791563,-0.0117424325667156,-0.0305300340690773,-0.0510135937039329,-0.0572058652721505,-0.0442156525271459,-0.0205233105511905,-0.00487711516845732,0.00064481208520499,0.00106448592224464,-0.0156852026394586,0.000903905240140855,0.0327357429488372,-0.0630901505490064,0.050609551819853
843,0.0421916911616031,0.0166976466484482,-0.00191956540210037,-0.0240939111600653,-0.0340687824121229,-0.0266139423049178,-0.0147044416989133,-0.0183696112777092,-0.0381848010624306,-0.0547776403391506,0.00183966547787534,-0.0412921284528672,0.0018800066547797,-0.113570488982642,-0.0356775955468491
844,-0.00582011861347271,-0.010549111326087,-0.0139612409306607,-0.0180368920024744,-0.0200307172570589,-0.0189503962777992,-0.0167985483923109,-0.0174301276384605,-0.021468942274528,-0.0249173443912761,-0.0124764215582686,-0.022813848493904,-0.00147375810593225,-0.0219621522612473,-0.00800798202695682
845,0.025023365900717,0.0118577687721752,0.00226071883398939,-0.0095370739552893,-0.0161627461079002,-0.0147087396558353,-0.0115934981917889,-0.0208710078337349,-0.0469144947900963,-0.0678592419049158,0.0049279859265426,-0.057274003904149,0.00105864280574599,-0.0947988943561608,-0.0619302127505948
846,0.0140778437462407,-0.00260228615591507,-0.0143422263128789,-0.0281096149792378,-0.0347602216855253,-0.0311873255376715,-0.0231574335592748,-0.0225759567813512,-0.0321734771654631,-0.0412229226998336,-0.00827278045367777,-0.0371451992241489,0.00567566441535922,-0.0755593844396598,-0.0155425593742281
847,0.00395694039712349,-0.00549264081479653,-0.0124693158157604,-0.0218443368696473,-0.0294812716128448,-0.0336074677581615,-0.0327739986298523,-0.0248769273321316,-0.0102583460541032,0.000395375770258155,-0.00789431049057487,-0.00870706145417695,-0.0290766831694564,-0.0298478216450969,0.0223570191738457
848,-0.0100609317232423,-0.0098766278266123,-0.00997671828874107,-0.0117518537256361,-0.0176143429181042,-0.0286304629932839,-0.0422585966883373,-0.0485547382513174,-0.0464078132151813,-0.0425602598145839,-0.00996101384200062,-0.0443100204220235,-0.0439384454952451,-0.0375328434833791,-0.0319677641374608
849,0.0116430043943021,-0.00712958412084283,-0.0201664789753353,-0.035885888794658,-0.0453606526774067,-0.0454563364494684,-0.0376531655303825,-0.0285651125052224,-0.0198843414106308,-0.014735418912808,-0.0070631094886161,-0.0180052535310073,-0.0107564536093913,-0.0694530410197461,0.0194869227093727
850,-0.00311579275760191,-0.0199138867726012,-0.0323551582677781,-0.0472632159763091,-0.0536713609892999,-0.0465869033870858,-0.0308120201478342,-0.0231528177033898,-0.027168727685269,-0.0330777437748106,-0.0348906225993736,-0.029781663917267,0.0235801810731999,-0.0573331984064561,0.0143778535084875
851,0.037546152522905,0.0140458495405204,-0.00400279984143811,-0.0276608382227275,-0.0416833073503455,-0.0382092586542592,-0.0235997889108162,-0.0169729588518878,-0.0205693931017281,-0.0256850206977452,-0.0141906385998244,-0.0221530568797466,0.00092514443945947,-0.104269061346558,0.00166457070336406
852,0.00924654249188599,-0.00171775102996056,-0.00940477731161631,-0.0186696149083222,-0.0240510052789181,-0.0236829420178999,-0.0175574149790918,-0.00705567187082939,0.00741269386596395,0.0173183044434264,-0.00311830773299649,0.00944970526748621,-0.0117601942829229,-0.0207297349682558,0.0364104637985224
853,0.0133625320438207,0.00158391925749872,-0.00684683629332211,-0.0169112518748349,-0.0219961776797499,-0.0196320939989244,-0.0149594345511811,-0.0189300757083137,-0.0328530718266312,-0.0440078157243482,-0.00321114018434805,-0.0361276070259965,0.00082874957655545,-0.0659562774261581,-0.0291817328551712
854,-0.00555864518073827,-0.0139917323136114,-0.0199584189289823,-0.0266085357015262,-0.0285846852985836,-0.023730299455542,-0.013168263436584,-0.002574013402444,0.00764121427218062,0.0137828254462618,-0.019496966033309,0.00871562161396186,0.0155333529965708,-0.00268727574464914,0.0416259420429989
855,0.0470479214292758,0.0187119066092915,-0.00309438449681729,-0.0318889361269495,-0.0492191196341139,-0.0458142795527869,-0.0310145491848989,-0.0272700984655446,-0.0387454417380487,-0.0502032464063506,-0.0127702935120392,-0.0447304019416643,-0.00164745821507293,-0.14229958946611,-0.0197844967885478
856,-0.0119117344766974,-0.0161479932460504,-0.0193266221938879,-0.0238430823536391,-0.0281266554051722,-0.0315952436834885,-0.0362723138534821,-0.0447832974261036,-0.0587203346687586,-0.0688650978282583,-0.0167642541052021,-0.0630755672459527,-0.0149461033564684,-0.0537973792741572,-0.0485290048628872
857,0.0221360812436014,0.0219850046286873,0.0218622978725387,0.0199784162378496,0.00969252338514817,-0.0144833561638274,-0.0500970588525467,-0.0608860400464851,-0.0349498148713299,-0.00781894277514122,0.0209821694035584,-0.0193837194722413,-0.11339669935332,-0.0523421140161952,-0.0318675338625126
858,0.0112830191534875,0.00823586929207854,0.00602705409291506,0.00315049831837642,0.000979170933469317,-0.0000597707939992698,-0.000879573395829957,-0.00239177873638209,-0.004793651799105,-0.00651777299080417,0.00733240323202033,-0.0054030786106625,-0.0192795420724036,-0.0169427637238269,-0.0126914692015168
859,0.0122571695225708,-0.000792773694907002,-0.0106642065994713,-0.0238541603087232,-0.0336714699192569,-0.0372738653282512,-0.0360128087854882,-0.031997560273342,-0.0261184896050678,-0.0220609290835084,-0.00989740615237848,-0.0258790211443917,-0.0207623543113561,-0.0649929086709876,0.0017518060627257
860,-0.0384313648264175,-0.0154123109212602,0.00105932670328377,0.0163737685548503,0.00910680935087581,-0.0306032423440882,-0.0848833874291814,-0.0920020505654619,-0.0391242009206854,0.0110352867299683,0.00303241264783913,-0.0121414653558208,-0.15894394028165,0.0392280663351085,-0.00506336879447461
861,0.00190308474152161,-0.00814363207141341,-0.0154983398854245,-0.0242167129520257,-0.0279341371951482,-0.0242877023833626,-0.0181643548575813,-0.0185182918445412,-0.0259086683804418,-0.03245611175052,-0.0158338789914154,-0.0285338315494578,0.00514572588755137,-0.0427320356438788,-0.00983699531117893
862,0.0195054145535264,0.00165923562154461,-0.0116098629768759,-0.0267406321179984,-0.0301529866460494,-0.0156210487103502,0.00488490819590047,-0.0000538518370943545,-0.0333801957486702,-0.0609567349834569,-0.0138141905720365,-0.039063099643661,0.0493387981466396,-0.0835284376597989,-0.036782479210982
863,0.0265890334238976,0.0238473255939711,0.0204784317174818,0.0109218060435382,-0.00852987679890387,-0.0373440410706933,-0.0603559006481033,-0.0509565724662294,-0.0114595101254412,0.0209535072950474,0.0217135720587883,-0.00214164101624206,-0.11486802671722,-0.0514073757826935,0.0136004582779288
864,0.0163283302024766,0.0128340186822879,0.0101236200976012,0.00558686845063467,-0.00251374867411844,-0.0163988244024542,-0.0342243990556676,-0.0422969480218893,-0.0405579793919805,-0.0368173065643874,0.00536381657172388,-0.0401603168020837,-0.0606419762170153,-0.0584408338748681,-0.0446995301803453
865,0.0509579350832245,0.0354154709092654,0.0233597990963045,0.00529916858162895,-0.0124651954923527,-0.0262223638617676,-0.0345880286102181,-0.0308691895612385,-0.014251121825314,-0.000248943363571813,0.00327988592053662,-0.00933103067998319,-0.0650883366448095,-0.0928061786199741,-0.00551789288936041
866,0.0229183043299062,0.0113627157292197,0.00278068260275116,-0.00893338211700459,-0.018892825158897,-0.025210256792457,-0.0300686316912086,-0.0356007698986282,-0.043048135307348,-0.0481298983403922,0.00886571925931031,-0.0450416023611738,-0.0373704211228449,-0.084908375503304,-0.0423007565487944
867,0.0111792688597503,-0.00238577605826202,-0.0128668548269298,-0.0275706261001442,-0.0395047106074889,-0.0449939754281315,-0.045689658773041,-0.0485736237452754,-0.0566102628743693,-0.0629226368788966,-0.0199441236874182,-0.0582123713216482,-0.0233827318071985,-0.102639509077335,-0.0362028414932362
868,-0.046927835154179,-0.0261875975810436,-0.0109518579957437,0.0061760048632765,0.00991541390702566,-0.00657998588209723,-0.0377438974099384,-0.0623684823367917,-0.0781797148179341,-0.085401603293047,-0.00843152111314869,-0.0810555774419279,-0.0576404093537617,0.00945667137548251,-0.0944455134264902
869,0.0213078444284356,0.0127395561090115,0.00628681885517222,-0.00278058396548493,-0.0110353545554827,-0.017027404184733,-0.0214604416210332,-0.0249735916846894,-0.0287380970072044,-0.0311120196913631,0.0054422877657466,-0.0293637144689272,-0.0253613157959986,-0.0688997631073445,-0.0299460808538951
870,0.00571076159897464,0.00780044399934195,0.00920359741186095,0.00895103854892231,0.00221479967426973,-0.0134370802771205,-0.0338143181340435,-0.0432313909967193,-0.0412058825556664,-0.0367946075419529,0.00953912354337527,-0.0403330996958744,-0.0652179241799072,-0.0416096240591374,-0.0473242500683803
871,0.0221143744186372,-0.00484159040378172,-0.023494319877726,-0.0431122542843575,-0.0459426049614872,-0.0261378128194594,0.00381503443057774,0.0161468889074647,0.00776981468863861,-0.00361813434886005,-0.016409528970461,0.00188281614578224,0.0656202621644808,-0.0626844884606688,0.0385884170476789
872,0.00367787512706059,0.00898347474589524,0.0124276828280352,0.0132155443316297,0.00329824444632828,-0.0205813013617572,-0.0501806539598349,-0.0619338629011865,-0.0557974103844764,-0.0471193733518862,0.0127792126741337,-0.0537064024591577,-0.0937402392462965,-0.0526094101181264,-0.0614657673428161
873,-0.00434805003262538,-0.0136542582215633,-0.0206073098014155,-0.0293485936505316,-0.0343601002060652,-0.0331117845082123,-0.0256226040169361,-0.0146257610528379,-0.000501853626075582,0.00898454362062948,-0.021379272050298,0.00285321141515214,0.000265678346897592,-0.0149554575413936,0.0395728646805506
874,0.0119055982511192,0.00765940643136878,0.00383847452492019,-0.00480962799345822,-0.0207199344817048,-0.0443160485284545,-0.0667263884787552,-0.067292737084295,-0.0473543023669419,-0.0294887292440457,0.00306822054921664,-0.0439398872605536,-0.100126591205269,-0.0693874441716826,-0.0238953614515662
875,0.0230842784715173,0.00419619694033139,-0.00991611345325243,-0.028625193001818,-0.0426592199025518,-0.0482368368090245,-0.0493619940157702,-0.0521910459103349,-0.0581839458140192,-0.0626464477839231,-0.00784346993057267,-0.0591169062723639,-0.0427105186249208,-0.110627485242257,-0.0364208329828007
876,-0.00299506498250227,-0.00396086213903572,-0.00471554495166016,-0.0070096352683821,-0.0148352955831443,-0.0313439682591117,-0.0511010355780139,-0.0507993233885305,-0.0273107580310252,-0.00629411767084517,-0.00568116580148469,-0.0201334883804232,-0.0720186653865325,-0.024784116714387,-0.00016085057580689
877,-0.012153484883304,-0.0130973474949366,-0.0139932911131671,-0.016363559700916,-0.0213325407590001,-0.0295059102846951,-0.0371252183632001,-0.0269659184032344,0.00385670012842895,0.028054865586344,-0.0142888087813861,0.00627441770133438,-0.0370620490688452,0.0101324501049314,0.0457921231561803
878,0.0243023123706353,0.0125578630147167,0.00422264577154612,-0.00552549478104587,-0.00996737582723446,-0.00702324062124913,-0.00655008341201706,-0.0240386482190012,-0.0596414468180871,-0.0859988442286116,0.00454192304323316,-0.0641972605792526,-0.000639228186243352,-0.100262135805213,-0.085698047655884
879,0.0455340780792398,0.0198382092050953,-0.0000770315882849069,-0.0277337809807602,-0.0464572562924424,-0.0459910459127015,-0.0261607859556805,-0.0100786406882504,-0.00552614413421574,-0.00545573745432029,-0.0210594276368458,-0.00550909972529142,-0.00161377754718931,-0.110025928350286,0.0269861590744523
880,-0.0209255555249529,-0.0135355535534012,-0.00960562291177459,-0.00982264549388873,-0.0226132917660446,-0.0501069817512265,-0.0792287044333446,-0.0799794173794563,-0.0534308805566224,-0.030288419290535,-0.0111954920717102,-0.0505813242358903,-0.110740673088528,-0.0231971992659775,-0.0187066875948731
881,0.0104172746055107,0.00714549736972651,0.00432468415740491,-0.00223298580603053,-0.0150921542403915,-0.0349731396243628,-0.0554771567147114,-0.0612421314873877,-0.053767640569076,-0.0457353950697365,0.00441670356957499,-0.0523771919845952,-0.0828059580381529,-0.0714353698384676,-0.0439074310038569
882,0.00110597427216645,-0.00228561901497818,-0.0048883679463322,-0.00824093604630375,-0.0100044659771666,-0.00897239347031882,-0.00861647248491242,-0.0174905244837066,-0.0371562386277476,-0.0521776045153704,-0.00650607716425172,-0.041212970139229,0.00386182649391166,-0.0450246170014749,-0.0457742378369957
883,-0.00716731929809377,-0.0104999534762646,-0.0136512793720584,-0.0199248563832535,-0.0294055982389035,-0.0416114193182367,-0.0527259621869444,-0.0523902233891937,-0.040039172368373,-0.0291912342652434,-0.0112830920520046,-0.0360915866871187,-0.0543202186527815,-0.0409349922480627,-0.0095665409499287
884,0.0164223697157184,0.0109236876000367,0.00588611455834473,-0.00399707117010024,-0.0189123793721705,-0.0377229508314586,-0.0518368159468075,-0.0444504215370257,-0.0149071968326535,0.00971649798188107,0.00880214025892263,-0.00252468166702458,-0.0794487621928811,-0.0453690504986573,0.0150704356274216
885,0.0374721085090527,0.0188409978275552,0.00461054160150916,-0.0150544153723255,-0.0313071968435496,-0.0400653738944662,-0.0440112471034975,-0.0479248801704057,-0.0538196857443798,-0.0579059395602787,0.00252237463358424,-0.0541915524623164,-0.0465152015763283,-0.126878082577344,-0.0448816442955922
886,0.0422468096460628,0.01970281591386,0.00252753277008301,-0.0194284254277973,-0.0315782176138506,-0.0267311288800195,-0.0112577027245458,-0.00463787448564034,-0.00993364513445832,-0.0165520737567816,-0.00537386348536042,-0.0123341974177562,0.00863190345552909,-0.0963916529314666,0.00251956297550851
887,0.0111448087123112,0.0119220763788047,0.0123963825551643,0.0113245937371788,0.00504435284941731,-0.00831997960776818,-0.0242287544006914,-0.0284641142746319,-0.0206466707943635,-0.0124454130474773,0.0124003314840231,-0.0177686425738199,-0.0555897824859251,-0.0296768472135226,-0.0246724554417878
888,-0.003687303136598,-0.00633532967307198,-0.00861918196954255,-0.0134353906076031,-0.0218156110879826,-0.0340066975904124,-0.0465094345419832,-0.0493581572019909,-0.0423130999049501,-0.0353244389902392,-0.00887009227430609,-0.040839804875262,-0.0531195021819502,-0.0436791487694276,-0.0225497234541778
889,0.00974526043406783,0.00764316266277926,0.00593663525239814,0.00183796146095187,-0.00726172647854506,-0.0230762440920327,-0.0429181065285294,-0.0518673529047596,-0.0480157824823748,-0.0420578788181199,0.00479868899985053,-0.0463430110617345,-0.0680536155249312,-0.0622955237880907,-0.0460904047285162
890,-0.00385196127565893,-0.0151380121709466,-0.0235929036086097,-0.0342914402125652,-0.0405777775188314,-0.0394767889052954,-0.033088269589541,-0.027609563712722,-0.0243010212254684,-0.0229433669208161,-0.0240174761220005,-0.0235983942674041,-0.000258730191912422,-0.0431053055725015,0.0114410117920713
891,0.0127841099550476,0.00626671448038664,0.000662400185765223,-0.00925957964634611,-0.0225106534573001,-0.0373763889139223,-0.0486098630743534,-0.0469111627722771,-0.0327204033700819,-0.0202882870280168,0.00698605686894365,-0.0255475075704597,-0.0642076001477075,-0.059457853779426,-0.0109357945111963
892,0.0121299301495785,0.0110463457848756,0.00971225102991937,0.00567685540791187,-0.00298014540023952,-0.0163828946258653,-0.0249094610352347,-0.00949888089712104,0.0320970177059734,0.0652192950991551,0.0101797280028312,0.0460760697217479,-0.0540719359641475,0.011960627768094,0.0631493199126449
893,0.0188076173284925,-0.00528807743757089,-0.023333612458696,-0.0468646103384646,-0.0631242063502159,-0.066280651173229,-0.0568606911618981,-0.0414313791886303,-0.0222100369677022,-0.00952813398380605,-0.0302370364008869,-0.0192986593526575,-0.024277567131432,-0.0898463449773475,0.0388191607853658
894,0.0557616649641289,0.0328265535614475,0.0150382697005534,-0.00982344618021006,-0.02539269072493,-0.0209512037573718,-0.00553351989498538,-0.0135315838019683,-0.0494974514554572,-0.0790181446561729,-0.00160785122199256,-0.0566887046323627,0.0104251639770375,-0.154423612733635,-0.0708195911244311
895,0.0460220446244624,0.0192076424785873,-0.00158154329082962,-0.0303533373444515,-0.0484849410216112,-0.0440349491186988,-0.0150218048851264,0.00961680446646142,0.0172586495164919,0.016757542034529,-0.0218087802587634,0.0172937022069765,0.0215451904206022,-0.0929524295974479,0.0535863341125248
896,0.0100529215514172,0.00229174290798395,-0.00382808359085293,-0.0134731167183888,-0.0246048188338539,-0.0357569652987716,-0.0422334820864434,-0.0360031131174035,-0.018128246996239,-0.00397218508464025,-0.00186000344080104,-0.0149228224802732,-0.0574142448515908,-0.0394678913671414,0.0099332877227669
897,0.0353463094020919,0.0207909068750173,0.00960643255334044,-0.00566006319507681,-0.0171563077195427,-0.0208978069881124,-0.020062703820456,-0.0254017283721195,-0.0398822581873136,-0.0512083184499009,0.002729584026048,-0.0413841276316654,-0.0196496536762608,-0.105315818348304,-0.0471723798055489
898,0.00812681091719619,-0.00213198092863232,-0.0100352710040844,-0.0217459815950694,-0.0337222162231454,-0.0442336049581888,-0.0513586244915059,-0.0501277392459989,-0.0414808789766659,-0.0341199810632053,-0.00654820947153752,-0.0387040943047028,-0.0560120608038582,-0.0665608770624713,-0.0141580619212975
899,-0.0195631462542734,-0.0264023417352163,-0.0311706763772233,-0.035906181382595,-0.0354515285811402,-0.0279897197017934,-0.019798018955786,-0.0242185166190325,-0.0423425402908256,-0.0571191067401567,-0.0299736917905868,-0.0459326786879587,0.022162459126645,-0.0293963815934521,-0.0236535119629346
900,0.000329720232658395,-0.00126852767786816,-0.00243106378769492,-0.00337579329591194,-0.00218761801180289,0.0021377584370163,0.00876239149227045,0.0127670724428794,0.0135667617781949,0.0131391717429306,-0.00286272776589796,0.0134706521545318,0.0185057815238968,0.00916385852124288,0.0172571241136399
901,-0.0262140485927672,-0.0108104223436075,0.000776175622408753,0.014105756058181,0.0167967580346456,0.00262802870551659,-0.0203262471178342,-0.0241257946683526,-0.00457515332792843,0.0134635390208726,0.00587850403907595,-0.00122091702455008,-0.0528997657274949,0.0505968361646606,-0.000330948664267894
902,0.00253234455878283,-0.0114051390323764,-0.0212002742166899,-0.0331960306810576,-0.0407130045348447,-0.0417907967625168,-0.0396485416499667,-0.038830152543802,-0.0402459996349853,-0.0417519910029264,-0.0103024713248839,-0.0408040971111206,-0.0207966361561357,-0.0653293392554869,-0.0116257810563766
903,-0.00109557138202766,-0.0187236482382275,-0.0317711450845744,-0.0478077088856477,-0.0561843897623264,-0.0524185685246346,-0.0416720251129319,-0.0364724976928745,-0.0386023377612379,-0.0420051107745719,-0.0334721877477966,-0.0399930459298185,0.00273991877450072,-0.0678361666685598,0.00464123941072736
904,-0.00996724271934449,-0.0194287952743386,-0.0255779794859331,-0.0315435890376506,-0.0316215232388593,-0.0239967557916115,-0.0142122064466007,-0.0181714207690004,-0.0388394660984783,-0.0560771597641134,-0.0202103001447672,-0.0431291670172861,0.0277407337416909,-0.0448148187587488,-0.0267498296022943
905,0.0543748864577358,0.0253583881429298,0.0038553892003983,-0.0239220083113269,-0.0429718549186815,-0.0471593824636361,-0.040273029843421,-0.0303965827340532,-0.0197069895458336,-0.0129742319521928,0.00901001815797844,-0.0167243299170309,-0.0318752160911387,-0.130792458645174,0.0103957950322462
906,0.0138206359689359,-0.00224460653376427,-0.0135460169912895,-0.0268336798412675,-0.033381731834609,-0.0306246926860666,-0.0215443901752481,-0.0113922350697643,-0.000395161143423891,0.00654897579919754,-0.00655996676533523,0.00225012383018235,-0.0123609115022029,-0.035446699729188,0.0310371042872251
907,0.0217223033909108,0.0148568448574503,0.00945805267682403,0.00113259827688579,-0.00802519964723884,-0.0169148066437592,-0.0230550421769049,-0.0202939349943283,-0.00951744606542034,-0.000924705684351462,0.0158850604219247,-0.00885793437209047,-0.0433734742569139,-0.0456491031817152,-0.00249041935858444
908,0.0225865715067894,0.00042806021573133,-0.0151681390484951,-0.0329461852693198,-0.0398391828985776,-0.0314821035109943,-0.0140273851002388,-0.000654254203965973,0.00785818154600214,0.0117500525221506,-0.00995600828029419,0.00900981662398515,0.0147010000983612,-0.0531078355983115,0.0443551140344092
909,0.00643452715206989,-0.00383424146801673,-0.0115344636757205,-0.0217935292535639,-0.0295657879037651,-0.0325559574033231,-0.0285607996505666,-0.0139333739820322,0.0129101017854799,0.0326024129071932,-0.0127808965153395,0.0191415817010103,-0.0150281305373035,-0.0186484853805739,0.056012328798445
910,0.0462421572085329,0.0328829623506176,0.0224904870381728,0.00633440830471951,-0.012233438282232,-0.0317160572991445,-0.0491046224788861,-0.0531024879408667,-0.0450279232271398,-0.0369230529079919,0.0176114840983304,-0.0436334837438436,-0.0876794076955184,-0.117909572187317,-0.0445971689139828
911,0.00286444579279994,0.0148324419321556,0.0215835139498183,0.025809580124825,0.0199575809194538,0.00208685366595909,-0.023099808695206,-0.0306421207609503,-0.0188922464851583,-0.00713788228804568,0.0212082899861536,-0.0188908190362529,-0.0728077590685494,0.00400729635668326,-0.0317602027244108
912,0.05278700396233,0.0260108372659493,0.00580953262102908,-0.021203523637201,-0.0415778867111331,-0.0490603385212852,-0.0441090727438728,-0.0348493719340205,-0.0255374620159845,-0.0199480819516304,0.000470590769924124,-0.0230506601508066,-0.0395411369575921,-0.133916167273663,0.00174464318676116
913,0.0523920560186225,0.0424011045418608,0.0343951265240835,0.0203155668107731,0.000288341693164371,-0.0254244763128655,-0.0516530230461657,-0.0615359231811219,-0.0559931124482596,-0.0480993990283018,0.0321913127915502,-0.0535459762522169,-0.110344198824403,-0.12960187572728,-0.0707954444497591
914,0.00684281757371752,0.00106303502923591,-0.00349703179664914,-0.0117966234586543,-0.0249550552456932,-0.0435762651666355,-0.0613149892202144,-0.0616900369155263,-0.0462638988175797,-0.0327529620403001,-0.00497588186019571,-0.0448331763534224,-0.0818909671400356,-0.0615932214147711,-0.0203722208950851
915,0.046089179588248,0.0257311651565467,0.00995285749848245,-0.0119390012631305,-0.0266422801701558,-0.0261750596915223,-0.0152442748419082,-0.0121894359675255,-0.0192212822136856,-0.0263582671740707,-0.0061242320400562,-0.0205430904053248,-0.00675596213083414,-0.1093952421374,-0.0145453609269107
916,0.00261395811133268,-0.00257512391797006,-0.00667186990089142,-0.0132933023818176,-0.021380970531787,-0.0304843258515886,-0.0387606507464462,-0.0379073404525748,-0.0264040439862312,-0.01628170304169,-0.00741829543872922,-0.023156259405231,-0.0386929088359407,-0.0422476385243323,-0.00323304719751557
917,0.00330680108534758,0.000353530647584731,-0.00193140516751809,-0.00497004499520379,-0.00657121534503514,-0.00548981874675193,-0.00522636047158138,-0.014370108431808,-0.0346289635130493,-0.0501294865751286,-0.00375980189544107,-0.0397763773160738,0.00415195744774245,-0.0426704273180492,-0.0470142050649473
918,-0.0307205009063993,-0.0272800883200568,-0.0246280659121193,-0.0208197148067969,-0.0173094368263918,-0.0147936911305073,-0.0135714817466142,-0.0146377196521164,-0.0179348735935001,-0.0205442551412387,-0.0238740910430494,-0.0188968146051166,0.0142833629686308,0.0173907944235063,0.000371854577325118
919,0.00954064679651957,0.00767840048598569,0.00618371463326205,0.00355218294053293,-0.000188720444865094,-0.00509787041006874,-0.0122606979476337,-0.0212554235125441,-0.0328848725298299,-0.0407283850029703,0.00572629087294784,-0.0368580331516547,-0.0136237326478986,-0.0508355129622531,-0.0457925052287442
920,0.00442152265492405,-0.000557820219587631,-0.00440869038127884,-0.0100772251823228,-0.0157002177069232,-0.0204449254037584,-0.0254562453529632,-0.0315143833234542,-0.0396008492653989,-0.0451010289276924,-0.00578083677054412,-0.0414643524480184,-0.0204339881598789,-0.0556460879373499,-0.036556863507853
921,0.0232851914443734,0.00728153707123273,-0.00458072189129076,-0.0207902837937743,-0.0346821735570814,-0.0435177212828248,-0.0468857128444636,-0.0429523182358241,-0.0320984145677836,-0.0234084859660083,0.00427643889437581,-0.0272219585371677,-0.0426326600703147,-0.0893759873089686,-0.00268392471440138
922,0.0353629803621322,0.0134126073382042,-0.00325916924407928,-0.0244817976627263,-0.0362450456895045,-0.0320843592481986,-0.0214889038265854,-0.0253433409355396,-0.0462081570262717,-0.0637682014245763,-0.00897949153352522,-0.0531437924477611,0.00482987826408251,-0.123195863047486,-0.0419447116052614
923,-0.00672045586794619,-0.0119764124073319,-0.0162602024678445,-0.0236916798206586,-0.0337527045347936,-0.0462107875949767,-0.0551594967671967,-0.0382635218002815,0.0109076388057816,0.0501395817143167,-0.0171202436909983,0.025540737911917,-0.0610418942568287,0.00410370985260046,0.0757959083363058
924,-0.00248152984957015,-0.0037917943512569,-0.00483889614099567,-0.00742816082044216,-0.0136647567598574,-0.0250938928011693,-0.039680581150997,-0.0434157341454063,-0.0334325952173859,-0.0231400878054923,-0.0059885652170188,-0.0282131183276819,-0.0434770244157033,-0.0429860599948112,-0.0155881513423613
925,0.0394252076064095,0.0174494006121103,0.00101396750721269,-0.0197054429744874,-0.0317194279483656,-0.0299028000985362,-0.0251439629540912,-0.035284236012698,-0.0613455611180706,-0.0815881983817404,0.00311556281666651,-0.0654716627869425,-0.00916713668962792,-0.137474377554693,-0.0666008646672729
926,0.0132070429028519,-0.000914423945252873,-0.0116030528744257,-0.0253167223184637,-0.0335419997551988,-0.032054240242055,-0.0229114501790338,-0.0185580995416618,-0.0234970534386323,-0.0292600865094015,-0.0164983029954244,-0.0256956485796234,0.00217530120063148,-0.064693569964676,-0.00338949266336938
927,0.00553080256473524,0.0123848510951305,0.0164363917743473,0.0187640269757348,0.0138636175841266,-0.000220099205334357,-0.0243512074562359,-0.0495490090261745,-0.0753390730491187,-0.0911878830888302,0.0156274160050903,-0.0823064910682541,-0.0534777103671675,-0.0672681012030325,-0.114339736355049
928,0.00419188396313896,-0.00712347780333537,-0.0159003542609371,-0.0283617948323174,-0.0363044027328773,-0.0339775561836833,-0.0244441598663827,-0.0218188772858166,-0.0282954429147412,-0.034778305850808,-0.0262062727590711,-0.0299599371680505,0.00674578405077355,-0.0654048748381901,-0.00575028257636316
929,0.0350377006761207,0.0170439291801541,0.00315570762070694,-0.0152929439326166,-0.0260615384717748,-0.0224062634333708,-0.0110751433029428,-0.0132860992063163,-0.0329375835743999,-0.0499528269737757,-0.00585526841404381,-0.0367676575142851,0.00795347449232691,-0.104577611467387,-0.0359290251580926
930,-0.0154708861586558,-0.0187194575396461,-0.0209069520932418,-0.0224909046297261,-0.0202240923887522,-0.0128921189706539,-0.00567634252576811,-0.0111860683160805,-0.0318361175769623,-0.0485606364547916,-0.0207903680183284,-0.0371060985028562,0.0287175871768039,-0.0198400077615503,-0.0276674470336729
931,0.0387334407625735,0.0197534561228695,0.00624792403992729,-0.00957327863538964,-0.0167788644583864,-0.0116593837314024,-0.00494061730005798,-0.0156236275973774,-0.0448007430362171,-0.0675988176153274,0.00634515612119304,-0.0518403730434187,0.00758985002066742,-0.115742326438092,-0.0626074792469921
932,0.0227638263843582,0.0179406800531718,0.0141596176588214,0.00731380629305365,-0.00378981956322116,-0.0202785605709421,-0.0408752630585692,-0.0532033271528386,-0.0567586534382741,-0.0563935506170859,0.0113622438682645,-0.0567619276916701,-0.0725502565985404,-0.0865154745099055,-0.0668846865296892
933,0.0234754331498754,0.0102302183599208,0.000816163180745979,-0.00967157399245383,-0.0126517872131637,-0.00524909675895355,0.00154393005565887,-0.0125463385465069,-0.0503927784351284,-0.0804775723702942,0.00291823674167443,-0.0641812438039401,0.021069704687211,-0.0926601883574113,-0.0757514017644953
934,0.0297895280198389,0.000190898114213942,-0.0214444048538474,-0.0486771363788498,-0.0659012002758727,-0.0673906348354453,-0.0577322802228416,-0.0448338250381455,-0.0297587562709207,-0.0199757829258912,-0.00999719753753713,-0.0286774697785636,-0.0323506083145376,-0.110911483335177,0.0283001149374848
935,-0.0136550857981242,-0.016739426102142,-0.019187004829193,-0.0231928254969837,-0.0281831847817761,-0.0337632094969569,-0.0374914924543439,-0.0338307140610515,-0.0220520320286572,-0.0125804413362632,-0.0190520462195077,-0.017725043227805,-0.0246603879126312,-0.0156895305025543,0.0110462674240409
936,0.0341759974787065,0.0321131473345046,0.0288899786041991,0.0195342413697689,0.00113782193557395,-0.0258383994703004,-0.0551009375767762,-0.0698703362230576,-0.0710361016665059,-0.0680313356026395,0.0320098179667479,-0.0703297279089409,-0.112411365860872,-0.110354091434524,-0.0897953331610083
937,0.011801676525112,0.00367967828697241,-0.00249760248499864,-0.010367386773211,-0.0146955407107857,-0.0133465962848181,-0.0142544052370904,-0.0300940727427753,-0.0614961298265936,-0.0847539326555577,-0.00468731677866117,-0.0657576965699282,-0.0051669181826843,-0.0817872176216888,-0.0781507277041411
938,0.0400114521676598,0.0304897190312341,0.0228879127035005,0.0102559678305832,-0.00585795738348308,-0.0247523101658579,-0.0418709380869127,-0.0385804544862212,-0.0100434382794479,0.0152152280957847,0.0213325813517277,0.00437011813912687,-0.084404525428022,-0.0722293975634447,0.00473495300180946
939,0.0283502421054173,0.0143752383777767,0.00362157367229725,-0.0120322580558939,-0.0272585090544612,-0.0393991786817439,-0.0439185637719867,-0.0316670121245593,-0.00242919408007301,0.0203388004172939,0.00275097577406915,0.00654987410885898,-0.0564043289243852,-0.0616507287929753,0.0339786736314757
940,0.00779047768821779,-0.00147018167976057,-0.00846942782573468,-0.0182575971923113,-0.0269689220143643,-0.0329733461202422,-0.0368874622648536,-0.0385267964198796,-0.0387812078715949,-0.0385644127149133,-0.00639191261102009,-0.0387538052841767,-0.0367238633306069,-0.0586944459950673,-0.0216237236713718
941,-0.00664422547433901,-0.00907130688778164,-0.0105600948371676,-0.0116957137350295,-0.0107916494021232,-0.00748435452051015,-0.00371331800144795,-0.00339959184496181,-0.00654033289006271,-0.00933968311454144,-0.00956206367436679,-0.00703708325699631,0.00466416065412596,-0.00167719151370708,0.00160101048894008
942,0.0246331583653636,0.0123889355151931,0.00352651655147013,-0.00771988868102794,-0.0153453127783958,-0.0179073488813352,-0.0224409563173133,-0.0364505926873771,-0.0607328888883813,-0.0780902185363094,0.0105763294616766,-0.0632669949912057,-0.0244763364378033,-0.103294350505315,-0.0748391627753688
943,0.0730588075749846,0.0480622895037282,0.0288146979367259,0.00245556414009343,-0.0172932194473653,-0.0233169986373003,-0.0168489607734184,-0.00656080436183636,0.00413032413938585,0.0107130623427842,0.0198723097879146,0.00621064967058887,-0.0336942290399167,-0.123815173083559,0.00901426559170442
944,0.0618113680369136,0.0419240330047532,0.0264982175292492,0.00380705007750966,-0.015123225298246,-0.0226137337437653,-0.0213182481925641,-0.0267149145870232,-0.0437057284810576,-0.0569871502725121,0.00611101273910162,-0.0446684653663625,-0.0370315710996943,-0.146094755444774,-0.060972306356589
945,0.00802855584811091,0.00262981191042168,-0.00156273067274761,-0.00790742133967806,-0.0146841955732266,-0.0210831562945538,-0.0271156813685844,-0.0311237191392311,-0.0337646856819342,-0.0349999986830803,-0.000904227094920754,-0.0342295437477345,-0.0262783345145236,-0.0556624297642712,-0.0276078870922546
946,0.00446366433390736,0.00386826370147004,0.00237239078231646,-0.00221432671816792,-0.0110217687679224,-0.0239328550820294,-0.0426437289452057,-0.0646027395000795,-0.0911335817075524,-0.108559937502098,0.00440430191285775,-0.0938559420252962,-0.0653328966549782,-0.0915284374250941,-0.112902987774587
947,0.0113976824829255,0.0053430183423963,0.000524798014382407,-0.00741443653726775,-0.0174087419886864,-0.0288826272903306,-0.0410739593740725,-0.049179416950363,-0.0541978771149279,-0.056348241714384,0.000408982706956372,-0.0547090727811846,-0.0495203498434097,-0.0783121038082681,-0.050893332335091
948,-0.0192845089802687,-0.0103866607582553,-0.0038160913981347,0.00347504577369309,0.00454055842012306,-0.00399070625864971,-0.016729334968205,-0.0141714613203458,0.00694572528685673,0.025009960147254,-0.00246848885646045,0.0125850807198403,-0.0327721520354955,0.0415006282450555,0.0224531527430252
949,-0.0286873680174193,-0.0163149059181331,-0.00711492825399526,0.00288591503454487,0.00315840893934294,-0.0116483222725623,-0.0361035289323407,-0.0454436682325035,-0.0361528035891405,-0.024648381013275,-0.00176616621731495,-0.0305487174127441,-0.0554641681933003,0.0148244781336063,-0.0283568245400064
950,0.0301069533711136,0.0185642493681908,0.00972955355539357,-0.00290286939026565,-0.0146597916420525,-0.0234364712931664,-0.0303806943016043,-0.0385689565977473,-0.0517205219284979,-0.0612272440888693,0.0050888282972812,-0.0553868817545649,-0.0269395387811403,-0.1150045235568,-0.0600352499821562
951,0.00140981504499594,-0.00846536815924236,-0.0149507077322226,-0.0212781404608968,-0.0213072711867462,-0.0135416916338818,-0.00253989114181543,0.00296190720974895,0.00301362535453471,0.00143329595533687,-0.00910326515949833,0.00235565658243851,0.0232466008424678,-0.0164765332964462,0.0223193388103417
952,0.00146524712133467,-0.00503665629082198,-0.00961371699335807,-0.0146182504603637,-0.0158268516269586,-0.0117030696976373,-0.00781779805863809,-0.0161473177026359,-0.038254980468836,-0.0556580682901549,-0.00844242677410052,-0.0455947833663045,0.0123434772187073,-0.0491969930938514,-0.0437722858612749
953,0.0118796207804937,-0.010057767812251,-0.0253488230751132,-0.0425413737305721,-0.04878525105905,-0.040379212945515,-0.0299877064542973,-0.0386530622766664,-0.0685281555179948,-0.0928518241758504,-0.0152247950478906,-0.0773346624710783,0.0195593408081044,-0.116032885835902,-0.0550636302765523
954,0.0354474755050403,0.0257171916649149,0.0179390663105137,0.00510725617542524,-0.0109850548044433,-0.0292325453310842,-0.0461642513381189,-0.0509002612081781,-0.0446474336985796,-0.038105387905719,0.019426932653442,-0.0439515351529613,-0.0825164064577319,-0.0984535374135006,-0.0445910289475844
955,-0.0117634688346688,-0.0103217014933734,-0.00948839545245644,-0.00946240905325928,-0.0121365439886425,-0.0181737807887486,-0.027109874254186,-0.0357474286090821,-0.0444979149603374,-0.0498890449288741,-0.00963234020625257,-0.0439724401036273,-0.0304624000068968,-0.0254731666116522,-0.0408612207384682
956,-0.00896669445858498,-0.000179073127634891,0.00464251721149707,0.00712537565341463,0.00135210011657757,-0.0134827171027854,-0.0303513128411539,-0.0336080368316327,-0.0216173456684064,-0.00992059544352783,-0.0013665261526679,-0.0166376375638182,-0.0618777124930797,0.00655913239988586,-0.0176051709902601
957,0.0442786396471928,0.0245800122960306,0.00953073342291676,-0.0110420911744324,-0.0272659474142189,-0.0343397683673359,-0.0328527056927548,-0.0293956376898981,-0.0283339822755454,-0.0285534038260678,0.00427750759964105,-0.0283906537015114,-0.0298558351649277,-0.118745208514933,-0.0179565895882381
958,-0.00502669488129389,-0.0050878644296479,-0.00513827178271614,-0.00599143777288179,-0.0106218634185365,-0.0214577361935316,-0.0400061069089544,-0.0594284071688279,-0.079576814079279,-0.0920605762955303,-0.00539698837130079,-0.0817797767566524,-0.0465482156106897,-0.066626869888733,-0.0902630243766737
959,0.0154827227151167,-0.0161373808489617,-0.0366978237839945,-0.0559729818298161,-0.0536583148499985,-0.0279910833024596,-0.000700163551850198,-0.000307020127061484,-0.0239892102148215,-0.0446598535563471,-0.0177556240261075,-0.0272579250617753,0.0817086576835772,-0.0923286467102457,0.00485585695802962
960,0.0567186817108636,0.0262064787895896,0.00314508504005239,-0.0254294977845182,-0.0390091423806928,-0.0271961884087988,0.00186965332998569,0.00834912986216869,-0.0178204678191318,-0.0430377841188108,-0.00730628268384536,-0.0263290186786615,0.0419749537617107,-0.134893520404742,-0.0173963508947601
961,0.0624845363446362,0.0348741328790985,0.0134925912473668,-0.0160128319812696,-0.0361847791154011,-0.0367762820992174,-0.0222087559700502,-0.0176512879122502,-0.0295223094019212,-0.0413683510672894,-0.0059979461300926,-0.0329140546956027,-0.0110822246061301,-0.150081650956329,-0.0248948593357054
962,-0.000842488092362121,-0.0008893350777863,-0.00125434568067543,-0.00360768322092622,-0.01031608127135,-0.0224757657469471,-0.0328667962658916,-0.0165578994517231,0.0298347716456729,0.0660475337813819,-0.00147235389113077,0.0373022796320086,-0.0546194412561158,0.0262908903197707,0.0724817883784496
963,0.0665535488613356,0.0360043316524443,0.0126379541025579,-0.0175553016430278,-0.0347471094980105,-0.0290445518173052,-0.0105534138213227,-0.00704149604246051,-0.0216694106994875,-0.0353941195596738,0.00290731592526355,-0.0251707874410402,0.00652277597259466,-0.147117812940395,-0.0193353235775311
964,-0.000901289811462402,-0.00808116915490177,-0.0136167069517575,-0.021501774296657,-0.0285340860044649,-0.0332516751475452,-0.0396471836446739,-0.0545610214971082,-0.0803897532288615,-0.0992339338111003,-0.015895078872537,-0.0883976388449322,-0.0222420201508775,-0.091818315060135,-0.0811042989894149
965,0.0698490085893032,0.0485217966214077,0.0319896970622405,0.00803669958471733,-0.0132921744215942,-0.0266297669319285,-0.0352668705222223,-0.0469635538803019,-0.0656609416260079,-0.078947055991368,0.0203666782910645,-0.0688345174472603,-0.0635578320364712,-0.177637298675946,-0.0902323640021965
966,-0.0152839420476033,-0.00906101372829891,-0.00438658288608898,0.00115303438588538,0.00298729287151961,-0.00126574921088677,-0.0108191388533775,-0.0150545176039995,-0.010534162595466,-0.00512583198311247,-0.00180500245636242,-0.00844523071680938,-0.0127548545001487,0.0122026165512051,-0.0062844291180422
967,0.0060723436821836,-0.00608220264366153,-0.015645312442159,-0.0304589186570514,-0.0469203878193717,-0.0624285120502856,-0.0704003138754704,-0.060510821304165,-0.0344502639581309,-0.014272203414122,-0.00745820578314801,-0.0304455170947618,-0.0770009616393613,-0.0647678494790508,0.0174021250606255
968,0.0172577045830653,0.0181404482180834,0.0183804720458735,0.0151491887299297,0.00252689206466923,-0.0222291052495938,-0.0515686466302332,-0.0596597828181126,-0.0433833707080898,-0.0261214356342991,0.0181253202107659,-0.0349440540425487,-0.100353133043197,-0.0631590520360627,-0.0423858538659091
969,0.0515156615573622,0.0247698563289802,0.00496319339603341,-0.0205012567052622,-0.0376138621060815,-0.0412536364168928,-0.0387053922552149,-0.0407236452502268,-0.0505348829321057,-0.058880662735505,0.0110955851051979,-0.055335059860676,-0.034582214469455,-0.14843375278773,-0.0421934192584409
970,0.000763727658302628,0.0000835280815913391,-0.000547681884654822,-0.00266095614814876,-0.00809403939041027,-0.0179880215304652,-0.0305247578807575,-0.0307145911950698,-0.0127460311969527,0.00385540642973337,-0.00102259264970401,-0.004852011881413,-0.0359916710333791,-0.0258616532756387,0.00670079971441207
971,-0.0111247511689345,-0.016634970628539,-0.0212350369443553,-0.0291874414379805,-0.0396295125785077,-0.0518433646643006,-0.0648869335794399,-0.0738179498998742,-0.0796811173332458,-0.0823945413602654,-0.0176335754093216,-0.0806193663051774,-0.0518618688143279,-0.0797505726619207,-0.0550469691495616
972,-0.00152441374898002,-0.00842870781465688,-0.0135118618180835,-0.0203883448307826,-0.0261619914798582,-0.0299164436543571,-0.033336016147534,-0.0375955157596411,-0.0435815812311023,-0.0477674723366107,-0.00850827809190342,-0.0465775173439746,-0.0159786441049497,-0.0565938314761101,-0.0281013131408112
973,0.0369453518601598,0.0241548806766858,0.0144127037775275,0.000690647884991544,-0.0116008666357809,-0.0201891367459528,-0.0301123950029929,-0.0486095398942514,-0.0794610091282337,-0.101956310812651,0.0158198703930284,-0.0933941678526396,-0.0383251049437183,-0.141519604167162,-0.106824079773152
974,-0.0359545018701913,-0.0199251492522779,-0.00759241016252165,0.00790761881848325,0.0137769251415172,0.00296849149787819,-0.0211051530157387,-0.0423322058459546,-0.0592364379034071,-0.0684899987569383,-0.00170857172508037,-0.0610481980272384,-0.0367013416134377,0.0123363533678315,-0.0794720310523048
975,0.0545994105632273,0.0323754405828463,0.0151396283025609,-0.00962582544943104,-0.029609283737677,-0.0374307631986462,-0.0344592812548243,-0.0303647007991382,-0.0293285061057216,-0.0296779497062404,-0.00267144130500921,-0.0294227427912892,-0.0344484788068527,-0.146965330975093,-0.0192017355111066
976,-0.0211160156548549,-0.014404259812406,-0.00992473523482356,-0.00692356336427507,-0.0123832495509339,-0.0290442611887448,-0.0492368320101876,-0.0515768270028407,-0.0346426075772052,-0.0193114123791743,-0.010800992371577,-0.0315060193763911,-0.0674478102010989,-0.00146152380035101,-0.0120389411855282
977,0.013809633714192,0.00456375224412465,-0.00251663532387936,-0.0127638078258454,-0.0226620682554966,-0.0306081260752968,-0.0358019112971677,-0.035203770834649,-0.0292590433032492,-0.0241023019988268,-0.0015561282960838,-0.0274814272477386,-0.0389578671529077,-0.0614409233790251,-0.0123186958346375
978,-0.00830973468836792,-0.00353910235922319,-0.0000078437427795063,0.00318151936270587,0.000541056216349697,-0.0107683879412172,-0.0280555599318745,-0.0392351056100358,-0.043727801907218,-0.0447385364072241,0.00106197947192767,-0.0440528465710171,-0.0453245379206584,-0.0250111644455545,-0.049495145980934
979,0.013255922911524,0.0070961085706131,0.0023916122374844,-0.00416880160609268,-0.00979042241367264,-0.0133602027668253,-0.0195693297727248,-0.035275289471171,-0.0623892832377886,-0.0824288990741072,0.000404525933767238,-0.0720968648310085,-0.0175787135825173,-0.0854767382527725,-0.0822095808655596
980,0.0000981853316957097,-0.0159984561436568,-0.0263816558779398,-0.0361072477774695,-0.0351392459740528,-0.0201798341345818,0.00182043580224276,0.00701503528034093,-0.00715591008304663,-0.0206302003655257,-0.0230798991644226,-0.00813343737309661,0.0561173646850244,-0.0381511841442768,0.0147278387078799
981,-0.0019579480062395,-0.00226721212678536,-0.00285126381831663,-0.00612525413905729,-0.0155161054993803,-0.0319383886210033,-0.049167460037715,-0.0530671683433649,-0.0426606889551725,-0.0318327827701587,-0.00287537504702368,-0.0340777382547892,-0.0657427077409963,-0.0433830773046283,-0.0260151374485046
982,0.00824263171984269,-0.000717740444339355,-0.00783399625421472,-0.0190978539120609,-0.0321063865259023,-0.0457081586373526,-0.0570620571701204,-0.0541407730855202,-0.0345425768813795,-0.0179097746315834,-0.00498575132082907,-0.0281111285937379,-0.0623968562636688,-0.0628120135294671,0.000899249888171814
983,0.010194352666156,0.00213871658411604,-0.00410513512852402,-0.0127730333874431,-0.0185831777890869,-0.0182632259824668,-0.0141705411089877,-0.0236995294028051,-0.0569024309276774,-0.0845194127361025,-0.0103702494657512,-0.0721791401439158,0.00853073780948613,-0.0880137161770066,-0.0727753027138362
984,-0.00279377242194515,-0.00153094166116335,-0.00150476966592814,-0.00392627124343498,-0.0109825719879703,-0.0228951472160967,-0.0349106624085172,-0.0341729005584651,-0.0186604413961422,-0.0045022821010469,-0.00140360270952132,-0.00889412852113008,-0.0500195137758459,-0.0145729868093032,-0.0000209849069571013
985,0.0287075582419591,0.0174278151843729,0.0086958843560912,-0.00396893152441352,-0.0157034787360184,-0.0240862667866139,-0.0307224329539141,-0.0390738189244736,-0.0511080912033603,-0.0593344021598533,0.00112435905718943,-0.0505809082598478,-0.0376262128007347,-0.103485585889083,-0.057603101599912
986,-0.00812350316991311,-0.00862591178817678,-0.00946994053367638,-0.0127668747150627,-0.0207445258762502,-0.0343595292864051,-0.0493149617509169,-0.0462772920643948,-0.0219512938296311,-0.00136364457097056,-0.00968679478679003,-0.0168351107687937,-0.0586665097138275,-0.0194939946447744,0.0118144358107198
987,0.0453051354320286,0.0295254975119325,0.0173010729907412,-0.000953806665391445,-0.0198109194344732,-0.0368230241362642,-0.0503940665289722,-0.0506997366526645,-0.0364887035592474,-0.023467915158356,0.0112015252797403,-0.0298522039676886,-0.0756054502170018,-0.118724905433475,-0.0235359934964445
988,0.00867975306258038,-0.00371446654091346,-0.0132924268994762,-0.0268672665304739,-0.0384409144527221,-0.0449120933935968,-0.0431667947684276,-0.0263404081192992,0.00745194235538608,0.0330618766725276,-0.0195430226391744,0.0207901717839285,-0.0321795120368429,-0.0313615316777883,0.0625401768456211
989,-0.00673763365283644,-0.0151453251485861,-0.0212793490433174,-0.028067168427302,-0.0293011853423998,-0.0220948535077565,-0.0105869521705427,-0.0104303437355049,-0.0246642684409683,-0.0371172663574196,-0.0229629522059081,-0.0271707042063331,0.0289514722807616,-0.0338681509769693,-0.00947407185742397
990,-0.0328758554941085,-0.0377941445980779,-0.0413265862306014,-0.0443116595200543,-0.0414488920402648,-0.0301603358216926,-0.0158029667166964,-0.0170648300880195,-0.0375017978863108,-0.0555223058094632,-0.0422679666615419,-0.0449584125895553,0.0488124694297913,-0.0145261587229149,-0.0116855657909373
991,0.0170220503159696,-0.00383330607442156,-0.0188745073999325,-0.0366781673079097,-0.0448596980221339,-0.0380878561715072,-0.0196750076210607,-0.00744037421733226,-0.00705837763550623,-0.0104988721330314,-0.0159318457626139,-0.00849740321676467,0.0234138969513442,-0.064900971634454,0.0269928288412116
992,-0.0228068273296261,-0.0346519641905871,-0.0415246790592277,-0.0457879756346579,-0.0390694294144466,-0.023382717851133,-0.01466813006288,-0.0309508760276397,-0.0707594040313462,-0.101269093308316,-0.0308551759915917,-0.0774713567660956,0.0327283070520754,-0.0565854339468182,-0.0636836116716459
993,0.00979205744873938,-0.00126072075388054,-0.0098094396722434,-0.0217163638609934,-0.0308002593047444,-0.0336751415891891,-0.0297234228581299,-0.0203665372050992,-0.00636294001111126,0.00344247488640682,-0.0154398788551327,-0.00427555089186663,-0.0172278129955186,-0.0418840307691667,0.0264358979465437
994,-0.0279868652996189,-0.027208035130074,-0.0264954485134088,-0.0246791501944823,-0.0209259265050977,-0.0149305011155474,-0.0110510146343181,-0.0201177740112835,-0.0443934617336022,-0.0634878533317911,-0.0263409512781883,-0.0505098005472066,0.0263899236937502,-0.013101662728152,-0.0404081379893894
995,0.0225788052864108,-0.00364087323149112,-0.0222933537123798,-0.0441810638397324,-0.0542857229354929,-0.0475177212072584,-0.0312158192387818,-0.0193207156145296,-0.0120760349607328,-0.00888200093513914,-0.0117446389337245,-0.0113980691191929,0.00952834043171566,-0.082085181839018,0.0339292433939614
996,0.000547888210980764,-0.00813477043922776,-0.0144163834639921,-0.0224196364506316,-0.0279527978524404,-0.0295223859414715,-0.0286494858494177,-0.0276649670924223,-0.0271502397699761,-0.0269720047005775,-0.010693498237474,-0.0270656468432899,-0.0158386363235025,-0.0401919531052029,-0.00620952726620692
997,0.0100941355663623,0.00112232088130361,-0.00590070058880486,-0.0168414691059249,-0.0292594622324992,-0.0420175352889036,-0.0533675634209046,-0.0558494603366573,-0.0500052869199649,-0.0441817902920435,-0.00559628783705188,-0.0490884756537492,-0.0577132640978601,-0.07894907199912,-0.02841499059043
998,0.01112902308179,0.00751178510684184,0.0042433846419228,-0.00300618574835525,-0.0159951689478259,-0.035234521219434,-0.056413263702338,-0.0644039005396238,-0.0585100156023461,-0.0512628480152601,0.00471618278359911,-0.0561027054185951,-0.083321499002944,-0.0774401795182422,-0.0499774818033868
999,0.0316831184846448,0.0193543664078067,0.00967535734283897,-0.00553966470053272,-0.0231085084158815,-0.0413130551266169,-0.0525293500741265,-0.0389250967434153,-0.00140882728771407,0.0273253746192136,0.00981265619647331,-0.000213205539727691,-0.0821817008088518,-0.061182896406964,0.0355662757021502
1000,0.0290992493913077,0.0206815214547658,0.0140492906020168,0.00299407252160746,-0.011568611506852,-0.029420258273949,-0.0480501841305376,-0.0537166694297415,-0.0459254413249028,-0.0376448502705322,0.0115552466984243,-0.0440287005233609,-0.0798004529304064,-0.0924009251534448,-0.0424013415173177
