"replicate","cancer_Q1","cancer_Q2","cancer_Q3","cancer_Q4","cancer_Q5","cancer_bottom_decile","cancer_risk_lt_5pct","other_Q1","other_Q2","other_Q3","other_Q4","other_Q5","other_bottom_decile","other_risk_lt_5pct"
1,0.0454881745185606,-0.0581783898824522,0.0234515533910295,-0.0512319282573148,-0.0655284957254942,0.0577136677685725,0.059859012359311,-0.0716805878328482,-0.0087261781238344,-0.0669384753575726,-0.00512975860078195,0.00866947335530951,-0.0325625502566843,-0.0600156948211319
2,-0.0104335040132372,-0.0735215697792632,-0.0189666105103943,-0.0329333421343699,-0.0656953513196614,-0.0058296829015379,0.0111423669556707,-0.00847085372018158,-0.0365957733239306,-0.0475079400154053,-0.067095740475436,0.0346212448750043,0.000918263580438464,-0.00648344578559616
3,-0.0262326696848185,-0.0287058765776306,-0.00597802053385693,-0.00628436051538078,-0.014085039392418,-0.0228550895803814,-0.0190104868151029,-0.0442762815276713,-0.0172188806836207,-0.0710301617323292,-0.064231628600249,0.0152203804858714,-0.0532824373486069,-0.0406242116731646
4,-0.00508374447954018,-0.020121619321953,0.033601194499542,-0.122205933775894,-0.0358459893173992,0.0301368824974846,0.0172360886621732,-0.0299284399904927,-0.0103094412098937,-0.046154975427624,-0.0413041106887938,0.00800347238961188,-0.0303546073086893,0.00617687395758537
5,-0.00109714544062592,-0.00947851970110145,-0.0226399866803158,-0.024142953361361,-0.101620087933178,0.0231230394992237,0.0284476891461992,-0.0746522480876535,-0.0323537608413471,0.0190401567913717,-0.046607045056417,0.0175417045504157,-0.0542475043399717,-0.0187377617680158
6,-0.0189867296415731,-0.0284743717284315,-0.0208783692997438,-0.0085493889376145,-0.058322306469024,0.00752037720754496,0.00247769352152835,-0.0217140332677253,0.0099493302035045,-0.0402085213800354,-0.0397893704166809,0.000204667485753318,0.00713034263584472,-0.00846510538647813
7,-0.00388917613547518,-0.0468925096514825,-0.0134123810265563,-0.0437325025138153,-0.0243318029483169,0.0462817716522761,0.0447172588985075,-0.0566580793360766,-0.00783345120458775,-0.0427217608598371,-0.019946697485247,-0.0399411882624646,0.00997952578538462,0.0166445124167395
8,-0.00682082530876306,0.0270372083738704,-0.0826907522124302,0.00386080450383949,-0.0286047098664989,0.011039054569759,0.00983995281024132,-0.0421117925311745,-0.0317036857754931,-0.0266230596511568,-0.018600840061149,-0.0208678284122784,-0.0370080109200364,-0.0210520891375547
9,0.0164776944868994,-0.0143395442450535,-0.0543617779015764,0.0227857496080551,-0.0745198618090867,0.0187328692176559,0.0169849665315308,-0.0357828044103472,-0.00637865610743363,-0.0111012012017894,-0.0713053023260631,0.0137519788910956,0.0110137689389639,-0.0135558825177857
10,0.0055194616152508,-0.0653129883188374,0.0187210677125889,-0.0794985018942817,-0.0368288839072821,0.0254435504718295,0.00504770161092408,-0.0416448274252485,0.00023565379032392,-0.0452679058652715,-0.0542169804157397,-0.0234827163254802,0.0210258561987946,0.0250255518861223
11,0.0187929885910329,-0.0608087021220673,0.022709936506461,0.0366486605490646,-0.0518432742620799,0.0187686150611594,0.0214790945862906,-0.0381692327599516,-0.0213904269618842,-0.0932476016818096,-0.0393606261769804,-0.0213777737599587,0.00110940134822168,-0.00922731885239544
12,0.0237257206958923,-0.0775165551076502,-0.0676625380006623,0.000585496686675596,-0.0634909500475678,0.0231188539377801,0.0158297286194019,-0.064493815569888,-0.0553983749378199,0.000427017936629318,-0.0194939203591999,0.0211421192255795,-0.00917873691020499,-0.0422505533466716
13,0.0232669528080399,-0.0524262597126993,-0.0151311141931143,-0.0510517362239429,-0.0157962275288104,0.0272686953083469,0.033711334511344,-0.0754710267318657,-0.0379214108878554,-0.0673603871119662,-0.0307062559312231,-0.0195680758479097,-0.0718592928346374,-0.073886192766084
14,-0.0250353305788977,-0.0391365614173724,0.000107166600200659,0.0048625113951003,-0.060605126939882,-0.00603004718013734,0.00440331501903524,0.00996803745274473,0.0113706425511335,-0.0776014212728331,-0.0374868493651165,-0.00301132693453053,0.0340145439094479,0.0276407177959899
15,0.00685610080811272,-0.0596581984148046,-0.0132839042542268,-0.0438793576921926,-0.0456680860459129,0.0259871046387191,0.0119331208720051,-0.0417224094654311,-0.00669405426248702,-0.0561384033343504,-0.0326186623696458,0.0130306334831129,-0.0144374029625673,-0.0211600910938432
16,-0.0255502687828472,-0.00588046335849986,0.0143171033397118,-0.0530767242804329,-0.00191255276395613,0.00933415978696816,0.0125459495086535,-0.0465453886408753,-0.00633874026333284,-0.0406631803723382,-0.0773915262415289,-0.0360869279856717,-0.0120543631126587,-0.00536848801651406
17,0.0156827424825556,-0.0433417159945648,-0.0513694938814912,-0.0574984250222499,-0.0422731453935014,0.0566495546289139,0.0546401809167423,-0.0433643474935851,0.00253392280362523,-0.0518785149718077,-0.0212810202044592,-0.00755969433851462,-0.0120520155073993,-0.0190052399527947
18,0.0262161725821464,-0.0514103818215011,-0.0332985326052705,-0.0505620323258389,-0.0176057323629396,0.0184757151542662,0.0310847793753734,-0.0271211776587142,-0.0283841832981648,-0.0253050740354758,-0.0450342371720905,-0.0373367316485372,-0.027943321267815,-0.0111250350880858
19,0.00405775548734288,-0.0495630293407635,0.0302275443558728,0.0421310005725975,-0.0935090576158853,0.0370722561464157,0.0651157484627563,-0.0330381890534173,0.0217052984112359,-0.105860847868781,-0.0423875920420206,-0.0189047822900364,-0.0382975797449593,-0.000825864124757103
20,0.0196137495847778,-0.0613922548567939,0.026476134141854,-0.0121973009737746,-0.0361596504735948,0.0224630918108783,0.0585541988855445,-0.0306934015362771,-0.0183368653295808,-0.0265369349057581,-0.0507276840190935,-0.0160000874702072,-0.0259949349193755,-0.0528348372542242
21,0.0214546551744253,-0.0713563916059244,-0.00594621720547434,-0.0150230439231336,-0.12095894251809,0.0190606495084351,0.030675209635196,-0.0393546827534071,-0.0062534947936761,-0.0572325000921528,-0.046221583219684,-0.00143120044345417,-0.00536277712698066,-0.0111874607043104
22,-0.0105973968690622,-0.0146904046667466,-0.0185499657492632,-0.0450796419114822,-0.0237194876970772,0.022426287094657,0.00780546955470657,-0.0305031184516835,-0.00445358505368555,-0.014011034185199,-0.022322001042638,0.0366510373944582,-0.0147861924122143,-0.0106130911992139
23,-0.00671360341109913,0.0229403305182501,-0.0320500123227338,0.0185795315299489,-0.0400083745136009,-0.00987847626057508,-0.00342946779157734,-0.0466456388332975,-0.0199207766603678,-0.0149178706766094,-0.0445647470108086,0.0164092556112979,-0.0555570171519103,-0.0542434183231979
24,-0.0208613678117147,-0.0345204665831821,0.00351053453256014,-0.0372441881372108,-0.0368584706810151,-0.0196666602169784,-0.0120723610190272,-0.021475263257422,-0.038263678119661,-0.0225617875837583,-0.0373889152295986,-0.00387697092641688,-0.060668629012453,-0.0559318882378018
25,-0.00296515817369379,-0.0123049921162736,-0.0314333312167679,-0.0117580236876495,-0.0847053218312747,0.0119313550785009,0.0164022876009002,-0.0252756335114932,0.00528920457816556,-0.00279331948731394,-0.0529790392881619,-0.00144114924240932,0.00705529065223365,0.00665063171189778
26,-0.0203417255110122,-0.00492565801475481,-0.0124428706591153,0.030763686001103,-0.0536098656573292,-0.0227603371292237,-0.0159518572564525,-0.0356062992730624,-0.0317492878135472,-0.0410236262710568,-0.0333253404009277,-0.0237053358004282,-0.0515657085234096,-0.0367862010549174
27,0.0220140090359799,0.0177551440747323,-0.0128070003217715,-0.0512385185049114,-0.107832491470115,0.0687749283739534,0.0631056670510841,-0.0588021786225287,-0.0163619292380521,-0.00951490756780687,-0.0657731220305927,-0.00379357904066624,-0.0169257402094713,-0.00220895619155888
28,-0.0164152566780782,-0.0442855898546778,-0.0372891291693959,-0.0397854485956695,-0.0806740959231094,-0.00463561448273284,-0.00240531723383934,-0.0371526639711374,-0.0207719666112233,-0.0483004407434295,-0.0390654335412565,-0.000324491606557287,-0.0190497055781324,-0.014567608093645
29,-0.00624796696795017,-0.0481244904903172,0.00540623919632752,-0.0211042128816973,-0.0394214297602586,0.0237871496825809,0.00890683915424863,-0.0502868430097853,-0.0389356181680464,-0.0770807970358603,-0.0513742618781229,0.00439438145858556,-0.0095937861936448,-0.0185523468506906
30,0.0068413997465116,-0.0357622063751899,0.00705845208270708,-0.031903112254728,-0.00315526005233652,-0.0139434373501522,-0.0148048381008163,-0.0433891673701103,-0.0338388410943224,-0.0363097481828935,-0.0479427405950828,0.007524249609525,-0.0261496647896528,-0.0244099097197927
31,-0.0154482242394484,-0.0314224058616549,0.00282691945651796,-0.0328734256825567,-0.0720866610220316,-0.00843541780125029,0.00397461104626561,-0.0368352695419051,-0.0333611020578639,-0.0162799703095103,-0.0649634750206919,0.0515279635056345,0.00490969683262335,0.0343892654764194
32,-0.0226029196476661,-0.0553065462908973,-0.00146890391940743,0.0133655961178494,-0.123120843026688,0.00176079481006693,0.00403506539497926,-0.0348579669546475,-0.00418050863579832,-0.0481508858163571,-0.0666879882309261,-0.00193776887326215,0.0203778626102902,0.00958847617144709
33,-0.0434248268966756,-0.0243961442346484,-0.00113002758680888,-0.0177032025898324,-0.0531141354398504,-0.0551024895162327,-0.043233057235075,-0.0343403654550858,-0.0173284318845496,-0.0164584218761699,-0.0532557478565802,0.00951675645635121,0.0224716101757365,0.00625727213879912
34,0.0168616739264751,-0.0393923148792184,0.0216554419517173,-0.0721377492449753,-0.0375781882388585,0.0423455508003039,0.0341165785893455,-0.0319272508711395,-0.00425227983248895,-0.0257722427513197,-0.0278050142610659,-0.00561283904092053,-0.0722695696833692,-0.0468764291061438
35,-0.0291651610978803,-0.0299130664633689,-0.0250518853730461,0.0106867860264278,-0.0730599732216807,0.00658408449691327,-0.0189898234007777,-0.0500004614541519,-0.0117466377871481,-0.0660708364854484,-0.0361285783027637,-0.0182474709158889,-0.0334668641828206,-0.0268891047164438
36,0.038067320440917,-0.0359168908486767,-0.0106253784191434,0.0105657195766352,0.0433475087672112,0.0596099958661648,0.0539966169424992,-0.0695560837734974,-0.0205139700444101,-0.0276965524690178,-0.0838585642073213,-0.00383065340008715,-0.0841629259573421,-0.0538970850005475
37,0.00240130251750123,-0.060323728409886,-0.00141539337591268,0.0228607582760914,-0.0433022388927448,-0.0124650941650784,0.00430883008945605,-0.0235267384532581,-0.0537392113652734,-0.0879289995063004,-0.015058134429688,0.0145577230770791,-0.0455452560933567,-0.0293105079068511
38,-0.00556614200810555,-0.0465437629823583,0.00372886658056192,-0.00971390885269971,-0.102384739914595,-0.00671964776969155,-0.020477384080734,-0.0281726359505488,-0.0294959427211116,-0.0494988936195058,-0.0333586632559901,-0.0236734933456544,0.0283104249822659,0.046251287260148
39,-0.00790733286145732,-0.0425500145752227,0.04556810494559,-0.00332521731541785,-0.0521553310141792,-0.0140600539437978,-0.0112754410139481,-0.043189387093481,-0.0498256510864506,-0.0314410440407996,-0.0743234628810339,0.00617426790237295,-0.000784474156238571,0.00752199812576138
40,-0.00882582849722448,-0.0717273371944117,0.00924378068656551,-0.0332549338706829,-0.0697257371375891,0.0325063053298091,0.059415457308657,-0.0622936302852726,-0.0137347538221951,-0.0598177475663204,-0.0346012354790622,-0.00619483381307484,-0.0208172877824221,-0.00143551070857634
41,-0.00946322897832322,-0.0180560557872805,0.019345675201445,-0.0201172795723817,0.0131456801173244,0.0270264314936925,0.0169725927281571,-0.0483683861706185,-0.051422783604801,-0.0313729928001067,-0.0789399465624035,-0.014987477672162,-0.0347271574134723,-0.0347827314602013
42,0.0110834157192877,-0.0435377709145214,-0.00363355946204594,-0.0391277234076402,-0.0533167293645861,0.0481330548075767,0.0388364539211834,-0.0564997532432665,-0.0130698781131406,-0.0248572553686695,-0.071034792655131,0.00374119211791006,-0.0201339779310658,-0.0262443267455637
43,0.00347032672666073,-0.0463565412806633,-0.0426570789118441,-0.0214999314891154,-0.0745137742728424,0.0319968751500339,0.0448622136770093,-0.0240456608481577,-0.0195890092026192,-0.0668041153165082,-0.0502300629274351,0.00111813157921453,-0.0095590302425904,-0.01216629569663
44,0.0506742396218136,0.00956469192778762,-0.0365346074283786,-0.0321358549215036,-0.123535894770228,0.0661458896891561,0.089377078209238,-0.0685394245875797,-0.0599714623251883,-0.0337040346482169,-0.0607954517746349,-0.0243436857797694,-0.0623039613996499,-0.0695715592996801
45,-0.00629719573590738,0.00701772698216205,-0.0248589034289876,-0.0705437976226682,-0.0683469234562982,0.016898095309165,0.0179105817581294,0.00369373809257821,-0.0258859857866276,-0.0799830418665285,-0.040212269357262,-0.0306460312809964,-0.0041049663029513,-0.0014340136310123
46,-0.0122133764586371,-0.085635643295109,-0.0395375295052662,0.0137131063593144,-0.13854674647128,0.00477025140959116,0.00690866187003123,-0.00854885504153334,-0.0377779092193384,-0.0646069550409962,-0.0283625735475645,0.00816094888491292,-0.0398934054021294,-0.0508032541306931
47,-0.00284530147841183,-0.0315565208722619,-0.0025295008564373,-0.0570576855726488,-0.045072875731746,-0.00987617565008177,0.00399158343501594,-0.0247713422240591,-0.0457908331594836,-0.0479447758344783,-0.0268893619683947,-0.00413870731928803,0.0335175808572522,0.0297515905102731
48,0.0214233538144539,-0.0474431716597045,0.0190189265636126,0.0160445856166983,-0.0663795627271783,0.0107221070105586,0.0118725675507675,-0.0393311527778563,-0.0358117390612283,-0.0211476982972761,-0.0306616717825122,-0.00197336796343535,0.0183601834144757,0.00669435798981907
49,-0.0240966187479869,-0.0148931846245288,-0.00735128226869966,0.0206601163346707,-0.0988584151047309,0.0123758030087481,0.0353968762667067,-0.0413023294929267,-0.0189214293039589,-0.0749695545731568,-0.0609779753371011,-0.00239966491311489,0.00612193577199927,0.0359071545299422
50,0.00090099308426262,-0.05197124085558,-0.0112027151086438,0.00994128164930697,-0.0242187543024266,0.0100029622116968,0.0178197585125784,-0.0410045706506085,-0.00472715025334168,-0.0536269089302563,-0.0901664535498935,-0.0317672993531695,-0.0427810870668033,-0.0405774515095769
51,-0.00118609378164372,-0.0424422381684961,0.001212109206984,-0.0284641071817652,-0.00867684436238203,0.0352037345189631,0.0283178947862723,-0.0522350398450559,-0.0313310884964344,-0.0333331329197791,-0.0317755555182461,0.0082884202521276,-0.0582230070465682,-0.038442939894102
52,-0.0100621732440828,-0.00398766609874492,-0.0453427650600638,-0.0465136148805104,-0.0230523524976065,-0.0263009752042963,0.00955063065355964,-0.00439067496922238,-0.0443435644677109,-0.0565364987154307,-0.0690468673943328,-0.00938587167132986,-0.00552026890663518,-0.00443947543481994
53,-0.0156429539061907,-0.0581898056897308,-0.0088849061427006,0.0227964380062474,-0.039822700756833,0.00114935539057348,0.0151799414322747,-0.0246985051261742,-0.0258402329881239,-0.047279991787863,-0.103919078840388,0.000563609778091903,0.00940121421688106,0.0109641118565098
54,0.0174762660350211,0.00252010323224761,-0.0321951728888508,-0.0167166257394132,0.0220417676019573,0.0122324085936884,0.0214713988273075,-0.047563110433163,-0.0197979283688166,-0.036766793927527,-0.0509658700321361,-0.00893937178492075,-0.0198366358989788,-0.0311283168740486
55,-0.022774888439411,0.00421506897281375,0.0140634532748744,-0.00953452577208724,-0.0304566286486699,0.0365407693202274,0.0250034830131002,-0.0384694854309021,-0.019674957345017,-0.0452979707131796,-0.062471204482016,-0.0498667784012851,-0.0308876883635194,-0.0312529750807874
56,-0.0117824028355591,-0.0269106878754959,-0.0224858004571077,-0.0147846872591654,-0.0237212792583198,0.00683487092176005,0.0142652892943888,-0.0597138457887501,-0.0147482896351295,-0.05448757974228,-0.0101266219519496,-0.0118606190659333,-0.0446239125387889,-0.0374860317887019
57,0.014925801168885,0.00556688288185651,-0.0226855713195474,0.011045501957293,-0.0988801061753989,0.0465206784422229,0.0493342253461167,-0.0172047850447606,-0.0668595924136277,-0.050822363085709,-0.0240801703846491,-0.010324024240629,-0.0196595744280089,-0.0108827528590627
58,-0.00908657273055395,-0.0303367352148356,0.0279143583645451,-0.0714141752947081,-0.0275799787316851,0.037171752244653,0.0644642912432838,-0.023092948928208,-0.0350498583300504,-0.00359584448736366,-0.0285178675012367,-0.00937322729671887,-0.0286891720396798,-0.0253952407440108
59,-0.0198984396627694,-0.045690154470069,0.0130989145006142,-0.00909790293894525,-0.0218760928917158,-0.0207079582607152,-0.0177799696499249,-0.0404123245215872,-0.0187459546520414,-0.00180094764335584,-0.023460635143097,-0.00103559633749235,-0.0121659038290331,-0.0108015035669114
60,-0.0153703997938366,-0.00033052408957561,-0.00343514450395219,-0.0674664074197739,-0.0443346038685205,0.00479806607840812,-0.00490462056244056,-0.0610636939897461,-0.0605837282005356,-0.0663526674645589,-0.0242011004299715,0.0160827700095872,-0.0756282585894296,-0.0636121137277492
61,0.000415163556494721,-0.04535130468237,-0.0452284257886747,-0.00527542800731076,-0.0361645396568339,0.00513299156538349,0.00955397479988941,-0.0689031835788421,-0.0655524252431671,-0.0503756443552167,-0.0403805257273653,-0.0271097438643247,-0.111040473407422,-0.0690258268625162
62,0.0136854255464747,-0.00574833276842009,-0.0261528955107891,-0.038349732836873,-0.0682567319423014,0.00825500098144216,0.0330837886913752,-0.00319328789777498,-0.0446725875708357,-0.0499748902193912,-0.0337709825772562,-0.00864307304901017,-0.00732024952964144,-0.0158327815879322
63,-0.00909178900000038,-0.0508805808521269,0.00980394231150669,-0.049867699328306,-0.0809947737091642,0.00876551654859964,0.00996560767913678,-0.0588388970119977,-0.0243896557968542,-0.0843804276029583,-0.0498337138384496,-0.0193348573644603,-0.0315311824925364,-0.0340868389046675
64,-0.00410589064324594,-0.0108561584487705,0.0147629290046534,-0.0475886532045516,-0.0476780493103761,0.00849543025098705,0.0413523346321309,-0.0456846555229696,-0.0455243228896358,-0.052309086672889,-0.0886147103733577,-0.0311947995911749,-0.0444158031488237,-0.0657445220403481
65,0.00600026780510786,-0.049770235119656,-0.00553217508176826,-0.0544606895123856,-0.0157114249501492,-0.00587516023794672,0.0127895756768015,-0.0208389971746386,0.0229913709522444,-0.0362308490082621,-0.0295760912649778,0.00198443800631448,-0.00638071251209033,-0.0383884810085467
66,-0.00449525432581635,-0.0206788192304032,-0.0974327748448623,-0.0275448785838955,-0.0854059368438045,-0.0379035530196394,-0.039446771999446,-0.047937696718936,-0.054199017286174,-0.0536500180655038,-0.0175243529689029,0.0142321187996288,-0.0184979615623517,-0.0368752757000877
67,0.0272717760615052,-0.0785726964907408,-0.0105392329576439,-0.0710050474270502,-0.0423023727784924,0.0429753318061432,0.0403565496180603,-0.0716405777298115,0.0172828930790875,-0.014474142577144,-0.0289108661157921,-0.0114902971632758,-0.026009214661683,-0.0340210552941251
68,0.0140010176956156,-0.0410234682107766,-0.0121921018324637,-0.037493798604655,-0.0441996761760981,0.0266441417289115,0.00902050276330908,-0.0580117325249148,-0.0316186197993801,-0.0784553113374099,-0.0337949964976816,0.0171294065622757,-0.0447405650569085,-0.0404848684863789
69,0.00630787103791736,-0.0638540605555338,-0.0147247573276777,-0.0347291693942879,-0.0850047184424901,-0.00522410197132855,-0.00211538523198349,-0.0536061817761142,-0.0253614126235721,-0.0300485622093201,-0.0214803670549911,0.00707104565391628,-0.0664035418935907,-0.0719246714863674
70,-0.0263046358266146,-0.0280785788310764,0.0122792155613307,-0.0587514594536838,-0.0538932820835809,-0.0181870131130225,-0.00968474534874304,-0.0515833631658677,-0.0383337630082349,-0.0133884879802479,-0.0808969528917167,0.00631023370773517,-0.0268436464557302,-0.0202322875589006
71,-0.0311280083695067,-0.0371554380815738,-0.0161900370745906,-0.0271816013130118,-0.0986436161565399,0.0185895529081293,0.0113763692970162,-0.0374684945797382,-0.0575241673781738,-0.0659372179504137,-0.0329370401744182,0.0179022950472639,-0.0364578386215491,-0.0621813002187194
72,-0.00200227676150554,-0.0647063265859079,0.0280095330689978,-0.0451381929802357,-0.0420997204575838,0.0224530884806395,0.0155279786576313,-0.0220482217002741,-0.0154477543241419,-0.0515874860020429,-0.00783241118111781,-0.00370973583314273,-0.0166545113463226,-0.00886847629625204
73,-0.0404432743627042,-0.0417589714764961,0.00256700257105269,-0.0116492161001495,-0.0314395292899916,-0.0226762698166353,-0.0219209468958419,-0.0488683149107247,-0.0217810811311693,-0.0245937105623851,-0.0598056931933507,0.0201326225208085,-0.0010751066205321,0.00297761685703664
74,-0.0207245479048176,-0.0270907637078159,-0.00836274162702669,-0.0416072048687594,-0.0890082335555256,0.00531760250803059,0.0309674089408812,-0.0103942683656103,-0.0180153330319237,-0.0546875628106891,-0.0358377968740678,0.0207182945574107,0.0136027039290438,0.0399769438429712
75,-0.0108608241786519,-0.0239646841683332,-0.00397091660593191,-0.0328627164908541,-0.0276650198433316,-0.00922168758964841,-0.0112731963653884,-0.0450637055444227,-0.0480932127546274,-0.0528963298161944,-0.0219329019912901,-0.027930965715076,-0.0197259060037609,-0.00460518864274653
76,0.0220056031804601,-0.0258941082314776,0.0246625677808112,0.0359391850751124,-0.0126137124733381,0.0551103539122624,0.0511130490469721,-0.0189690956733391,0.00789762661807898,-0.0718577290546008,-0.0284380893948372,-0.000168954048965511,-0.0117440066488841,-0.0101471330753981
77,-0.0195264453427172,-0.0203907305028349,-0.023527038456691,-0.00513136087866289,-0.0244235333879345,-0.00325279186752203,-0.00989848868522659,-0.054998120238626,-0.0253124980109062,0.00260596423846561,-0.0734159653895287,-0.00274811566172969,-0.0358027919573705,0.000469304040848294
78,-0.025395860953076,-0.0572813690757435,0.0413934308644021,-0.082103182938609,-0.0779984832099266,0.000590790033859499,0.00511401000698523,-0.0452239486768638,-0.00658482337867897,-0.0339201715147597,-0.0458461529985189,0.0156110932953354,-0.0585218459201011,-0.0408792723020913
79,0.010252303503444,-0.00317213052904837,0.0229742307925083,-0.00761097886568898,-0.0428545702158291,0.0421911479261659,0.0306605902471443,-0.0435107954703274,-0.00880655063619386,-0.0642435924664868,-0.0368375522464407,0.00209909096137982,-0.00371795629023122,-0.0125068470160263
80,0.00348303434076687,-0.0544424963918546,0.0264446682647593,-0.0287376996915139,-0.0181831573235459,0.0652730275500316,0.0899604401930839,-0.0360299309674245,0.0266644321756637,-0.0378436126961427,-0.100521215671563,0.00213096235520363,-0.0200705612876413,-0.0240721274407949
81,-0.021768988352281,-0.0469018041463467,-0.0454613184255704,-0.0337699657554991,-0.0515472663227107,-0.00406023064250977,-0.0346464996809673,-0.0491360584441849,-0.0199275914790012,-0.0470535263094138,-0.0827217970024266,0.00595983944019575,-0.0572527343510497,-0.0349537017296625
82,-0.00694265788551401,-0.00729249634614836,-0.0364484962011274,-0.00745563144873654,0.0207145740687054,0.0296164564359,0.0312068940850752,-0.0387358529146269,-0.0401972936597746,-0.0363385569429836,-0.0695699875743176,-0.0105764645044313,0.015524020224571,0.0410432671857872
83,0.00843197542070009,-0.0796407184713038,-0.0577958864637096,-0.0212946130940005,-0.010505964570768,-0.0156915442664875,-0.02428857302717,-0.056300788058054,0.00520634547527794,-0.0332518357061792,-0.083550609295915,-0.0208176521627431,-0.0116859223667954,-0.0261119584872675
84,-0.0078087248608869,-0.028842083802852,-0.0156689405734934,-0.0305671232045378,-0.0904714895288395,-0.0183615655995882,-0.00593132644304448,0.000189583374079177,-0.0572736766955329,-0.0179102241676444,-0.034979137575378,0.0071398688722934,0.0236637819106952,0.0220066344709256
85,-0.00750905040558694,-0.0397751733163635,-0.0280895208390295,0.000487434095747252,-0.098845040028706,0.00553402472929755,0.0179771760361467,-0.028546157540344,-0.0174269157245066,-0.0563979647733338,-0.0482119532017492,0.00970716932850041,-0.0313406648679058,-0.00170081359350009
86,-0.0361393084991258,-0.0138995912866535,0.0173727833399192,-0.0383353503336274,-0.00974293040116403,0.00860993930436663,0.0139763930384617,-0.0316959957661278,-0.0371751678246079,-0.0754787478362921,-0.0399318005615131,-0.0170220754912305,-0.0132066787790053,0.00713660005784263
87,-0.0100445447446239,-0.0299202575673231,-0.0743205989715399,-0.0331473384090752,-0.0804757279478709,0.00185942042037422,-0.0100149207637218,-0.040763341273824,-0.0506812369519462,-0.0370879256723734,-0.0185264394943358,0.0140229821765649,-0.0100856742553034,0.00311065512348029
88,-0.0104504411505594,-0.0789346972995787,-0.0201876169198179,-0.0250204723256903,-0.0310510707949005,0.00885992682333973,0.00418179789033385,-0.0360427692206743,-0.005267780586923,-0.0763161230627494,-0.0806549407857006,-0.00978170602181883,-0.0239556701393234,-0.00452736614322424
89,0.00300994284014779,-0.0508479126198869,0.0198010365397376,-0.0383255963961275,-0.102919459865384,-0.0184161617804847,-0.00322702694754798,-0.0330854671558562,-0.0290584358105463,-0.026121841591718,-0.0419716683969852,0.00513243994993334,-0.021164754214905,-0.0146524910873406
90,0.0141874334301861,-0.0271686236815582,-0.00164070059226409,0.0341829964709958,-0.0640670378606756,0.0434637924991858,0.0381883071027276,-0.0522305017964013,-0.0340255433210943,-0.0227148938533437,-0.0408592342605987,0.0113253419489453,-0.0500011334157839,-0.0432343376532276
91,0.000562857901588915,-0.0509896006364577,-0.0315057882091268,-0.0224527485169912,-0.106328196210629,0.0282319592175974,0.0184398810820873,-0.0299996688729088,-0.0173973141827429,-0.0422602269790898,-0.0367969154903669,0.0163949141041442,-0.0258858680033646,-0.0220454116773714
92,-0.0288180367333039,-0.0170320422029926,-0.0471350284471124,-0.0184079733489272,-0.0532695115339195,0.0108440955395057,0.00741294427008177,-0.0311094483231023,-0.0323255984971268,-0.0341192266557132,-0.0383773002777774,0.0188590196783586,-0.0060447532668943,-0.0163066182251729
93,-0.0178519369215476,-0.0342995556088348,-0.00241933865193888,-0.0548657654441202,0.0277936648388449,0.017180331202205,0.0146038142844887,-0.0511279533677461,-0.0296627384222652,-0.0744926765798473,-0.0676597987380559,0.00182577693644681,-0.0256818160679339,-0.0229037361550508
94,0.018526281812667,-0.0081202138234162,-0.0249670420857468,0.0163553973601187,-0.0544149160366137,0.0315087532786436,0.0431130590450551,-0.0552312463075122,-0.0112491782353306,-0.0537371675954626,-0.0336205755056274,0.0250013289481526,-0.0302081848572836,-0.0242231118912223
95,-0.0187775575663935,-0.0107308821410914,-0.042491259513666,-0.0664981510221652,-0.0528560735934315,-0.0153151028239609,-0.000693912252976416,-0.0451898290200628,-0.0213801831828945,-0.0541005144934032,-0.0186373554759736,-0.0196110297259397,-0.0333241395394559,0.00388222893651283
96,0.0272308728311707,-0.040574870000318,0.0213445607545875,-0.0408671514207233,-0.0758456299767445,0.00870491544219409,-0.00422026332697157,-0.0377184911214412,-0.052333427921611,-0.0607654221829313,-0.0503775624211559,0.0317030032445531,-0.000115551707742419,0.0224961975702388
97,0.00693046275984256,-0.00292033285503771,0.012337917952147,-0.0405475122537289,-0.0776371842165234,0.0463325887931076,0.0652998328666382,-0.0202916296514945,-0.0477535334743219,-0.0645868230032266,-0.0642860549052837,0.0108732365537203,0.0243488020603892,0.0271678598197621
98,0.00955651205660252,0.00633383913966416,0.01325133178049,-0.0125736528689635,-0.0653781122011607,0.0181645473514564,0.0164391761569551,-0.0179258644256781,-0.0331327997202333,-0.0474877128214937,-0.0388605687647844,-0.0249092841559818,-0.0254396016974625,-0.0250896146846429
99,0.0194220879881499,-0.041446095113395,0.00325832818075028,-0.0319570626358368,-0.0518016779761197,0.0843625840438291,0.0870976307140633,-0.0171819830267583,-0.0541243028068084,-0.0881848073155434,-0.0467362117710153,-0.0158156537770622,-0.0100079851309915,-0.0227250517079114
100,-0.0284890604844543,-0.0370515474716523,0.0123437413144549,-0.0242729444034467,-0.0025353061621825,0.0285850331023527,0.0299410228336771,-0.0374857644854415,-0.0440141244429071,-0.0352670219324328,-0.0597313318616401,-0.0226760875533463,-0.00957347158326696,-0.0075158579529249
101,0.00452290854007665,-0.0458598388973181,-0.0144022827838566,-0.0685459078289257,-0.0957057179147947,0.0160648655543597,0.00929135243231957,-0.0400447621321018,0.00846852312103183,-0.0541937732244035,-0.0364805910522373,0.00820620577220424,-0.00538470579756667,-0.020673311839826
102,0.00186601684752052,-0.0508530095334029,-0.00465928535671178,-0.0445179184118128,-0.102809311715374,-0.00777353907922809,-0.0160948091724202,-0.0309225162880059,-0.0235362544956377,-0.0560946031117543,-0.0788427586154201,0.0222521705769053,-0.0314185285864381,-0.0303730488730923
103,-0.00517926183268812,-0.0374771591296062,-0.00994855075153903,-0.0739512512328508,-0.0163917461000636,0.0466449314687654,0.0458590547189145,-0.0403250331601758,-0.0105420740315369,-0.0452223732959758,-0.0537279385772024,0.0401550794464083,-0.0670093839703228,-0.0497689116551835
104,-0.0119517910547758,-0.0464492058394582,0.0320058475770426,-0.0546062908966615,-0.134444655538024,-0.000204059601528616,-0.0134900795760516,-0.0302612212752351,-0.0101340048517134,-0.0395997289570002,-0.0775088489337539,0.00799260357030164,-0.00988716756249716,0.00969744032136741
105,0.0121464263357501,-0.067957111513978,-0.0122331656732765,-0.040300513710218,-0.0687929675118527,-0.022701677384819,-0.0297370054743294,-0.0479406836111805,-0.0553088711731639,-0.0232289551576787,-0.0421666251071784,0.0267574805170068,-0.0639028187437141,-0.0712141683317566
106,-0.0189296565725895,-0.0291593452292089,0.00642426337969673,-0.0700129825371949,-0.090811988873996,0.0306553406323586,0.0304820133560104,-0.0548263605026199,-0.000426454611895277,-0.118862052688903,-0.048779174356336,0.00992845064056129,-0.0583395117915058,-0.0561469344344058
107,-0.0119212575374138,-0.01463965279766,0.0325140531659755,-0.0223206069018557,-0.0772933375582768,0.00352677576578167,0.00403035575868452,-0.0211420497481991,-0.0263850711226684,-0.0545972761797202,-0.0254801614585117,-0.0370092842240454,-0.00551627663063566,-0.0227910401598593
108,0.00460938880738145,-0.0639636691946677,-0.0284932442597424,-0.0349905901395182,-0.0258678649461263,0.030604813892948,0.0091696488231921,-0.0566959768540017,-0.0167456952092289,-0.0738030270317236,-0.0534278467436719,0.0265880692560237,-0.0465204726661291,-0.03894506682276
109,-0.0248085580775611,-0.0288581466108557,-0.0452360430403314,-0.0255941952641198,-0.0121935171050453,0.00192419640930511,0.00223630781323628,-0.0289087560288741,-0.0378833159071836,-0.0617770859950197,-0.035183247547127,0.00383391037488291,-0.0384058645184178,-0.0347578830431411
110,0.0155975693995945,-0.018477762857124,-0.0405342862681828,-0.0458906206791611,-0.0907199916530589,-0.0129177427007033,-0.000613630479587554,-0.0334266967099071,-0.0289006638162868,-0.0699091328570525,-0.0449492874669394,0.0184677226958472,-0.0044074810832479,-0.0506244751884177
111,-0.0200613878044452,-0.00916921105837454,-0.0216958890897875,-0.0465925060291405,-0.0381496836803894,-0.0128400984076805,-0.00616689893808733,-0.0417714009843712,0.0211082377286936,-0.0542006942716802,-0.0803225984443851,-0.00863551587151645,-0.0152002193485047,-0.0265177105640224
112,-0.00599499866702366,-0.0440936565769702,0.0111598072566429,-0.0353306635682577,-0.0523174988468368,0.00782140269144983,0.00773976646931812,-0.0703042143124885,-0.00111794565551278,-0.0859597284422964,-0.0722447593691229,0.041800619762483,-0.0541714787759974,-0.0468178135063578
113,0.00747273984989158,-0.0212297633929076,0.0557760637853509,-0.0287572636680511,0.0243860366926095,0.0545087660536361,0.0520216184289913,-0.0617779706786308,-0.0249228912109623,-0.0436423693414235,-0.0421858472713378,-0.0183748583147219,-0.0225192586475015,-0.0143921435377116
114,0.00904756346835617,-0.0270783043540538,-0.0400816234313244,-0.0344196629351592,-0.13755880287695,0.0363091343189449,0.0273603039466684,-0.0227436712148916,-0.013232464510252,0.00129767793766056,-0.030154534367223,-0.00672623440348677,0.0097481271051411,-0.0139386397761482
115,-0.0158297066980495,0.000854744599877388,-0.0206901431649336,-0.0354159677590111,-0.0477332390533489,0.00703749436712334,0.015370252990525,-0.0460295181550137,-0.0451031895119225,-0.0506860808226734,-0.071290990813016,-0.0251330507872463,-0.0348792643635647,-0.0114932395435159
116,0.0229852518719417,0.000434978543483011,0.00261513913274541,-0.0393557029241087,-0.0631559503070506,0.0392804228835405,0.0370466712652465,-0.0603068528154981,0.0138165017952501,-0.0440873512395471,-0.0700141737865189,-0.036302037875746,-0.0343292884362992,-0.00886065357060131
117,0.0180606406555927,-0.0386651840384651,-0.0304332892692558,-0.00398849212832894,-0.0555234838603086,0.0231906857743961,0.0254174071444822,-0.0246151929575064,-0.0619272085749013,-0.027018184793274,-0.0228218748476384,-0.0267011935898692,0.0358033401512354,0.0469916638755931
118,-0.0321291243376787,-0.00156563343945096,0.00450228661461452,-0.0826638888929983,-0.0345073395020251,-0.0182748242138428,-0.0296084314878617,-0.0386729761533837,-0.0328972074504879,-0.0481828717096597,-0.0500407010809599,-0.0145048021882207,-0.0504951664602358,-0.0340615493399253
119,-0.0212108952811695,-0.0220243935785518,-0.0109330890787244,-0.0478611956583286,0.00679862626378708,-0.00485912170763052,0.000183414089519107,-0.0169959308877575,-0.0131031953095181,-0.0156490908481924,-0.0620496005824633,-0.0140902270632676,0.0164736303071089,-0.0110720662943838
120,-0.0251653805808295,0.00207205219352903,-0.0272764581903426,-0.0139390977266821,0.0288898111347098,-0.027968414826957,-0.0301117791961417,-0.0548718910623964,-0.00155919024553472,-0.0415593704735251,-0.0667878828376686,0.000751962941825127,-0.0139888930451001,-0.0413222058889633
121,0.00249296587801335,-0.0152058477163846,-0.0427860205811189,-0.0215910573932784,-0.0633015538438612,-0.014736037567871,0.000425149552378642,-0.0301193738322448,-0.0251963156882137,-0.0143540946202474,-0.0438857850388345,-0.0218769222547961,-0.012590878597665,-0.0116162148350338
122,0.0180052968934278,-0.029057102226194,-0.00472687133097782,-0.0643990408554322,-0.0553022124807769,0.0159367496492637,0.0320671259740644,-0.0451212630993538,-0.0447263643311606,-0.0560236136591262,-0.031556817011073,0.0274229385160037,0.0212299678091072,0.0210351693422827
123,-0.0017780983375054,-0.0181251274823429,-0.0250381833591146,-0.0402214671896829,-0.0774906462080148,0.0323600647409602,0.0531568789849182,0.000953836955782897,-0.050793728393256,-0.0555129880419493,-0.0521048157340362,-0.0435414793361827,-0.00999165377243891,-0.00768040108713213
124,0.00653167018226096,-0.0135542350539625,0.0246322627873661,-0.00812200455022902,-0.0876360805923315,0.0128661192036257,0.0000513175862758564,-0.0327975992734186,-0.0193922043615826,-0.0669394162369505,-0.0514677793819904,0.00265706353335007,-0.0129385132403248,-0.0110044886062914
125,-0.00701107668207775,-0.0552995278651953,-0.0206543087924357,-0.0314551440974651,-0.0780746288790848,0.0273876242874906,0.0258938801085243,-0.0327113751211499,-0.0265239082575945,-0.0301436225243696,-0.0532245529908222,-0.0275765439288592,-0.014257352175832,-0.0159205127170248
126,-0.0201470506799753,-0.0191662853344682,-0.106347411238663,-0.0351725621511023,-0.0451410123659891,0.00275847989939294,-0.0150443727665093,-0.0452896839305883,-0.0170796889617123,-0.0334400483950586,0.00636652908422518,0.00055669588977679,-0.0348105043331491,-0.0502203646016681
127,0.00649910407737139,0.00216615936406028,-0.00221995741404783,-0.0318714037196814,-0.0600609536186571,0.0281129542537142,0.040070279817478,-0.0337131524121441,-0.0353014040354731,-0.0380043770433271,-0.0128973907895585,0.0272625393483195,-0.0301346342790148,-0.022262361053229
128,0.0178299309129464,0.0140967027139795,-0.0156463342972518,-0.0408930921967539,-0.0146807235971577,0.0410396818226862,0.0465710561856361,-0.0392648547807157,-0.0707649694943827,-0.0210942070342564,-0.0572606838789515,-0.00625632408558832,-0.0489592824233702,-0.0560117212805727
129,0.00507301400889474,-0.00601218245342199,-0.014979402462597,-0.0595090765514826,0.012568633378721,0.0288475417110674,0.038942413684715,-0.0288993487897962,-0.0180516077058141,-0.0129914304135215,-0.0624468978060617,-0.0113767342806585,-0.00116915601779001,0.0102172640334357
130,-0.0032832828719736,-0.0233969481845448,0.018863680455657,-0.00903706164126619,-0.0860821613928092,0.0366652526736441,0.0351383636085556,-0.0195723011245928,-0.041312541057009,-0.0173699296283983,-0.0587112135036285,0.0232915375335675,0.0242799646821619,0.0324419973912823
131,-0.00932040821969887,-0.0138813662706397,0.00406322429722331,0.000466554051521961,-0.0787080220475994,0.0380927042060513,0.0495059847615003,-0.0243768869718276,-0.0578492412330122,-0.106149708131465,-0.0309305877369478,0.00653589660269419,-0.0354508731777617,-0.0190979906359811
132,0.0234788354565539,-0.070866311374966,0.0239101626070538,-0.0634470992613311,-0.0306126781755693,0.0268586257342542,0.0723034722821166,-0.0677254624216901,-0.0109659147258528,-0.094408997023748,-0.0364421432739981,0.00705636991821838,-0.0286368238393742,-0.00547058488951184
133,-0.0229776519626159,-0.0572293676407333,-0.0258117870924135,0.00540155388427335,0.00534521335652388,-0.00550400485579225,-0.00376986930559566,-0.00541030490095934,-0.0249882400253393,-0.0548754652187801,-0.0253197763559331,-0.0356750164847188,0.0155134351474393,0.0194987383544861
134,-0.0159633801316333,-0.0150543514169872,-0.0425482594927808,0.0207314011955487,-0.0696541610391237,0.00505680435304381,0.00394130255562547,-0.0253528575946108,-0.06154987946121,0.0133764958283294,-0.0578660026491837,0.0105083844643583,-0.0178604015507396,-0.0196021479548708
135,-0.0203873813421829,-0.0431247871106632,-0.0252881318579851,-0.0645885957502159,-0.0757621540874883,-0.00624556586366275,0.0126468599964729,-0.0352955157797554,-0.0183931512385016,-0.00820024278023797,-0.0527621668042446,0.0193433119620032,-0.0273895782898849,-0.0171096932404796
136,0.0159411985283131,-0.0454107542827213,-0.0225943919596739,-0.0478598204068458,-0.0703351778205049,0.0414911299483999,0.0380516708609756,-0.0554101727557053,-0.038955345654733,-0.00330205592404825,-0.0509235855830808,-0.0314492311829647,-0.0374430393813384,-0.040206504407697
137,-0.00448903881884872,-0.0183970496373137,-0.0127507571718104,-0.0360835103901342,-0.0435626360877953,-0.00452110288341638,0.00217654464986355,-0.0318482936857644,-0.0154425416008795,-0.0353075979495768,-0.0367473690996125,-0.0248734064010073,-0.0162697136386575,-0.0224913017807378
138,-0.00357841783289908,-0.0304873542781767,-0.0169671235628308,-0.0373400772494251,-0.0626168139549388,0.0399199749125189,0.0402996317590925,-0.00896801859130017,-0.0203460015981671,-0.0240303585659542,-0.0489795811872845,-0.0185745449107717,0.0313788184029259,0.0275076857293169
139,0.00252525316030218,-0.0387014605380871,-0.0105572636506481,-0.0313313527723065,-0.0492174665179987,0.0522457006585688,0.0523924562480407,-0.0418963903245194,-0.0351246873849432,-0.014284935399814,-0.0439066154008476,0.0000130186451503533,-0.0378211374355599,-0.0312395408952948
140,-0.00938680590996135,-0.00564839610403726,0.0133760127472232,-0.078650705452453,0.0146662768832357,0.000804924104377228,-0.0147910276605184,-0.0548229764556526,0.0157464496874082,-0.0393510888595276,-0.0540738200832691,-0.0167274391143749,-0.0145048053508288,-0.0410499524679681
141,-0.0284908557920816,-0.0194984320075599,-0.0245918800170387,-0.0443758538993524,-0.0746528395316422,-0.0106001812947514,-0.0233956951747747,-0.036494202932569,-0.0431285423423125,-0.0503421915813072,0.00320483931765823,0.0082226876032719,-0.0213645301012184,-0.0513447312977738
142,-0.0222213246861283,-0.0508614915934746,0.000353012508165496,-0.00948597686772004,-0.0772582930493717,-0.0214618068204297,-0.0226489472892285,-0.0318274224450661,-0.0406448628249564,-0.0362240986348455,-0.0543289684888745,0.0122452717905936,-0.0523783035488216,-0.0508595245501037
143,-0.0242304913335959,-0.0190044598616382,-0.0313667174155213,-0.0401152476688142,-0.0477361997812684,0.0174980583900694,0.0191817983688783,0.00456316163285318,-0.0632543555637905,-0.021153445479457,-0.0689734098418106,0.00159180206422621,-0.00268789530332678,0.00836070853599034
144,-0.0150120314963217,-0.0352972768934632,0.00781012135896145,-0.0509244544183914,-0.0907891149541991,0.0180512773111538,0.0179206524869622,-0.0308912008943608,-0.0389957460491338,-0.0490869397274009,-0.0265894347165024,0.0142130244190338,-0.0209470669725845,-0.0220876024234474
145,-0.010075731974992,-0.0493574507101583,-0.0190275647820288,-0.0350104333455651,-0.056225499549313,-0.0220566385451894,-0.0232051027971875,-0.0374794147360998,-0.0705303654948775,-0.0822745062675112,-0.0573040614508681,0.00931600438948038,-0.0746007411871839,-0.0328115579780465
146,0.0179624353411944,0.00697288973663891,0.0173858899755678,0.0295050144429096,-0.0341331071183033,0.0334838885991933,0.0328497285416412,-0.029153997749557,-0.0558544096015647,-0.0693484358777046,-0.0232755290037213,-0.0305098375170956,-0.0177748956326252,-0.0172969463987075
147,0.0202553567937996,-0.0347201592863212,-0.0136591934539176,-0.0851158667979317,-0.0798029511869619,-0.00415480631862149,-0.00468509027772106,-0.0326442433206515,-0.0426380189343907,-0.0367467041033098,-0.056762614536926,0.0193766511477282,-0.032022861134427,-0.031755299112939
148,0.0046379447720718,-0.0630436379233974,-0.0096751653963395,-0.0647390722274405,-0.0602218439743792,0.021018059019024,0.0264476924439868,-0.0274745842758072,-0.0170109647312544,-0.0423273931493668,-0.0631827265555524,-0.00227569102915956,0.0213710335824466,0.0268539087307773
149,0.00342848016450645,-0.0130275417430692,-0.0493641881301592,-0.0495120532126278,-0.0533883102734991,-0.0130612994185055,-0.012322069079928,-0.0264333099566669,-0.0398482116129568,-0.0247489917238516,-0.0482856864711743,-0.015346394237065,-0.0326665969307195,-0.0307796545328894
150,0.0297595496157694,-0.0525957959343039,-0.0100097127705077,-0.0500021816567739,0.00945209480597503,0.0627822628710225,0.0875446353625364,-0.0146622943208149,-0.0144826957006674,-0.0451646353566002,-0.0773102669793476,0.019361899318458,0.0207061485643285,0.0417158315112798
151,0.00580280200659088,-0.0144910686827688,-0.0156543915493073,-0.0833729637510914,-0.108889628992607,0.0274088804895875,0.0388058724562533,-0.0147478778259577,-0.0322269427273469,0.00303023593667223,-0.0600915308313606,-0.00941901403019803,-0.0395298237523756,-0.0482740670287453
152,-0.0142745849906629,-0.0204181900525094,-0.0488766087871781,-0.0133769535284798,-0.0361851167214763,0.0063334139083105,-0.00501940874258917,-0.0381336110969458,-0.0178909783673468,0.0033446551310254,-0.0610065684734432,-0.000449270819548445,0.00307577719846196,0.00790858513137598
153,-0.0000238707970856289,-0.036354791323537,0.00672903297858385,-0.0139746558813929,0.0132625540525054,-0.00340959290622948,-0.00753034063391685,0.00352019254271133,-0.0355975802399245,-0.0143407056088942,-0.0689976510875846,0.0140057925479883,-0.0159755206776097,0.0222397786019586
154,-0.0189349830931683,-0.0299853756755738,0.0067390914986237,0.0296273768338311,-0.067888379299987,0.0110409746931866,-0.0171546301059226,-0.0274898308771058,-0.0360619794856314,-0.0519005204614347,-0.0667810550546693,0.00497113374018075,-0.0625635580607073,-0.0519297107928155
155,-0.00836434840986161,-0.00586153188356014,-0.0494194930694883,-0.0463712143084725,-0.0268460828283281,-0.0133860220074412,-0.0195167586433677,0.00885947856157832,-0.0609841021377106,-0.0480596722446749,-0.0537956118879516,-0.0198337251617812,0.043926006494924,0.0344178564777162
156,0.0163740196491362,-0.0176985008099477,-0.0535692018127352,-0.0222290786688759,-0.0354577303074173,0.0354428331551453,0.0493967211818994,-0.0697179711042545,-0.0204270230118269,-0.0430327652710644,-0.066543972446482,-0.0280828383158539,-0.0364102860362008,-0.0116631754511903
157,0.0281244868858449,-0.0695042247872919,-0.0427234123515223,0.0167111890144417,-0.0194250927607865,0.0171674500802717,0.00810503542202563,-0.0178620632973905,-0.0826200075018481,-0.0320898417993594,-0.0414383228575561,0.0156613260043987,-0.0243675131035318,-0.0243431619444071
158,-0.0239403154892225,0.0117658283859261,-0.0317636813510734,-0.0845674592044422,-0.0417602732044126,0.021928764594468,0.0215091445105536,-0.0176428681662235,-0.0100343100839733,-0.0253303811169635,-0.0625706641841822,-0.0134746387651889,-0.00470339303325967,0.00864313025303875
159,-0.01467073211337,-0.00353954493396871,-0.0139107086952456,-0.0203112710273607,-0.066622196274102,-0.0111511074428306,-0.0244274175650833,-0.0609743268747066,-0.0301992694728274,-0.104870873028565,-0.0312853533525421,0.0167022260857423,-0.043546885558856,-0.0153146614069548
160,0.000820416411932354,-0.0913724652798142,0.0170636930290503,-0.00228295190791214,-0.0928344291502256,0.0172204250107066,0.0247101572222466,-0.0744378447647948,-0.0483563009156158,-0.0314378490035606,-0.035503432761179,0.0269143294148617,-0.107363000285134,-0.104296633477261
161,-0.00571183527391023,-0.00766167170379084,-0.0290652840085724,-0.0332431509697197,-0.0451794604077583,0.0287837817109281,0.0177022072652362,-0.0396073464670845,-0.0283256862864171,-0.0407893011829694,-0.0772228483433146,0.00374368086102318,-0.00575929925938086,-0.0148630145817917
162,-0.0133113645568047,-0.0612870799911613,-0.0377937343347885,-0.0590795968987373,-0.0657816771657995,0.0208025823343274,0.0197211470992225,-0.0463821017465183,0.00053927294124663,-0.0689485422768367,-0.0364870000930224,0.0290111683412605,-0.0634664169310749,-0.0639994651750711
163,0.0300562765107519,-0.0502201587054683,-0.0278582423580988,-0.0135544569572617,-0.0632107277733255,0.0354422986784134,0.0276864468298647,-0.0401237195545416,-0.0186579005478336,-0.0169866564684133,-0.0591339132642212,-0.0018728357942896,-0.0107308400798912,-0.0495594627241716
164,0.0050900553888034,-0.0483013268611289,0.0288213435454059,-0.0053980977934214,-0.115578953887749,-0.0269091824601885,-0.0112003617182513,-0.0490395528628271,-0.0153884851803941,-0.0306957346734721,-0.0474073455194484,0.0322125220346903,-0.0657081869753684,-0.0342616275580892
165,0.00396263573898011,-0.0489140545785447,0.00123843411457342,-0.0478954106976368,-0.0546169467819725,0.0000374506278033038,0.0137362926124339,-0.0637571197994054,-0.0210729189663593,-0.0492840082228654,-0.0519511236707724,0.00279840488750381,-0.0372761789949919,-0.0434048804854676
166,0.00594324580073977,-0.0430331714583812,0.0483604043470405,-0.0805484264342295,-0.0609653529093731,0.0571042750449499,0.0491961902257295,-0.0814134214955304,-0.0375617954456393,-0.0467270302137616,-0.0457904081633339,0.0134891607542956,-0.0598529539139324,-0.0835177673914683
167,-0.0309364155409167,-0.0996365129469122,-0.0641411758594624,-0.031482711547437,-0.0354699869793581,-0.0116854054302646,-0.0147727975652422,-0.0239783426504164,-0.0523490438031576,-0.0177758291399542,-0.0705618106557454,0.0214465762409841,-0.0250708640803097,0.0102183824099587
168,-0.0143495755567096,-0.04116445054648,-0.0484645370040216,0.00522139539391042,-0.00275076331850399,0.0206126946913731,0.0194820871469753,-0.0298539493699112,-0.0411430495408733,-0.0992281425997318,-0.0887975379307796,-0.0223909287707169,-0.02057164419086,-0.0143783589987286
169,-0.00758133608520685,-0.0419356882670557,-0.0277661754219901,-0.0706065642325906,-0.0183321333688843,0.000490615164505645,0.000519180418328782,-0.0430373582377058,-0.0179233611538951,-0.0251996524421856,-0.0278460002953541,-0.00752927483876756,-0.0505724825074168,-0.0503956727200073
170,0.000646564017596107,-0.00677533287308811,0.0245253231458577,-0.0815624999447921,-0.017185496438127,-0.0159254831388336,-0.00627839766695612,-0.0505597730245618,-0.0225821833757578,-0.0910509448189915,-0.0245313251309212,0.00301976484485526,-0.0343230411261225,-0.0429688408119659
171,-0.0196640604368978,-0.0603717608032456,-0.069884241718609,0.0132870567948926,-0.0789405604138881,-0.00859212602977893,0.0363524237970272,-0.000727336238182413,0.00961511864164616,-0.0426445929606866,-0.0289047899049702,0.00142826586386414,-0.0159081256038522,0.0282386573730033
172,-0.0218290881048181,-0.0606080911381377,0.0150264690153463,-0.0591596540768921,-0.0723405907995323,-0.0188601273372985,-0.0125839344936634,-0.0191904563735923,-0.0482882818441058,-0.0314099406440543,-0.0420532867171244,0.0147369248678987,0.0164332673410365,-0.0256092519556855
173,-0.0254230851147052,-0.0352028817804175,-0.0266755695606095,-0.0356672137148835,-0.083721861639568,-0.0218645380527683,-0.00808829992143095,-0.0510714663077619,-0.0396980350747016,-0.0186068946085873,-0.0402279075107917,-0.00555445694187737,-0.0424323403507657,-0.0404298238703751
174,0.00631739213365268,-0.0180443811579135,-0.00332423151659891,-0.00318575935985688,-0.0427456622793836,0.00379288564409415,0.00245933614901082,-0.0302049771341096,-0.0466347012948534,-0.0335930894890013,-0.0177259330104335,0.00729249082219392,-0.0507117928509321,-0.0664435107191726
175,-0.028526755271682,-0.0537044391740467,-0.0294036906525907,-0.00466401137149811,-0.0424162663910764,0.00254752879882046,-0.0220255930438871,-0.04583505000543,0.00430163717020293,-0.0340902598760417,-0.0546664691132888,0.0138157039071548,0.00931495538533477,0.0308605910818933
176,-0.00134223669051503,-0.00768364074459943,-0.0227717642950556,-0.0220251894615401,-0.0486810442981384,0.0585913928750553,0.0279682389177081,-0.0365038169108111,-0.023932171001654,-0.0301044766722302,-0.0696419071221197,-0.0468779029057455,-0.0219268252730333,-0.0108957134698253
177,-0.0230376546973365,-0.0171569628491372,-0.0453775139679651,0.00761005453691346,-0.059924657133443,-0.0000969801483357846,0.00899046169416626,-0.0213775574722861,-0.0248094553957639,-0.0435533390327586,-0.0527513572613525,-0.0243362924985907,-0.00280125213153802,-0.0020313114785607
178,-0.00133967230339037,-0.064120814286123,-0.0308673777470087,-0.0151859573030709,-0.0574287173337653,0.00726638650641256,0.00934487066253895,-0.0350178756630644,-0.00303587857862898,-0.0305395490634922,-0.0358620124170494,-0.0134421349643631,-0.0411859737317054,-0.0376226399456988
179,-0.0235936995477448,-0.0164390305683136,-0.0748658016804307,-0.0524052396114813,-0.0456926845166598,-0.0112899343529541,0.0247588658946653,-0.034048330006957,-0.0223106655754661,-0.0342819211292891,-0.0349638007195079,-0.00611800244790223,0.00214714547619309,0.0273690267022974
180,-0.0183447972587377,-0.0483848260040947,-0.00271364009407427,0.0190366882528576,-0.0850776996770685,-0.0107908996150921,-0.0284343992163654,-0.0423473341378703,-0.00901436250293107,-0.0329315248334961,-0.0306621404334983,-0.00267152743915135,-0.0290241874063704,-0.0123937625671876
181,-0.0233682503329831,0.0180002561995669,0.0150265998308343,-0.0702959023247809,-0.0296717314803779,0.00200408812867158,-0.012464771891999,-0.0321941764835416,-0.0375928712796454,-0.0409312589696304,-0.0408776911845167,0.0405298984904733,0.00846055740960737,0.00909377973542845
182,-0.0107470407281335,-0.0665809754148546,-0.0224527834314279,-0.0141641390373999,-0.0446070424735389,0.00718592473092936,-0.010590410467198,-0.0362129678480374,-0.0650942375155407,0.00450994171167517,-0.0577107956238182,-0.0218884892924233,-0.0177423353303793,-0.00777418917060287
183,0.0120620688331707,-0.0440877169468382,0.0147566247257796,-0.0540309695552336,-0.0749194294691095,0.0241540142634403,0.0320102720635914,-0.0357131838241264,-0.0315256992865114,-0.0105828793901758,-0.0191884070202287,-0.0169610133091036,-0.00873803498344258,0.0165744607469009
184,0.0128832148023876,-0.0390094741611839,-0.0171675430498325,0.0122639464437871,0.00371737138362466,0.0433837029773604,0.0474862368459727,-0.0368458503370255,-0.0486006698302506,-0.00511589398603919,-0.0412439155730014,-0.016894651834659,-0.0269968971002039,-0.0340551655279743
185,-0.0152301573736521,-0.0133668384700506,-0.00277167262860745,-0.0387908981603547,-0.093580753699917,0.00928608801272878,-0.0131679992730609,-0.0553730766895003,-0.0272396655727479,-0.0661691112907674,-0.0459804919595924,0.00826454920774788,-0.0585306028795812,-0.0627401777095508
186,-0.00673252437390066,-0.0292675770797742,-0.0337339342453304,-0.0560856451067374,-0.0599611132867977,-0.00150500380886298,-0.00356433997947665,-0.018775936372808,-0.0598169560696527,-0.0269843790027716,-0.0142914473598125,0.0182029047715673,0.0126873647396663,0.0110656413839784
187,0.0148593322017209,-0.0183908245905238,-0.0801128263247161,-0.0582971058679214,-0.0547298537294232,0.0443836798990334,0.0472555540272061,-0.0352815793180462,-0.0412866137032179,-0.0295058092409899,-0.0627893830530391,-0.000715588123531841,-0.00216247232531509,-0.0152755427234956
188,0.0332835596386971,-0.0316095917028656,-0.0340647355998195,-0.0249292085248503,-0.0340121024197116,0.0654204405681609,0.108775185195926,-0.0768249228659661,-0.0480836286337313,-0.0755868784807834,-0.0201955887694553,-0.0113771674282437,-0.0678539562285234,-0.0504871612848688
189,0.000734609460067745,-0.0401647964672418,-0.0430178862372676,-0.056954538447631,-0.0880107170312948,0.0421826192850289,0.0521366763179636,-0.0353299514560277,-0.039626257643319,-0.00581169320110252,-0.0730992289180524,0.0342550998731387,-0.0052359454854093,-0.000672748202256192
190,0.00936337322019238,-0.0370072155623048,0.034450872810819,-0.0624817141605367,-0.0593979771490669,0.0388070339100283,0.0225439891193409,-0.0560647327437667,-0.0672924380483949,-0.0444577531860548,-0.048235252307618,0.0265035462781011,-0.0677216462106332,-0.0644064470984478
191,-0.0354434168823486,-0.0447992671669933,-0.0573965705498024,0.00638602455919957,-0.0697803166501162,0.021870583394953,0.028537662669595,-0.000903285337464199,-0.026175762652697,-0.0354461734897126,-0.0785920902543239,0.0271068884425231,0.00322394082771153,0.0309595859964918
192,0.00293640727160588,-0.0477313062409824,-0.0314685664103423,-0.00614359679127788,-0.0661674715526613,0.0429177976394305,0.0408860980481501,-0.0595380067909191,-0.0392439907721459,-0.0533888016579531,-0.0661894707597932,-0.0157615664051384,-0.0657549875826827,-0.0535422284648831
193,0.00508680765082932,-0.0984530261418996,-0.00958043119188226,-0.0509143101104649,-0.0666889800252197,0.0291463862669936,0.0204810521541398,-0.0637747028156332,-0.00618095749333535,-0.0793129731597414,-0.0474284221723471,0.00696243737927753,-0.0303106118442122,-0.0279772724345545
194,0.00796072696961406,-0.0425790297133148,0.0201751381692533,-0.00514876082285706,-0.0232666867541716,0.00031323392866843,0.00208880308961665,-0.0222723132950771,-0.0346882489098208,-0.0534747147275826,-0.00317684421706858,-0.00952977278735678,-0.0173134316208717,-0.00571630846208009
195,0.00188507308467065,-0.0168611918811832,-0.00533539269804528,-0.0272643743443441,-0.021504792489262,0.0363905810949583,0.0312892508338914,-0.0128344204706786,-0.0111599016508045,-0.0429124242235622,-0.0452978080962339,-0.0114192671913092,-0.00436294703885659,0.0187403821935425
196,-0.00337526868314283,0.0121111230505863,0.00135456956528743,-0.0332244490642709,-0.00551653250519446,0.00204931576037957,0.0017304247106278,-0.0509853022093736,-0.0330481426965515,-0.0630845197788443,-0.0517454765314399,-0.00996294991745544,-0.0191796701625604,-0.0223906678061173
197,-0.0164634975715214,-0.0673104300280547,-0.0408623913089658,-0.0404726647382666,-0.0253571633212933,0.0162608332720815,0.0226429050155838,-0.0233150758593694,-0.023167457810191,-0.0423753250172231,-0.0484240033405112,0.0189233330296306,-0.0499882947793966,-0.0448786020095042
198,0.013275865861848,0.0000768478110792642,-0.0337722662372351,-0.0202670219512744,-0.0794284430317596,0.0428940229462929,0.0242499762719928,-0.0412504523795162,-0.0373428241609726,-0.0746162741414111,-0.0396094565480289,-0.0185914284601513,-0.0321923350885744,-0.0347033713374971
199,0.0226778409301789,-0.00656223241250657,0.0487465842001262,-0.0362515564400335,-0.151580860442921,0.0270680589830997,0.00109610895168465,-0.075033331579577,-0.0308810985293876,0.0032461680262358,-0.044185068304203,-0.00942620234503071,-0.0202834723756547,-0.0199900693831718
200,-0.0488084636286766,-0.0329050329678289,0.00682440287558092,-0.0627364215518734,-0.0181208755046248,-0.00794318694266685,-0.0092417005752751,-0.0548746805801114,-0.00727289463608261,-0.0507710217922051,-0.0385059427201957,-0.00315715862382782,-0.0432420157952108,-0.0339568853456865
201,-0.00218983979844278,-0.0410527746296908,-0.0508269211505144,-0.00950492108940754,-0.0103085745859488,-0.0072100145168159,-0.000550636013450942,-0.0291068203743422,-0.0337979028720719,-0.0280744703821661,-0.116349123514765,0.0250850346823346,-0.0350643454221975,-0.013657596213608
202,-0.0134225885861954,0.0217973892172256,-0.0537505735791523,-0.070761545612492,-0.0807761160718319,-0.0118370738486861,-0.00414438858681425,-0.0207829877871207,-0.0318252315195112,-0.0350461459701929,-0.0300549251655248,0.00624365297728977,-0.0178479269629294,-0.0253544569246219
203,0.00732240928243398,-0.0517504335886238,0.0671808058655318,-0.0513969435467708,-0.0349344315156153,0.0328749749952455,0.0208578981380277,-0.0633875733179919,-0.0204048362578905,-0.0100559071070388,-0.0796876554608123,0.00595630118058714,-0.043472510998401,0.00973149723757714
204,-0.0131736378018089,-0.0246654569621637,-0.0166428966476488,-0.0450720560693875,-0.0776761117790718,0.0180406026262686,0.0102259007171709,-0.0432044704069433,-0.0122524280669098,-0.0573401930274409,-0.0335207328155645,-0.00566490521368755,-0.0461081618989597,-0.0427887910547864
205,0.0130578938672729,-0.0327816921058839,-0.0160076588203325,-0.041761716185971,-0.0135426541926197,0.0068129304298539,0.0216045559660165,-0.0296408616440256,-0.0144179473603412,-0.0286340837025181,-0.0598925498701672,0.00990607314420604,0.00254460404493868,0.0280455780808017
206,-0.0290599270253524,0.0105037259860611,-0.0251306573342013,-0.032378451494511,-0.0115363199510345,0.00696783281381445,0.0112798191757131,-0.0275770466421401,-0.0500308297456024,-0.0770586491896353,-0.04632743793257,0.00490842696548444,-0.0184591480450568,-0.0139810068647003
207,-0.00598170161204517,-0.0237749665712231,-0.0261366393932141,-0.0191424060128606,-0.0728437255013134,0.0231129660978283,0.00341255735839494,-0.0341472366374791,-0.0343525424955659,-0.0603754496122404,-0.0604768469231405,-0.00862975356397928,-0.00578883078900885,0.00642566332607088
208,-0.0169635843401701,0.00969484843664802,-0.0923861240700594,-0.0154294236797964,-0.0567741024836266,0.0271140109171957,0.0176214046799835,-0.0271986382391299,0.00780148850606638,-0.0474612339682943,-0.00806612174493375,-0.00350104679689053,0.0150082105331546,0.0340568077345205
209,0.0105246254907884,0.0047214595798607,-0.0465852342478014,-0.00910593580743274,-0.0254056123801469,0.0278440609519365,0.0288203338723375,-0.0243283581288279,-0.0572999931390533,-0.0752801228647992,-0.0512850472985705,-0.0282199887608206,-0.0171787550017541,-0.0263538068984806
210,0.00793423285218967,-0.0185104169073564,0.0139545962968245,-0.0228404077468227,-0.0328478975451067,0.0691615628179931,0.0628348010930993,0.000299615578228676,-0.0028370085486067,-0.0428503312671961,-0.0503894504322161,0.0165782194711131,0.0259678067181099,0.0670154450383776
211,-0.000891697848014905,-0.0802379849156479,-0.00660771504213487,-0.0682552313540707,-0.0864394763079746,0.0411173075175108,0.0379037135447792,-0.0509871415875805,-0.0127591774066645,-0.0376277253836534,-0.054172636798249,0.0347793057329971,-0.0287110706167589,-0.0320374064506025
212,0.0233123554802183,-0.029501420439885,-0.0356542476021467,-0.031110098568373,-0.0520211042267492,0.025063623115518,0.0217299231240711,-0.0617075089870681,0.00685306673684009,-0.0206581221351706,-0.0618076009077865,-0.0154726388327596,-0.0418162402462124,-0.0177642010788387
213,-0.0143341874266717,-0.0268032636184781,-0.00234532272807254,-0.048979019833338,-0.111705194183299,0.0103049113812452,0.00750810399039314,-0.0348792950950255,-0.0458297675981102,-0.0789738899458125,-0.0457095052425254,0.00296517337897967,-0.0308983236083809,0.0420513222475174
214,-0.00239536690026645,-0.0427386262493675,-0.0277110114048897,-0.0167195559017667,-0.0116585328243983,-0.00449184501869745,-0.0226566823935889,-0.0233668955377752,-0.0196055000011813,-0.0163722447796687,-0.0674068819795855,0.0137925961498158,-0.0283747699945481,-0.0311266281016269
215,-0.0468941333273632,0.0229876335568128,-0.0640267793080893,-0.0199151798898878,-0.0618818345755476,0.00658990806743689,0.00843044267394627,0.0106131281848623,-0.0211086595120118,-0.0147584258211593,-0.0891920337397077,0.0291419860915049,0.0299778329387566,0.0266103138342896
216,0.00679273773225786,-0.0283834132193454,0.011979001380627,-0.0233009431215204,-0.0391961894696457,0.0371832057106518,0.0243317782814223,-0.0359846856839962,-0.0299634173780028,-0.0576211888346877,-0.0506629284503613,-0.0168571215040846,-0.0241448145709104,-0.0172904189168348
217,-0.0144423873242029,-0.0252599444050596,0.0187843324450181,-0.0145367413306953,-0.0861123495222926,0.00571724811147056,0.00256993355368106,-0.0394613384292532,-0.0078818866167692,-0.0301428953531506,-0.000670650162083078,0.0230843423337917,-0.0384974751590467,-0.0500082680172608
218,-0.0255732721727288,-0.0265684315088828,-0.0273271162182995,-0.0258463989986074,-0.075436482264187,-0.00247576825740903,-0.0212413026533853,-0.0171921916799539,-0.011227339798637,-0.0688312757270204,-0.0507474939133963,-0.0161976328654765,0.00825322506926047,0.00471915687062465
219,0.0134732635070165,-0.0571845655684501,0.0267360482182161,-0.0742773305643318,-0.0995107285765994,0.0270490288821838,0.0271559747329447,-0.044937225085807,-0.0355158788676254,-0.0203002242952475,-0.044301177286028,0.00412879805266934,-0.031020075455028,-0.0364361531721338
220,0.00237513769195019,-0.0571721719789667,-0.0216559827304094,-0.0338762891597066,-0.0826257244134444,0.0251910939345754,0.030834304478391,-0.0396375808690556,-0.0816271019651457,0.00869873920238966,-0.0677129238725226,0.0101698875044416,-0.0172521311922188,-0.021149915839521
221,0.0183201086528571,-0.0759329631383305,0.0121648080069666,-0.0254989141865695,-0.129198694098973,-0.00110043810201263,-0.00518552561919686,-0.00905322951609112,-0.00159165348894334,-0.0807982933958169,-0.0614858099675756,0.031923892174524,0.0420314343539332,0.0311338673878111
222,-0.0297499574743958,-0.0243404894765186,0.0609718499693613,-0.0503968865654599,-0.080492586859622,-0.00644078604430857,-0.00907507157585382,-0.0575539746677764,-0.0234102125363268,-0.0780812710449012,-0.045276652704732,0.0279977633657819,-0.0366382185240711,-0.0461088146777377
223,-0.0084789484174889,-0.0165633229978693,-0.00637075372259466,-0.0601269756441088,-0.00258193920277228,0.0512359532010759,0.0079259845245869,-0.0328477461185574,-0.043326660230766,-0.0422910222975919,-0.0376369018451826,-0.00148614380801775,-0.013098514280688,-0.0283152440749801
224,0.00400252970851316,-0.0502225565002935,0.0289579097170463,-0.00330819373898536,-0.0139509641612924,0.0179809910357939,-0.0101422736941968,-0.0470921916839743,-0.0223537529576203,-0.05181679928112,-0.0690444770497942,-0.0227918656494964,-0.0350745093303696,-0.0580165012737122
225,-0.000479289179265194,-0.0231919641485099,-0.00968922591325555,-0.0380294502095235,-0.0823707995022816,0.0289503373912412,0.0221111876225277,-0.0381649120136287,-0.000536194909132134,-0.0724985884165694,-0.0546558329202116,0.016159870623427,0.00195033457803359,-0.0224923732014591
226,-0.0238541627322262,-0.00798031017308594,0.0159044765991425,0.0253825906783472,-0.101025391011211,-0.0157767604262132,-0.00786698300025955,-0.0106887560661185,-0.0303277231886907,-0.0379393015220419,-0.0615268488868804,-0.0118879747639302,-0.00114709059358223,0.00858180957392775
227,-0.0168843285786646,-0.0530138738624979,-0.0110990043194374,0.00215094371914795,-0.0613149866281432,-0.00246817172463069,-0.014573225020632,-0.0469461680447027,-0.0296622541407281,-0.0119420930446271,-0.0396536529847122,-0.0162818372116876,-0.0382549654751147,-0.0580937245680962
228,-0.0155314399312758,-0.0155019731515664,-0.111120516503025,-0.0471937940668569,-0.117171311014991,-0.0135209630599761,-0.0118911940641685,-0.0407799848821716,-0.0245538983558801,-0.044835384531818,-0.0509747725717143,0.0275810083923997,-0.0410647018785296,-0.0160065334453605
229,-0.0220718245976665,-0.0726137560746814,-0.0374606630699089,-0.00687314712610851,-0.0982030047472153,-0.0101330950933644,-0.0361343020366468,-0.043138731537756,-0.00616011859053944,0.010087679752107,-0.0501070951232642,0.00353652371832584,-0.0293788196840691,-0.0270255748244521
230,0.00572530248680434,-0.0150448418922456,-0.00178524265761817,-0.0596942949126563,-0.0311389139072711,0.0297326146896054,0.0245971974372166,-0.0304722672964054,-0.0074494296204541,-0.07229336664248,-0.0785939018578922,-0.00999442637411234,-0.0106200432217969,-0.00278071475701173
231,-0.0240557524723915,-0.0524260829210488,-0.0225829667964961,-0.00394412814962175,-0.0439062106189586,-0.00919490492026424,-0.0120858714475125,-0.0352682144765157,-0.0226570292833482,-0.0368711608074824,-0.0645034396037133,0.008551176136205,-0.0217449953882747,-0.000273876913166604
232,-0.00195222610432212,-0.0127128364766744,-0.0339296457633169,-0.0227364314832652,-0.0444188965942216,0.00696397808060149,0.00857076390703056,-0.0563129011290766,-0.00631693138429405,-0.0235207095471297,-0.0785274912298304,0.00990007999696726,-0.0211045325217373,-0.0226903534321948
233,0.00413076079073371,-0.0507814642146336,0.0217044730457022,-0.0754829893668588,-0.0590883265167712,0.0337880255454806,0.0158932741185265,-0.0545330399318656,-0.048153864732486,-0.034748399403067,-0.0723520205361319,0.0132071034482198,0.0220135453224087,-0.0140658062147535
234,-0.000330276732175311,-0.0466948275247933,-0.0266083707810548,0.0128641402614498,-0.0945615080179106,-0.0300225599500651,-0.00387804905002406,-0.0181610082646739,-0.0258320535006604,-0.014603429618422,-0.0661765270714896,-0.000673480880690303,0.0023428620313513,-0.0022605691618606
235,-0.0053049287328363,-0.0238675846825074,-0.0376365918515234,-0.00802702532204735,0.0116607788668467,0.00500727713901507,0.00285089779964715,-0.044971767514259,-0.0380073342259101,-0.0318406075818862,-0.0249724488805518,-0.00519561239950593,0.00764927899536653,-0.00341799834047835
236,-0.00640400782777489,-0.033062325249808,-0.008636283074204,-0.0726129660970137,-0.0364082691602228,0.0073865101738695,0.0381828891910904,-0.0478928224689889,0.00740953186657096,-0.100130835906734,-0.0201318621835339,0.0111547994977317,-0.0437199777022539,-0.0248995026326099
237,-0.00325460017133211,-0.0677321732365443,-0.00894488033134699,-0.0150184440608024,-0.0339674983905361,0.031739842495024,0.0303903391483475,-0.0251576709663219,0.00596446525758174,-0.0553579994110664,-0.0529022156459491,-0.0115895320561984,-0.00751552027294726,-0.00848082076237815
238,-0.00264436828989614,0.02170479766416,-0.0790867465544896,-0.0783774902079665,-0.0409360971483376,0.0506030612618667,0.0524081910237555,-0.0362599777531853,-0.051201870578786,-0.0232805846464018,-0.0436421122378637,-0.0068075021356772,-0.0346362569240336,-0.0351021767784107
239,0.0101665075494544,-0.0644664979802122,-0.000157918920701022,0.00204262724868373,-0.0833909403006739,0.0148545532267134,0.0468554477684254,-0.0192229085369104,-0.0249332905283986,-0.0170196937035543,-0.0689651022429025,0.0122832090163593,-0.0419542635599466,-0.0493606074578571
240,-0.0190047570775976,-0.0133879465544696,-0.0500683819646565,0.00331137494802036,-0.0537792148994687,0.0281653791780963,0.00626075303647583,-0.0330372623513785,-0.0189830563630815,-0.0292015528755417,-0.0661921899493595,0.0000406490259329956,-0.0366106818954522,-0.0189061084175677
241,-0.0533355947145761,-0.023616128154753,-0.00866039191011445,-0.047507878710377,-0.0327859991944379,0.00316731071004794,0.019221593047039,-0.0247429409561066,-0.0196075020729672,-0.0356214945158098,-0.0602594237209247,0.00501769948129353,0.050883582735726,0.0494281673948413
242,-0.0130920288734811,-0.00477150098200373,0.0135873059650302,-0.00394220356921257,-0.0375396345041308,0.00040299714990337,-0.0239371893267235,-0.0201340302673384,-0.034919570860742,-0.0312799176879109,-0.043430139041904,-0.020887069988865,0.0236906561554364,0.0567220859524257
243,0.0266283012194422,-0.0303650390391096,-0.0140455808415821,-0.0380598440847284,-0.0546935966077203,0.0268529806497252,0.0200551101797581,-0.0618530390589078,-0.0421718502062764,-0.0414372506036375,-0.0340445202291354,0.019117778269584,-0.0492217474997797,-0.0541622572332533
244,0.00674688468042368,-0.0708489517765163,-0.00218501520393494,-0.0385773672433972,-0.0133447036803789,0.028328912777277,0.0285568578373039,-0.0232476269109252,-0.0565084009527147,-0.0457054274786833,-0.0350388522661982,-0.011389647815365,-0.0671585051900496,-0.0432710024595873
245,-0.029326363167767,-0.0345294263553115,-0.0158127099763295,0.0248400579937936,-0.0520614203122008,-0.0118687804963882,-0.0118377145285231,-0.00229618264175287,-0.0150217490917438,-0.0373224361132769,-0.0695820928295684,-0.00387913691965645,-0.0011128958950425,0.00508011274183366
246,-0.0419492249847342,-0.0315645314064751,-0.0498651669915377,-0.00762021411552144,-0.0552185655588254,-0.00555700899662245,-0.00336526709789173,-0.0436261298069698,0.00852843386079259,-0.0409682165744658,-0.0366626894649471,0.0137172599178307,-0.0451225404744268,-0.0379820326625263
247,0.00459310696927066,-0.0497469645335628,-0.016463721951001,-0.0418510168031475,-0.0828601892327889,0.0164278744314832,0.0169843243166355,-0.0360413409033085,-0.0462108384789376,-0.0375082860826376,-0.0389935463088807,0.0147950780750643,-0.00351760152078072,-0.000273307069724713
248,0.0290128321577491,0.0172893727233558,-0.0110898351507953,-0.0549321146427062,-0.0526016497289823,0.0323783408387663,0.0322588182817769,-0.045760353626472,-0.0466495969963796,-0.00420910877581293,-0.0222941443068955,-0.00667001815226523,0.00938190566145243,0.00922062806850481
249,0.00323479181595723,-0.0592631563289554,-0.038925912105944,-0.0444028613644702,-0.0568457147634892,-0.0283705365136209,-0.0263276264057954,-0.035824541227078,0.0111268652808223,-0.0397732125908992,-0.0843421940031229,0.0206802113747396,0.00818299883732307,-0.00046981914955585
250,0.000579860375857048,-0.0401081992370353,-0.013595159300818,-0.00134851331201605,-0.059045814528326,0.00307879071549146,0.00256288214749972,-0.0213637568185944,-0.0311043258391207,-0.074570896927364,-0.0202287758451816,0.0219827988512168,-0.00479084248382447,-0.0105007172716345
251,0.0104317449236499,0.01857227953279,-0.0525897481100475,-0.0483749135003289,-0.0354369835582843,0.0179828396441041,0.00989609062984211,-0.0585198835743065,-0.0588307584935136,-0.0577080331247521,-0.0403487995295549,0.00528278471940254,-0.0763921196667759,-0.0558618038286875
252,-0.00488985940617091,-0.0588747329884252,0.0450852303106594,0.00407458648084252,-0.00396518353794428,-0.0322083835079873,-0.0410068119715597,-0.0563827239567796,-0.049035609274798,-0.0384447519565657,-0.0487076175964955,-0.0264508285653888,-0.000839638329204417,-0.0255868880696628
253,-0.0193522917069829,-0.044402827295983,0.0380072457990914,-0.0361028612676882,-0.0149024082929075,0.00634396724681786,-0.0111638755004335,-0.0309310973832874,-0.0293062001255532,-0.0451936049004383,-0.0357423498297096,0.00415846821532721,-0.0414510500955481,-0.0421194920219281
254,0.0284739603853084,0.0109206212232444,-0.0470152256683224,-0.00606350320005467,-0.0221086777361981,0.00254578698636566,0.012382188300146,-0.0335306494996448,-0.0316862345809815,-0.0239015056436678,-0.0744865159540906,-0.0125242331017598,-0.0658148537070477,-0.0348017296301228
255,0.00716025344435996,-0.0172469387541843,-0.0277557900913563,-0.0834363817541773,-0.0693381173575426,0.02978870534904,0.0339113665333333,-0.0646348608014052,-0.0441616948716048,-0.041143159792628,-0.0400289877363553,-0.00187702882793993,-0.0719417334748101,-0.0855493283323849
256,0.00669576322410666,-0.0679660005733665,-0.00694227224608177,-0.0065030324219687,-0.0346557305203537,0.00929204285440578,0.00914843530960523,-0.00407764168398213,-0.0314624798046114,-0.0670318251549831,-0.0595279189594818,-0.0000174907747961389,-0.0113496503635592,-0.0432696565420584
257,0.0065432200448339,-0.0262934994207492,-0.0665087758883136,-0.0215594058795106,-0.0184302517998262,-0.0321088253126416,0.0149169578612765,-0.0777835490560722,-0.0044499075800704,-0.0619521676692006,-0.0646618253171373,-0.0030738653718056,-0.00732017872416457,-0.0180113720201657
258,0.00198464321960464,-0.0291534814447468,-0.0000194424406584626,-0.012747633910799,-0.00717820025356397,0.00781582443040295,0.00964705966802149,-0.0193387474143029,-0.00960736540694866,-0.0678286892058853,-0.00958886350257368,-0.0282789780153283,0.00727491315004603,0.00223064398134563
259,-0.00110099963332635,-0.0607743415667163,0.0255757618598409,0.0520155701908954,-0.123136732883685,0.0218389399877407,0.0377252589040619,-0.0419096941993036,-0.0228897813670626,-0.0612838167351517,-0.0148301066069035,0.0270714435201787,-0.0246925593963718,-0.00266606069340129
260,0.0402006822578555,-0.0513270152894541,0.0431741724031354,-0.0589371358004327,-0.0855320079740796,0.033598251392451,0.0692310303464506,-0.0302885940519617,-0.0257860642490348,-0.0565809145099422,-0.0119515731664232,0.00104491502962614,-0.0110195277186739,-0.0157361361870769
261,-0.00849774004761591,-0.0438265990988787,-0.00557838992073914,-0.0308225888907198,-0.00870299470950348,-0.00790545302808195,-0.00815498098467758,-0.0950056686274966,-0.0382767129154617,-0.0876768650699965,0.0105125092721601,-0.00845452094707866,-0.0943815879420745,-0.095604631626878
262,0.0350812091476943,-0.0640095454009099,0.0147321170412844,-0.0825172798113905,0.000857538850461859,0.022059449045389,0.0406457062002321,-0.0682878107191061,0.00988781830095646,-0.0423443935283784,-0.0388716158515195,-0.0128182246531287,-0.020729295445085,-0.0585544058533158
263,-0.0202782036281838,-0.0301998340843052,-0.000273140033365094,0.015904094749866,-0.0300660889684055,-0.0198571887906589,-0.023316436886419,-0.0397289021212345,-0.0449415601197762,-0.034464878580823,-0.0287575082168942,-0.0315452973717573,-0.009945634889924,-0.012118116810643
264,0.00121874182565419,-0.0252318105247104,0.0459627634304959,-0.0350075376974754,-0.0259183259586262,-0.0138133143200834,-0.00983420889339115,-0.0665472370312204,-0.0692919889068428,-0.0110383220582074,-0.0201554795386986,-0.00945978912555241,-0.0645770321709808,-0.0694613830122468
265,-0.013474133514267,-0.0438328297798649,0.0279707647186681,-0.0174269892989077,-0.0237896713325192,-0.0175503580701315,-0.0204166416607631,-0.0245195877067597,-0.0199743970926552,-0.060845575269765,-0.061535609551965,-0.0307782507787759,-0.0376895997111109,-0.0451939919548829
266,0.000672986074062597,-0.0326612511060985,-0.0303954912738391,-0.0144732777097689,-0.0398772422846511,0.0210962015955032,0.00925211639222651,-0.0295177029119914,-0.00684258963688762,-0.0639446545555668,-0.0973876683932448,-0.00697770496222766,-0.0126928021935823,-0.0402130257348696
267,-0.0118461817558941,-0.0107869170690754,0.0216498473556671,-0.0803261359623486,0.00911332940029064,-0.0114884530546827,0.0131684778068524,-0.0349063711854626,-0.0224574538898763,-0.0268096802316121,-0.0292364164768278,-0.000215790202122271,-0.0117890491787967,0.0221672969194895
268,0.00527908422049366,0.010202869169424,-0.042095263415606,0.0256251451580508,-0.0746596875145163,0.0241280718040095,0.0315338862071214,-0.0638272908770244,-0.0326301593153067,-0.0320083043085206,-0.0374543015524567,0.0107575702122097,-0.00948447437735073,-0.00288895644829182
269,-0.000779768942899627,-0.0572025897477199,0.0354469992420001,-0.0536601352975944,-0.0394363965744473,0.043026213900923,0.0437326124613884,-0.0406171072351786,-0.0159307386290556,-0.0592358574807759,-0.0576430189525447,-0.00108969818376631,-0.0353098836394658,-0.0339426632901431
270,0.00720555780943005,-0.0270925230222431,-0.0822290590648606,-0.0207347195764376,-0.0507926731912807,0.0563253392044104,0.0630890520824682,-0.034401553721239,-0.0241412187280183,-0.0456986448127209,-0.0686273916622016,-0.00154145270837966,-0.0175229283396558,-0.0187320338675775
271,-0.0186054418178357,-0.0504540689806637,-0.0306580044870311,0.0172269008743884,-0.042203625631501,0.00355974880323442,0.0594907988085412,-0.0306263836186761,-0.0154462727385727,-0.0416470883521066,-0.0575541573525539,-0.0154085763336317,0.000991833070723799,-0.0469876376894599
272,-0.0225948256293386,-0.0239678428593932,0.0326007426299321,-0.0316811431298079,-0.108215866340916,0.0179374404066018,0.0209727009308912,-0.00902563198604431,-0.0307501078986182,-0.0414450053000136,-0.0600686937277649,0.0184671239357124,0.0204132947777909,0.0128154640792098
273,-0.00206610323904829,-0.0337022650521816,-0.0273933329584707,-0.0800957369419821,-0.0130713746590746,0.00867307241199537,-0.000195885769358924,-0.0309088684974267,0.0185983920410758,-0.0606060334377679,-0.0215479834728089,0.0242740353441461,-0.0220921675702193,-0.0197181646047389
274,0.0144061618940077,-0.0559025388437405,-0.0216839674865071,0.020730798505088,-0.0605557708947605,0.0383014096625589,0.0525477767871045,-0.0352536798913645,-0.05471619643979,-0.0825323797830206,-0.052070738842996,0.0183507675904368,-0.0543145710573188,-0.0396362905852048
275,-0.0118126661877535,-0.0421898351619374,0.0222092175915255,-0.025209719253866,-0.0129020979372856,0.0304619069041428,0.0472971328202985,-0.0350626514477023,0.0110317347194435,-0.00185658222800371,-0.059000727841566,-0.020738931098183,-0.0424847923670789,-0.00697595952415087
276,-0.0116645778833266,0.00513999184522457,0.00137685528303999,-0.0499575162240725,-0.0809202820554813,-0.0137901949977717,-0.00154889714822387,-0.0520832288124939,-0.00806823355800959,-0.0459634318985194,-0.0612088662238596,-0.000317999601337104,-0.0130291467143343,0.0152091396304623
277,-0.0137681741294201,-0.0702028556843228,-0.0525732394520596,0.00850706714995664,0.000674909959439918,0.0176323286479282,0.0234768863612695,-0.0452047801802548,-0.0103776166027263,-0.0227771629867231,-0.0419924997656089,-0.033330935436394,-0.00331098814559805,0.00120325559132578
278,0.0246501560767441,-0.0195408208166717,-0.019065973356379,0.00995762358333002,-0.0478640908739694,0.0240983153611565,0.047375223019898,-0.0183331329027095,-0.0248884326820675,-0.0708817412319638,-0.0505708379249864,0.0258258826698194,-0.0298677634547182,-0.0204468482349905
279,0.0225524088348549,-0.0302742724321114,-0.000521446788598418,-0.0606335873153128,-0.0823180496494284,0.0384489298185944,0.0323902607097509,-0.0326991398793901,-0.0391831882675647,0.00182944610755938,-0.0356057321470068,-0.023377279327961,0.0117938397625675,-0.00596508210112164
280,-0.0199047423878576,-0.0134916276384334,0.000960745025552795,-0.0135943789340784,-0.0358884918141472,0.0190586315388444,0.00718039829891595,-0.0576395114447876,-0.0275693996496327,-0.0502123160609859,-0.0197102917434546,0.00906688965219982,-0.0353515608572367,-0.0507969751966538
281,-0.0129199154681278,-0.0393937450800782,0.00744106997011469,-0.0762715909418191,-0.0691825154618135,0.0126821855486968,-0.00954736766491406,-0.0420449559654322,0.00373467577417556,-0.0563977550545899,-0.0347771332603643,-0.0199615573711644,-0.0320769551780621,-0.0368463443456418
282,0.0149728838462052,-0.0229111550231772,-0.0337410991252553,-0.0467141600776529,-0.025405208010346,0.0132787092394236,0.0258533512810934,-0.00945791985089928,-0.0341293886923544,-0.0185470288887696,-0.0570305435006201,0.0243865307603831,-0.03137113244575,-0.019563266044925
283,0.0106547578839374,-0.016926874567212,0.0000399369881773914,-0.0204730988500212,-0.0478491652004942,0.0345712494973177,0.039857243434535,-0.00928691284905829,-0.0167963213534043,-0.0694648099804077,-0.043107285972397,0.00979469860907381,-0.0180479737315195,-0.0152945679387033
284,0.00436757308725903,0.00720004075639137,-0.012139111270958,-0.0525252639173022,-0.0899044055117171,0.0117935883546518,0.000921807830513072,-0.0370517650218757,-0.0543843762428517,-0.0136526833210699,0.000560150201441262,-0.0243758144963522,-0.00658903542967662,-0.00987134137927143
285,-0.00225403591985734,-0.046116108575021,-0.00871709599697686,-0.0414492978509064,-0.0844476938084632,-0.00666758588068345,-0.00144970484337248,-0.0423146370296433,-0.0202894554488483,-0.0160826204585149,-0.0670804227005537,-0.0114137164945483,-0.0263019700678558,-0.0304333705517583
286,0.0128658339583034,-0.0765977780302615,0.0152127745454971,-0.0223997128189271,-0.000648066675154435,0.0364553996955197,0.0320174871824499,-0.0205168287670221,-0.0368170931208898,-0.0623588640368777,-0.0335197169562846,-0.0113247330834248,0.0428174001989314,0.0471576400816323
287,-0.0111610897249085,-0.0415188498873228,0.0179281432544467,-0.0284120162005208,-0.0734925771162113,0.00845964185493412,-0.00451057065213448,-0.0322197367408729,-0.0370555484317239,-0.0153083993287923,-0.0612275024155397,-0.00117372039030476,-0.00054625311295084,-0.0246298629325579
288,0.00425664036621633,-0.099962519287449,-0.0700231833029475,-0.030652733060842,-0.0380152053947969,0.0130630167672894,-0.0188041480578372,-0.0125177790537399,-0.0352025920475266,0.00755876769213808,-0.0145487136702132,-0.0125675909400036,-0.0584719188365307,-0.0508518085754178
289,-0.0396500729571688,-0.0143524834214742,0.00526559824250031,-0.024834764679253,-0.065703996850304,-0.00468897770448584,-0.0174281544757778,-0.0208162488453228,-0.00488422173279204,-0.0589854244312578,-0.0145188250048945,-0.00564724517246372,-0.00190511399714484,-0.00555760569305758
290,0.00210568959450992,-0.0239361725840293,-0.010677351984634,-0.0313913915480664,-0.0650115925070527,-0.00846224085986109,-0.00981003639102945,-0.0216829420035872,-0.0377115452308989,-0.0232042029922151,-0.0709448562202319,-0.00316361272128252,-0.032365991192239,-0.0269630392758699
291,0.0183488644574193,-0.0333959769871548,-0.00781071860179278,-0.0675876032499865,-0.0738947936191932,0.0548720172510923,0.0191732104183581,-0.0185021740807163,-0.000456430413944511,-0.0622341814249158,-0.0645478674909389,0.00201404898742684,-0.0192187844487465,-0.0188659489363044
292,-0.000147822104901517,-0.0199587735384045,-0.0608595306760351,-0.0532687933729657,-0.0363957086758414,0.0323755025432742,0.0149519471616811,-0.0538429234052425,-0.023700263423141,-0.0127118111116125,-0.0834498872648389,0.0156822530433575,-0.0408905677743388,-0.0510561100206634
293,-0.0101676107283454,-0.00297858538784185,-0.0169330624439832,-0.0212523487242541,-0.0458051778321364,0.0108604683468937,0.0091916917225896,-0.0531146566591022,-0.0275102461420628,-0.0486301833547751,-0.033577429417497,-0.00165240437616584,-0.0108049671498506,-0.024254367364362
294,0.0138930867792338,-0.0177811374518561,-0.0243018677110674,-0.0718565446158034,-0.0492159149457531,0.0115283798020856,0.0154008910383422,-0.0214095892331637,-0.0183848600287824,-0.0146077006152064,-0.0607491890285091,-0.0300741151674055,-0.0236546200214827,-0.0211192762976989
295,0.0217275021401356,-0.0539428368989233,0.0116095626949926,-0.0387654345548025,-0.0179954947540433,0.0324420868865724,0.00425415151027811,-0.0252038602167976,-0.0779801087597234,-0.0531351456036697,-0.0596543313932792,-0.0288836248765819,-0.0110292878013024,-0.0385456861935662
296,-0.000185330320189858,-0.0226617021000703,0.0182947124571096,-0.0620595874605561,-0.130754137761436,0.0082833045071345,0.00615369942860743,-0.0672910502589282,-0.0353362411131634,-0.0306418604376034,-0.0390676312250568,0.0137724537725072,-0.0115726002459947,-0.00964159211676149
297,0.0116397283031715,-0.0416024702569699,-0.0288269174764282,-0.0114894091632471,-0.0258270325209417,0.0694573340677928,0.0855746438469606,-0.0213064230553661,-0.0335697244001055,0.0134643712320895,-0.0104211491356391,-0.0135413045900397,0.02439822923559,0.028679347918083
298,-0.0284596088621921,-0.0569931097272982,-0.0113087703149119,-0.0765037675884619,-0.108919461909979,-0.036408173349178,-0.0354383441517394,-0.0621558090284215,-0.0484670675030328,-0.0536999471269088,-0.0318408421589022,0.00461394337455788,-0.0750779871993791,-0.0853453636563007
299,-0.0191369041051478,-0.0363768788627694,-0.00868203302360074,-0.0439533214677546,-0.0430190241320489,0.0227890468840544,0.00919858235363084,-0.00563624025173236,-0.0101736944592302,-0.0348148077360491,-0.0731368665446308,0.0150708700893247,0.0411382401905209,0.0156817615626784
300,-0.00641641828333551,-0.0686820649974152,-0.0243235523398073,-0.00632352521616819,0.023137152631694,0.0279159307699028,0.00859123366968571,-0.0260496026383345,-0.0713291396355634,-0.0427941696906397,-0.0394023131658405,-0.00580292534797237,0.00295954458706338,-0.00259920838517474
301,0.032431706039273,-0.00427894119690296,-0.0472910622829419,-0.0225295581197893,-0.00557929014571901,0.0587184550482955,0.0554831613110315,-0.0424506230490147,-0.0127004348654799,-0.00805137591035934,-0.0253473274600829,-0.00261252876491422,-0.0416657780151026,-0.0353503752825602
302,0.0350184642905899,-0.0389429207057988,-0.0124673524639524,-0.0140477493029096,-0.0671697197051411,0.0332321650576389,0.0361963023432211,-0.0463843202444814,-0.0378731994597537,-0.0108937987515625,-0.0502842540179484,-0.0183966874499253,-0.0749310556321339,-0.0715888051988944
303,0.018525803603972,-0.00156374606939318,-0.0411651716300021,-0.0108069191551896,-0.0296759422737227,0.0591551746507698,0.0586338956768253,-0.0435325409637677,-0.0289584098943994,-0.0970570435035231,-0.03014822230114,-0.0228966353248002,-0.0336300687206088,-0.0344341868275142
304,-0.00339528061522167,-0.0135394013899836,-0.0545414813862278,-0.00548702434306758,-0.0805913628930204,0.000552806483939516,0.0387457132504678,-0.00980980216531349,-0.056680559769579,-0.0317206812262141,-0.0849814457430654,-0.010796501410362,-0.00763369356142095,0.0122625037517068
305,-0.0242704460126502,0.00630299354622289,-0.0599039129250624,-0.0116664402467267,-0.0505352127606417,0.00658698618938696,-0.00063711850314653,-0.0578940382391666,-0.0198982165329912,-0.024953232656963,-0.0856396669635742,0.00630031320080891,-0.0636836103871228,-0.0745088696276161
306,0.00279708988399872,-0.00471765100193217,-0.000789543895243688,0.000409644049725932,0.0136796864809917,-0.00233211879098594,0.0153130944583214,-0.0576006885147837,-0.00852203007598497,-0.0665463435976752,-0.0469991495321176,-0.0171001501340706,-0.0187989479248659,-0.00605003799208287
307,-0.0190541656167837,-0.0411135746209466,0.0228949709671419,-0.0467244292607982,-0.0495141848862863,0.0103226173810766,-0.0133909959051846,-0.0470404390767398,-0.0532417232925364,-0.00977564049762307,-0.036434140663757,0.011690465949034,-0.0269085750929456,-0.0158830783034157
308,0.00392224265018636,-0.00306781880046021,0.0245983009638615,-0.08158766155697,0.00755507640201752,-0.0177534616628208,-0.012470103761696,-0.0485258217201036,-0.0431365238284961,-0.0290824954575556,-0.0868236061171308,0.00856467953391181,-0.0157779312442494,-0.0272603542876575
309,0.00179048023453615,-0.0252371252683157,-0.038470237849388,-0.0538394531976946,-0.0762331659090146,0.0185728181592772,0.0186995346803989,-0.0254603294195883,-0.0194992166358966,-0.0546417550875449,-0.0428915920586009,0.0406330114749591,0.00792153347853644,-0.0116817311785251
310,-0.0066409951224914,-0.0512908132778574,0.0481518346260167,-0.00288086243252103,-0.0513260067591642,0.0153375034072897,0.0110192882787562,-0.0396155760139135,-0.00865964666335572,-0.0627233141242719,-0.032494719235598,-0.0429386046981023,-0.0156525584585111,-0.0177663617986522
311,0.0322733609014368,-0.0909810207903398,-0.0055908571101258,-0.0301174559921953,-0.0705277564570714,0.0500762451773827,0.066331730206669,-0.0375881163862945,-0.0234219096636516,-0.0277149151227563,-0.0215097772851569,0.00021291822227068,-0.0316191424764173,-0.0102205651529284
312,-0.0344977162061105,-0.0150179056860252,-0.0485751873364475,0.0153070132731824,-0.0416456339180413,0.00184446183988345,0.00368011530521935,-0.0434523323190592,-0.0123243743978165,-0.0411222987464342,-0.0142313067733289,-0.0218733513443314,-0.0402639294688856,-0.0592057666740728
313,0.00746999169638156,-0.0324466813612545,0.0140429892926001,-0.0237917083293289,-0.076748208660131,0.0168225518461441,0.00344928545206815,-0.0572017071974552,-0.0317474968570342,-0.0721215214359709,-0.0355084020736221,0.0268927986398865,-0.0250561468051658,-0.0256962393960501
314,-0.0051459886229548,0.0102226186469429,-0.0244625024641515,-0.0515325180140224,-0.0604857121628398,0.00975923641753227,0.00970944551232144,-0.0200590842488574,-0.0261595030292862,-0.0539389144697617,-0.0832623291035277,-0.0236790211391973,-0.00771822449798493,-0.011784478264923
315,-0.00520023870112557,-0.0593437635887152,0.00908815966185983,-0.0849445477331176,-0.00751088535154787,0.0549751302490906,0.0469875181856507,-0.0750100578856068,-0.0402526546689049,-0.0550699296377846,-0.0563974365985818,-0.000113909833016956,-0.0412283206353717,-0.0348871948862078
316,0.0137828671970507,-0.0470868681863007,-0.00283069016721627,-0.0760011952211535,-0.0370670748575468,0.0298734012971403,0.0473233314623305,-0.0322016756622169,0.00356486944451076,-0.049764881820244,-0.0378520918414276,-0.0271085075967173,-0.036134710636908,-0.0356327937888061
317,0.00340882571859088,-0.057799614289585,-0.032544708293583,-0.0894949241900513,-0.0735192550012257,0.00166340686128984,0.0269751328458074,-0.0377346839804784,-0.0467573766649564,-0.035935883750641,-0.0228452964064365,0.0204023164931178,-0.0809077879519957,-0.0797783962784064
318,-0.0143719181190735,-0.0373726387768309,-0.0359189482141438,-0.0458882610517032,-0.0688728695680462,-0.00738335904732413,-0.0169603705999057,-0.0516423744417347,-0.0481791084092252,-0.0455061941049354,-0.0695751707648931,-0.00754178903257863,-0.0209284018913717,-0.0088796885639497
319,0.00306855886974342,-0.0287122440993528,-0.0000543870122822754,0.00590150069762008,-0.0188065094006108,0.0459946586710012,0.0718281510983123,-0.0139508080521753,-0.0262463855301137,-0.0394892530030221,-0.0751330680404875,-0.00635585314523995,-0.03070640121756,0.000785606050226109
320,0.000601469738440816,-0.0378724891898831,0.00620263720365874,-0.0453499798267253,-0.0788945758893935,0.0127992655254703,0.0118667071522519,-0.0644441863614048,-0.0279054905255718,-0.0500570803632126,-0.0209652122665863,-0.0169686451913898,-0.0706015323099427,-0.067804039919302
321,0.00342036422332315,-0.00563553739271989,-0.00992240267495034,-0.0433590636256329,-0.0537621900553245,0.0230096069775798,0.0254792694963626,-0.0334861702281925,-0.0611800431904873,-0.0563562394024006,-0.0169677150386651,-0.018398745190749,0.00329670383771776,0.0128296335584958
322,0.00480419548551415,-0.0816093303800431,0.0343405926798494,-0.0479082677831585,-0.02344655181677,0.0238862934957109,0.000662509511152258,-0.000241413930236675,-0.0749684486672961,-0.0522010531903959,-0.0690424203124722,0.00539602126839538,0.022546021384213,0.064510813360096
323,0.0156745628384389,-0.0897737192046992,0.0483056609592144,-0.105372720686528,-0.0580260493369912,0.0138799166077963,0.00444056774534636,-0.0373994062085005,-0.019184371775007,-0.0707371950113225,-0.0329852697071971,-0.0412278909863739,-0.0107493704393027,-0.027576645254817
324,-0.0204602694640209,0.00757676584011105,0.0211326799635039,-0.0236150295984804,-0.0470710382628044,0.0331275080853013,0.0233702303794937,-0.0855886099991774,-0.0554909645342982,-0.0101904458991053,-0.0522845671006945,0.0312286217340101,-0.0523243224865429,-0.0178771108395673
325,0.0135089377583784,-0.0501494087779005,-0.0402316652489403,-0.0138296861121674,-0.0207640069334629,0.0446923403836179,0.0442395774736988,-0.0593214543076113,-0.0198472541491275,-0.0330177126605818,-0.048598002086754,0.0165864884865792,-0.0400134052542037,-0.0406034082774615
326,0.0236430923678045,0.000396475960304205,-0.0562169751880387,-0.0629325321631129,-0.0592800036387596,0.0553818103640417,0.0521028469090157,-0.0358894099679544,-0.0362544059282222,0.00210493534574527,-0.067832460225169,-0.00110361540314047,-0.0387965064648925,-0.00215398202647463
327,-0.0163402150134941,-0.0326809861382085,-0.00256677562689908,-0.0261023141217247,-0.0625722293446375,0.0338605449325912,0.0352851296572371,-0.0724901413115795,-0.0279744541215846,-0.0525085787173868,-0.0641849232524703,-0.00560324090299179,-0.0496062939103083,-0.0396564215465202
328,-0.0294426176912096,-0.0271857382574886,0.00244641557079911,-0.0722810220812305,-0.0117023739473139,0.00233016895641374,-0.00351219929955005,-0.00599202564064198,-0.0466465004165909,-0.00000325210525371766,-0.0456064137159153,0.0101741772435486,-0.00430344682171829,-0.00902931754959231
329,-0.00974769436754056,0.00363879468653795,-0.0684954350537506,-0.00215180710911905,-0.0606578551572132,-0.000309655409615348,0.035168145762905,-0.0794542486223396,-0.0192655295469392,-0.0688030829354281,-0.0373554836619476,-0.0177849800037456,-0.0324072174280452,0.0259748983803156
330,-0.00261522086436027,-0.0723308136697008,0.0141897939457183,-0.0450931171343496,-0.00401405868435023,0.0323674544749152,0.029185638993847,-0.0332020528288193,0.0020115156164669,-0.0192161836097073,-0.0153333102828634,-0.00222069441858762,0.00182616864125967,0.00222196717423327
331,0.00158079714533352,-0.0370243196165771,-0.0152135172827211,-0.0834743064134705,-0.0549128137946141,0.0233455800270038,0.0316197135982927,-0.0557802504049793,-0.0143017000541684,-0.043313086078574,-0.0114838454018596,0.0258381590490109,-0.0756953617878356,-0.0398573742310024
332,-0.028518196227662,-0.023407894292212,-0.0128436723112596,-0.0505189484776484,0.00520813365467654,0.00545491302959436,-0.00257083157972925,-0.000269273802747452,-0.00309710873763332,-0.0361303387478099,-0.0485135859438564,-0.0164502849936801,0.000372356391695305,0.0199875233347156
333,-0.0248478834340839,-0.0746102173851804,0.0206811443052773,-0.0480166303447883,-0.0495420851638202,-0.00812543105214977,-0.0125019094625862,-0.0158760545757964,-0.0140527945110299,-0.0301302325220209,-0.0584448896031612,-0.0156053877967358,-0.0319266721916569,-0.02896109488894
334,-0.0205541373461011,-0.0114113212094933,-0.0660038718889169,-0.0125909415608927,-0.0657755060772554,0.0104407124715878,0.0193600000258539,-0.0379155681124695,-0.00964742847963251,-0.0393314124760349,-0.064221866352297,0.00789632688350571,-0.0263376333538289,-0.0312497077224258
335,0.0103618069876044,-0.0255734320256086,-0.0149435432341617,-0.0329507845565395,-0.103948307812825,0.0488514950146223,0.0684046891071641,-0.040386397720011,-0.0239715216658841,-0.00710856486569016,-0.0808577606113335,0.0031111636023131,-0.0345668709239331,-0.0572437032031356
336,-0.0155042934485816,-0.0255530102835629,-0.0483886682947134,-0.062987759067351,-0.0609724342364384,-0.00787793563973232,-0.0130146862919528,-0.0351199697245854,-0.0207605419193346,-0.00999172229983493,-0.0264199245536213,-0.0165857706272618,-0.0088341319325016,-0.0114777552408056
337,-0.015713113431878,-0.103008084652876,0.0130031282310937,-0.0286916134446741,-0.0905124458062548,-0.00737826169555399,-0.0055415973672848,-0.0497617573796506,-0.0485793219205594,-0.0196556211950897,-0.0695369977887285,0.0191753340711858,-0.0275249991590228,-0.0284142858848482
338,-0.0131904470114733,-0.0250590369632303,-0.0198564625681198,-0.00521624331435036,-0.051015597476202,-0.00106930365518402,0.0142961444026734,-0.0453655077180526,0.0059485693932247,-0.0444507909105415,-0.0217124399935712,-0.0212927748796562,-0.0104515282426782,0.00130067437372611
339,0.0214859034723308,-0.028879995334112,-0.0458938002230337,0.0369858587331058,0.0108013510320548,0.0188281309498501,0.0200315485101384,-0.06949837288702,-0.0563274969939596,0.0000558548810180165,-0.0542485639813032,-0.0431263205328589,-0.0757084496450026,-0.0182880717190849
340,-0.0322571946692481,-0.0337126422662809,-0.0158368686063265,-0.0195686786967244,-0.0926328009043431,-0.000264992448825156,0.00925688505319394,-0.0255893708938942,-0.0311737495243844,-0.0472165042970394,-0.075513659590259,-0.000431038823526464,-0.0199102083679186,-0.00393032695981306
341,-0.0126619548774297,-0.0223352543331597,-0.016308180686658,0.00859491977505206,-0.0791201390843154,0.0181833930232339,0.0153846345858729,-0.034853457490082,0.0118606203138883,-0.0581776506780242,-0.0703601019487944,-0.0175415869143565,-0.0289455772526826,-0.0259852464675778
342,0.0185567372989465,-0.0704614052370526,-0.0393052242673565,-0.0397462721422511,-0.0867699424784332,0.0563877685336621,0.0559306967149203,-0.0378036177644625,-0.0401928459320238,0.000703097166843261,-0.0789985634313782,0.0332132105385163,-0.0261326135072173,-0.0285788058047568
343,-0.00619508098319169,-0.0288988427944796,0.00240739289524758,-0.0131481520523211,-0.108012879702653,0.0352377158978087,0.0138481513509775,-0.0347346253552586,-0.0379359307243579,-0.0321014322038845,-0.0446177088205032,0.0162800943001314,0.00137675369629549,0.00134700686735838
344,0.0392694465619183,-0.0133231687558415,-0.0275936557018471,-0.0632462993039143,-0.0855483805031716,0.0844686833169908,0.0787868641170379,-0.0107657471799809,-0.0373705607200642,-0.0636185972350123,-0.095658475222637,-0.00972839607364538,-0.00560489515051697,-0.00510282660450607
345,-0.00177340466675313,-0.0201797048970401,-0.0229840594477701,-0.0497868750374014,-0.0524617641468598,0.0195472420874368,0.0199435765601404,-0.0500843713978665,0.00187966230751044,-0.0305533248975273,-0.050104447784635,0.016826239277708,-0.0230269059785466,-0.0256836089676543
346,0.000506114554438289,-0.0510318463812038,-0.00126592188549263,-0.00767495961352274,-0.0631905033224863,0.0198673063880079,0.0157844859586568,-0.0707373261988227,0.0155136994074359,-0.0421145489440474,-0.0529550784870508,0.00397741340744059,-0.0649717056844799,-0.0530842725455467
347,0.00355776089792859,-0.0804271371419455,-0.0369358825282746,-0.0304583461188089,-0.0938334199731662,0.0234767057266263,0.0171738688316763,-0.0487106452933661,-0.00755249977229937,-0.0587559643658459,-0.0494454924888517,0.0127708297898341,-0.00921101180250604,-0.0494934274214022
348,-0.0231658816771197,0.0357841910252401,-0.0207179099976009,-0.0119375940908431,-0.0508719710176402,-0.00834846978665998,-0.00309907095365648,-0.0691566911609882,-0.068719950350424,-0.0275301710029516,-0.00747622975421317,0.0311887471751142,-0.0238023629847161,-0.0356909741698049
349,-0.0255581875483373,-0.00884198942296593,-0.0214450807903195,-0.0108779088885757,0.0250131405615726,0.0112568293126377,0.0274171751923254,-0.0378143908761793,-0.0380104948917575,-0.0189252607028649,-0.0596502121144231,-0.0649266230964955,-0.0076438044797723,0.0139976995018209
350,0.00162550006614935,0.00481469689262135,0.0122584507997892,-0.0359989088399196,-0.100647886630791,0.0418737571642373,0.0480170148402964,-0.00542101137190239,-0.0318213437457227,-0.0450589764865639,-0.0362003242539279,0.0309569277494814,0.0411214255902302,0.0389153157569273
351,0.00272238638221785,-0.0467881690582867,0.0128099002777622,-0.0132957395248936,-0.073971291384355,0.0234054356037692,0.0325131241699022,-0.0377828680033248,-0.00631810629905735,-0.0981052682050502,-0.0109525606393434,0.00144482902303009,-0.0119520022446085,-0.0135579605703467
352,-0.0130905646951324,-0.00181686668169961,-0.0515055055645761,-0.00632816576333192,-0.0321705817872678,0.0255147220186357,0.0848089081144744,-0.0622924826967381,-0.0231420663300679,-0.0330489682516959,-0.0894115440096885,0.016064757454962,-0.0789848998558877,-0.0331864586317296
353,-0.00983072219936428,-0.0470921968960572,-0.0266424876354791,-0.053077347752061,-0.00656521988920766,-0.0145296397620709,-0.00640468690915268,-0.00138007020883429,-0.0494185121389321,0.00614292669112342,-0.0661297079481306,-0.0126988199123932,-0.00164950501770388,0.0049256207825128
354,-0.0389950797048339,0.00734731539379566,-0.0387306885428831,-0.00969763078752781,-0.0463896395543184,-0.0227588710264137,-0.0286901452934496,-0.0190702911419049,0.0054917059713505,-0.021374831804234,-0.0504844338287641,-0.0265701934941103,-0.0253430280429123,-0.0183858146901014
355,-0.0112060597397649,-0.0410777507407081,-0.0145297300148646,-0.0632242698853133,-0.0624969341878483,0.00939458977216057,0.0286273240071258,-0.0574824749448855,-0.00769626670542455,-0.0359879047200591,-0.00661469651339722,-0.0355958157765512,-0.0343310503442325,0.000361821899740381
356,-0.0165752429658203,-0.0455853298400422,-0.0312912371823626,-0.0656957581416374,-0.0427645866726549,0.0233821272636158,0.0233895164567223,-0.041709533912835,-0.0044725694572632,-0.068021197363905,-0.0555211420447248,0.00226888587649288,-0.033036416531597,-0.033203434722782
357,0.00745344330404094,-0.0290015796542225,0.0264149497367789,-0.00743342772382111,-0.0674229583044886,0.0362901015634992,0.0363154310030974,-0.00746973158993189,-0.0374156316055346,-0.0638883161984698,-0.100704279615118,0.000948464988633699,0.00470879166332959,0.00501237462077865
358,0.00172357819686444,-0.0510302361494052,-0.0135475548140622,0.0149135381503185,-0.0349953162861145,0.0569120474130914,0.0889410768085706,-0.0157719948109882,-0.00403652132332186,-0.0658844627284095,-0.0203088659316746,0.00285795850606066,-0.0213513733443679,0.00488405763909008
359,0.0328616350500672,0.00284079593968399,-0.00777933190343806,-0.0225291754075859,-0.0516346507408199,0.0718606581221308,0.0716223551392677,-0.0411516142592117,-0.0475079115900897,-0.0642195066963804,-0.0406613806390459,0.0195596162610965,-0.0339999932192971,-0.0316759781292314
360,0.00441122909590248,-0.0753448387553445,0.00661571577983536,0.0303867579160683,-0.121178824758699,0.0215633454369976,0.00197253186413959,-0.0601026126610961,-0.0507284865466416,-0.0619015354617323,-0.0712633174559723,0.019368266293252,-0.071552687695493,-0.0693509332121415
361,-0.00459105686626899,-0.00310356962594435,-0.0388715794193964,-0.00964454900929373,-0.0281495216440495,0.0060224868418489,0.0105106920954481,-0.0729023732359266,-0.035127442838315,-0.0387834588427452,-0.0467882599627282,-0.00560878067546226,-0.0546170481791545,-0.0780356405956733
362,0.00572789714171716,-0.034370542871299,-0.0104232264476924,-0.0639224774395798,-0.0327685739411609,0.0409260546189933,0.012002151156451,-0.0678360591618647,-0.0162117487312604,-0.0767933501878659,0.0190990322031408,-0.0323013042304637,-0.0214627663376845,-0.0328884160323299
363,0.0373803986536589,-0.00835799415599756,-0.00835291949852943,-0.0761021927114038,-0.0833434377399676,0.0503262611435823,0.0426041154570831,-0.0301928486934556,-0.0306049084454193,-0.0255021177203727,-0.0777004904867716,-0.00371805637102239,-0.0307056254560742,-0.00188177154285036
364,-0.0000644988995878726,-0.00120744473509082,0.00346869959388105,-0.0857159270167041,-0.0864850821262171,0.0227405948594898,0.012899708695508,-0.0327385050584467,-0.0352457293854876,-0.0273714816678114,-0.0684557388953415,-0.0046638843560263,0.00367754593641242,0.0250011146651767
365,0.0103516077778889,-0.0195780330728451,-0.0107094508582121,-0.0439981520553271,-0.0561167641022343,0.0388870169535254,0.0421050652796607,-0.0360267919069096,-0.0297960921518305,-0.0351452085295581,-0.0121574447654798,0.0130766496381285,-0.0606162827770461,-0.0360688956057408
366,-0.0116137644304786,-0.0195151100571757,-0.0384918227978749,-0.036979139559144,-0.0367191084354887,0.0325595963980545,0.00907034645358106,-0.0321419228021467,-0.0409582057370461,-0.0501526595655105,-0.0497477894065883,0.00286258210335007,-0.0237939298541274,-0.0447610993065508
367,0.0229688343046369,-0.0437025247239282,0.00314380961169464,-0.028521997089841,0.0171411008870689,0.00871160392961728,0.0193500343077993,-0.0403746721070018,-0.0328619011061118,-0.0504294274529054,-0.0743790778306759,-0.00363540605250219,-0.0383792712338531,-0.0584686219070968
368,0.00624827167739472,-0.0808342281605803,-0.00550234999981525,-0.00559595773597577,-0.0707355229316801,0.0281760898496794,0.0302135217103188,-0.014000885353161,-0.0628337011000724,-0.0201512076685343,-0.074643847353104,-0.0368179566754105,-0.0313180070740959,-0.0276991138258387
369,-0.00519741086243088,-0.0414660389911497,0.0474791787258125,-0.0331175842861219,-0.0499105688996574,0.00631004390421182,0.00412561576178005,-0.0403060657244464,-0.0706110443420455,-0.0906559289702174,-0.0372288478982385,-0.0139016861794517,-0.0374985179555943,-0.0300788596743365
370,0.0120141490972124,-0.0295623734283228,0.0173352302383802,-0.0288807851670231,-0.106359372912306,-0.00273329795459222,-0.00640079252973051,-0.0650986688372688,-0.0105968409003627,-0.0500890789717386,-0.0546352667971819,0.00339463318488048,-0.0527864123589509,-0.0581383428065747
371,0.016872013377734,0.0184946121452181,-0.00910650259410997,-0.0128864220992858,-0.0321346273464364,0.0545986726678288,0.0628491930461776,-0.0437437048643283,-0.027960419989594,-0.0628848399203098,-0.0793011991177597,-0.00122013451136642,-0.00709047076135134,-0.00538507188424466
372,-0.00997854320551817,-0.0299480981449336,0.0202693836020413,-0.0403176873881164,-0.0201380027589563,-0.0137109493395662,-0.00985946935931785,-0.0287937338498022,-0.0700828140995597,-0.0411914147841451,-0.064826560112759,0.0223376124901676,0.00346030437039892,-0.0315395716795792
373,0.0186876110973983,-0.043333769853458,-0.0267536285227647,-0.0680375425100294,-0.122256068773696,0.0314997262275444,0.0217004629971493,-0.00696745472694157,-0.00518009478382737,-0.0724694812083055,-0.0320377065632931,0.024625655564756,-0.0102336741277892,0.0140651350262938
374,-0.0241094705163233,-0.0071162058938118,-0.0440300090227912,-0.041943266489307,-0.0501414140246177,0.00960164836933208,-0.0253498363060799,-0.0382058293908194,-0.00842676977651059,-0.0488555792774085,-0.0415353846553514,-0.0380866647529016,-0.0575599358140499,-0.0335640940201307
375,-0.00129541725239311,0.0182505437517328,-0.0242358133188129,0.00897234444888403,0.000885098835723408,0.0348864535945886,0.0512420511576253,-0.0391698311191125,-0.0205050393487161,-0.0413368775856621,-0.035783325117714,0.0207967188175447,-0.000562835467314587,0.00933645280609482
376,0.00453703362906619,0.0352970075623193,0.00397004136465973,-0.0712660964531889,-0.0424551653374508,0.0203405761156324,0.0214450018772324,-0.0664382975230477,-0.0170474720597353,-0.0324773902370396,-0.0455339261800247,-0.0045896001235287,-0.05653248120183,-0.0521601398110629
377,-0.0285125191985225,0.0100727168117321,-0.0217823329319724,-0.1153163398644,-0.0724427479224429,0.00441283120456049,-0.0123201338158093,-0.0497112977540557,-0.0834828985443028,-0.029074706204385,-0.0221900840465447,-0.00715795515386568,-0.0642733464926722,-0.0751564318344333
378,-0.0325626134024785,0.00228393729782045,-0.00796649468971516,-0.0710950093672196,-0.0476028308386882,0.0132898846520537,0.0129957057979034,-0.055768548545662,-0.0105321918832429,-0.0148202432311757,-0.131377015954886,-0.0235684484560179,-0.0403160011784084,-0.0407424212808007
379,-0.00701535584105486,-0.020256004296469,0.00644934881739509,-0.0489975206557954,-0.100585194721542,0.0170347865214633,0.0151541025864509,-0.0526327071824759,0.004298425448344,-0.0300065667096222,-0.0829106119437935,0.00979534862682248,-0.0789759498745126,-0.0655095382891936
380,0.00365831432215157,-0.0416356149823267,-0.0773367735012979,-0.038003577232983,0.00562372303894937,0.0131114566894251,0.00653387260861642,-0.0575757196525085,-0.0191965877576633,-0.0178372664102232,-0.0461429982421845,-0.0203250479437506,-0.0294162103132963,-0.0216502713930071
381,0.0094730016152907,-0.0559669313529574,0.0206265320803771,-0.0427908316649106,-0.0174076654899811,0.0126059066784005,0.0153079005886811,-0.0232082699468405,-0.0154631564269219,-0.0368364905546157,-0.0528000854807306,-0.033985471239602,-0.00506763550995641,-0.00544189025991483
382,-0.0168137915206388,-0.0364102267906547,-0.058663765587786,-0.0189623320209015,-0.0226470384470882,-0.0352843053111731,-0.0354637386829439,-0.00839454285340216,-0.0136664181115328,-0.0183817129963159,-0.0809331110127764,-0.00798328046983456,0.00729541498091288,0.0151811679782751
383,0.0439158484893206,-0.0241618231751828,-0.0109035070258454,-0.0801350964192739,-0.0302291720507162,0.0777717403344306,0.0825310317522669,-0.0741276839506053,-0.0590957140219956,-0.00345208331741445,-0.0268391344472146,-0.0192369462195197,-0.0207466737446796,-0.0186680756676566
384,-0.00755558179385857,-0.0647013344877168,-0.0293242898108676,-0.01715864762867,-0.112637428046152,0.010542191627469,0.00687998997653249,-0.0426698257884416,0.00811397454997018,-0.0482698895530518,-0.0474072139232053,0.0154016439712213,-0.0457424957612493,-0.000712991036852711
385,0.000580142024799099,-0.0618227331035581,-0.0426071462590339,-0.00653088295193671,-0.0519251929899276,0.0103701921409786,0.0113153057344188,-0.0405354714232678,-0.0189922924573973,-0.0540736055903364,-0.0159982254868711,-0.00972248183391933,-0.0573538372971334,-0.0564277416043313
386,-0.000736938024316382,-0.0270039220135149,0.00676911133421446,-0.012847850385362,-0.0850797112055869,0.0197807271321976,0.0180094030903869,-0.0220675845412364,-0.0144515133649854,-0.0710852454989822,-0.0330192592843577,0.00600094766387747,-0.032840400545039,-0.0144150900198469
387,-0.0124000222751774,-0.00977358940030011,-0.0295222099038822,0.00342190520043859,-0.0454701807001985,-0.00694005125651794,-0.0190802099603968,-0.0181843345273693,-0.029163563601495,-0.0270552721832121,-0.0370719481206945,-0.0543401305829544,0.00892559385237995,0.017143146846421
388,-0.00283918797310211,0.00661568948799758,-0.0281160665419778,-0.0249950797068033,-0.00303084104447643,-0.00798279550573625,-0.00701711916072638,-0.0365726369194576,-0.0440049275995695,-0.0577984023106814,-0.0484512125380576,-0.0243695483486765,-0.0353006806274319,-0.0235971209374378
389,-0.00471159662200253,-0.0400278011291682,-0.0107760575609645,-0.0535821023895555,-0.0873776121808241,0.0243320820284465,0.0235594233250573,-0.0175491970346182,-0.0152485250178167,-0.030512523567345,-0.0401882286774924,-0.0350243491733184,0.00265015602777567,-0.00436676794758062
390,-0.00813642291018539,-0.014077782816732,0.028341346101577,-0.0405276499874771,-0.0450645702404802,0.00688668645685215,0.0119458384618474,-0.0522931870169334,-0.00564676235383633,-0.0998252052428765,-0.0202034344651862,0.0224061993135684,-0.0121531567292241,-0.0230507850340173
391,-0.0102230028679435,0.0325401515947595,-0.0232082683381848,0.00528999413942127,-0.0243335248360816,0.0232430749319982,0.00494498009334197,-0.0239145784244704,-0.0234308440570972,-0.0574009106972531,-0.0424873344765721,0.004394631516802,0.00507802129039349,0.000423827189161306
392,-0.00865009561158085,0.00391706499578752,-0.0052385471608403,-0.0170177571092517,-0.0717302568766965,0.0183997158884956,0.0323982520249964,-0.0522763672575764,-0.0365554654007951,-0.0188570212701322,-0.0537468529654653,-0.016478453560507,-0.0362650130355355,-0.0497473798401188
393,0.0172763782037843,-0.00126577413684392,0.00101655158810404,-0.0592183206918988,-0.108208451060797,0.0583066650102855,0.0585785201612966,-0.0288144811590306,-0.000141551023233183,-0.0913414666642122,-0.0108250477720379,-0.0144795795432506,0.00643356650387096,0.00112171322121946
394,-0.0175440791959268,-0.0397650149983787,-0.0123370604692056,-0.0322768551602445,-0.0400674397353413,0.0446401465573416,0.0543853705143168,-0.00458118677537518,-0.0405829322530489,-0.0200793454831141,-0.0708172747806149,0.00357854103559382,0.0357716170255946,0.0367942875101002
395,0.0102251188919607,-0.0271210550514502,0.0114599610691684,-0.0197361569358467,-0.0441751376391019,0.0530876965230393,0.0523780322197597,-0.0376162074742854,-0.0459104118012379,-0.0411825762041369,-0.0545868823820152,0.00159242668205119,-0.0490216555387945,-0.0469920936881462
396,-0.00803429532573252,-0.00717409256513492,-0.0214791401403872,0.0101455307627543,-0.0878309504191718,0.0376213869162043,0.0275817689856599,-0.0491939533680312,-0.0133347931463103,-0.0563558642624249,-0.0513201614104018,0.0212111472058219,-0.0384779554322293,-0.0504935879013291
397,-0.00356687877582655,0.0108673948097432,-0.00506652797830243,-0.046101157229151,-0.016789925305333,0.0376336694964019,0.0318064969788705,-0.0559866312612312,0.0442514478045455,-0.070824004615697,-0.0559351080654062,-0.00684409928490515,-0.0357341854442463,-0.0275541106456597
398,-0.00169107676154564,-0.023447084728708,-0.0149326231757186,0.0183444603605923,-0.0605869922800634,0.0249927487014949,0.0134826781756149,-0.0198242114509221,-0.0367799027382834,-0.0338497538617418,-0.0384148886688898,0.00387775360455322,0.0143906800786381,0.0141350962765826
399,-0.0318382360457247,-0.0263409200681071,-0.0131062100423247,-0.0298822179449331,0.00957206923076714,0.000273012380310272,-0.0199038404505305,0.00417470836960294,-0.0131601431647428,-0.0527020993750848,-0.0257381474892485,-0.0270896935167939,0.00985824124292023,0.0144046072596175
400,-0.0146541212709784,0.00152339956504849,0.0108540692924678,-0.0735369828960406,-0.0570170076111029,0.0133265739835755,0.00974684039259652,-0.022504120927491,-0.0291189226906788,-0.0541877790886693,0.00878780769020601,0.00771003835573283,0.00943128561100876,0.00882065152072952
401,0.00363585832193845,-0.0334637529205569,0.0200018805573317,-0.0353371306617927,-0.0746396584085388,0.0120235492032747,0.0546492245452123,-0.0185364984059988,-0.043484316142349,-0.0670242500665272,-0.0515389018478815,-0.0736395914934032,0.00306940682078721,-0.0177633588261865
402,-0.0169106551882503,-0.0344853901129864,-0.00434404712820141,-0.0772514187322773,-0.0604221126941721,0.0028972136577373,0.0170635786497519,0.00781330664140213,-0.0368871753005164,-0.0389600238898871,-0.0497446453719137,0.030092006351318,0.0392243693594226,0.0435902100386251
403,0.0115090874126084,-0.0419084003065337,-0.0558803956921271,-0.0557778741082863,-0.0496707839585003,0.0501094517529633,0.051469016311048,-0.0325213059706165,-0.04443874738425,-0.0467200584800091,-0.0811694941265227,-0.0218755727575623,0.0148954545747553,-0.011246867981729
404,0.00433285332751538,-0.030113038195002,-0.0132861366722251,-0.0339706247211685,-0.0285195664105783,-0.00109620043163759,-0.0226341715585989,-0.0192624209845898,-0.0578380499723738,0.00603062018087418,-0.0711967276374314,-0.0302924989801136,0.000422849883033136,-0.0627024454436056
405,0.0268612303079043,-0.00889802621841707,-0.00363092926050512,-0.0597393262839993,-0.018944655265748,0.0350586478437754,0.0477565516494332,-0.0450068706426476,-0.0293104267872552,-0.0391707911577615,-0.0480971550405137,0.00869862150682466,0.0315428038587117,0.0281175400063109
406,-0.0293722552993505,-0.0286258868740674,0.0152203206963247,-0.0234538662125189,-0.0446694578198569,-0.0150089276494345,0.00245839106051693,-0.0308730234407304,-0.0089421584460605,-0.0631870648994425,-0.0464685162996419,0.000103506763329278,0.0104620320662085,-0.00186195800914148
407,0.00921487577511355,-0.0690543722759124,0.0125625845414668,-0.0212977847321503,-0.0949260213899218,0.0152321434377447,0.0234310564738011,-0.0425404455218557,-0.0214288202867877,-0.0220800562068791,-0.0582748795893831,-0.00154110334816741,-0.000795309481107162,-0.0119828298002166
408,-0.028188909197907,-0.0709893621383917,0.0470120563249597,0.0214760386504046,-0.0855694263142245,-0.0196039682436935,-0.0333021507848346,-0.0528951232431392,-0.021083852459389,-0.0708300163371128,-0.0656565599564646,0.0105472748291641,-0.0395288224255879,-0.0565880404634206
409,0.0171442963209459,-0.0534554467553354,-0.0122776835460158,-0.0416866422748746,0.00181779230383983,0.0334478271418383,0.0338209060420525,-0.0621635069636486,-0.0301311009345839,-0.0156372830462125,-0.0341646197530948,0.00365258093284315,-0.0649712621798828,-0.0639779165127613
410,-0.0000957528691509363,-0.0325771515639875,-0.0513928757118814,-0.0107832513690749,-0.109012052947039,0.0405338677525035,0.0409362644445038,-0.0426359495495289,-0.0346133150256756,-0.0381715275035643,-0.0562055748488405,-0.00641862383401291,-0.0118634105110807,0.000821311843693828
411,-0.0221601745062257,-0.0178556384780188,0.029833592627464,-0.0604073029104462,-0.0543953623440362,-0.0276449519255037,-0.0315150882866468,-0.0413287495664345,0.00384446525336811,-0.0329217582137346,-0.0353646371656839,0.0215696388049071,-0.0508289748187315,-0.0379873596272281
412,0.00463930752568163,-0.0837798902687264,-0.0184187200472197,-0.0545744034799383,-0.0322808392363743,0.0281652948755825,0.0225719588918806,-0.0795301175798348,0.00191632972514315,-0.0208444439756972,-0.0741369945101416,-0.0183650185277906,-0.0295435565883973,-0.0168740231147859
413,0.0223993276875194,-0.0680229525512907,-0.0395482329275275,-0.0156225003506867,-0.0718652451108054,0.0101341643257769,0.0313378340494479,-0.0438604931518454,-0.012964573010052,-0.0759571298224822,-0.0747884831011195,0.0307604514558208,0.00284222934146654,-0.0220778391312381
414,0.0080035614476906,-0.0520094049622745,0.0144311586721282,-0.0379695114976653,-0.0383334300083739,0.00670730860199517,0.00919775678837757,-0.0361623646965588,-0.0273045376911928,-0.0490732480542583,-0.0404601994891889,-0.00356102621389141,-0.0236263160194178,-0.0198390442774682
415,0.00271142543723168,-0.0475527180315135,-0.00307195080105888,-0.0275413275148966,-0.102751789217687,0.0131263553640896,0.00713696935725579,-0.0339445968797434,-0.0607736140904337,-0.0202683896496298,-0.0292919078835029,-0.0103427140787264,-0.077557758295049,-0.0708236203860036
416,0.00228266268062838,-0.034736066798119,-0.0059101819510026,-0.0645951176839679,-0.0679505021958747,0.0382743364393474,0.0537625577473362,-0.00745638877743988,-0.0107413622948856,-0.060389064201535,-0.0414243654583224,-0.00173071797286384,-0.00352537620066254,-0.0189725744138298
417,-0.0102133609754459,-0.0218645744452754,-0.00707695802002992,-0.0412418900935715,-0.0293232285268053,0.0138846473886972,0.0160410598038662,-0.0381510671243368,-0.0255951663334515,-0.0414570287385914,-0.0498295942760083,-0.020546450791084,-0.00292009514912452,0.002209320355788
418,0.000308883723487599,-0.0231558043768248,-0.0297370887281188,-0.0570022937308989,-0.110004472618592,0.0383070711322551,0.0225292583547392,-0.0434626050502967,-0.023699961666763,-0.0190246151680274,-0.0339111033570382,0.00748826329909864,-0.0100652721400583,-0.0104749002619434
419,-0.0163341959822959,-0.0383157540036792,0.0127265909449843,-0.100508225097596,-0.0359910560305178,0.00518661017091736,0.00345453683462747,-0.0450616750479997,-0.0302234833785438,0.00655282334986108,-0.0488882189045221,0.0190460791307584,-0.0447219351738013,-0.0306033167247508
420,-0.0100690581891817,-0.00139928985982608,0.013289700886888,-0.00637102775554965,-0.0459984331703215,0.0158914158327846,0.0103547777364136,-0.0495065613963493,-0.0501354600561968,-0.0380670505556351,-0.0772373270870212,0.0281828433199399,-0.0457309190449658,-0.0697669638835749
421,-0.0114394964829573,-0.0364411723022292,-0.0168532266627405,-0.0327361764382648,-0.0983477883521004,0.0131085969065935,0.0168678308925433,-0.0338155090976894,-0.00694412768535142,-0.0236411068307733,-0.0518498309514058,-0.00734654093923799,-0.0176203192422353,-0.0103196987715867
422,-0.024568301856213,-0.00739263108952537,0.0132812348631006,-0.0206059610011913,-0.0477578821775458,-0.0082801353516903,-0.0176208444754577,-0.025553212388836,-0.000434092761628924,-0.026469767047279,-0.0352494754667651,-0.0208938100881434,-0.0200180479510888,0.0127381152512642
423,0.00623732806255071,-0.0253285330439423,-0.0157386568915145,-0.00522152629608741,-0.0280809281884208,0.0705132021963235,0.0802268494149517,-0.0317263633407313,-0.0514609365554306,-0.0240107199652851,-0.0668935914495945,0.00252786273147276,-0.0603981202765986,-0.0316919341400997
424,0.000229179551862399,-0.0142499902161036,-0.0292049623267598,-0.0280334466758307,-0.0235727681838388,0.00582506178277222,0.000580549566235239,-0.0227764212369476,-0.0544703078007474,-0.0273790818756914,-0.0203787123846894,0.00238549559444264,0.0165676872189672,-0.00646586245874349
425,0.0213459828733786,-0.0250481134040685,-0.0260883322849978,0.00363571878821325,-0.0388664831829614,0.0735062452437039,0.0863619256418001,-0.036916457716035,-0.0464613668960204,-0.0633334867216145,-0.071682351641678,-0.009781705183308,-0.0192173343043365,-0.00150220507052379
426,0.0086468960213484,-0.011932820671456,-0.0120206933333402,-0.03241110288415,-0.105016331100274,0.0399159430140132,0.0787458689688837,-0.0243214719088898,-0.0400704347386368,-0.0606843400883388,-0.0308971305643103,0.00721195098026797,-0.0551856029730061,-0.0655173696621323
427,0.0072973170867952,-0.0302782744095421,0.0304413117846778,-0.0554141113145028,-0.0770085309835705,0.0374505949011409,0.0400441225953645,-0.0295304449839972,-0.0661890300181598,-0.0561594873460997,-0.0376018104484884,-0.0311124732684722,-0.0580447483525737,-0.0527144348942056
428,-0.0227200888000839,-0.0120937932230105,0.0251897223804673,-0.0549571941430171,-0.0698352835296638,0.0141885830676877,0.0307297139688535,-0.0342902236224077,-0.0217470486791645,-0.0530289887929597,-0.0572143340590592,0.00282333168599214,-0.0508358033149464,-0.0277201547827086
429,-0.000702870212148231,-0.0156805279582087,0.00681099498479287,0.00469949220239349,-0.0812731038036926,-0.0204575135075082,-0.0389320979716013,-0.040952562153976,-0.00530352285302244,-0.047731826096057,-0.0345183052393158,-0.0265503672022902,-0.0264641232322974,-0.00792598315070635
430,-0.0033964238196111,-0.0189850115690388,-0.0634977061024099,-0.0182588033782997,-0.0196989689709435,0.0135071377903089,0.0201378197922443,-0.0132369082510697,-0.0235389439308655,-0.0580194877051017,-0.0563216195245949,0.00314772840280307,-0.00520796276092743,-0.00266502596132273
431,-0.0031958972417256,-0.00931479715584428,-0.0515434909690334,-0.0487360613448294,-0.0445979182727758,-0.000188831022533073,0.0112989738364654,-0.0233275373372498,-0.0375256197769696,-0.0130161097224366,-0.0953671241503708,-0.0265778326987155,-0.0186626463752032,-0.0163717460162174
432,-0.00717091057849716,0.00386074905450165,0.00997008162293833,-0.0234103124442802,0.0321370199204063,-0.0154100020780411,-0.018167077519382,-0.0536681851385999,-0.00699718484258467,-0.0522146958831467,-0.0687410319769828,-0.0206610245929952,-0.0431935204922576,-0.0530098053392987
433,-0.0355852175363837,-0.0325557071556151,-0.00340586299029105,-0.0226578150323654,-0.0611872993672094,-0.0179219267649409,-0.00119699432256419,-0.0511132603724957,-0.019462849587441,-0.0540997386711239,-0.0582981231101075,0.00977782966714728,-0.0472689737276803,-0.00942684690871379
434,-0.00755656573727316,-0.0556224806325312,-0.00136851409798711,-0.0303797718121945,-0.0168706945571896,0.0276281940576026,0.00694232084901725,-0.0470512747779548,-0.0257406843518548,-0.0530062960563422,-0.0206723832030774,-0.000764151765346624,-0.0432023520488245,-0.00651815088640943
435,0.0142488214076389,-0.0252324909234055,-0.024310663797842,-0.0539130179628033,-0.0500310284126739,0.0318292025217472,0.0260174997431579,-0.0317276274003918,-0.0366291089078197,-0.0270033136227001,-0.034159374857203,-0.0108026566384033,-0.0621849402672228,-0.0492844815307583
436,-0.00815654090126937,-0.0307969044829312,-0.0245597017545215,-0.0297108953474835,-0.0299930232123291,-0.00876689508130915,-0.0147912089507924,-0.0232801850705077,-0.0262474769204779,0.00541238103850043,-0.0578562938271139,-0.0129300243320326,0.0228931372502403,-0.0175097303894731
437,-0.0183913900582146,-0.00199316709447066,0.00902763002582863,-0.0590463196467539,-0.074569215410504,0.00387011083565635,0.00186473432065371,-0.0326921407943364,-0.0368388554351837,-0.0875172690487943,-0.0646107108019151,-0.00376190747721147,-0.0183114923734711,-0.0300420027495636
438,-0.00778543743455615,-0.0218459883184505,0.0166942392076041,-0.0228856534735722,-0.0606831894288145,0.0020462211217535,0.012496715121978,-0.0035809257315166,-0.0318529630781397,-0.064305377955333,-0.00713794860842491,0.0166518480645924,-0.00693233967741738,0.00893568987534817
439,-0.0108491245290379,-0.0450384589622798,-0.0212222681297432,-0.0236509881613572,-0.0223814813227641,0.0409844549634781,0.01288402246729,-0.0367784050380937,-0.0365994325260181,-0.0402317676222329,-0.057512987526539,-0.00715254710126538,-0.0053791978967741,0.00329418527783497
440,-0.0087963469945691,-0.00569191992300622,-0.0331127928800201,-0.0553178761512689,-0.0681099626237809,0.0322004391106706,0.0462222519871934,-0.0111743078081221,-0.0564416211395955,-0.038594388217893,-0.0451055186819057,-0.0146366219627305,0.020119798867188,0.0596711942713397
441,0.0202398131683685,-0.0100731419225779,-0.0362443997851059,-0.00997041140950095,-0.0397523058785825,0.0432003762784703,0.0471443251945838,-0.0323048469559951,-0.0221190651333102,-0.0239196999717391,-0.0450053215131121,0.00542344770953827,-0.013349894634887,-0.00901860061155719
442,-0.0228514996832392,-0.00406380711566962,-0.0185059228568753,-0.0849246487154458,-0.0499478108128139,0.0287300968401583,0.0431920548053818,-0.0209010332175027,-0.0187194661147852,-0.0476229384346711,-0.0871815155105787,0.00717166022434435,0.0204586679744318,0.0212807760408457
443,-0.00933084188121482,-0.00860304449687099,-0.00683514322162909,-0.050682183362018,-0.0402409146397467,0.0432590016797664,0.0430311237653694,-0.0296615966050312,-0.0091585460672207,-0.0297678930840331,-0.0617500349947184,-0.0157870855186338,-0.00364720447667626,-0.0039829332974215
444,-0.0111076047871437,0.00561641197834097,-0.0366285800729689,-0.0129293937087998,-0.0393022459172755,-0.00966010541698141,-0.00970224726347011,-0.00312021353808309,-0.0656606448556164,-0.00925893869487268,-0.028490566181591,-0.0111770722927472,0.0418595040790606,0.0417491155648642
445,-0.00324960908747787,-0.0482080414452734,-0.0376675643566106,-0.069511070089854,-0.0413163079268688,0.0162467010833982,0.0146520544582904,-0.0131062465178707,-0.0503893291712848,-0.0669749336443771,-0.0313719664040734,0.00670247028856243,0.00305356641860863,0.0296778753581859
446,-0.00405190069371895,-0.0140358710435492,-0.00030901091516522,-0.0406997078500562,-0.0393005960777607,0.0166861333775617,0.0121035071966131,-0.0194177329243065,-0.0412314453674384,-0.0246497722952695,-0.0319229916565244,0.0000515103659356198,0.00413496843367613,0.0185876917166312
447,-0.0178725966723544,-0.0314064800051864,-0.021917583848772,-0.0338205830503343,0.00722309715624797,0.00700492134025467,-0.00787467303123969,-0.0271761626234609,-0.0189593913244315,-0.0190173329198063,-0.0595719601343447,-0.0220441806033978,-0.0490547196382711,-0.015563822105919
448,-0.0103656557522257,-0.0527861716162379,-0.0598660904138112,-0.0133755671175352,0.0381891094047631,-0.0181682780785975,-0.0142847159586598,-0.0206429839152669,-0.0461184770870777,-0.0134292560431864,-0.0163796794741325,-0.00337882423061728,-0.0413387362542796,-0.0388669605864636
449,-0.0099913831736038,-0.0337858111382879,-0.00674467749698884,-0.0159868891892771,-0.0184394576466514,0.0195499992267967,0.00722710963905288,-0.0223242000153,-0.040677828835591,-0.0517376940283607,-0.0304338059428138,-0.021887363294032,-0.00336721752746533,0.0163904160232028
450,-0.0137966192959765,-0.0475046848636396,-0.0176045491392675,-0.0435555158667801,-0.0319985495454655,0.0115089254646396,0.00803928926012205,-0.0167641500147729,0.0110487505218804,-0.00702284765595927,-0.0772569666899718,-0.0229209107033774,0.0423541894724591,0.0243642884350064
451,-0.0181787402718705,-0.00764059860365232,-0.0236623979178383,-0.0200054432796058,-0.066151535702775,-0.0331033473566766,-0.0244134783711501,-0.0522231213016691,-0.070309344829034,-0.01752477517408,-0.0331825179607637,0.00895777280504279,-0.0284506985087325,-0.0362804705422445
452,-0.0476687453414564,-0.0211471512053912,-0.0570467897362765,0.0197163645131354,-0.0807544046364043,-0.0101726141693767,-0.038534816764073,-0.0207207990890421,-0.0520974369715484,-0.0130414901640315,-0.0361705927944404,0.0268837693846099,-0.0218278536458894,0.000474835787692307
453,0.0173379569326296,0.00765432384975492,0.0160393643208591,-0.00185759844344466,-0.0550413314962242,0.00817624862082065,0.00600999515288893,-0.0187586266958979,-0.0331163411814331,-0.0361928156678122,-0.0765042759192804,-0.00874050577477307,-0.000891044163610619,0.060418034016026
454,0.0109318801784917,-0.0450249700120552,-0.0343119177976965,-0.00732845619406894,-0.0629889411834153,0.0332598331407338,0.0360672319962503,-0.041939995086269,-0.0335784579021034,-0.0476388801426743,-0.04320537626372,-0.00951601330683621,-0.0607211404167873,-0.0461369212427511
455,-0.00337179570324297,-0.0107468985676505,0.0524022056555895,-0.0150266291842634,-0.0962306872413142,0.0139894276589687,-0.00166700213806533,-0.0389007109321561,-0.0089934614879756,-0.0488782821301285,-0.00758102272653725,0.0347239877176204,-0.0149521140545592,-0.00926768815663902
456,0.00805231415334456,-0.0383120678096132,-0.025870916268329,-0.0619161220808201,-0.0487242500632459,0.00480578954267658,0.0112526512509847,-0.036931935010754,-0.00105882459590713,-0.0368100431770388,-0.07810639102187,0.00054881286614851,-0.00593515031605552,-0.00260374265277152
457,0.000787525784953086,-0.0207264972190608,-0.0135782311372964,-0.0368407553049838,-0.0637299745527609,0.0400111424752869,0.0511042124662432,-0.0261139056476804,-0.0278722984873346,-0.0251693725915656,-0.0715122721334326,-0.00764091973295221,-0.0123483793228327,-0.00409387129151031
458,-0.0152720736418568,-0.0623030373623549,-0.0635913302277841,-0.0319239988227718,-0.0662941181491351,0.00735828290878523,0.0159056230327169,-0.0266797954879564,-0.0377628399253525,-0.0345223568564116,-0.0474830886224607,-0.0116414182403283,0.00709823221501175,0.0412595634309574
459,0.00778901003447458,-0.0502707717213067,-0.00208550264764024,-0.0379559434815405,-0.0380287057916406,0.0289201787932623,0.0300446411014053,-0.0096927597911191,-0.0201644328579457,-0.0580243531774862,-0.0490038275521734,0.0164473430220807,-0.0257551716230261,-0.0282632451037126
460,-0.0186947638433844,-0.0534898670423884,0.0134276539876517,-0.0116087395000189,0.0057372013514202,-0.0170202897714696,-0.0283266236730203,-0.0418513548265645,-0.00961351473314506,-0.00218083396018577,-0.0551922443948552,-0.0342595173831724,-0.0110736234210717,-0.0246606630798307
461,-0.0334462735761399,-0.0435565757289933,-0.032652445642839,-0.00760235158047606,0.0151737398729547,0.0111589004613818,0.0354223575121869,-0.047052762787088,-0.0300916612825707,-0.0615600628595649,-0.0653098975225885,-0.00714733073640048,-0.0227444443624791,-0.0086772608866154
462,-0.0246216321950203,-0.0186293553997013,0.00117568985660596,-0.0366754955868658,-0.104227955786532,-0.0223500379197027,-0.0217212722912549,-0.0179657401520359,-0.0494734903509011,-0.0549377110230523,-0.0535031323534075,-0.00624614372408251,-0.0288927177148975,-0.031890421493562
463,-0.00755275880684753,-0.0142875166203499,-0.0248207230455228,0.0105325695644998,-0.0652907362088245,0.0188898238210672,0.0168355357866522,-0.0432119831353911,-0.0554183540956905,-0.039864020889729,-0.0419731469277474,-0.0237397322421982,-0.0522174973419595,-0.0541240679939989
464,-0.0200563926911897,-0.0671558198132778,-0.0145329739214686,-0.0151595332335016,-0.0501448708462352,0.0196728222719044,0.0568493202775008,-0.0547490038892114,-0.031491501278169,-0.0591677157169723,-0.0384090948358531,0.0181022877135123,-0.0164463829308918,-0.030767647828521
465,0.0176199774891857,-0.047021532686326,0.0416044070406774,-0.0392690860669963,-0.00815805570074518,0.0449539252027442,0.0327983672503111,-0.07162631592793,0.0231359358280177,-0.0414341467099308,-0.0809699404965288,0.0215783270529665,-0.0201085528725435,-0.0248395000683026
466,-0.0258048770730717,-0.0999225874952447,0.017848346179284,-0.00703768772354452,-0.0289529753885083,-0.0266235180097608,-0.0198028501654832,-0.0127050856910347,-0.0110410269832995,-0.0657230504407359,-0.031532398968302,0.0129651021847393,-0.0357577404980048,-0.0492695961479311
467,-0.00951648253121194,-0.0149153278588503,-0.0574119082900948,-0.0016826943228074,-0.106554591431571,0.0337773699931653,0.0530650941726235,-0.050254695540921,-0.0328549956899337,-0.0757462379513054,-0.0498612516621379,-0.0144913087211408,-0.0244873918986729,-0.0356884125858013
468,-0.0107433240764033,-0.019062745335742,-0.020716446789684,-0.00831182237617673,-0.0397282826742943,0.039691351768595,0.0283806300423238,-0.0581763199145809,-0.0353943678274248,0.00273640401085427,-0.0661329615111569,0.032508005044418,-0.0208158104914239,-0.00434110268732066
469,0.0112223296272123,0.00990918248239973,-0.0119563558976246,0.0145593447722057,-0.0426595610654918,0.0372992307345419,0.0232996912079534,-0.0557437679366199,-0.102464208881446,-0.0375845981565772,-0.0706595698771314,0.00878726797986515,-0.0081772740416638,-0.0365285743666557
470,0.00471366843576437,-0.0330299778735208,-0.0304196983767645,-0.0690127977504384,-0.0764920047472521,0.0264245130851061,0.0346344357802977,-0.0361238165823906,-0.0239080591657784,-0.0284867803462321,-0.0178732518348315,-0.00459152085154055,-0.0151775566336165,-0.028187801189249
471,0.0169707355455404,-0.0443838830798141,0.0447443142757437,-0.0277464086409888,-0.0388866269520956,0.025314228305704,0.0394185878615905,-0.0464346498040224,-0.0172424126790453,-0.0685867301775011,-0.0469658022296507,0.023936462051677,-0.0475914675223532,-0.0324897901249645
472,-0.024276797396261,-0.0203166528382472,-0.0338024494079872,-0.0299118873495006,-0.108239984735228,0.00220143764281791,0.00596730518202885,-0.0380292311249829,-0.00468445136172672,-0.0249190968104752,-0.025046580501255,-0.0173088934291102,-0.0140492692601441,-0.0173081026866468
473,-0.00184156159460115,-0.0434253548114505,0.00299113608469662,-0.0402886320948131,-0.0179319109382353,0.0033599764827518,0.0111297027464082,-0.0525071010279124,-0.0414531698456723,-0.0772481827586825,0.00573246414691853,-0.0275016213473896,-0.0185871784464832,-0.0124908536867846
474,0.00166143678178812,-0.0251019690959844,-0.0184840966013609,0.00608274966393435,-0.0795114070965829,0.0404836932880562,0.0408979394162556,-0.0288462452690695,-0.0398941166321378,-0.00130907545281572,-0.0607816991708774,-0.0228704097156457,-0.00398174306241972,-0.00429261207061804
475,-0.0184288437396371,-0.0289807034605147,0.0298489305463188,-0.0564200980380135,-0.0289075757425752,0.00690202636227634,0.00423501175977776,-0.0314994870111642,-0.0210918701962271,-0.0689358619130186,-0.0555380722965584,0.00519510458097429,0.0136883062731801,0.0149390020265645
476,-0.00269988589962773,-0.0525289254476457,0.0366391185589586,-0.0216905431141174,-0.0606675818954547,0.00260533896879956,0.00317031169297909,-0.00310836368553591,-0.0389985540138616,-0.0225610408855048,-0.0234365423386904,0.0158656509388423,-0.00309760239735139,-0.0189669931786215
477,-0.0203397195348181,-0.0474218683896358,0.00741458315693888,-0.016531244838584,-0.0508691130348867,-0.0470720207021497,-0.048089622991289,-0.0565907655965691,-0.00364203914735937,-0.011433836037367,-0.00466989610429062,0.0163874424178391,-0.0166928500542119,-0.0178394042580991
478,0.0149885737485052,0.00359862296280232,-0.0114882101649807,-0.0301975427517925,0.00713990970622036,0.0190433355667967,0.0267310221289219,-0.0356095446273046,-0.0592237542318261,-0.0464330115024736,-0.0405952622758776,-0.0192283341565961,-0.0306827626273503,0.0365732887132584
479,-0.0182141865073774,-0.0219714012659803,-0.0137808179803768,-0.0089316064529944,-0.031208000996469,-0.000386539581545359,-0.0104959601990723,-0.0342624258029876,-0.0430871062100864,-0.0315825571629339,-0.0573103079648113,-0.0125008049879461,-0.047307789281249,-0.0454653779213124
480,0.0259408236026366,-0.0621326719975708,-0.0423221660616794,-0.0065355905983471,-0.0683679832882859,0.0287194735439112,0.0318774346795215,-0.0231373578765807,-0.0238642773488422,-0.0388207039501211,-0.0606919660635482,0.0245604576246666,0.00710310392350558,0.0126371775494555
481,-0.00143588197576189,-0.0888903443247281,0.0320667707709206,-0.034729984538995,-0.028812298403554,0.0223648215948467,0.0383164605056251,-0.0279367771130144,-0.0137340216327588,-0.0397214794055912,-0.0602220605511771,0.00170677052633297,-0.0141896525025829,-0.0122788415588779
482,-0.0018440802860169,-0.0368730542999994,-0.00549661768440932,0.00353520547126315,-0.044064420685847,0.0157217094658241,-0.000944968411501622,-0.0317692142459181,0.0193862849620826,-0.0172117259364223,-0.0506322232027609,-0.0044729097916258,-0.0394209248899808,-0.0354006410479744
483,0.00157534209456144,-0.0278636033924601,0.0151777427166697,0.00610037019402782,-0.0552503780917121,0.0222913956260182,0.027814704383608,-0.0552852156590941,-0.0601215367363676,-0.0241127547037381,-0.0886437921133579,0.0297123652088342,-0.0156571079658217,-0.00687141027501194
484,0.00248370517576346,-0.0376843465346365,0.0106191509228966,-0.0490066881987673,-0.0724340739499302,0.00797209805438132,0.000514090882806482,-0.0626637651279465,0.0131845501472682,-0.0245596292482482,-0.0855141291607469,-0.0254385124153164,-0.0468157653167566,-0.0721326178420568
485,0.0104063081486291,-0.0313000127205121,-0.00702391740951172,-0.0162017057658273,-0.041393899672816,0.0215285684499634,0.0443617445244903,-0.0165199417392142,-0.0215635834830734,-0.0469665119718629,-0.0272592546958911,0.00338620222333533,-0.014377629976747,0.0185569962606291
486,-0.0152911698997708,-0.0600025824599936,-0.00761764048839902,-0.0635690187814173,-0.0651085160168094,0.009617804582109,0.00975806871519259,-0.0436177145001583,-0.0029704145184114,-0.0588302383279946,-0.0501991839753305,-0.0160130492701127,-0.0535638665220508,-0.0440717565590985
487,-0.0297536668771786,-0.0400181889476965,-0.0471026861791214,-0.0389790153691862,0.0013054283867478,0.00843470012999423,0.00287312185726796,-0.00895936593685481,-0.0197214933870304,-0.0539683946842345,-0.0433106475616912,-0.026808327372159,0.00834942330468386,0.0292706129360396
488,0.0151526267850388,-0.0437774925349674,-0.0161858270280551,-0.0388350966690368,-0.0624486620947544,0.0142022165944943,0.0158812279478564,-0.0332094854013169,-0.0304042566310024,-0.0377992230848505,-0.00957971114559103,0.0206450336165531,-0.0119847390558791,-0.015182951455264
489,-0.0317792356431668,-0.0334039577958338,-0.00985066725467695,0.031546627052636,0.0218824163513517,-0.0544041396650396,-0.044485481745875,-0.0535355239284301,-0.0495925431044555,-0.0394787128407632,-0.0346038386952611,-0.00150433780424331,-0.0273889395075993,-0.0334260781734453
490,0.00080377834051306,-0.0219302686982585,0.0109471020484159,-0.0703501608207435,-0.0495486122677984,0.0127465924789204,0.0153980820342773,-0.0295939914518445,-0.0444958514626996,-0.0557361914297078,-0.00643952287058745,-0.00955019472992899,0.00620255947075236,-0.00861165911529452
491,0.0142886252937156,-0.0367476077839898,0.0150246603214108,-0.0160143264480333,-0.07867010904202,0.03312992316453,0.0245795877139693,-0.0295409346019365,-0.00840282442449704,-0.0638966712520909,-0.0580300925381075,0.00909979146875259,-0.0355852152550181,0.00448808881943208
492,0.00723505279772037,-0.0624805349903678,0.0356838891259396,-0.060127914240919,-0.0784262645069836,0.0350785630855154,0.0488643868826769,-0.0395723567583954,-0.024317049568811,-0.0585071318034033,-0.0581292282836953,0.0180693017028051,-0.0218313291043475,-0.0165493118436714
493,0.0252822658599312,-0.0426478801881732,0.0157241917397898,0.00325263721779445,-0.0665679570310528,0.0189437244947584,0.0100879714802419,-0.0377044122234325,-0.0233848494256522,-0.0187359257357864,-0.0702189325569006,0.0080828424352152,-0.025587835531452,-0.0180240701574699
494,-0.0172620237950851,-0.0291871499651587,-0.0249108919285322,-0.0609556436415322,-0.038853798514035,0.00848830872429823,0.00831869671541781,-0.0369840899267078,-0.00656473614993527,-0.0047901506985859,-0.0378436855351758,0.0255493312038684,0.0111378703704585,0.0144042186848746
495,-0.0193257942223902,-0.0345113828516215,-0.0360747531379103,-0.0353879024534708,-0.0663885210967192,0.00278559968649965,-0.000217827455923345,-0.0352702130555758,-0.0665032801736712,-0.0665643805043271,-0.0792581667180559,0.0143485190103298,-0.0312545055804339,-0.0255057249562115
496,0.0126622496186422,-0.0554241484376977,-0.0185364787518698,-0.0431292500371353,-0.0282420901515758,-0.00130007684052441,0.00198967257148816,-0.0482626735848902,-0.0313185639082257,-0.0596875986743035,0.00179701559464815,0.0068236847577965,-0.0113219676983574,-0.0454390403939024
497,-0.014963239341649,-0.00889914854901487,-0.052581788030546,0.0125134961818567,-0.0778753379782726,-0.0223301162205311,0.00426551455771087,-0.0410438464475739,-0.0210329397526217,-0.0321241045537414,-0.0759014888315922,-0.00501352922176523,-0.0233571829512215,-0.0273473741892843
498,-0.00802799260709357,-0.0235153722593463,-0.0427960525244508,-0.0564695130816522,-0.0394329321866306,0.00783616156152721,-0.00158974385045117,-0.0596906047845254,-0.0185338376641595,-0.029069253756373,-0.0409563169193138,-0.00155956141298623,-0.00285061583935983,-0.00127099494172296
499,0.0219430906415717,-0.017261246134616,-0.0164546179866308,-0.0314549850602117,-0.058080814060226,0.0148693092774473,-0.00182058664233431,-0.0144937509539403,-0.03182493411646,-0.0748885445848594,-0.0778261353541458,0.00496296155880134,-0.025267267179113,-0.00284224707229228
500,-0.0124395886165736,-0.0170818438867808,0.0000108943358023417,-0.101164730715805,-0.0227719770643715,-0.00664131417171246,-0.00483446819537289,-0.052056605435682,-0.0405806447948744,-0.0788126284703069,-0.0310722177554498,-0.00884287217503714,-0.0510500408314446,-0.0217291808479786
501,-0.0185518370389954,-0.0394358187420145,0.02115980394115,-0.0226962585936472,-0.089583179273994,0.0162660771964508,0.0242721578773087,-0.0144020930223652,-0.0293713040188601,-0.0611742586567233,-0.0463351779255629,0.023881196181134,-0.00665010947333361,0.0058184775979054
502,-0.0323232145997389,-0.00649261581948507,-0.0794628486485147,-0.0413206342416709,-0.0393605148193746,-0.0100798743989357,0.0502506828419325,-0.0305870179911682,-0.00649664055698387,-0.00907344954859204,-0.070299755637752,0.00187757749516548,-0.0325484380512147,-0.0335912353713262
503,-0.0202312538893413,-0.0244983959101406,0.0196516965682967,-0.0168615958331672,-0.0576991921526828,0.0219714843518065,0.00849868565885951,-0.0411313792075831,-0.0184957439227289,-0.0557829588987785,-0.0326227226785777,0.00376762363016875,-0.001692898669023,-0.0372395592806188
504,-0.0275847530531351,0.0341040607614926,-0.00197464594144356,-0.0429969762235888,-0.0217019508756556,0.00268735913630184,0.0090216969972959,-0.0581902995436618,-0.0213073224977641,-0.0264001612473959,-0.0774495274124164,-0.00879432713965164,-0.028280301081912,-0.0227671079361748
505,-0.029148805863575,-0.0366679175569066,-0.0430652997561946,-0.0234692980651711,-0.024910041254541,-0.0287108066055116,-0.0251813337027025,-0.00428794174986148,-0.0153210814144819,-0.0337328209645005,-0.024073725876631,0.0218081097559103,0.0254220037831214,0.030926554981828
506,0.0135045003211257,-0.0135001698669081,-0.0652483343935913,-0.0734544224904023,-0.00919456741100033,0.0163883475049764,0.018131497514842,-0.0201975277812679,-0.0554562527953005,-0.0104127470904201,-0.0129763050244072,-0.0196982757564216,-0.0252174963067433,-0.0125726624819444
507,0.0150912900194439,0.00338306920976804,-0.0579804129886679,-0.0636231717164698,-0.0716584365806543,0.0277166848685861,0.0156112678177536,-0.0348853944077598,-0.0221368410076442,-0.0375483657210971,-0.0525899473381912,0.0115482482151603,0.021500945263947,0.00219792376531965
508,-0.014951351669784,-0.0430671191320114,0.0205761533195753,-0.0229391000073978,-0.0879073546371341,0.00356591885826091,0.0162764588136246,-0.0821809157101735,-0.0121214101337304,-0.0498840557120755,-0.0497313467373216,0.0115232214017663,-0.0482236534867761,-0.0535655520495948
509,-0.000473933467599531,-0.0566341093492122,-0.00775888605005526,0.00553697433728662,-0.0795946955408687,-0.012480189826027,-0.00775304640160587,-0.0173215259135261,-0.0257397917717346,-0.0422106135705852,-0.0367946149161307,0.0125118408695349,-0.0125904939511585,-0.0155652357651038
510,-0.02074823320964,-0.0157610980325003,0.0223861875823225,-0.0648113468708251,-0.101216138264737,-0.00154841108204702,-0.00661654981593283,0.00746055153608133,-0.0230226003447778,-0.0425252404257438,-0.0576419122987353,0.0182001172794863,-0.00848843701913921,-0.00368150849206306
511,-0.00676304297576234,-0.0640519082196506,-0.00899275456831948,-0.0178351169920775,-0.0865243015207369,0.0105823524822284,0.0123857953222113,-0.028843790433592,-0.0515490279963318,-0.0297240585215131,-0.0449987973330454,0.0109367372341395,-0.00857968229468223,-0.00328678109966087
512,0.00298190390400521,-0.030045011458056,-0.0629763995460989,-0.0479620228605664,-0.0614115056837554,0.0383315955933479,0.033899304607894,-0.0285486382075841,-0.0497638085122406,-0.0586811073373044,-0.0287996932646376,-0.0257316921601658,-0.0199162111087503,-0.020614714827711
513,-0.0161924968837316,0.00367443930156963,-0.0301686167196654,-0.0514145807371763,-0.0562929588815184,-0.0139625670091691,-0.00942125030184171,-0.0516953847677826,-0.0492000890411494,-0.061701907082278,-0.0550156779374982,-0.049392162326158,-0.0201607330666346,-0.0354303826871949
514,0.0128458924709674,-0.0315712309438777,-0.00136818127698754,-0.0153381435133689,-0.0222575855817225,0.00618492505022751,0.0315939956667426,-0.0524786430931444,-0.0309835744422713,-0.0258171929327045,-0.0897949952929309,0.0143745371536064,-0.0611644292534342,0.00383640913900647
515,-0.0198426982331492,-0.0268034732085498,-0.0160392511526909,-0.0611295134089345,-0.0366094603790529,0.00922336042016771,-0.00367982124605185,-0.0406919364866622,-0.0151981235602501,-0.0356265960215576,-0.0530240743930629,0.0205583999363062,-0.0397649069805323,-0.0406923270753459
516,0.0112523469395815,-0.035513519234889,-0.0042463087275203,-0.0345180921315135,-0.055257291039214,0.0339434650597352,0.0254601928783543,-0.0269897656478907,-0.0226865693215316,-0.0602494185299116,-0.0192762010893239,-0.0115818691200384,0.00501332299605756,-0.00589764425435624
517,0.00703142329735818,-0.0693485740096889,0.00797044556262655,0.0102324280205104,-0.0776617404649743,0.0451993110471684,0.0196692776280367,-0.0590689999102584,-0.0210611458011638,-0.0533994500300898,-0.0213575229269403,-0.0231177940576291,-0.000569302545464584,0.0121279356657915
518,0.00844370604540863,-0.0368473484009732,-0.0096780285149374,-0.00332642250617865,-0.0894088113651327,-0.0116893572742295,0.00130545678514693,-0.0392029230998968,0.00921366731790813,-0.047049590687932,-0.0621927726604773,0.0400798673804705,-0.00807526604559974,-0.0445122703982369
519,-0.00714793017673167,-0.0400117907361792,-0.0113553748752285,-0.0290684480665038,-0.0571435343786706,0.00780643031255053,0.0276641166220899,-0.0439708474501514,0.00117056476302099,-0.0384221773601361,-0.0664803559325945,0.0185458179700761,-0.0532562185854157,-0.0684921760333622
520,-0.0158904741038368,0.00866710848066279,0.0285487487762295,-0.0587695906001019,-0.118994172706684,-0.0265085006410908,-0.0236699088137551,-0.044077969658739,-0.0314387117732676,-0.0427101706323474,-0.0304735691507827,0.00964528970655834,-0.0409251005449513,-0.0347113405024526
521,0.0151560722906092,-0.031208272326261,0.0309675555028076,-0.0204529976905395,-0.0292160314558024,0.0173219397825243,0.0175581735096117,-0.00754730618575192,0.00161610577918354,-0.0460680780986876,-0.0193497344915023,-0.0308884141317815,0.0290183067696754,0.0311117686139313
522,-0.014098806292279,-0.0230442786515713,-0.0418459401571883,-0.0234452775061274,-0.0549895167061484,0.00565982593236471,0.02544214894941,-0.0352837737596067,-0.0249963458454452,-0.0298253115768617,-0.0236980895600737,0.0110231188041614,-0.0261775104799607,-0.0135033621899217
523,-0.0152039763841772,-0.0897762755895605,0.0115521430316615,-0.00991336914472968,0.0210162344787186,0.00815477658664366,0.00794110526662307,-0.00325043678204034,-0.0427598597710223,-0.0361089180484318,-0.0646421603626168,-0.0233553237803312,-0.00193741905331575,-0.0039783842770541
524,0.00711616994747467,-0.0200063851255865,-0.0110066740489263,-0.0508026545365373,0.00294269004883962,-0.0112931441148657,0.00708462809254533,-0.0307108208099261,-0.0146735421466671,-0.0902204586557022,-0.0171298564707517,0.00437997895660397,-0.0128375486935021,-0.0313085061101877
525,0.0273140559265408,-0.0333611803694897,-0.0280230489220087,0.035593046464075,-0.0485263048532331,0.0476836356074205,0.0369983447146842,-0.0179381620967072,-0.00102455231264584,-0.0312338847176748,-0.0818214340844079,-0.0293960629640382,0.0182069626170463,0.0119879766732746
526,-0.0252574530756251,0.00793409250485917,0.00485631808430281,-0.0629760845381895,-0.0387929237381381,-0.017865628293864,-0.00594519439424217,-0.0427023873040522,0.00386484040582745,-0.0558435146201627,-0.0376556629538119,0.018132912962784,-0.00725617966952429,-0.0188292084157268
527,-0.018654365753946,-0.00195522802901475,-0.00254646295173339,-0.0189237673199154,-0.0460477617035316,-0.000697212432064581,-0.00175834698204468,-0.00976531424771415,-0.0143776770988787,-0.0522578711868183,-0.0482332714640502,-0.0139382068280558,-0.0112528549028183,-0.0239745499379721
528,-0.028269978069644,-0.0188073305527396,-0.0500735470404914,-0.0669329094773529,-0.0527135883815696,-0.0126602985764718,-0.0138931868691104,-0.0314475593495924,-0.0138017836383926,-0.0258831693215374,-0.0553666760412054,0.00613384537506156,-0.0045570949018327,-0.00344643826567952
529,0.0182828012081255,-0.048969239162544,-0.045019577030624,-0.0352641961548557,-0.00982226279438686,0.0435059353507449,0.0491992855088182,-0.0650927573295805,-0.0428394780821043,-0.056810100536649,-0.017315303578384,0.0230198226384253,0.00552348738734906,-0.000390983759978453
530,-0.0248715011679437,-0.0296130555700321,-0.0250576160085359,0.0225446272954695,-0.0343189594529317,0.00907920622364496,-0.0193244203359317,-0.0687353283242331,0.00739673226761171,-0.0431249558238352,-0.0247059505308794,0.00280880503444554,-0.0327618481282694,-0.0203135069976279
531,0.0191145464632907,-0.044322272682439,-0.0339458587388812,-0.0102500736935959,-0.0679445616840283,0.0503168814348682,0.038969861274514,-0.0368198857510849,-0.0226474300770986,-0.0709122176541501,-0.0541388814751298,0.00955158735152138,-0.0349188846028115,-0.0386472961915711
532,0.00455100354174937,-0.0476334249509689,0.00472957879816613,-0.0721145641144456,-0.040659723656057,0.0382680568291531,0.049929069810421,-0.0439382285878074,-0.00429831322509554,-0.0354456654944276,-0.0564294333433528,-0.0167226812493162,-0.0205920111572003,-0.0217518112584913
533,0.00240660668545675,-0.0235735073497884,-0.00838987873667535,-0.0282393667482846,-0.027147738845245,0.012380075963316,0.00959295025455591,-0.0595885617132615,-0.0435285968872469,-0.0306214227790291,-0.0678722599001703,0.00640679182405501,-0.0274390793404312,-0.0459265866194372
534,0.0204232975778325,-0.042184592265131,-0.0231231005361496,-0.0141693428329261,-0.0367148645939281,0.0232634108756695,0.017541329043329,-0.0430373335171834,-0.031593771010662,-0.0293820605723235,-0.0380245542219077,0.0068941309900845,-0.0264342761617826,-0.0310760826211303
535,-0.0137505203197576,-0.0299418456421748,-0.0467356370681227,-0.0434608020085196,-0.0694801084759374,0.00992720502374579,0.0139640310414428,-0.0323336768073677,-0.0443148517053465,-0.0096402969934815,-0.0234012988052556,-0.00398513536545651,-0.0149888692622762,-0.0116841951490811
536,-0.0010858792384841,-0.0310207992307028,-0.00611457507853108,-0.09021183980964,-0.0522091542106926,0.033469242138582,0.0363540784937745,-0.0324276712953641,-0.0203404414411821,-0.0490273091482873,-0.0641718963308259,-0.00972314520473413,-0.00114263871691621,-0.0143599033623199
537,-0.00666203361964596,-0.0141090551935061,-0.00716917478564794,-0.00734778883211529,-0.000392608486644241,-0.0183151334242215,-0.0204725421608348,-0.0454084542168714,-0.0414163474995778,-0.0449258389234135,-0.0181676987905718,0.024979288483199,-0.00929206455747819,-0.00897022002150041
538,0.0137295198406828,-0.0748377703287182,-0.0183743517503641,-0.0413726119659606,-0.064259511653639,0.025609239971592,0.0171991257199312,-0.055817410958865,-0.0288406216750904,-0.031218368614852,-0.0740504690000634,0.0120395908931088,-0.054066617151665,-0.0348405998829507
539,0.0032166724290951,-0.0220211307132498,0.00077201116857803,0.0192343607240971,-0.0475902711111448,0.0209560382940316,0.0115276194275592,-0.040662902615624,-0.037402867142596,-0.0279854204822166,-0.0430791437542814,-0.025674102536082,-0.020102576284524,-0.00336186870915814
540,0.0140542411693819,-0.0258381219842714,-0.0276248492327175,0.0101299075492646,-0.0702931780136867,0.0109006417813152,0.00260591229871809,-0.0171939106571625,-0.0386402879425224,-0.0144565611817616,-0.0337914298606156,-0.0256188016682456,0.00986968694202392,0.00709655048135786
541,-0.00114471900655553,-0.0276982750101762,-0.0136751424972276,-0.0713409764118044,-0.0131841659210774,0.0256479242585928,0.00882556629337641,-0.0381961402694843,-0.0450767968678151,-0.0583105983525265,-0.0357791066853186,0.007578069758928,-0.0246432463047529,-0.0150319830754884
542,-0.0269547299715463,-0.00350574716765664,-0.0453770140275663,-0.00908075037292652,0.012196278257638,-0.0152221934942507,-0.0152476084873221,-0.0188446901386982,-0.00800298922180304,-0.0429924269610578,0.00779134167177299,-0.0364097101377147,-0.0114972271785147,-0.0117775012057149
543,0.0123637204568424,-0.0209831762979415,-0.0125748027182019,-0.0491309629963324,-0.0367914797126168,0.0265607784954684,0.00839916341412289,-0.0446236602499018,0.00199472252745878,-0.0346102365874219,-0.0411787724976206,-0.0199867596189244,-0.0311256713505214,-0.0470764351479609
544,-0.00762263760013523,-0.0249133541669652,-0.0303363903257932,-0.00272474214312074,-0.0629436189919127,0.0155392887753289,0.0625705965271904,-0.0371264054658026,-0.0302716239466752,-0.0321084102982311,-0.075637081718181,0.0156275026083183,-0.0327144296200953,-0.0126324543683364
545,-0.000435108597315596,-0.0467783464310153,0.0110561916354092,0.0106011914866473,-0.0594060305341654,0.0115808609534199,0.0420233791522328,-0.0342031550228306,-0.0647355414265426,-0.0294838323546738,-0.101900281464595,0.0168548094114579,-0.0491068666026545,-0.012143126437187
546,-0.00581622790416735,-0.0322702109068158,-0.0389150756209114,-0.0691488925660766,-0.0530727911727597,-0.0051911793163604,-0.00739716334339512,-0.0497198906622047,-0.0109345287895713,-0.0502042612642954,-0.029436546301383,-0.00261483395203019,-0.0132088572092217,-0.0199009517541795
547,-0.0162671447382384,-0.0157573691112722,0.00813745268054777,-0.0450941527949127,-0.016192860796391,-0.00261505540140411,-0.0101550869655534,-0.039013254380137,-0.0288148580267693,-0.0585030421633357,-0.0624045214086223,-0.0149061766901138,-0.0670252990468369,-0.0432896897178472
548,0.00554257523823257,-0.0316213066222215,-0.0324223850471163,-0.0401705201171158,-0.0330851115030882,0.0673934461948574,0.0639235949359932,-0.0516213730804101,-0.026157262722995,-0.0135245375033902,-0.0668658923453244,-0.0466722379128166,-0.0202903671732491,-0.0158537915796772
549,0.0190207306088252,-0.0367329540344632,-0.0164962705412531,0.0475842981692932,-0.0864792228796283,0.014925929185445,0.0156065739624789,0.00368199070581358,0.00326004993920641,-0.0557492905306799,-0.0611501837523574,0.0164004284339894,0.00697512178531107,0.00500873992913441
550,0.00436100955839099,-0.00221451732444475,-0.00545056547340809,-0.0106047065963236,0.0189197885726066,0.0125520058111984,0.00151820682954575,-0.0229648386886507,-0.0258864863319335,-0.00112441974628291,-0.069688637213243,-0.0196245906396246,-0.00643886295827587,-0.00429873259613581
551,0.0035812032623289,-0.0117342144830658,-0.0082738787778846,-0.0786080610871225,0.0204816762290957,0.0217784749383653,0.0267123946587791,-0.0391703198878012,-0.0607443927651413,-0.0117090634821694,-0.037464462473164,-0.0251349408098775,-0.000226360619426852,0.0144257397157792
552,-0.00475669970224121,0.00713854326571935,0.0107739013075737,-0.0482489153291036,-0.0582903641439199,-0.00828190084973676,0.0143438864334782,-0.0478765824702785,-0.0344590176843409,-0.0168777807418525,-0.0348531444158603,-0.0000681790508667984,-0.0286252363099013,-0.0547460705074612
553,-0.012043507921678,-0.0386160535654046,-0.00848190880526506,-0.0608293687130394,-0.0365064172482014,-0.0223680858243658,-0.020774483716412,-0.0432027974737802,-0.0665359340641894,-0.0222925020257214,-0.0647872617106275,0.0000575527868968279,-0.0517617156351344,-0.0562695966577405
554,-0.00211702058898874,-0.01831200137773,-0.0417700642205652,-0.0644280901069119,-0.0428563894705255,0.0112520172072567,0.0251009975053162,-0.0229082687313848,-0.0420346957010645,-0.0497558157674694,-0.0123490609821364,-0.00810883685499947,0.00514858513753019,0.0474884212807284
555,0.00268085349789771,0.00457017606303475,-0.00318003537749281,-0.0452628073349248,-0.0402307932968894,0.0488766400970202,0.0327005078475925,-0.0355422382788336,-0.019140037854111,0.0131718514239435,-0.0327972804228438,0.0216307703808077,0.0126870556329037,0.00225521350485594
556,0.00806895742212363,-0.045086869922573,0.000777205779143711,-0.107752198841496,-0.0473462978576669,0.00983503403918683,0.0396852345601267,-0.00873336927704833,0.00570567983620902,-0.041823412965502,-0.0589143923789431,-0.0326852147252608,-0.0326421542771846,-0.0302356398982864
557,-0.0257301501435111,-0.00526459120691916,-0.0299954148171508,-0.0523907175173264,-0.0107964638048607,0.00058556153648753,0.0043672988714224,-0.0342051534786307,-0.0167419470483338,-0.0247815918485094,-0.0458616909228998,-0.0341753289505552,-0.021183106431855,0.0355667855943631
558,-0.000763654558407885,-0.0361428994235106,0.00154019396354357,-0.00372476000942842,-0.041810991812021,-0.0121788654673221,-0.0291839948105853,-0.0232768500675719,-0.0328008770081256,-0.0382295416020516,-0.0714167778834817,-0.0164221897765573,-0.0160964987629413,-0.0392318067701914
559,-0.0150293478556482,-0.0242428047471631,0.0263960132562592,-0.0703707581923829,-0.020108233077432,-0.00662964010858215,0.00665608548383519,-0.0712660745942312,-0.0105170621886203,-0.0502599719552368,-0.000513003746992272,0.0135456481724203,-0.0386411679429557,-0.0290800859933563
560,-0.023612469662383,-0.00103293187149818,-0.0170269688907166,-0.0303116082500401,-0.0176200617422577,-0.0174010387689822,-0.0182809746413587,-0.0366628367299794,-0.0351058999393579,-0.0315331359167369,-0.0405489842729159,0.0215361503018338,-0.0397031702861032,-0.0388056579776179
561,-0.00214868834796514,-0.0359991919183379,0.00453697167804631,-0.0542088225967934,-0.0606857697215947,0.0416639278460903,0.00993451970858868,-0.0458446482917653,0.0143713320861767,-0.0560996632659087,-0.0467476174364477,0.0280834999982837,-0.0201143327441227,-0.0403367956093468
562,0.0118496230845192,-0.0270634721709484,0.0218570503617491,-0.00907258510487455,-0.0723643505214552,0.0160769576023785,0.0288058364688828,-0.0541734528946816,-0.0371449549600415,-0.064513349193178,-0.0576700571639941,-0.0132163051957159,-0.0711351869158867,-0.0650083695436259
563,-0.0261239713842594,-0.0446784156183737,0.00328468601155338,-0.0745797381477914,-0.0761030466264729,-0.0128896934092761,-0.0110293618508287,-0.0507866481447918,-0.0209428376509095,-0.0579170263749347,-0.0222733169422566,0.00393044272643299,-0.0101086442013334,-0.00899646890846761
564,-0.0319727085824502,0.0212817557318381,-0.0166169321069831,-0.0341660094029645,-0.0377297694917133,-0.0216606905644644,-0.0193000327361191,-0.00629670906606664,-0.0268253354531567,-0.0444059567900394,-0.0371032749389053,-0.00500890148373991,0.040612027273635,0.0511423996699315
565,-0.00303622563025265,-0.00275335745530335,-0.075855242422208,-0.0335837347238826,-0.118235376996335,0.0337034433636993,0.0621094285465046,-0.0339044277108604,-0.00981455669473169,-0.0514425298710006,-0.0478135141947759,0.00434160298868089,-0.00978331329047509,0.0100795141965825
566,-0.0205785824700515,-0.0385431959098448,-0.0337882216194959,-0.051792464256252,-0.11711293014499,-0.0215855484557464,-0.0142656225007183,-0.0171213161532406,-0.0224144836972544,-0.00882813375745567,-0.04872603194698,0.0191621607471811,-0.0442387465496635,-0.040539514559562
567,-0.0108577156142527,0.00512590853654717,-0.0701083959607422,0.0137532584944727,-0.0520248401605709,-0.0204007807152147,-0.00888326343891699,-0.0221613988103655,-0.0583792917289221,-0.0136156411656692,-0.0583357248020796,-0.000649986606038877,-0.0237368619791559,-0.010062394378096
568,-0.00475693954586205,-0.0649285305339904,-0.018856500043832,-0.0257553068664028,-0.02924508294712,0.0121251728212894,-0.00928431226736724,-0.0143087580044477,-0.0126700845561628,-0.0469943538919899,-0.0243659470235609,-0.0161607919791863,-0.0147497678258835,-0.0208566380595592
569,0.00120179162279441,-0.0190780007597415,0.00348878102031439,0.012838073867929,-0.0619824338288514,0.0313079249321269,0.0335912240573454,-0.0186456074561259,0.00262662168587321,-0.0708576228267534,-0.0494446587670188,0.0165763259595328,0.00440913334627319,0.00125366107869366
570,-0.00427419725136561,-0.0118605495779175,0.0350567410895588,-0.0193992180002017,-0.0408922893593428,0.0267939214630216,0.0185950151927164,-0.038107179227391,-0.0415081141874765,-0.0320764724609399,-0.106414386839688,0.00737697552554704,-0.0181274071440107,-0.0342836252671681
571,0.00196042953755226,-0.0151735015113079,0.00864873789146932,-0.0178472548462824,-0.0589712392597556,0.0264744668270225,-0.00437028493365253,-0.0523971431652694,-0.0241480526593305,-0.00841828059181242,-0.0865969937380349,0.0221682354372058,-0.0318706184960567,-0.0130065634235003
572,0.0318923970301514,-0.0650027748127275,-0.00264592310034467,-0.0117680173009109,-0.0947273317083753,0.0768309182841772,0.0763564987628748,-0.0704745640451328,-0.0344944359073779,-0.0392056992605467,-0.0666844393974695,0.0362028975230725,-0.0201546396391688,-0.0200600640571397
573,-0.00982100964653662,-0.0516181390089716,-0.0542524822765519,-0.0215178273578548,-0.154483382949363,0.00388709298403897,-0.0335552089835344,-0.00947897972867966,-0.0598985371156727,-0.0224187023299205,-0.0424851529836447,-0.00316742016184388,0.00821659920185307,0.00528791977117653
574,0.0070661536888039,-0.0495870818354539,0.0160400245568597,-0.00826624467338713,-0.0772573097650447,0.0367521838050795,0.0374650895248704,-0.0307232380521887,-0.0328432983383095,-0.071859019869297,-0.0312213775190102,0.0056513794988771,-0.0109813553158896,0.00171578343182544
575,-0.0206497059196544,-0.0788349188280221,-0.00381138714385193,-0.021241567241769,-0.0477163528710079,0.0000985734026831483,-0.0022450071362218,-0.0308309036737076,-0.00929558750618409,-0.0515919241696646,-0.069104317601266,0.00879156052298886,-0.0369581622592986,0.00201765665046813
576,-0.00721082320217433,-0.0240680718831943,-0.0395180555498019,-0.0102549253989065,0.00714325767922441,0.0115030220426672,0.0104820902460701,-0.0295427956439318,0.0278077442464822,-0.0332263993552152,-0.0198152996841032,-0.0269451056223654,-0.0600879587994174,-0.0508873552010925
577,-0.0148271524797562,-0.0286343907830712,-0.0211505800397374,-0.037445981010313,-0.108965643520465,-0.000632435902717762,0.00325238754838084,-0.0401406790656009,-0.0251622179473138,-0.0194514540902917,-0.0393254758529791,-0.00687227689554994,-0.0550238440992167,-0.0416929916069509
578,0.0132926699266359,-0.06943759138447,-0.0498629111740928,-0.0315509454714059,-0.131715179151829,0.00481508698941407,0.00908551855822355,-0.0445828964006612,-0.0454140959471657,-0.0406194498497655,-0.0316030363336109,-0.00115283462216262,-0.0343585988009293,-0.0481054408584031
579,-0.00184299706064361,0.00466606048835187,-0.0287600871594917,-0.00914971904268011,-0.0366273922969604,0.0607110211266133,0.0602720270274082,-0.0308819437050018,-0.0409304411036008,-0.0578731871484155,-0.0434189014348064,0.0130255709878644,-0.00564176953313393,-0.00665410292682909
580,0.00852193736131639,-0.070474718586348,-0.0335686228764877,-0.0431446454672786,-0.0303921059591489,-0.00696482124415207,-0.0109351728221354,-0.0104687237460879,-0.0478200873984789,-0.0613495276887139,-0.0275354368201623,-0.0157622733658876,-0.016508022958477,-0.0321136153620922
581,-0.0282995042591824,-0.00964496586893539,-0.00211240867796023,-0.0264762216349014,-0.0284807973116814,-0.0152090945130373,-0.00321479913761241,-0.0295311039575555,-0.00197439877727311,-0.0305430081392119,-0.0268896547108862,-0.0310371123373826,0.0157480744626359,-0.0222768110135674
582,0.0148772211789601,-0.0259140422679622,-0.0386534584366008,-0.0260104086466171,-0.101905231533048,0.0218644012914331,0.0159921464683648,-0.0679197511214145,-0.0063000938878754,-0.0427007228984629,-0.0887401801667677,0.0177493740794847,-0.0435175112952933,-0.0364348171939436
583,0.00475955858862075,-0.0500465385804527,-0.0125129264451635,-0.0574051209937415,-0.0861526985880048,0.0266995998792362,0.018347909078809,-0.0371973339985109,-0.0544628684947236,-0.00308100087356952,-0.0718891038236157,-0.00959696909526346,-0.0355401009619817,-0.0328380142570598
584,-0.00492464714082969,-0.0158383052629206,-0.0436962323591866,-0.0477904220506395,0.0045714797703329,0.0233658109959467,0.0520588954814828,-0.0503725768251696,-0.032623976588749,-0.0831380561137638,-0.0355515461737914,-0.0265942181418651,-0.0284656355629157,-0.0402265255233847
585,-0.00653318378447909,-0.0210521953879802,-0.0273098959914201,0.00285485497340801,-0.0964136295088964,0.000490891694931606,-0.00384706913392628,-0.0266146138476317,-0.0137014817700015,-0.0385459915134117,-0.0572820525587129,-0.000486660006293854,0.0089032420887022,-0.00679931549434874
586,0.00795436085567505,-0.0136858640593616,-0.0410845000789867,-0.0172887114800329,-0.0556623103895836,0.0301682611434245,0.0315803889757653,-0.0515817820646304,-0.0303102822964735,-0.0807499622117207,-0.053061967663279,0.00483797728480119,-0.032385771761582,-0.0508721141011404
587,0.00276979073715198,-0.00861290836546651,0.00472417809210759,0.0287949267262117,-0.0785804313713516,0.0200782413527229,0.0473419375958312,-0.00183699614230999,-0.0305626143252334,-0.0542102911489744,-0.0710563869687218,-0.0272031575543145,-0.0370297809646607,-0.0327149996830905
588,0.00299095540150665,-0.0156014887454701,-0.046646440221999,-0.0416418893547677,-0.0710702643236085,0.00706116560533254,0.00240897729464845,-0.0199616246748446,-0.0321378691314351,-0.0140739433828512,-0.0774663709316148,-0.0192878906424816,-0.00414954468728797,0.0104995743485225
589,-0.0132606412465204,-0.0499023932738816,-0.0412557566533516,-0.0631398623963789,-0.03606995341127,0.00611906602437532,0.00921548089126287,-0.0443882182282896,-0.0460718022108875,-0.0647656964489785,-0.0146386459153119,0.00878553686760365,-0.0185746329817226,-0.014851178972396
590,-0.0103872124680431,-0.0167730119637196,-0.00876984495818263,-0.0311289130607046,-0.0183324690447268,-0.0314822209111172,-0.0321200481690368,-0.0331321291677299,-0.0648990238320783,-0.0377283041515256,-0.0256342866345494,-0.0232787944268987,-0.0644387904417534,-0.0646662607112246
591,-0.0202834008771199,-0.0402624895199445,-0.0278092285740648,-0.0291087621702416,-0.0620267042673624,-0.00371363298467742,-0.0171431918563097,-0.0180317227554498,-0.046397879111205,-0.0437720560421644,-0.049587442102357,-0.0072997873395893,0.0173333515805692,0.0240035205520328
592,0.00337583075309696,-0.0626760007541918,-0.0192713512394099,-0.0631189272775949,-0.0536885176728234,0.0113633743347134,0.0113633743347134,0.00207373715703507,-0.0378533291443918,-0.0402350680523569,-0.0337171849723645,0.0083970858402867,-0.00797844919880461,-0.00797844919880461
593,0.0198154901869536,-0.0537886171756919,-0.0273014859792202,-0.0271249736750182,-0.0502600223858114,0.0275164959047935,0.0104410441890645,-0.0181717686965229,-0.017421418987307,-0.0373451600411446,-0.0837287865404184,-0.0206543555568806,0.0102213647213251,-0.0080127127296198
594,-0.00180105092846135,-0.0564623176483727,0.00984933769943142,-0.0736483538592831,-0.0199788943529299,0.0209099245138373,0.0191320315457753,-0.0239755905115522,0.0239336102084896,-0.0143384315115106,-0.0694668271714199,-0.000572254292898255,-0.0413170764242143,-0.0436824140875808
595,-0.0121933633816582,-0.0118282716712998,-0.0316690581710787,0.00963538364912422,-0.0892196238165671,0.0011717586661847,0.00934763571070037,-0.00830684480546198,-0.0229873429426115,-0.089522384636428,-0.0819843795214926,0.0242196889692035,0.00170488087511377,0.0210059845567274
596,0.0179728089379924,-0.0572314853262234,-0.0206811243523985,0.014220868119501,-0.0179001585267484,0.0378958686255361,0.0247453674284163,-0.0707045462300388,-0.0317924420453338,-0.0533851091569703,-0.021402321097118,0.00668150387579579,-0.0607161650325238,-0.0514100680562646
597,0.0315151350877685,-0.0309242838008495,-0.0124748609455243,-0.0337224640532454,-0.0312203974059126,0.0396567254248524,0.0547401256135964,-0.0380931880359665,-0.0241966141301956,-0.00943024746584382,-0.0853137319026866,0.000489949964613046,-0.0259978218540379,-0.00765105012778586
598,-0.0169869912623399,-0.0335472902248129,-0.0351726598410456,-0.0137611413203111,-0.0562391713075727,0.00629652899818241,0.00230528310379514,-0.0277726264551705,-0.0367501289372525,-0.0179455458247744,-0.0380261605302975,0.00591669558569995,0.00614810716302493,-0.00280392167551723
599,-0.00342570917620717,-0.0226015024400337,-0.00711291035379311,-0.0520764010466392,-0.0590369243071751,0.0618332805812808,0.0576149998829895,-0.0649254301763518,-0.0281644667404085,-0.0335286857380722,-0.04871104324117,0.0229568858834324,-0.0468747106456609,-0.0457468352001569
600,0.00919836421841572,-0.0452816815025333,0.0102611799701203,-0.0744765330144341,-0.0443656166065547,0.0224265366686887,0.0483713587292035,-0.0431999905386094,-0.00305945579337463,-0.0531492515998178,-0.0516000359548795,0.00647592577704396,-0.0537775456356618,-0.0190070561433465
601,0.00226429798404487,-0.048242902436104,-0.0119219949440614,-0.0183753020107986,-0.0645084104640692,-0.0224995330440673,-0.00400686845200919,0.000467336269984686,-0.00785028115412244,-0.0758452359730162,-0.0439824942015784,0.0163759169507231,0.034857348773992,0.0312571472168758
602,0.0134509296179846,-0.0111775604291544,-0.0451118827559306,-0.0290231406928317,-0.0609897810524151,0.00132852210543929,0.0462045009221117,-0.0547209064789242,-0.0498248236824081,-0.0105538642417264,-0.109850032811225,-0.00738431699811452,-0.0226865380923807,-0.0172779978205207
603,-0.0289916785256504,-0.0161869940836249,0.0188768988822628,-0.0457950169405955,-0.0331538360493471,-0.00327798019685378,-0.00370439258435288,-0.0202068342686676,-0.0271744410204032,-0.0391339667398702,-0.0315612310693297,-0.0315538585745587,0.0130104287218222,0.0512075597420714
604,-0.00659507040834768,-0.0511814752418442,-0.0163915540975708,-0.052154742229107,-0.00524321952353068,0.0100054164548723,0.00980442968603455,-0.0153222810284843,0.0182157213804584,-0.0504653655920439,-0.0118186347064704,0.000862348397596607,0.0110775413577826,0.0118066272788826
605,-0.00354505202183439,-0.0163163036672006,-0.0289786207241601,-0.0330142409922374,0.010860476673631,0.0327664151034888,0.0392709180917265,-0.0550153304226138,-0.00447698348373353,-0.028046796456979,-0.0534621170536674,0.0281882928192427,-0.00744237281071838,-0.0106369964265142
606,0.0129081980417551,-0.0232874373957075,-0.0114820492846946,-0.0856264572349887,-0.0103934296631452,0.0461401930520835,0.0481126187199231,-0.0416812231885831,-0.0231243255723775,-0.0322212582044454,-0.0213994336754103,-0.0300835969994558,-0.00768276631531382,-0.00770080256825323
607,0.00306298047863105,-0.003033299531636,-0.0157317833627301,-0.0149772850071245,-0.0581055280956295,0.0224819249172038,0.0281425576149137,-0.0561151266758326,-0.036824459587668,-0.0213788393385264,-0.0549497327154822,0.0149052523522577,-0.0497266405383757,-0.0410840049147254
608,0.0299751112139802,-0.0515435501358349,-0.034548844880637,-0.0536960609961091,-0.0479324497401281,0.0715419157776288,0.0744126948635486,-0.0420615509863816,-0.0122367813692482,-0.0215408902918034,0.00892474344457786,0.00101658493268213,-0.0139218582859164,-0.0126652860062136
609,-0.0355827700863208,-0.0148759168867199,-0.069473334362103,-0.0624304800228254,-0.0155709948014751,-0.0557461860394778,-0.0858087752622124,-0.0596405802612876,-0.0498552044605356,-0.0347859376081795,-0.0517877181618835,-0.0255868915818807,-0.0376369037104795,-0.0280181461803131
610,0.0101428612172104,-0.0155918031695811,-0.013355513889915,-0.0585240245188002,-0.126285658719712,-0.00627853835877933,-0.00536614921949621,-0.0421715869847468,-0.0139788033916079,-0.0189492052581388,-0.0511151551699555,0.0194894298943123,-0.000227676439966115,0.00357215455441203
611,0.00996615002015863,-0.0196707361191707,0.0103644422957978,-0.00932733861295537,-0.0226650516573015,0.0157899314600695,0.0176974836604164,-0.0316093940463739,-0.0255779082291451,-0.0392015409552878,-0.0491994768876601,-0.0142577703897645,-0.0196372934448717,-0.0162144738639997
612,-0.02007493447879,-0.0663239369988014,0.0257379103434114,-0.0583578111433258,-0.0673866882079168,0.0237893760424008,-0.00308768453980797,-0.0111217055606717,0.00531755793623867,-0.0521970298895511,-0.025555147319317,-0.00792288078219359,0.0107263035784526,0.00446555077009889
613,0.00321194840482624,-0.0909898838872435,-0.0127186164964803,-0.035157675561808,-0.0905830207024678,0.0407497525071815,0.0331951821772464,-0.0322904541146396,-0.0324614761752642,-0.0615214013813005,-0.029894218061144,-0.0169524017412505,-0.0478124589943396,-0.0510206951868558
614,0.0156966046825514,-0.0523079621865264,0.00365543241405039,0.0352943001941177,-0.0320966228192797,0.0470595022292553,0.0539844875065097,-0.0227815365419099,-0.0170302164523099,-0.0448348694657732,-0.0559666251219955,-0.0149204889840936,-0.0329773272120701,-0.0457507536377641
615,-0.0214120839266942,-0.011307378467946,-0.00129690877248348,0.0112434595213051,-0.0781271540746862,0.017186757752599,-0.0149729043908616,-0.0433302652001877,-0.0371722273531278,-0.063532109192169,-0.0578554274009808,-0.0237786033749315,-0.0221826849219126,-0.0398822001709563
616,-0.0101921661202719,-0.0464957777013648,-0.014398848455567,0.00999366744372782,-0.0043778915569393,0.0363225720262234,0.045276676717483,-0.0296280933361893,-0.0327942656415443,-0.0754674111577908,-0.0396083150718084,-0.0321146218226775,-0.0242289601074299,-0.0354749926934116
617,0.00442721800386718,-0.0217468456209383,0.02458885094506,-0.0686726957269727,-0.0297980890331273,0.00442559338848061,0.00827669015671527,-0.039522936871142,-0.0360394065209564,-0.0219625754696902,-0.0691234412961385,0.0390356474654691,-0.014680401295257,-0.0139305119868386
618,-0.014030902053529,0.00551044992694052,-0.00405987099406102,-0.0907175050924768,-0.0370612222876538,-0.0249403596413463,-0.0223054447945569,-0.0195102045808697,-0.0255901223251441,-0.0111648702980178,-0.0688893095615154,-0.0264399438028812,0.0328449402795356,0.00341296764792633
619,0.013118315296297,-0.0546528179512053,-0.0455991070157737,-0.0702833944344441,-0.116402236187907,0.0328544399352292,0.0191900436668836,-0.0648008677836292,-0.00795833576980323,-0.0386613389389143,-0.0128594879483404,0.0320061123649656,-0.0371360460352154,-0.0496950904363656
620,-0.0140674960604052,-0.00166885993929233,-0.0251856635921745,-0.0220566045546939,-0.0157868671114376,-0.0148242784009423,-0.023967045966142,-0.0168491240269154,-0.0510955191351804,-0.0341434899846302,-0.0623833576356925,-0.0359340078532404,0.0278736363763956,0.0314249603464248
621,0.00622900220559952,-0.0157864941860181,0.00947521356048057,0.00749916491019501,-0.022666384123545,0.0235074444415549,0.0308339880382354,-0.0460242464212435,-0.0204925025659129,-0.0595992749544295,-0.0275927288187694,-0.00129859155537104,-0.0360900497542103,-0.0308250101444629
622,0.00438837055810813,-0.0511323859811073,-0.043132005679907,-0.0245313520701474,-0.0312720923703569,-0.00717139255817012,0.0128591410413326,-0.0704262503249383,-0.0157727649273626,-0.0185253671645854,-0.0519056541437387,-0.0064894494977004,0.00490688944195095,0.0170745166669831
623,0.00431780225389415,0.014396027089985,-0.0159898554009982,-0.0760220320282649,-0.087694230560634,0.0116619250786625,0.0173041721160984,-0.0222620741217835,-0.0302155756547697,-0.036809433560241,-0.0375446554546862,-0.0180239614490639,-0.00260486069019365,0.00275303943769521
624,-0.00651324177586642,-0.0435026910406535,-0.0336403902108595,-0.00107822910435834,-0.0604092071064733,0.017573958153576,-0.00203092403465243,-0.0291464501065508,-0.0249143305120261,-0.021719696821819,-0.040281055314179,0.00663809123688434,-0.0451088009121672,-0.0374687415832075
625,-0.00310782693714302,-0.034040101690522,-0.0163188985778693,0.0255984605681286,-0.066760697441142,-0.000947379239858409,0.00785745609603007,-0.0751158612268125,-0.0237798511789335,-0.0489298269378117,-0.0600025938999079,0.0304487695229911,-0.0653448208574171,-0.0553304788201151
626,-0.0336171509174435,-0.000283936332991633,-0.0129630925225719,-0.00314403110461725,-0.0786572987588617,0.000149678755209423,0.00163403868496373,-0.0456981700124694,-0.0539449829064678,-0.0543375673974428,-0.0809901065833017,0.0101403717803346,0.0177170841845234,0.0209131057412421
627,-0.0177196723775327,-0.0762018817215666,0.0268427155802959,-0.0266553576356887,-0.0532350192037675,-0.0124672025580414,-0.00437665083835473,-0.0327187244547811,-0.0345541168519531,-0.0363328210827531,-0.0148957228527233,0.00337854468651926,-0.0241393372406395,-0.0443103870270195
628,-0.0188248540905119,-0.0394230166446533,-0.0183657155981702,-0.021595158094444,-0.0310232275350816,0.00827773614103035,0.00702359248705495,-0.0796631188368558,0.00669197621261232,-0.0292825594662137,-0.0541731768482979,0.0250439344181114,-0.0512793319312347,-0.0571092843308309
629,0.0205710437394774,-0.0139450314105044,0.0195853368766208,-0.0363876775180424,-0.0748365323003892,0.0220891769250323,0.0247915887785367,-0.0685142749513356,-0.0177336296479676,-0.0397372247191807,-0.0475515084997311,0.0348951523514392,-0.017461199359499,-0.0191547095739048
630,0.00170090977257249,-0.0376783141226378,0.0291575558819386,-0.0605639024967953,-0.0779428423028952,0.0421466999948419,0.0401821600260321,-0.0590925822929028,-0.00134270465628256,-0.0372225589591879,-0.0643397453416538,0.0050646645809342,-0.0417958395649855,-0.0487142147347455
631,-0.0260238271056415,0.00712957621291398,0.00118831731986652,-0.0683575039771237,-0.0826777186434081,-0.0125244633743877,-0.00352234737167029,-0.0427887682383394,-0.0395477864617667,-0.0328102497295119,-0.0228967217852288,0.0104186009097425,-0.0298265802663466,-0.0307475508595179
632,-0.00500321817643906,-0.0319020019651894,-0.00459263988715761,-0.0319799466977544,-0.094123158685644,-0.0296337100383979,-0.0307363747409013,-0.0610892465891802,-0.0373003384351706,-0.0316490649631571,-0.061421853023625,-0.0163012054793017,-0.0152079030426853,-0.00342067050515876
633,-0.00585882056759228,-0.0497195001576097,0.00960075642282457,-0.031600450074265,0.00467009011881725,0.0129643215972629,0.0136151722634559,-0.0564924555932798,-0.0209623612619365,-0.044168196912698,-0.0486208230683449,0.0124760925010528,-0.020459641478803,-0.0218453030853325
634,-0.022098276192514,-0.0308973290374069,-0.0113758174061845,-0.0241540240206558,-0.101337764337004,0.0124885250715777,0.0200909530446773,-0.0281429182167654,-0.0113164651059001,-0.0350297394617994,-0.0495075262722175,-0.0130427024729815,0.0587777164190877,0.0238950343851218
635,-0.0363175857282787,-0.0578171970180216,-0.00929410700821987,-0.0247630226839309,-0.0478194337878886,-0.0427517423893424,0.00218657964137565,-0.0332342229002462,-0.0293161713751113,-0.0342983193351094,-0.0740214409276427,0.00447654704598205,-0.0303576594715565,0.0179607889350437
636,0.0198099479525932,-0.000946049021952444,-0.0624919201989604,0.0184930608017755,-0.0519935945496007,0.0514837067098994,0.0328752341898182,0.0200478214299804,-0.0352816508359764,-0.0870912194436524,-0.0542484292530056,-0.00460839624972439,0.0490538341655326,0.02477796840654
637,-0.0201501977855286,0.000157040672240455,-0.0284237318105462,-0.0396741154256096,-0.109535655995106,-0.01038309921526,0.00860583336380592,-0.0178502474450164,-0.0268804362816831,-0.0569086564444958,-0.0431279441708834,-0.0242124265876007,-0.00099661665803466,0.0399932554868743
638,-0.000788149872751623,-0.0161200883561054,-0.011525837416211,-0.0324254411989414,-0.0402448295978494,0.041805937306941,0.0372229894124841,-0.00549863936403581,-0.0673969660151611,-0.0297050358854887,-0.066695583954871,0.0413362618150069,-0.00126834288340093,-0.00270290756060472
639,0.00315761201890692,-0.0980194417528897,0.0231428751939427,0.0135168362772196,-0.1153011796825,0.0146284821973382,0.0162942121830583,-0.042309676766327,-0.0283298476636659,-0.0440875097811292,-0.0727481288026106,0.0142661889283946,-0.0504634918500061,-0.0489686101462192
640,-0.00867552591977737,-0.0203743220559714,0.0404353895636871,-0.0308320282396806,-0.0726084795413297,-0.00650804477278989,0.0478406760063516,-0.0770602954638627,-0.0450012102084969,-0.0562531437581165,-0.0774423073127942,0.00330102156317448,-0.0613138087034863,-0.0766828142999437
641,-0.0270693282178275,-0.0277942028970929,0.0296837670847866,-0.0150903402111036,-0.0805140959113812,0.0100648086785581,-0.0234503731333036,-0.051965003746216,0.00621833904464222,-0.0844095547094989,-0.0312763683102781,0.0524605481303963,0.0336634229656173,0.0203298454732994
642,0.00539543985941188,-0.0126538046196901,-0.00358914128023183,-0.0197336632577236,-0.047393454008021,0.0115704026784784,0.0045499993904398,-0.077589296819715,0.000721836202190365,-0.0457218466268604,-0.0420612761967383,-0.0147845207196051,-0.0581301895898185,-0.0411785494273239
643,-0.0212803484882349,-0.045466808565269,0.0075601390523847,-0.0892867493090151,-0.00510983135257803,0.0161294811217821,0.0188270551307177,-0.0798282083095723,0.00995824229721907,-0.0439514077076959,-0.0521920448831476,-0.00598742339121953,-0.0444493467602488,-0.0832581567013682
644,-0.0229919823458204,-0.0198622329550129,-0.0450296768970977,-0.0771773991430822,0.0064539762273817,-0.0287238635970197,-0.0187438364271437,-0.0181020569004273,-0.0284350542748736,-0.0426043604120587,-0.0586270885433043,-0.00571851742058266,-0.0266142606587798,-0.0269706332583451
645,-0.0160291043663278,-0.0267868891847254,-0.056126854712159,-0.0416070011075698,-0.0576214009815858,0.0120575781371085,0.0185535790618928,-0.0086184550151365,-0.0194066269523635,-0.0316947504360727,0.00303115058989188,-0.0109767374333942,0.0119344875274368,0.00693293307894303
646,-0.016220603183383,-0.0278128169685446,0.0184008220438924,-0.0412541854316699,-0.0324478389685739,-0.0142298266001764,0.00317185241486311,-0.0310590428642286,0.00739525580342786,-0.0335484239266442,-0.10409414232695,-0.0182824618500883,-0.0398969259022179,-0.0280587367591784
647,-0.0241583476691688,-0.0058607458002726,-0.000975556213225481,-0.0723790780465687,-0.0381404585702143,0.00658045608570788,-0.00914680816191257,-0.039303008932315,-0.0187291020918443,-0.0683071064109895,-0.0367915973316546,-0.0312687914180401,-0.00630513475697307,-0.0117907561221257
648,-0.00961805410774592,0.0080009083448246,0.01291290574832,-0.0649017736140535,-0.0667434052634229,-0.00255635770859167,0.0154563209064175,-0.0421475958646507,-0.026577368818675,-0.0859298434693427,0.0074379689988153,0.0167939661604627,-0.0378883011191764,-0.0310189780748822
649,-0.0138834827232645,-0.0334051939100784,-0.0103420703872497,-0.0896552632321464,-0.027378065773103,0.0111229642258999,0.0077879261672255,-0.0529641223042418,0.00599917060516754,-0.0471570632666866,-0.0518824682490415,0.0172217261162046,-0.0840391117195859,-0.071338933396338
650,0.0146576259821286,-0.0432694918850226,-0.0208128147623693,0.0154645629042085,-0.0388116785046658,0.0355801928970397,0.0222051692185342,-0.0430573185912539,-0.0611676018886592,-0.0430913818005444,-0.0180928448580407,0.0292312113834324,-0.00301188246480069,-0.0217929337969144
651,0.0174455243627744,-0.0255566017053125,-0.0374917962142227,-0.0243814941690383,-0.0688812206197376,0.047448297942435,0.0173308102882263,-0.0371597044983111,-0.0397631966907877,-0.0353610130419813,-0.0351314361005517,-0.00216993217918657,0.00782867440954173,0.00564851678304597
652,-0.0159056261236109,-0.000396490893304263,-0.000577333550947412,-0.0328803875690346,-0.00384118889991025,0.0195940016276724,0.0166891806001881,-0.0170986383164803,-0.0277854119981692,-0.0809067823570485,-0.0263703974280133,0.00976698728956758,0.0131157111680463,0.0263274406663416
653,-0.011878831715267,-0.0314978594385161,-0.0392125593726767,-0.0236025435333452,-0.0367434344154554,0.0283171928911115,0.0208991424868377,-0.0510338291264298,-0.0368581528574771,0.00788010360997182,-0.0861455643642461,0.0497601741537936,-0.0417213191542592,-0.0409196624867964
654,-0.0260120085173462,-0.0178080349028448,-0.0312104819488428,-0.0510460776320006,-0.0287144819111403,-0.0029634143022312,0.00532516808465577,-0.0596412499944965,-0.0408056641921456,-0.00658912187258943,-0.0675190730402644,-0.0351309607340671,-0.0390929068469114,0.0000634888025586727
655,-0.00389182554114127,-0.0348543693584249,0.00690517961273127,-0.0238876690662538,-0.0661330967004523,-0.0197322303004374,0.0081398661353875,-0.0578912879608551,-0.0312177592847421,-0.0554332652861789,-0.0416973113428124,-0.000736863683218014,-0.00745158350133811,-0.0499234394812176
656,-0.00810998021983611,-0.0217237121975931,0.0111008622095634,-0.0369360824990892,-0.131518140168668,0.0395202770318426,0.0286084353181672,0.00690652378794521,-0.0301986329444591,-0.0501634728745527,-0.0579546401360885,0.0193251472329743,-0.00635903960706588,0.00672970324789358
657,0.00465151511527031,-0.0366987758107922,0.0388286008029324,-0.0666000798328622,-0.000679806568741281,0.0429811063131372,0.0433743707870899,-0.0661338544452144,-0.0203627895929984,-0.0631496980149596,-0.0500980543421592,-0.042462684540715,-0.0605115092413284,-0.0409380478915915
658,-0.0108808596693667,-0.00952321112602598,0.0123341310818136,-0.080939579480743,-0.0619577870760164,-0.023762225905147,-0.0557958919392139,-0.0363000679415677,0.0190186854733764,-0.0430815756599418,-0.0603930812344592,0.00568325578117254,-0.00207602415771001,0.0175033200763578
659,-0.000578259394646653,-0.0398114136845382,0.00420972647525983,-0.0133888385797294,-0.0799286913729725,0.011753028413697,0.0348994809756554,-0.0331650304502446,-0.0515448526630089,-0.0142791168022408,-0.0497783234837116,-0.00370543273934447,-0.0244145439625242,-0.0163624097373061
660,-0.00178786744441402,-0.0163290495386317,-0.0197139753881383,-0.0253230039108837,-0.020328630829332,0.0398535540980648,0.0504570016590633,0.022789936973517,-0.0338231846054928,-0.0330235809861712,-0.0423525144438388,0.00463915325975472,0.00715056523873611,-0.00821021075490114
661,0.0197969965933172,-0.0465814650370931,-0.0126455435401973,-0.0466854841618136,-0.0120477253378126,0.028119927348486,0.0168922562329645,-0.0472263116086184,-0.00491044601314147,-0.0493665392346317,-0.0409729571588672,-0.0018146455634343,-0.0540066544655569,-0.063234570150225
662,-0.012424803241788,-0.00275591879527103,-0.00887031448784065,-0.0254083032793584,-0.0831962361313523,0.0095627912877954,0.00622108291964099,-0.0172256842035666,-0.0280577355808106,-0.030378335737564,-0.0514250531364189,0.0501903222178751,0.0217776201076317,0.0183101187311059
663,-0.00863012823776189,-0.0112868464685972,0.0341746458486965,-0.0857826595988616,-0.0479083972635357,0.0245841207562086,0.0235357580812373,-0.039857198746925,-0.00499013337660244,-0.0501936145985677,-0.0579806733296404,0.000953257256603168,-0.0134598788817522,-0.012394815210319
664,0.0108209467159148,-0.00139636080298136,-0.0509627221216748,-0.0315662167782156,-0.120180493116137,0.0135193679266264,0.0081288348490941,-0.0146667849786274,-0.0300083359463996,-0.0878117168417404,-0.0463154256550879,0.00543724332251308,0.0256799865054698,0.044337532894383
665,-0.019520806008459,-0.00936065901204439,-0.0160388469708018,0.0250570821412828,-0.0367974530445619,0.0200710912530992,0.0249016570401527,-0.0338577246139748,-0.0571850295783849,-0.0563592171870118,-0.0575525444932433,0.00844383033734446,0.00520028066545079,0.00429241833580957
666,-0.00154680710730259,-0.0355236154872477,-0.00229588373296413,-0.0392342843814384,-0.0181311499714155,0.0416823026795173,0.0227981870439739,-0.0303007056028701,-0.0147506882772096,-0.0634968955665634,-0.0440207466110273,-0.021963519448033,0.00389513675266345,-0.0224681308172726
667,-0.000294591030742405,-0.0663647877146201,-0.0140607085913985,0.0121633709227258,-0.128228152813569,-0.0035201366704723,0.0185461967167127,-0.0120925636789021,0.012167013132874,-0.0472875839826446,-0.0931837302100613,-0.0106183175283946,0.0406832586652379,0.05648185451152
668,-0.0048189239605373,-0.0438026567307215,-0.0121813240692502,-0.0601954072839242,-0.084797339717905,0.0445152733005783,0.0418742100187559,-0.0121165894818187,-0.033415022316878,-0.0678964563369909,-0.0329612563279763,0.00417750276492285,0.00429209814301822,0.0129352063011286
669,0.00248926433124683,-0.0546500720394767,-0.110107848592099,-0.0117876836644462,-0.00892365478563661,-0.000031898805671414,-0.00125216613939533,-0.0140218488917472,-0.0104656731538689,-0.0338201832663924,-0.0200454305885123,-0.04727119259157,0.0416576555602679,0.0576761381419738
670,0.00503825031466796,-0.000529478002776737,0.000735544689882933,-0.079572152908832,-0.0479990686945293,0.0276936871971695,0.0476786391079701,-0.0656430369864012,0.0287413544579628,-0.0354145557449988,-0.0723233051090345,0.0151247762529504,-0.0610586455020231,-0.0330319316376707
671,-0.0167082187742365,-0.0567651732611613,-0.0227081173501844,-0.0426982825396973,-0.023123058331358,0.0150686987249881,0.0380546249213971,-0.0333041519149576,-0.0152789250084275,-0.0289328901571028,-0.0799682125628417,0.0125926810385253,-0.0261377844998133,-0.0417253347625021
672,0.028195529938989,-0.0391162742865945,-0.0217205171105606,-0.0200881428166716,-0.0548698186662052,0.0588441229835362,0.0549115363984717,-0.0555899405767777,-0.0255952315805427,-0.0540227377552776,-0.0848183892661102,0.0369716284707872,-0.00767389843784883,0.0277222862368354
673,-0.0377194933471889,-0.00594491491564672,-0.0258253080996298,-0.0840963924400539,-0.0745566897995001,0.00354902200761049,0.00225802314473562,-0.00839179002388915,-0.013031499903644,-0.0147776402328054,-0.027781007486332,0.0182915671837638,-0.00486496444618427,-0.0130110551685806
674,0.00643549697584912,-0.0398847762312972,-0.0135988120395807,-0.0700515028175999,-0.0320768547831745,0.024022129883566,-0.0019394629654047,-0.0322802216661931,-0.0496713770990417,-0.0476713285218873,-0.0424896913425014,-0.0275535234715239,-0.0380330506228001,-0.0327175271444059
675,0.0173912678952509,-0.0391765338312003,-0.0201004894755923,-0.0680581783038137,-0.0391504055781161,0.0190511985027993,0.020852176257019,-0.0376873712532408,-0.0453758613057802,-0.0083688002621152,-0.0257884807534919,0.0260731709956243,-0.0247759385666218,-0.0163011288423255
676,0.00614640550061493,-0.0231675429203789,-0.0333152225520112,-0.0189236503030552,-0.0143287398990094,-0.00112920250531309,0.00672595795846193,-0.0381706434446867,-0.0243565969381926,-0.035255887949313,-0.0383402916002645,0.00248564128077255,-0.0113683065360702,0.00131312055859658
677,0.0114358465297602,-0.00458726673697238,0.00763683102765392,-0.0273489962655411,-0.0141021287094327,0.0289333576154012,0.0170134892392648,-0.0217079129829542,0.00347034913140301,-0.0797316995262401,-0.0257419551565566,0.00656841379182393,-0.0365148246355455,-0.0199148146242815
678,-0.00786199769872581,-0.0640438091316537,0.00394585860777066,-0.0213269334325678,-0.0618442855945168,0.019657641253304,0.0379580506178208,-0.0368350112543274,-0.0143072769362464,-0.0518847665982744,-0.0524347267393374,0.00379169234365924,-0.0122873399414314,0.0262408885518799
679,0.00159143333876592,-0.0579273460686855,-0.0588387356233753,-0.0596967939320144,-0.0610999896744799,0.0165903088437512,0.0161024946061392,-0.0359636144106685,-0.0127823322586181,-0.0321351314520707,-0.0513117722035311,-0.00834001079561801,-0.0254116951268856,-0.00740206069926844
680,0.00346189739130265,-0.0487910146139854,0.00728161396192192,-0.00519656933638943,-0.0638532861905274,-0.0154184136430792,-0.0143942406889227,-0.0413676509835817,-0.0393448281246374,-0.0690301142751034,-0.0119790303754884,0.0137482160523932,-0.00121072340926587,0.0251763430264458
681,0.000522293980353486,-0.0128230250241607,-0.0331959726570928,-0.0378717857216469,-0.0496707777630461,0.0522899720576449,0.0761857560625988,-0.0285053549365113,-0.0535494524454273,-0.0214793768293913,-0.0276886008152621,-0.0348309207891207,-0.0401726229334715,0.00201665796235532
682,0.0289011359194756,-0.0162561834458784,-0.0335114913578128,-0.00542990432660218,-0.0696084135610723,0.0294711286631212,0.0305227508645463,-0.0516740030709064,-0.0287502180154637,-0.0185866658721462,-0.0602952580762155,0.00739102754333129,-0.0127055691382608,-0.00926853163299293
683,0.000551761109659543,-0.042461176423265,-0.0293416770346122,0.00391129824811598,-0.0935776261103,-0.00480742761605066,-0.00169162104327024,-0.00587948582357577,0.00769299282034881,-0.0421868546215016,-0.00359289353810431,0.00497885878788337,0.0488404571990696,-0.00289328489134866
684,-0.0280382165556614,-0.0325143611579873,0.00476462582150414,0.00147204810603754,-0.0347164510893576,0.00978370111134267,0.00562423195131705,-0.0420966451780649,-0.0240833759889571,-0.037551698508123,-0.0519816903680463,-0.0322723169688604,-0.0367213931105493,0.00614601251964125
685,-0.0464168993624986,0.00394749689228158,0.00708393791002646,-0.00203571984345802,-0.0341146660732673,-0.0231489280966705,-0.0179311752083256,-0.0174499188838102,-0.0204316462834274,-0.0219207302854903,-0.0121947254470418,-0.00383423355670541,0.00539405615230833,-0.0153519492350187
686,0.0027400954512278,-0.0608630876889075,-0.0541009691593608,-0.0474817269997009,-0.00337179215399702,0.00584361615387725,0.00558358526149769,-0.0319690868669194,-0.0220316611037114,-0.0141863498926011,-0.0491705645126909,-0.0191981306738873,-0.0410795769735166,-0.0382328729693994
687,0.00933356918309834,-0.0409306015156894,0.0146230478335448,-0.0197110065635514,-0.0357727965735438,-0.0119010267580994,0.00523952841155059,-0.0343445626180165,-0.0374975002649537,-0.0512124133950357,-0.0287145462902451,-0.00528479671533749,0.000254742447695029,0.00121818262485386
688,-0.0266241977547357,-0.0219575303836015,-0.0353592455905887,-0.0608862161278477,-0.0944842784469732,0.0197981952883172,0.0409735579034564,-0.0215443880327672,-0.0499846623125356,-0.0622261696110463,-0.0706277670980987,0.0220663012797257,-0.015981679072475,-0.000557848000973221
689,-0.00463124786723747,0.000356284201948456,0.0292493212946418,-0.064659961724405,-0.00985447077107626,0.0484254332599281,0.0100659703433429,-0.0216073778575445,0.0167769159658039,-0.0459548747730696,-0.067613061279184,-0.0138231617716346,-0.00770670686540176,-0.00806100069845747
690,-0.00113286085127538,-0.0414133670978882,-0.000667780040601917,-0.0724173870389222,-0.0366772571562533,0.0206380296496306,-0.00313621910833338,-0.0550506333691513,0.0233170206964142,-0.0572172603304003,0.00169598430961786,-0.0126052776590986,-0.0401742431248548,-0.0453317254732829
691,-0.00899291408121707,-0.0430955471405702,-0.0019891667305886,-0.0571438650108496,-0.0209798816250332,-0.0109955140966503,0.00190631541525066,0.00570862969554221,-0.00811334650826805,-0.0177929275280452,-0.0638790809982678,-0.0319596970016471,-0.00416171362540844,0.0107673476823094
692,0.00346689142985529,-0.0039183782702991,-0.00219059228583737,-0.0454893284613559,-0.11228707513357,0.0305059846289888,0.0313163101475308,-0.0203599049093303,-0.0202312579837109,-0.00867796769529196,-0.047693528000901,0.0487170082239728,-0.00229626257532319,0.0333200399876679
693,-0.00524924738774064,-0.0227279933349847,-0.0487504040487852,-0.042872852997502,-0.0506512616992693,0.0188686254689204,0.0055337806087313,-0.0638852901470037,-0.0642297445656481,-0.0378910349547744,-0.0870294632917327,-0.0235184005290261,-0.0487523783456974,-0.0855680533517376
694,-0.0115502052233178,-0.0304683390997133,-0.0320368057564323,0.0104073440968537,-0.0264555904465814,0.0356610977227118,0.0375809638245756,-0.00799280822726141,0.000795874108907788,-0.0897881870040183,-0.0507372940551903,-0.0317792070470216,0.010762009081975,-0.00615248518632761
695,0.00638526671849844,-0.0567894786727004,0.0170309170289238,-0.048075264908578,-0.0171596909284314,0.0358199606414765,0.0221226336386055,-0.049816016366774,0.0057044465471538,-0.0415273384119212,-0.0376151689549026,-0.0343185103181643,-0.0038624967968667,-0.00181394901756148
696,0.0227293734883571,-0.0170499238110457,0.00486242714694426,-0.047459005224908,-0.0804060694661815,0.0505007436608026,0.0516629739747772,-0.0494670641552386,-0.0240994791856557,-0.0539881908221626,-0.0371919987428788,-0.0162449063822757,-0.0210300064348981,-0.0104060651021469
697,0.0190778615781041,-0.00764529524811738,-0.0154675014802775,-0.0093232849590292,-0.0695117608639396,0.00526399746402904,0.00158043828092623,-0.0431816059483571,-0.0518118112151983,-0.0366496187627621,-0.0539477582908814,0.0281690110528559,-0.0244589841578615,-0.012161788103229
698,-0.00437843851831552,-0.0426465193579603,-0.0592642399746103,-0.041448312334434,-0.0404522761115931,-0.0000536189805454973,0.00577981216491769,-0.0323717450567561,-0.0424964149820434,-0.029589476656879,-0.0472627060844663,-0.0232957615324085,-0.0198594240730769,-0.0283779316294065
699,-0.0141095916316678,-0.0477253429427867,0.0260951174964858,-0.0442759930333848,-0.0413763960785627,0.00299254462794821,-0.00306433606612542,-0.0427949344161841,-0.00961621729171938,-0.0505572473292661,-0.00492713187650448,-0.0129885425093219,-0.00965550774811287,-0.00669684943328062
700,-0.015804866693937,-0.0266084232680917,-0.00547054418449355,-0.0972775236940043,-0.0863882414554762,0.00574552407454716,0.0100425592921572,-0.070938029810081,0.000404319828180261,-0.0272329158319641,-0.0470075970895707,0.004890526764135,-0.0255192996839252,-0.0255089944433535
701,0.00188708379424317,-0.0198274106885622,-0.0200837569156247,0.00794613771954716,-0.0124024092592171,-0.0000185024059233055,0.00742504700820437,-0.0299383854562239,-0.0211578997632792,-0.0189004908480872,-0.0890633262133805,-0.054235010715391,-0.0295106035666594,-0.0297751024698308
702,-0.0333555383008412,-0.0054408325839925,0.000791156332691056,-0.050699543335485,0.00478542465965581,-0.00722130154025492,0.00227717012140766,-0.04617979034303,-0.0370745059682211,-0.0418281339442648,-0.0424330982358522,-0.00642133002987705,-0.0434836110587873,-0.0434393089174674
703,-0.00976924793248684,-0.0577721883990096,-0.0622523579151388,0.00642871400360631,-0.122172841717814,0.0013877276549135,0.0122696375215854,-0.0090420569004455,-0.0359877383284636,0.00304662004364696,-0.0759038901131475,0.020345460889805,0.0135656660082069,0.00623822766410498
704,0.00766618596457473,-0.0657800098437511,0.0364659648160395,0.000495614257730925,-0.0286322031430477,0.0457639820305352,0.0619479115005774,-0.0196215134188799,-0.0131851901690588,-0.0138876931357079,-0.0710255894995408,-0.00705715430561582,0.0139189205762613,0.0243596403681685
705,-0.0318722733140587,-0.00609497314327424,-0.0591217749200224,-0.0264535824303472,-0.0247238968286885,-0.00402654806213331,0.00205970425073532,-0.0478784424070246,-0.0470817499509588,-0.00407226197047747,-0.0231248776879914,0.0116211090750763,-0.0564454814987363,-0.0543405322256886
706,-0.0435849641608084,-0.0154939048883386,0.0162515982642548,-0.0452903419927104,-0.0655914428129143,0.024368964355798,0.00218067982238788,-0.0416352377831321,-0.0198261631223408,-0.023499439851286,-0.0563962825282259,0.00494326732518029,-0.0153239398521921,0.00870876362891736
707,-0.00624297425550843,-0.012547189970374,-0.0287936782690301,-0.0325891548699698,-0.0709107175017829,0.0223658228222103,0.00170917199091257,-0.0464038621793871,-0.0426141195978944,-0.03947477833027,-0.0539219324332069,0.021949156899344,-0.0261530149260005,-0.0324663115815149
708,0.0139106305220802,-0.0319812947885991,0.00858718895929478,-0.0510689987342882,-0.0640926764722112,0.01528854937983,0.0166792448862165,-0.0293720414808212,-0.028892604013925,-0.0217690816681735,-0.0491093357723455,0.00970220916963944,-0.0140533511883495,-0.0301368499233602
709,-0.00665935506439114,-0.0488816395382235,-0.00787504276084228,-0.0378639887458782,-0.0594701032454002,-0.0293005650308985,-0.0297798512381045,0.0078145738832175,-0.0216678551491523,-0.0318903752703053,-0.059516025412598,0.00236518113927542,0.0189845106840814,0.00301029056246702
710,-0.032286248757546,-0.0357757769469305,-0.0216786655283438,-0.019593554290115,-0.0840956148847621,0.0263567778928034,0.0272557992668458,-0.0491685431970859,-0.0190627823287992,-0.0336995199817554,-0.0319154565452655,0.0377817864208999,-0.0423500490519013,-0.0575922981545196
711,-0.0100254135216324,-0.0172569282683082,-0.00130296778971967,-0.0430714616539205,-0.0481128454525996,0.0406764959879288,0.0392381769712887,-0.0454763513511921,-0.0223260534189181,-0.0542453090352176,-0.015365914027996,0.0267561732859631,-0.0120855362608419,-0.0211362977090811
712,-0.00272281596732358,-0.0275370150953502,-0.0129405325794168,-0.0238315343521994,-0.103005332987643,0.0246508761558971,0.00167793254296162,-0.00659997700863461,-0.036452518998515,-0.045127674724023,-0.0451369540389392,0.000661740150746465,0.0275652019209569,0.0261172468802162
713,0.0103735831981594,-0.0494927040478585,-0.0323539577400552,-0.0309901251379362,-0.0264012840549616,0.0317810796031032,0.0358994753304775,-0.0828078242928897,-0.0325158860209633,-0.0341250645937575,-0.0627283775051213,0.0171483400206735,-0.0519701729744936,-0.0624680817922474
714,-0.0249254592956486,-0.0761883187121188,0.000333746719236527,-0.0418468459952396,-0.0889563335790209,-0.0145689139900172,-0.0294157616688292,-0.033103827725957,-0.0395868739335381,-0.11048504356138,-0.0644722663110327,0.0566949577047072,-0.00840871193526757,0.00337413622504612
715,0.00961741447818373,-0.0495089247523519,0.0128361985179021,-0.0674922832341691,-0.0431128591137926,0.0278436609732344,0.0303376937327432,-0.0304782717053168,-0.0469352682772225,-0.0240402825329743,-0.0811476256727042,0.0147149286947166,-0.0216778388219585,-0.0237278681070266
716,-0.0101547327176027,-0.0209903213652463,0.0143278438844468,-0.0666243458649126,-0.0735486989513388,0.000569845155626088,0.00887448984904531,-0.0381757490746469,-0.042941747347751,-0.0817783772073837,-0.0221926356383891,0.050331192447657,-0.0597285877099732,-0.0631151668903463
717,-0.026436777780809,-0.019750974397709,-0.0334027706234277,-0.0435477204165632,-0.0358579562558129,-0.012964476244391,0.00959044039581945,-0.0580677360453824,-0.0211632704275166,-0.0277254345672103,-0.04135405982988,-0.0388068693406289,0.0230657246463765,0.00126809069278307
718,0.0216667101586035,-0.0774500282342107,0.00267994819960971,-0.0426360527223975,-0.0940266662644533,0.033266221426801,0.0410127492252232,-0.0314747046286755,-0.024098591820656,-0.0159815185870105,-0.0434321077503321,0.0187082493041279,-0.0258252078123101,-0.0161672850298756
719,-0.000919910978393605,-0.0271017924479733,0.0538381918172712,-0.0365095310703331,-0.110141937375007,0.0141035149460898,0.016130775054283,-0.0343471733244177,-0.0304186892142632,-0.0835348242528599,-0.0236891818486601,-0.00238843131681274,-0.00803912764729668,-0.0132457581504522
720,0.00802369113258245,-0.0217961232037041,-0.0275187769906632,-0.0844768065418077,-0.033787742063757,0.0160794465489055,0.00963172999227622,-0.0214218734971571,-0.0136751393527908,-0.0539909874089321,-0.0426323172227158,-0.0300186119219731,-0.00360415429224931,-0.00611034454813861
721,-0.00952792755709185,-0.00391871112383967,-0.0700394066769369,-0.00497531800595427,-0.0498760316640498,-0.00677807764231314,-0.00366335597745668,-0.0375491183698104,-0.013771982381618,-0.0352137987984986,-0.0569800495305253,-0.0267182978550938,0.00286317326226007,-0.00239407049026849
722,-0.00873619580918249,-0.0442063604941452,-0.0658987304426985,-0.00952786066853389,-0.120477113702305,0.0360100618545168,0.0353901477753998,-0.00973389162635985,-0.0297277714705258,-0.016419134058302,-0.068419429807759,0.00982582572326694,0.0655487526612528,0.0578071596351499
723,-0.00038370086642367,-0.0157640384242249,-0.0146364162778085,-0.0118760363881747,-0.0704849747921285,0.0152610303110127,0.011465260804847,-0.0209584122262725,-0.0217434036953123,-0.0324608834044686,-0.0556830495913006,0.00118844782486409,0.00254134474794937,0.0121132451648868
724,-0.00734527432617216,-0.0171910583961774,-0.0643127680553125,0.00315988323176095,-0.0487741162627413,0.0127561080387441,0.0451360406990707,-0.0117792926512466,-0.0432516544857994,-0.0362787795007189,-0.0416610256095846,-0.0262420884958816,0.0176210333490943,0.0296825991544942
725,-0.00618495187468955,-0.0291532925062693,0.00477452890398619,-0.0617366052931077,-0.0729191537670943,0.0431344779174548,0.0321493377777645,-0.0353745261582105,-0.024002969648775,-0.0695115232693656,-0.0124643605246271,-0.0141974608405136,-0.0268605094952774,-0.0411861784670489
726,-0.0102345938230357,-0.0728051691954997,-0.0417463307465404,-0.0377402845276377,-0.0959292442031437,0.0629530110383736,0.0449724202200129,-0.0424008958975118,-0.0204410910446751,-0.0227690366683758,-0.0265242545753381,0.0301482243360079,-0.0293022652927352,-0.00986185963754906
727,0.00290221429148216,-0.0110524700554199,-0.00644054695226515,-0.0566658903646256,-0.033102933318805,0.0361222871651995,0.0334725352015687,-0.0329508057581976,-0.0616597866057187,-0.029018035523229,-0.0536312958482242,-0.0120972849923808,-0.00531586390150297,-0.0193902848758629
728,0.00728744788788571,-0.0486401622852744,-0.039416219016024,-0.0474090928380946,-0.0639040013035592,0.0123161164838012,0.0194702265293474,-0.0522936060386457,-0.0415318965858798,-0.0306261352179534,-0.0729345972773339,-0.0000906885830136706,-0.0269635688037546,-0.0324205982876889
729,-0.0283373414269004,-0.0434829487611503,-0.0224117617554102,-0.0254096276926654,-0.0782307184343279,-0.00275943085190494,-0.00119836927250726,-0.0463794135513449,0.0051624805755639,-0.0211414304566632,-0.0338636532393048,-0.0280142929692732,-0.0178665980580897,-0.0150356925871259
730,-0.0208900040813609,-0.0232776712808662,-0.024753100293832,-0.0759832342624734,-0.104775889201494,0.0070695847432953,-0.000845876108846531,-0.0462026297895364,-0.0219043382989491,-0.0253958661644863,-0.0278603953905291,0.038907574695645,0.0145671270283115,0.0315719618626532
731,0.00245184969009478,-0.00442670163211153,-0.0254580855550581,-0.0164807771580826,-0.0260033107519052,0.051405411424095,0.0851347665951305,-0.0184431518953896,-0.0393820644569362,-0.029281978536918,-0.0518067497215638,-0.00110393371277318,-0.00489198428540502,-0.0147399941136658
732,-0.018402345765642,-0.0119524648291629,-0.00891142715358859,0.0647092685657026,-0.0793589572255371,0.0471088906079274,0.053412978015421,-0.00899373943081121,-0.0131721186880678,-0.0220480746404675,-0.0707987953090583,-0.0338795270078185,0.00665577150482273,0.00561557647762347
733,0.0000917804482509499,-0.0740184183177636,-0.0102219762375766,-0.00157791806295904,-0.0423975172714074,0.0570634902167147,0.0233165351603287,-0.0373637758946955,-0.0189783396394217,-0.0334753536069224,-0.0969422619368226,-0.041163117408276,-0.0387189059035132,-0.0381790676701268
734,0.0141036084021872,-0.0149855298062167,-0.0391317059348464,-0.028593302371886,-0.0669546547003302,0.0275176925397694,0.0478345568023617,-0.0395477888646604,-0.02905238382445,-0.0671082421739404,-0.0276108570154806,0.00595686922369015,-0.0555028571729125,-0.0598175381233314
735,-0.00378892445283364,-0.0390714617675331,0.00444506834549999,-0.0743546939890326,-0.0382783911532185,0.000850119733217886,0.00752701755829328,-0.000462109057667776,-0.0441766876049614,-0.0237746338637352,-0.0635075399396281,0.00715505480759623,0.0444994405068451,0.0305752595274007
736,-0.0158303437592546,-0.0469936217975931,-0.0380869496083187,-0.0280516252099138,-0.111350020319541,0.0126241666420252,-0.00212110511230893,-0.0186041994167409,-0.0402095288711774,-0.0332214815161585,-0.0702410745543612,0.00168066649434843,-0.00066260007254515,-0.0236449833691523
737,0.0258022637065245,-0.0137945057920717,-0.0151002427672026,-0.0235248137317707,-0.0440075302841964,0.0258879825252949,0.0265740871121465,-0.0244919800791896,-0.0547594341627021,-0.0727460685891439,-0.0229804700841638,0.0231867650503059,-0.0267431155198556,-0.0274177221323773
738,-0.00467269978047614,-0.0785897058685129,-0.0242730805342846,-0.00788699459873596,-0.0347668931461946,0.0177471005446833,0.0499722827991126,0.00342056371512513,-0.0282614792603418,-0.0696511658500913,-0.0658717471680488,-0.0346328489547783,0.0190652621600364,-0.00883914430175578
739,-0.023973963256474,-0.0395041226805872,-0.000205231994889504,-0.0149100059717108,-0.0342095804783848,-0.0160909014608762,-0.00219959431318032,-0.0255000033472209,-0.0446403809232993,-0.0565724626541989,-0.0348227388216382,-0.00595120305549328,0.0051488412195646,-0.0185439672805144
740,0.0194008355126601,-0.0205933983194201,-0.0202819366682637,-0.0130913414482947,-0.123419680780772,0.0522270333859043,0.0339170691656067,-0.0559184306270448,-0.0406096442926613,-0.0154276593432424,-0.0647448448907035,0.0175296655873838,-0.0299630068320543,-0.0389241921428988
741,0.0163397763547691,-0.0381185565353952,-0.0228111973385451,-0.0964087015058334,-0.0239958815566825,0.0637049881416796,0.0649921043844862,-0.0420150916362928,-0.0398408120336835,0.00538561142247562,-0.0514910346314912,-0.00440972495074367,-0.0159623807527963,-0.0177663399660268
742,0.000100241833780004,-0.0419909574920613,-0.0112567192160402,-0.0481740537927126,-0.0798101777294567,0.0278191347112896,0.0317536500501073,-0.0321969311662986,-0.0404539246803446,-0.0665788026717898,-0.0735686832920554,-0.0107942794618109,-0.0216704925439364,-0.018441113257804
743,-0.00398716947936331,-0.0523957683758253,-0.0395268613927529,0.0180776431821418,-0.0314396801802974,0.0142083059331269,0.0129962583856521,-0.0296870318017879,-0.0119554922527844,-0.0319881118080241,-0.0915576349580199,-0.0363064945124896,-0.0325766484419028,-0.0195136833366335
744,-0.00378908431531395,-0.045997224367126,-0.00694595213589475,0.0057568531752015,-0.114307952448337,0.00460026826343643,-0.00129637400960082,-0.0404122738582025,-0.0256550422574124,-0.0505740242327499,-0.030674622765768,0.0599514348376867,0.0367919937498401,0.0367733508888408
745,0.00129447718636997,-0.0256124312757261,0.00959949752234854,-0.00259431548976172,-0.0458786379154652,0.033926192231592,0.0264603492757117,-0.0701332458060591,-0.00545395526399371,-0.0264799302750147,-0.0440341906345083,0.008750574641707,-0.0434801764405382,-0.0591863744292219
746,-0.00485702830581951,-0.0140352928059543,-0.0112419041844368,-0.0357936303658071,-0.0747187036782899,0.0126842712750395,-0.010007676485813,-0.032096115381078,-0.0323372543178482,-0.0624955056914082,-0.0719501266555786,0.02879347656157,-0.0319914088925888,-0.035858272929958
747,-0.00985830286979839,-0.0131280694489624,-0.011944339955963,-0.0744164562436702,-0.0391805423906605,-0.0170923473903568,-0.00839248833702297,-0.0561415341372372,-0.0203249911792506,-0.0341274852246872,-0.045539486135423,-0.00111090974612052,-0.00807815113370998,-0.0201263675830305
748,-0.00666347540432146,0.0278296159188766,-0.0801275465230177,-0.0868139315004305,-0.0119635002449576,0.024814345821144,-0.00325581695110412,-0.0286209214621854,-0.0207640872047438,-0.0419692212936003,-0.0940653616868921,0.0249019916396299,-0.00118704783148359,-0.0111389754484589
749,-0.0112871205820754,-0.0366267890228133,0.0138056971474272,-0.0483507514064069,-0.0767011881114497,-0.0220669453762176,-0.0172649679651999,-0.0648769558553818,-0.0607276748284393,-0.058542713765942,-0.0807999391977186,-0.0273851995380084,-0.0692414127153564,-0.0639362064712017
750,-0.0245181071705603,-0.0464464927909913,0.00132358309287567,0.026339218366847,-0.0780207556247711,0.0223098119348729,0.0113571304047182,-0.053612859354973,-0.0437041194999277,-0.0780504030702367,-0.0760259705382698,0.0112968757340114,-0.0584649894136983,-0.0510204784758628
751,0.00848966401070406,-0.0439247375548952,-0.02126517132661,0.0191074521688312,-0.0422780207477224,0.0171884820419257,0.0278909733080258,-0.0385268947825781,-0.00748404758516523,-0.0456473691168152,-0.075060763278443,0.00135407559511885,-0.0298562645675807,-0.0331230139612781
752,-0.0123570165793319,-0.0156801859244021,-0.0182604562963246,-0.0378016708316983,-0.0363650763593467,0.0385105445459064,0.0792473466459879,-0.0479589710211112,-0.0369418663554425,-0.0562918934614363,-0.0568323616693949,-0.0025841891030369,-0.0680403666731021,-0.0171360886214002
753,-0.0549840914528418,-0.00850381049891957,-0.0538528373798373,-0.034670974342759,-0.055954148293116,-0.0274097471287018,-0.05178030351232,-0.0271680480599038,0.00291823991973973,-0.0383387151327577,-0.0614340755580055,-0.0202697712785937,-0.00494562481081338,-0.0000152388501650641
754,-0.0231336985460064,-0.0229994900044012,0.0124538858999604,-0.0438448532723637,-0.0583187845653668,-0.029743727770779,-0.0169162083227362,-0.0645528845490095,-0.0354140464866192,-0.0308963510496909,-0.0254218527665981,-0.00343648483514139,-0.0593611634473911,-0.056444139200287
755,-0.0296365114283743,0.045995217197256,-0.0113267799287161,-0.0454748322566582,-0.0662433305074383,0.0565351088430494,0.0299940636745176,-0.0296618275358865,-0.015812207979603,-0.0591946281912062,-0.0599928218997813,-0.000274573694827751,0.0136346530276124,0.0229684805925761
756,0.0272840860248715,-0.043300181801597,-0.0265908749195645,-0.035815271394842,-0.0517709198192599,0.0624980297468622,0.0707865078130615,-0.077708290454679,0.00363407009827099,-0.0739155498079434,-0.036759618171953,-0.00750385815978563,-0.0341739402201698,-0.0398304888236196
757,-0.0129814099871764,-0.0560729444549061,-0.0119174248647503,0.0078765133388386,-0.0204484817272259,-0.00271001471077376,-0.0131543488667652,-0.0218000072184039,-0.0197425931501509,-0.023442223316664,-0.0701971842568044,-0.0146765651777873,-0.00812704388431341,-0.00863243266800548
758,-0.00357504625696373,-0.0392514869563947,-0.0414301832907866,-0.0642018375475428,-0.02068732283191,0.0064089255983374,0.0104800187950945,-0.0462659429686395,-0.0601484400630454,-0.0362725051190537,-0.0478869585244665,0.0019684827680696,0.0085084442271014,-0.00416710649709975
759,-0.006124068368392,-0.0184830052224014,0.0218455204791325,-0.0449198535383346,-0.0698146776163533,-0.0232110813690689,-0.0237538931151403,-0.0351069802773812,-0.0156465531889676,-0.0243024278022393,-0.0377124460733544,-0.00967927701246579,-0.0340262729625853,-0.0325001156273021
760,-0.0109915411374392,-0.0582204725113083,0.0231084751187476,-0.0162973754926521,-0.0400865881515315,0.00373327710659403,0.0124524464023819,-0.0533449901967178,-0.035372243454265,-0.0581230099120961,-0.0341015892826225,-0.0104181794819041,-0.0500814844463973,-0.051932691040131
761,-0.00375011914976014,-0.0357544565004302,-0.0180959090259509,-0.0606019508619196,-0.0846228977141931,0.0426412987058084,0.0621480152345722,-0.0168754538754494,-0.0456352936328201,-0.036123093237365,-0.0292591765489887,0.00219454554082761,0.0251205518210787,0.0256051362301633
762,-0.0169123989072706,-0.0611513980879181,-0.0187083045153284,-0.0415953703377101,-0.0309108475214221,0.000895136199979718,-0.0206860464149946,-0.0301980152844146,-0.0364739113317101,-0.0372960481276541,-0.05123866867316,-0.0353414583353284,-0.0122145569011905,-0.00446392086510025
763,-0.00901068864298456,-0.0207327106683122,0.0175750975798646,-0.0451844557276326,-0.0735474887949881,0.00484796907815542,-0.00131037349678151,-0.0199876647216505,0.0031642856898326,-0.0393594858915207,-0.0489776104224629,-0.00698987934469246,-0.0118505172734613,-0.00790132553992151
764,-0.0291128392797894,-0.00519759144801869,-0.00691972331547509,-0.0110510324091293,-0.0532849649017073,0.00639767749463714,-0.00530664672453904,-0.0615398418040097,-0.0308806402348787,-0.0213135501615,-0.0839804292252224,0.0186692989735581,-0.0316720279235264,-0.039146368502218
765,-0.00775457531408666,-0.0265627153062157,0.0166252730809147,0.0451491146419954,-0.0734159515803401,0.0142028548363729,0.013799438028521,-0.0309370554386785,-0.0319238512142686,-0.0458897696369356,-0.0796000854001845,0.0108303175647398,-0.0225808901800935,-0.0469307406329723
766,0.00230909966569123,-0.0445761356779958,-0.0119169181502946,-0.0589061560438652,-0.0835102467163331,0.0246851030381542,-0.00488234735093841,-0.0399397531815322,-0.027986328819577,-0.048619197496965,-0.0459283105078224,0.00617586164539177,-0.0444690746933358,-0.0273337533137609
767,-0.0385941438493192,-0.0570693998808106,-0.0311982498193929,0.0109094182438094,-0.00245848798261339,-0.0232829499730437,-0.0206319735278798,-0.0198321919403554,0.0192978573441872,-0.0831272935554437,-0.0612315732150356,0.0192771020859346,0.00634596140111626,0.00227560783076562
768,-0.0138200541013643,0.00112229800249061,-0.00851398971370371,-0.0518720752344325,-0.00277826996074154,0.00719236948012956,0.0250820612119435,-0.068987106375712,-0.0286936934685312,-0.0387270068889438,-0.0181737278886653,-0.042617582020974,-0.0384574093659642,-0.0335494660731022
769,-0.00332647156152883,-0.0564371349007159,-0.037626957435802,-0.0732968901118698,-0.0854548035130852,0.0264191338458462,0.0158976569576244,-0.0530218720665084,-0.0226571843191085,-0.0584865464373495,-0.0471566001684583,0.0106058666859646,-0.0622084052486837,-0.0502093733045491
770,-0.021857919590309,-0.0358478181807956,-0.0703323633069981,-0.0623879007462352,-0.0881032924561881,0.029196579793494,0.0275101825742734,-0.0256679513464269,-0.0183945126468982,-0.0379574094550445,-0.0326582710412139,0.0212541975381245,-0.0181722891933968,-0.0184428610381847
771,-0.00086477178976925,-0.0459215004515432,-0.0254620586427472,-0.0200036474584632,-0.0619317625379003,0.000957710690441177,0.00945113585360496,-0.0218344775183979,-0.0201772919503207,-0.0154345082185213,-0.132442517343887,0.00838121197232997,-0.0303527895382519,-0.0421984913876632
772,0.0176113634939151,-0.0263291978079174,-0.0461582982658222,-0.00159602515186483,0.0099467064537988,0.0756817638588583,0.0743215303554799,-0.0600093123771172,-0.0430076579700642,-0.0487053609005971,-0.0741687889983543,0.00775604743454303,-0.0280914921542627,-0.0361025456614775
773,-0.0400254004751263,-0.00834522712573126,-0.0179269442679638,-0.0135705206479242,-0.0659852150784818,-0.0107651845195973,-0.035218047882757,-0.0172510161353606,-0.0161722277408108,-0.0248266887409359,-0.0556618909593695,-0.0100823375475821,0.0392139930718141,0.0841948474621153
774,-0.00511115720972775,-0.00395900602239732,-0.00392781084959118,-0.0213952078631918,-0.0219884451661508,0.00191644879316705,-0.0149118021118885,-0.0292101611099783,-0.0443010936280626,-0.0330173485359074,-0.0468868030420948,-0.00341246873720738,-0.0170763460610702,-0.0492552709978104
775,-0.0370664176656994,-0.0184301332485959,0.00721940492638498,-0.0268699647861823,-0.0556004698119741,-0.0000364930324988147,0.0100881930943063,-0.0174696302256166,-0.046963932782819,-0.0372648622081923,-0.0439057536237139,-0.00750946532747729,-0.0179765812508087,-0.0148531257810762
776,-0.00918236383467599,-0.0407042230766262,-0.0295512709835481,-0.0154906255101135,-0.0679067791244045,0.0303296797536435,0.0246538403061606,-0.0489220983713815,-0.0190718290787965,-0.037139090010305,-0.0408235932750001,0.00704301806878695,0.00248912083871453,-0.00670540436843677
777,-0.00706669110225053,-0.0160576175484782,-0.0389236776994591,-0.0313984954244044,-0.0557513639861775,-0.00239667091101234,0.0898438331824898,-0.026890342585003,-0.0221511795634426,-0.0471171294262923,-0.0356272658080235,-0.021941673809998,-0.0312975649691043,0.0023195208190302
778,-0.00904653953213637,0.0238990864783911,-0.0191347847143749,-0.0430646123814893,-0.0652250348082825,0.0148122592994791,0.0133348014351512,-0.0330306377750106,-0.0398244978441639,-0.0337540625354169,-0.0381040020489364,0.022330930253248,-0.0242558445483939,-0.0908600035518448
779,-0.00952641564023235,-0.0328805619475294,-0.0023401860617342,0.02437122346158,-0.0943547117747398,0.0117853719726077,0.0118427908777437,-0.0152425422126487,-0.0378854817138147,-0.0461945541075987,-0.072907905712194,0.0105255682223891,-0.00478474698608296,-0.00453672366082539
780,0.0114788865211169,-0.0869385486080023,-0.0365052512264727,-0.0642216706727423,-0.0269452423278659,0.0314327899269886,-0.022430397974962,-0.028494111548068,-0.0213759506436127,-0.0112122963874736,-0.0656352416042866,-0.0116681506360123,-0.0129432166099817,0.0268447079640217
781,0.010244193389642,-0.0158631949077824,-0.0588054606393974,-0.0767355786997676,-0.0699900362634662,0.0258955008057829,0.0239219537299791,-0.0521342977441634,-0.032268759883076,-0.0155644080636086,-0.0455077241045645,-0.041523497973755,-0.0578979144597984,-0.0521086488676885
782,-0.0407479342474472,-0.0657909014449765,-0.0422227092826448,-0.00637775860955997,-0.0334708117205992,-0.021793610394945,0.0243032423036756,-0.030238788846435,-0.0190074319407153,-0.034159657437758,-0.0306838898642703,0.00686830873314188,-0.0458916410198006,-0.0535388349741546
783,-0.00888157614476106,-0.0279135028388351,-0.0298077608937533,-0.0468465043981993,-0.06447125929384,0.00741208348127317,0.00959410251884855,-0.0545838039821546,-0.0321994975438003,-0.0309069077225893,-0.0229318889794456,-0.0238033872746987,-0.0163426293468805,-0.0143471559699231
784,-0.0144082821049901,-0.0468369504089117,0.0102491422018492,-0.0766605586637084,-0.0579345690491713,0.00172319031769539,0.00458829550853734,-0.0268736045683561,-0.034692135606131,-0.0444918779563854,-0.0543496949555971,0.027950902888437,0.0176947606431574,0.0209354882729735
785,-0.017598317016567,-0.0275806747106159,-0.0339402847397798,-0.00350972434046146,-0.0390116128552858,0.00218782289427043,0.00398807747281833,-0.0242772223475392,0.00352904976710522,-0.0698044842660407,-0.0457220478317083,-0.0183834427683395,-0.0494396903187722,-0.0514135571392767
786,0.00899359524087684,-0.0542017889402618,0.0288603880850894,0.014145826000184,-0.0463023855061601,0.0198427588053636,0.0275452462283675,-0.049977095218056,-0.019591189641307,-0.0355296839047535,-0.0602703662986152,0.0113724523559711,-0.0441788934540615,-0.0569821269838374
787,0.0124096840042677,-0.0419737366957891,-0.0780611531141013,-0.0502258103673464,-0.0273487021454928,0.0408496182276145,0.0367792582302986,-0.00602769922067582,-0.0586832176557437,-0.0094690336633716,-0.0165314855540919,-0.0402409034692012,0.0124933845599856,0.0292306228375497
788,0.0100950713450339,-0.00947657675087861,0.00141907152912596,-0.0166097682542907,-0.0631676636214356,0.0233942383382473,0.0248548588619482,-0.0102069745454339,-0.0100135415337058,-0.0575207795627521,-0.0356870909782426,-0.00430383546050446,0.0126564857269458,0.00815422141195983
789,-0.0117527072413848,-0.0344570557172458,-0.0144065898878622,-0.0426273054773678,-0.087557482781077,0.00184496690513516,0.0314550249924063,-0.00852911309586354,-0.0133317911683946,-0.0665139529853846,-0.0206020823956015,0.0205256119071807,0.0128914159831052,-0.0138856703575608
790,-0.00516759788503698,-0.0267102262096912,-0.0204948715561346,-0.0282552509805352,-0.100440388056593,0.00223902141280686,0.0130868609708903,0.0105377002295253,-0.0471961096361526,-0.0620716954843777,-0.0544372768963341,0.000916558789200106,0.00568527672116706,0.0059674905195034
791,-0.0184537147569529,-0.0146295597045768,-0.0309374330164889,-0.0221632236668272,-0.0856967283296733,-0.00716295900377565,-0.00291126354997356,-0.0214314616897402,-0.0380254565251457,-0.0205884985564173,-0.0605936328814435,0.00985619043627343,-0.00370521197120634,-0.00438287485715615
792,-0.0144553695348411,-0.0146549496723709,0.024017920663201,-0.0441885554796353,-0.0601693375344864,0.0109381749509869,0.0322738295746237,-0.0278630429912648,-0.0331313277157869,-0.045933996770556,-0.0262826483037478,-0.0105038859079249,-0.0543786596690386,-0.0542749970784777
793,-0.0195317083280783,-0.0580823449624586,0.000657985617947082,-0.0072377716216368,-0.0586580002441811,-0.0159737361909017,-0.0207841932590233,-0.0256188089086366,-0.0271929862840991,-0.0483323712988346,-0.080487050812108,0.00886486221038481,0.0193103294578834,-0.00614577738908219
794,-0.00524678084748117,-0.0334593168840505,-0.0115255302580783,0.0117246463760853,-0.105459648910948,0.0198624071523817,0.0522487020140522,-0.0342829520007698,0.00383338705760124,-0.0602696244865058,-0.0584664465294816,0.0315819440150691,0.0267794713238571,0.0441344885736036
795,-0.0135338619699118,-0.02356966165864,-0.0134263940060791,-0.0773822460880774,-0.114123890343125,-0.0131646587384009,-0.0177874994558674,-0.0626268206073143,0.00802125961909593,-0.0579181207316688,-0.0226722990254188,-0.00282503607742177,-0.00876609802424326,-0.010634806147268
796,0.00322166784095224,-0.034903657100662,-0.0270340020317058,-0.0386647908114147,-0.0523049705895187,0.0262754464538461,0.0281606276583192,-0.0160724816597556,-0.0167644405260308,-0.0547950004239507,-0.0698862870390089,-0.00923975809708927,-0.0063485687485115,-0.0214455992604467
797,-0.0159751799119703,-0.0389369441713863,0.00801996726080861,-0.0478973771433414,-0.00103760430032002,-0.0062040811042436,0.00632567990421116,-0.0337599506213572,0.0190763408725607,-0.0497852844864021,-0.0156205406635095,-0.0206100230903953,0.0202444030332073,0.00232290713962899
798,-0.000174357835374152,-0.0383726095675985,-0.0125594023160034,-0.0582451315115914,-0.0495122168217629,-0.00520208705956098,0.000450276847962033,-0.0398905573165697,-0.0308129471834456,-0.00805984678062709,-0.0454371334237318,-0.0322350201980292,-0.0204012536932017,-0.0155353399538012
799,0.00451964144462176,-0.0556221591940177,-0.0119129573234461,-0.0197613129935076,-0.0546873017388116,0.028426533085015,0.0248162855242801,-0.017610177146059,-0.0219060506906339,-0.0400420096464534,-0.00710139454254059,-0.0285984096265206,-0.0000353562784908834,-0.0128238348130005
800,-0.0129737641619527,-0.0172326403735619,-0.00138214322307501,-0.00216005619040624,0.00846939662443075,0.0189172768474121,0.0196338627625713,-0.0617242145030511,-0.0391136185736596,-0.0509018898652398,-0.052634163331396,-0.0068181144156212,-0.0534019841519315,-0.0490624676404034
801,-0.0526327367914483,-0.019956865522475,-0.0542173120637534,-0.0206477193434424,-0.0512843135846827,-0.0327421329765803,-0.0136603291460749,-0.015896894360889,0.00778821047188528,-0.0155196799020931,-0.0717761081337904,-0.0192350285081981,-0.016897667684972,-0.0174481820645349
802,-0.027112937746093,-0.0387602574755079,-0.0233988293963348,0.00729688033630599,0.0168750738131128,0.00750373460702697,0.0179575741709536,-0.0488662437341794,-0.0206963836108854,-0.0914292947844914,-0.0491804193051279,0.00472834815278132,-0.051139652753479,-0.0302780146874966
803,0.0200502572867375,-0.039511810637614,-0.0558914391821854,-0.039663234637913,-0.0640006465142701,0.0534568741928097,0.0372524341579865,-0.0213851481855453,-0.0540815002499181,-0.0418925594616697,-0.0352914610956406,-0.0200036177819817,0.0275596963341675,0.0132199260519905
804,0.0151698261570997,-0.0916853568029976,0.0161302089187181,-0.051978788751024,-0.0415936349120786,0.0299727822256596,0.030063070739568,-0.0423148284100706,-0.0231651206350928,-0.0205031663474872,-0.0413982723798365,0.00354862659229577,-0.0587456002589285,-0.0582354265723743
805,-0.0320480277616306,-0.0377926317135553,-0.0337686560330309,-0.0400475100678861,0.0302861225132955,0.0154143995878917,0.0354240482685131,-0.032614191198688,-0.00301491448452626,-0.094547904023565,-0.00954916996923147,-0.0176298031177512,0.0160749085661158,0.036373978589151
806,0.0173863907185019,-0.117319927266301,-0.0149196388828953,0.0327580881922991,0.0135649761640355,0.0309350596738482,0.0270989876242774,-0.0355038396694307,-0.012414814218137,-0.0418424636646343,-0.0927423869436964,0.0250165280368331,-0.0556186070482317,-0.0257776210860825
807,-0.0133398243324663,-0.0565850603862592,-0.0210735131246881,-0.0514683867649388,-0.0879168488124217,0.00823447592447562,0.010251643217151,-0.0286871902892318,-0.0498781031269128,-0.0506510154412368,-0.0685360631224151,0.00112587155105794,-0.00229044228428016,0.0249479617485654
808,-0.0168857148895913,-0.0425694983012146,-0.0190849485161901,0.00317220470324708,-0.0388733191455268,0.0194274573296091,0.0334473533023359,0.00935258512789056,-0.00867732765269079,-0.0446021712130761,-0.0534261142292667,0.0176440084531813,-0.0360074702023904,0.0488320714863872
809,-0.0292912458822084,-0.0391797778381511,-0.0703247065136838,-0.0427340511804505,-0.105662931578988,-0.0331748276671504,-0.0469564526962904,-0.00609169697401121,-0.00126496755263091,-0.0211615780467393,-0.0488296257737704,0.0032482969978109,0.0228498657609794,0.00752565396058376
810,0.0240101035877655,-0.0433405978203694,-0.015298394355546,-0.0389203950533125,-0.0171089228392346,0.0269401366943302,0.0337051067615462,-0.0286091132693985,-0.0258921881862451,-0.0539743482211412,-0.0401495016975777,0.0124399718244319,-0.01812480983734,-0.00237517488972448
811,-0.0152488011435385,-0.0125055771082723,-0.057338983465071,-0.0518367597648506,-0.0706314576103472,0.0197370010708185,0.0189618748136833,-0.0327003772343887,-0.0572795376359672,-0.0297137545280871,-0.0484289357096545,-0.0232759329927927,-0.0284301426481747,-0.0381396650068015
812,0.00344871017455892,-0.0549032726566162,0.0188343484738176,-0.0533778889216275,-0.0513763548663799,0.0343451838071336,0.02154982999333,0.00120616632405042,-0.0466408877625659,-0.0790161299103823,-0.0201597607317742,0.0200939241883571,-0.0104013321427711,-0.0084676655023867
813,-0.0112234513712654,-0.00210481057177737,-0.0160791373243078,-0.0182272096779328,-0.0495946493754016,0.0230290772617913,0.0238122599960392,0.00119921336273118,-0.0475187332008056,-0.0348047321064262,-0.0571108914112776,-0.00180935655810675,0.0620205319625991,0.0654966741394228
814,-0.0056238472326201,-0.0768899288960351,-0.0403944197006912,-0.0447221277047572,-0.0258498314500702,0.0102390809369782,0.0123040071295892,-0.0566526024972473,-0.0151366416942652,-0.0331040279179039,-0.0797064673053737,0.00024808346156209,-0.0166220569158844,-0.0458809105040713
815,0.00967633390259366,-0.0673785515478268,-0.0237836125610199,-0.032854519248256,-0.0741399897754778,-0.00197317333876752,-0.00148740629442586,-0.0667595103223337,-0.0529462778007814,-0.0738205192448972,-0.0177620626067534,-0.0224417256544766,-0.0430906995332625,-0.0449916960006688
816,-0.0165085770206988,0.0110038808213242,0.00915232919849462,-0.0199858210946537,-0.0329429184523917,0.0179892383989892,0.0111031994641822,-0.0325070004232616,-0.0302619524915973,-0.0691051971114673,-0.0660511391027945,-0.00193157546959816,0.01839105406113,0.020851290957585
817,-0.00441887805769266,-0.0150175401164843,-0.0630833749329141,-0.0848651120247463,-0.0348165126498594,0.0370858941891703,0.0370436475027738,-0.0279252386988102,-0.00736669426153803,-0.0350500776902635,-0.0549402755856137,0.00357829226628972,-0.0308563524387276,-0.0302856795506234
818,0.0047765144283624,-0.0309399581453278,-0.0130074684820806,-0.000570532251454259,-0.0411798044562808,0.029679780874793,0.0337355406459888,-0.0443715740397661,-0.0340389554447436,-0.0469938430915523,-0.0608338391797634,0.032132191436353,-0.00217514578644729,-0.0115768763976256
819,0.00360611672900014,-0.02090481574438,-0.00863030853514146,-0.02598941435359,-0.138738333682215,0.0701777716788904,0.0910919692150237,-0.0664998614981222,-0.0624113136836377,-0.0531315557625086,-0.0143133712095686,0.0160363736138232,-0.0268034171343661,-0.0400074944723569
820,0.0103155727355134,-0.016320592677727,0.024994715748667,-0.0436644783571223,-0.0334224182724804,0.0455543287052134,0.0422332220090362,0.0112663809217163,-0.047940003691059,-0.0318593565942725,-0.0543467820179369,0.0227441432856199,0.0341132087787729,0.050419473892378
821,0.0238818623597255,-0.0491180022834438,-0.0342874128891693,-0.0302720331166592,-0.024921865255803,0.0134102633113376,0.0236797661991517,-0.0355032469340814,-0.00131863713184525,-0.0116585583111799,-0.0132144287767001,-0.0265996279022784,-0.0663764407624742,-0.0701852835657028
822,0.0107941167296413,-0.0378599040328195,-0.0474649620684026,-0.0215345510305734,-0.0182985405086744,0.0400353132800248,0.0300500236657355,-0.0059753965797559,-0.039878884305491,-0.0137313843636695,-0.0792262394977345,-0.0298487838290615,0.016075552400304,-0.0355376026400606
823,0.0211643680358114,-0.0655539178932625,-0.0281629108256126,-0.00691329044415584,-0.0874051292241526,0.0189562924448219,0.0177707235224569,-0.0196886276118082,-0.0397178800172428,-0.0769016069748739,-0.0169337373573564,-0.00193238451870527,0.00629629157730228,0.00763002082467339
824,0.00955008602263096,-0.0367757433451468,-0.0415369089206665,0.0134208726536248,-0.117605367291288,0.0183402281801598,0.00858390727183393,-0.0113716515469471,-0.0783117814651731,-0.0415241814137743,-0.0614593194992873,0.019722393800558,0.0180941732268199,0.0281887747881292
825,-0.0184351465500691,-0.0373800932446612,0.0164155835185177,-0.036850650054032,-0.0529348916302944,-0.00842937420378749,-0.015603060517901,-0.0444389147720561,0.00328872462743827,-0.0230180577607402,-0.0316296774919959,0.0013209626511631,-0.0306449697209959,-0.0279249023810211
826,0.00268705205284368,-0.0378026380565356,-0.00651780747136223,0.00520306973016957,-0.0857064583511844,0.0379386843060195,0.0304173548023187,-0.0373751573659114,-0.0182556023303582,-0.057759533567271,-0.0646540774065276,0.016171592785135,-0.015174978510008,-0.025102008550243
827,-0.0213697332468646,-0.00542800367365517,0.0128902789660199,-0.0232701655389588,-0.0605405353222161,0.0644164557977852,0.0144014931524078,-0.0742684771846666,-0.0241596628629186,-0.0926924760624063,-0.0647839552204015,0.0150958571049896,-0.0557422577309228,-0.0605269382309927
828,-0.028417141859499,-0.0422226915958481,0.0521310105800958,0.0244493242612575,-0.0473974395006759,0.0239749867740094,-0.00648384736951008,-0.0287720120540272,-0.0393664723293534,-0.0550609282536804,-0.07923586917258,-0.00945051549507316,-0.00768735235347731,-0.021307379385054
829,-0.0174330369054593,-0.00788945698470708,-0.0575724086120064,-0.0467208933583314,-0.064445429690063,0.0253321035128027,0.0188972697191195,-0.0361111154614779,-0.045169998282657,-0.0551361865465773,-0.029584616578396,-0.00658495895997538,-0.011559769987722,-0.00484152278529881
830,0.0117633729118659,-0.0515779849758326,-0.0293932661036905,-0.0240002581116343,-0.0260942096825451,-0.00514703326802075,-0.0164569671752514,-0.0679689491140141,-0.023184563060495,-0.0192602391358228,-0.0664992138214858,-0.00103030111776985,-0.0717281915892721,-0.0587091889945889
831,-0.0211518929304107,-0.00191928097685969,0.0304478667208002,-0.0676265844959345,-0.0706927883582923,0.0454577119417799,0.0417976006857227,-0.034239460087557,0.0254659121035859,-0.0822528111349149,-0.042527501893222,-0.0206648064154264,-0.0326021175494766,-0.0369713224425614
832,0.00857567628014064,0.00256468221489753,-0.0201608755107452,-0.0473943895318884,-0.0359098791282994,0.0447854257333968,0.0312027125476649,-0.0477149882974498,-0.0309545132695569,-0.0612036001086986,-0.0429856699136379,0.0232814472998313,-0.0399806281092544,-0.0411014592323699
833,-0.0125732018017763,-0.0272991342773016,-0.0295688033727515,-0.0315808498839728,-0.0612174800101541,-0.00860534762755712,-0.00274200123620604,-0.0103830002647794,-0.0521621434939594,-0.0288324061537996,-0.0265283712370394,-0.00479515398555763,0.0359357789351822,0.0054164057796429
834,-0.015513754964003,-0.0535197140807722,-0.0208486193599846,-0.0141175100329013,-0.0171389458588845,-0.0161327055290815,-0.00553873579340436,-0.0218680610650312,-0.0111426024395811,-0.0348435496806384,-0.0418198132877951,0.0101658189781361,0.0129965059293177,0.00473679519973488
835,0.00648915154458621,-0.0439447442116924,-0.0216723424400501,0.0398052119716682,-0.100425499070308,0.0334958028840167,0.0425640302816647,-0.0345005831130008,-0.00984415473791396,-0.0474960216455907,-0.0611399263003467,0.00541460907380095,-0.0320372488070453,-0.0197226831283344
836,-0.00821022832581882,-0.0243399196738749,0.00679874423325394,-0.0513616201620401,-0.0625143224066741,-0.00360731691638891,0.0131391932036258,-0.0492010617577423,-0.0431872283831181,-0.0344262852308973,-0.0362456796024526,-0.0115228787402813,0.00142914781151674,-0.00154848785093707
837,-0.0125561683752755,-0.0717610286358674,-0.00145178217283082,-0.0311744847069542,-0.056393196773172,0.00917254856192698,0.00147234114623968,-0.0556554555506335,-0.0332182817027204,-0.0436050411660281,-0.076531420038206,-0.00423661097852261,-0.0385846612224344,-0.0475640310162179
838,-0.0103410454126024,-0.0277222523125163,-0.0255083890400129,0.0528311958867266,-0.0804263168222135,0.00267161869161959,-0.0136965226693957,-0.0383501503619014,-0.0150230967472916,-0.0524352031516135,-0.0762155493871378,-0.0242738497297286,0.00235707086341701,0.0489700161522463
839,0.010462958113667,-0.0461486503241575,-0.0639951757673432,-0.0550407433380015,-0.0147766121893894,0.0382486155812162,0.0258931203028559,-0.0193353483496991,-0.0157002061693673,-0.0984048657507266,-0.0808229492589665,0.00498097605669434,-0.00303632812886774,0.00352580800491287
840,-0.00180188430142345,-0.0433566549073822,0.000988540213464312,-0.014568272449334,-0.0777332425072207,0.0348421651985483,0.0398818236513081,-0.011518522542186,-0.058899576173297,-0.0804034737891792,-0.0468799042132272,0.0105898290136381,-0.00292488855540073,-0.00311672643147437
841,0.00139850599675195,-0.0543376059944781,-0.0326943108492144,-0.025803170380707,-0.0469548339670169,-0.00828466353661407,-0.000323241980395753,-0.0755089715191956,-0.0229435643283368,-0.0672919301055882,-0.0390068964154949,0.00397079323826997,-0.0521107956796601,-0.0600507868735347
842,-0.0202478097150099,-0.0119388434968217,-0.0719151161042978,0.0199708998435577,-0.0575801398691552,0.000498369965852868,-0.00519997264457668,-0.0255161640725985,-0.0479761018294493,-0.0289685977153666,-0.0893958197648112,-0.061015897328668,-0.0128729692734019,-0.00161707556225815
843,-0.0339148365834615,-0.0381152435608162,-0.0218128238576678,-0.0216585180322237,-0.0216446402955883,-0.0387617665005128,-0.0383345668785997,-0.0268928973465033,-0.045547109135982,-0.0490440025024331,-0.0179158805378759,0.000648064708925394,-0.0170334018613368,-0.00151602163503688
844,0.00509892628296596,-0.0508532213878927,0.00636235450654557,0.031041559406805,-0.0138575576471315,0.0454547621712205,0.0461314266493672,-0.0135297796859305,-0.0228542583858594,-0.0845555387062567,-0.00637713188886188,-0.00786287013232195,-0.0385958173921064,-0.0301883682164587
845,-0.00972250321050878,-0.0294899264824965,-0.0218818128971137,0.0440126036563251,-0.0252541974777321,-0.00989273592771999,-0.0279377737581298,-0.0397980923011562,-0.0119940109966366,-0.0342751965167946,-0.0659008494846371,-0.000170252103307247,-0.0250529893664559,-0.0375231867793323
846,0.0144651451193882,-0.0689927484497015,0.0181969846727378,-0.0452796307408486,-0.0861241633956866,0.0114512022921999,0.0120049113560768,-0.0374688608207243,0.00231094617121001,-0.0272653611790632,-0.0562637894620033,-0.0467816565826635,-0.0439219261570446,-0.0500837370975214
847,-0.000803055887295401,-0.0589871936978944,-0.016842980817865,-0.0194623943541541,-0.0717070848046817,0.0417045706544578,0.01898402309253,-0.034713672328653,-0.00676801305720326,-0.0317328822156869,-0.0263200676845706,-0.00929595667646982,-0.0213221549047737,-0.031941008730513
848,0.0174120547532033,0.0200241212279842,-0.00405584884982041,-0.0962461272361652,-0.106716065233816,0.0494404109984235,0.0399600380625266,-0.0222081240463905,0.000484605559176413,-0.0274514368307194,-0.0586321077915425,0.0223870597563586,-0.0190797145601346,0.0175114306658301
849,-0.0226397207398674,-0.0363154666082002,-0.00787134714001017,0.00371917581122619,-0.0762724795879836,0.022410761883496,0.0258022842393676,-0.0232355945730024,-0.057639947479518,-0.0382479889251859,-0.0708904598276969,0.00787164426956466,0.0112090212655994,0.013387866800935
850,-0.00385769227015099,-0.0291903569736618,-0.026184773511271,-0.0162153241566691,-0.00166601712498776,-0.00236715323928615,-0.0103702914996106,-0.0247975329416637,0.00105761005029845,-0.0792131799582511,-0.0602251560710144,-0.000953411837253032,-0.0445134315133108,-0.0448291153622539
851,0.00680409474305615,-0.0415163259499406,0.0285323853808905,-0.0388496341347678,-0.0389930761473035,0.0386403766777048,0.0466893860334789,-0.0104583945202427,0.0101914102581562,-0.0491813880702776,-0.0556109605791375,-0.00802431834784342,-0.0187603097701678,0.00577591678948787
852,0.0124873019723619,-0.00364690206769752,-0.0421686786993157,-0.00543746344747217,-0.019623714312831,0.0416425096148251,0.0410127458423685,-0.0333160808977558,-0.0248418362262556,-0.0261932416040867,-0.0717323964398505,-0.011165128525285,0.00652620765915066,0.00674933584770235
853,0.0136165129582989,-0.0829960963084861,-0.00100543974083275,-0.0159143461185245,-0.0956184720427221,0.0165546530286444,0.0234890773599372,-0.0541682499828514,-0.0163479777497667,-0.0180578232470534,-0.0786949344971439,-0.00746181100346528,-0.0707030965746159,-0.069201102606803
854,-0.0194806441220156,-0.0263304615313038,-0.0209476342011031,0.0227735222931866,-0.0354744874737599,-0.00552772062513385,-0.0165249822690266,-0.0509322313897127,-0.0331589355407657,-0.00806554871556316,-0.0557377841870334,-0.00856912220488693,-0.0364435738669284,-0.0411007136651373
855,0.0127728162621293,-0.0236961522421863,-0.0139649357091748,-0.0812949929158951,-0.0231601266052102,0.0680668539064474,0.0496759264639323,-0.0540492971945145,-0.0204040268817511,-0.0573021817333183,-0.0208627195699006,-0.0123439561259426,-0.0190110817904829,-0.0239056055727691
856,-0.00954784355650701,-0.0795470808186654,-0.0102967567746539,-0.0518286892817251,-0.124323576053941,0.0279181145798819,0.0161905682099892,-0.033456080345849,-0.0239255409879547,-0.0730618183433988,0.0106182537829494,0.0284283272562954,-0.0221212234213667,-0.0274496730804263
857,0.00779690988421623,-0.0525852268351983,-0.0105338771257396,-0.0535684865019701,-0.133882411498129,0.011403678442597,0.0117670343257339,-0.0583251781238332,-0.0179591565487905,-0.0274439028888099,-0.0176471194762363,0.0222939829412851,-0.00201640503411616,-0.0137239473753274
858,-0.0128343472210905,-0.025081537159166,0.0321092582056701,0.00634990308686512,-0.0193780774369025,0.00982839310239625,-0.000413725264738603,-0.0359165839961471,-0.0549240826019575,-0.0706959265658491,-0.0758427856017023,-0.0218219471830381,-0.0328427813551191,-0.0223651606239138
859,0.00221825932273459,-0.00346107638561752,0.023780198049268,-0.0252387138726169,-0.0768821330102979,0.00696153067674674,0.00566021380442194,-0.0346056812871348,-0.0369806226534957,-0.0468606213906354,-0.0590332121434949,0.00558239122715708,-0.0156467591641188,-0.0171640494359656
860,0.00753973638481267,-0.0603123951775256,-0.00409198445701028,-0.0455310786873978,-0.0986703143256406,0.0211328073000718,0.0215188005136715,-0.0465738201480402,-0.0328727323431138,-0.0555621509477447,-0.0389315136033804,0.0216632621499699,-0.0174762876816619,-0.00761143907198115
861,-0.00823086738567119,-0.0077404018310963,-0.0643469614836881,-0.0422224248043671,-0.0631100490324703,0.0328931001249267,0.0364126317590804,-0.0728858194376935,0.0156041540646209,-0.0461128376878073,-0.0448080002213431,0.0224837805429974,-0.0642606736598713,-0.0884011452268048
862,-0.00114258766090897,-0.0412591799599069,0.00501844215024214,-0.012753918341162,-0.0414057552907455,0.017279791368446,0.00271682303482686,-0.016671070522193,-0.0396255081824514,-0.0598040889166585,-0.0297600681041816,0.00612325263532053,0.0260404641101879,0.031838802350434
863,0.00417629097745636,-0.014382926646977,-0.0492966597964472,-0.0487975520219739,-0.0963328958634385,0.0370591176702969,0.0156122897353126,-0.05285403950471,-0.0121143551820626,-0.0400228353189851,-0.0827190456914765,0.00304502317147003,-0.0292616790457682,-0.026087495992095
864,-0.00518630584976165,-0.0207369847365579,-0.00898843915107062,-0.0236223152432772,-0.0342250529975248,0.0486542826432313,0.0414073215359026,-0.0339693936168344,-0.0151045012342591,-0.0293240226653339,-0.0529010901565807,-0.0270310866084664,-0.00372934752916482,0.0068653722582807
865,-0.00200046028356038,-0.0563658070105622,-0.00890237076931358,-0.0124071608744375,-0.0276686598512594,0.0222078497913934,0.0222056756556034,-0.0626293992510811,-0.0313733404016553,-0.0450959925274919,-0.0939430412166095,-0.00359736336647823,-0.0518082144025997,-0.0424325491274242
866,-0.0232192893288745,-0.00357073755800098,-0.000975173042304878,-0.0730414906533371,-0.0793839086993502,0.0272711276820506,0.0203926349560042,-0.0270120118548025,-0.0405229842644915,-0.0141169283390987,-0.042556502498851,0.0207118414278388,-0.0559847641157415,-0.0555146151779669
867,-0.013890598001541,0.00294494068722279,-0.0280791240475279,-0.0519906509418042,-0.0477796961255278,0.00825881034503013,0.00148971479897803,-0.0223113057163358,-0.0390019674651123,-0.0309961532234072,-0.0648181130959089,-0.0100874282092242,-0.0168470760475325,-0.0153547972636443
868,0.0111365510946821,0.0197793659773374,-0.0382060912393228,0.0108001642817377,-0.0742986098539509,0.0112908094372155,0.0214276834145949,-0.0543599169370174,-0.045070389556214,-0.047710301639697,-0.0863294265650249,0.00849594812454972,-0.0492764347165496,-0.0492050302785385
869,0.0109057212518619,-0.0347413359690715,-0.0376614489117073,-0.0297867423550341,-0.0325203047246224,0.0300861189455702,0.0251195834114625,-0.0363200557835206,-0.0340844610205421,-0.048595318461478,-0.0662343436898135,0.00334753284048882,0.0150686501258584,0.00169528388496056
870,0.00323965574808902,-0.0316949895607425,-0.0674929257172086,-0.0215208254978277,-0.0313479675406354,0.0274308503792282,0.0782591900068372,-0.0394250886428098,-0.0257859753125305,-0.0115534515608144,-0.0642750655384648,-0.027352863995258,-0.0126225134860778,0.042746800894537
871,-0.0102235983545566,-0.0249713249481686,0.011772471915433,-0.00401698980990392,-0.0955763535365076,0.00267154863622638,0.0237832608446554,-0.00954743661957533,-0.0338095614622409,-0.071925486091494,-0.0520146709774075,0.0122053612388547,-0.0107032045577776,-0.0263790982198519
872,-0.00861571244504153,-0.0171229328495151,0.0065601258590669,-0.0390001709788128,-0.0167659048790355,0.0143820448226183,0.0147127085587207,-0.0329818545438562,-0.0177048244161772,-0.066401676474543,-0.0757618121065978,0.000932035871771056,-0.00464486556938969,-0.00422681581845132
873,0.0191203422441259,-0.0373294788514137,-0.00349406192650698,-0.0434192240843688,-0.0692199974669629,0.039555571725035,0.0427800314509756,-0.0440541846644822,-0.0566576240724139,-0.050239357772988,-0.0540580296772239,0.00227939513969067,-0.0266926876709245,-0.017991753617258
874,0.0155121436542076,-0.0347668255240598,0.0470163559785052,0.0125856474318317,-0.132831845439103,-0.0101975455203943,-0.0099041591038905,-0.0600463668730346,-0.00477594078063223,-0.0586589943263644,-0.0599560177265152,0.0212160029071291,-0.047015100745395,-0.0480939453033063
875,-0.0415064970606915,-0.031370744510283,-0.0454788666920917,0.0277822000477676,-0.0413709998141121,-0.000355149394277152,-0.0111692955550306,-0.0305597593431311,-0.039511259918853,-0.0448957612351776,-0.0576499269225359,0.00796811741603691,-0.0213656658828253,-0.010870063114296
876,0.00583649780502149,-0.0850779651098802,0.00360891991473136,-0.0421530979042506,-0.061300162068291,0.0441149880071759,0.0409231102758324,-0.0432094263212435,-0.0367043336678416,-0.0302197362407202,-0.0187984840798768,0.0264666958761946,-0.0105653151591652,-0.00813390133208976
877,0.00949942713742556,-0.0255463687347892,-0.00207298212188223,-0.0469319251682179,-0.0142317298967827,0.020045589338823,0.0115868742070738,-0.0280901669851447,-0.0563999744975683,-0.088503464882077,-0.0176150532995774,-0.0254212295690863,-0.00933052679402184,-0.00844386325171594
878,-0.0190560555075265,-0.0608607498102006,0.000118076902363956,-0.00387595301822447,-0.101538637330877,0.0390859127624193,0.0382068601538156,-0.0391332432201532,-0.0296671731844103,-0.0387394322753162,-0.0124478859790773,-0.00268914389451391,-0.00718580795583357,-0.00180462614323591
879,0.00622994621026016,-0.0634504957804279,-0.0274079108421769,-0.0304657703894694,-0.0926985859377881,0.00407277516229363,0.00182982976166326,-0.0253099614581006,-0.0016453801781236,-0.0333817273674483,-0.0599801938758135,-0.00372029128943518,-0.00665777835868145,-0.0212509619527509
880,0.0197452846710544,-0.0218688491709174,-0.0279111441115764,-0.0325589811029004,-0.0633108568127543,0.0401930849163947,0.0861178316381371,-0.0303994126343923,-0.0632528862308426,-0.0456539112315488,-0.0413807075331521,-0.0168972224919878,-0.0117114865572241,-0.0185186123835452
881,-0.0123365181163602,-0.0580259880659167,-0.0406009035565313,-0.0528466019277947,-0.0414563117680092,0.0226291596329088,0.0302635612313443,-0.0368903000816762,-0.0354280653542182,-0.0457086585496478,-0.0677195546816603,-0.0367227220507461,-0.0423335940094543,-0.0399144679703729
882,0.000817088390137999,-0.033291177763001,-0.0300312268695757,-0.0702242973116071,-0.0417082427360293,0.0265354860141848,0.0262759536651228,-0.0256459861921037,-0.0221022928785973,-0.0541737299846263,-0.0350644239341401,0.0135387269827998,-0.040998559395326,-0.0301696123574857
883,0.0123403354361756,-0.024379312674988,-0.00671478122730804,-0.0487170691078673,-0.0521754443178193,0.0422120678104523,0.050105522962323,-0.0525194859450892,-0.0280765892658163,-0.0749086668046701,-0.0470857232236837,0.0255226907033244,-0.0434304987863516,-0.0559353656719458
884,0.00234897126619604,-0.0495795551307261,-0.0880036100967379,-0.0110357667318814,-0.0338286132719336,-0.0136001149894614,0.00586494796213101,-0.0360512050837876,-0.0350443354049152,-0.0362914238649913,-0.0314930941398525,0.0271914506823141,-0.04373310876158,-0.0422977550954315
885,0.0016278898918128,-0.0177040728994885,-0.0607427995272717,-0.0502464901153926,-0.0459730331714182,0.0391376134884647,0.087013180481319,-0.00439196143175948,-0.0360346815688583,0.000718247880594713,-0.0337001487897409,0.00178640493936823,-0.00470900991595923,-0.00390630268680518
886,-0.0246164409454311,-0.000210010852053619,-0.0782460353950533,-0.036593627423418,-0.0162970819284611,-0.00292372351475346,0.0057376831048365,-0.0297615390556603,-0.0238180942106581,-0.0162969513111047,-0.0551539410719761,0.002740697086379,-0.0374912701317124,-0.042948156937517
887,-0.0485636792801823,-0.0187938303784462,0.00617699428825275,-0.0669631999642277,-0.0199634560232722,-0.0177850695510862,-0.0421501191588815,-0.0073557077076246,0.0335416020000092,-0.0556029750860314,-0.0780182667929048,0.00880211433623365,0.0485095161679678,0.0416167568065704
888,-0.0290093146661142,-0.0305215331346498,-0.00358279734729297,-0.0668438521336031,-0.0988262731195466,0.00614618755663262,0.00647671461693308,0.00444019324157506,-0.0764623500710587,-0.0387172242105763,-0.0473517900678248,-0.0161074080900753,0.0134464103012971,0.00722801514396111
889,-0.0225979850992689,-0.00685827391280323,-0.0228111691232042,-0.0214520906036157,-0.0191095442311967,0.037796645793602,0.0697648447147812,-0.0264428231372665,-0.0549203371687919,-0.00627936181363062,-0.0552404848886314,-0.013297607028349,0.00276938250516014,0.0194159547098762
890,-0.00875940008859185,0.0327405483679452,-0.044688126824523,-0.015897357540961,-0.0644646551795806,-0.00595498298670143,-0.0115766254440301,-0.0554588686342373,-0.0316649119607632,-0.0528275089748329,-0.063977178626143,-0.0140279448258278,-0.0440057696917646,-0.0516359217445595
891,-0.0132108353983857,-0.0184099849488809,0.00549612141160646,-0.0230856410467835,-0.0494187586999065,-0.000299320138208541,0.0247746068132764,-0.00224027164948895,-0.0277890220483999,-0.0181217583626829,-0.0310764374039852,-0.0380700460926517,0.00681310520842446,0.0221122271524708
892,0.00643036542919611,-0.0964914642122244,-0.00268744223308989,-0.00366076401302229,-0.0192529079875591,0.0161603846219934,0.0211639588833186,-0.0317156328160403,-0.0488757875079699,-0.0313882162166152,-0.0670509222832602,0.0331054646105352,0.00177778162402552,0.00369195234799918
893,0.00173983921944304,0.012446507011736,-0.0460834979107326,-0.0241698229780743,-0.112193417812906,0.00980730923904974,0.00174117951617726,-0.0277941478015179,-0.0323861726132748,-0.0250272672224505,-0.058673126469884,0.0188943075158928,0.0119951652848847,0.0153073050059757
894,-0.0126745401541362,-0.00709078992840508,-0.0112270403242593,-0.0861944597396383,-0.0367461518366213,-0.0171697045365431,-0.0101875632721055,-0.0498456820251339,-0.0385828840961501,-0.0297009260063992,-0.0337933059458075,0.0148037077701399,-0.0149865402528584,-0.0139981841314993
895,-0.0127830876810816,-0.0426688995675143,-0.052222300493008,-0.0232679973740778,-0.0570549326878446,-0.00560338623005117,0.0128629733230985,-0.0525471756165498,-0.0731374403248487,-0.0165710550103885,-0.0726465705872314,-0.00615276742825685,0.00465130424256935,-0.00288906216029118
896,-0.00585249401366702,-0.0292722135006851,-0.0343586528439344,-0.031335805161586,-0.0489684924970551,0.0252629864121105,0.0191165374077415,-0.0580647884788378,-0.00705013426576469,-0.0109321790222156,-0.0735236656116662,0.00382154751468203,-0.0358064717367633,-0.0383517944298859
897,0.013750393053548,-0.00664048788977209,-0.015471796542129,-0.0591230478149161,-0.0154017273449688,-0.00796315693501116,0.012592980822382,-0.0347847234810991,-0.0481321033537262,-0.0375217137372563,-0.057881472380148,0.0199677670390134,0.000611927826933964,-0.0152152281037299
898,-0.0335613718906123,-0.0100966065876513,0.00483559592601493,-0.0182080788607508,-0.0515693515326386,-0.034439020283942,0.00152428037235902,-0.0203258687575029,-0.0405208938767299,-0.00845488746550746,-0.0489134052294254,-0.00653925796981031,-0.0139493177602066,-0.0133630160781275
899,-0.00631551803577737,-0.0573495768829275,-0.020251085410409,-0.00976705259670088,-0.0252382678834933,0.0397217266687687,0.0435064170825138,-0.05861674079837,-0.0173785398224205,-0.0341382859174266,-0.0567689962353422,0.0214628723504929,-0.0384406144496355,-0.0413730838383222
900,0.00217257512782223,-0.0393071758986722,-0.0262397026955885,-0.0333875010723454,-0.0243315619633185,0.0364243655384412,0.0370180775492943,-0.0670330496302652,-0.0150577146114042,-0.020081587349166,-0.0607806120191687,-0.018035705321588,-0.0354346937172898,-0.00451918358369525
901,0.015064260105764,-0.0165029490776423,0.00486529749881673,-0.0987904363464834,-0.0673464208413072,0.0272417255133395,0.0284394130143611,-0.02266238199969,-0.0613253718519753,-0.0711886039914739,-0.0448468611043484,0.00316921749627513,-0.014168405701259,0.051323108390624
902,-0.0117690269702847,-0.0062341108919743,0.000138055002078669,-0.0214742026943877,-0.0678353999529298,0.0394639873089447,0.0347401679039958,-0.0128861578261257,-0.0212729247037807,-0.0581768830429097,-0.0444142475985624,0.0216595950854184,-0.000390707155185334,0.000510339940243125
903,-0.0074187544183526,-0.029858766796346,-0.0490019317486669,-0.0108565146734599,-0.0711591871996662,-0.00501937745022552,0.0124405570490132,-0.0475165189583713,-0.0405282295612873,-0.013067352241865,-0.0572344256464851,0.0135842109586626,-0.0464231457086403,-0.0573837764192704
904,-0.0196348400346514,-0.0472801469707357,-0.0252206836249587,-0.0209778870887119,-0.0362042132684703,0.045504753895024,0.0540441696901959,0.0135958143618026,-0.0385432247589763,-0.0413178408687478,-0.0620812785719383,0.00118507120251526,-0.0135061148313152,0.0287895248590917
905,-0.0390660574053541,-0.0662509369981983,-0.00830913714202072,-0.041419228966448,-0.0241835375845536,-0.0072557756951625,-0.00547674813646048,-0.0124404489375327,-0.0536899617720474,-0.0768278527175614,-0.0269689476537332,-0.00559060698456151,-0.0335114048458254,-0.0285716496175931
906,-0.00380471476201596,0.0129966359737764,-0.0118938720349879,-0.0918542096352991,-0.0199468233303744,0.0242807777702809,-0.00269618219699604,-0.0182489348964791,-0.044776987265815,-0.0526198430004702,-0.0579481076772541,0.00689454147466881,-0.0117297566181396,-0.0238056088425349
907,-0.00466093308917887,-0.0260366717209484,-0.00687360208478938,-0.0120084796890466,-0.004267236610977,0.0204295863318832,0.0216607828670712,-0.0334335457454816,-0.021484927782233,-0.0206194520288454,-0.0447701573307928,-0.019042564956973,-0.0135807341976805,-0.0168226646462841
908,-0.0122822478335181,-0.0341109951038504,0.0387104869057659,-0.0209652229271321,-0.104497013915918,0.0190424829603726,-0.00832884149605313,-0.024841258509128,-0.0273199349674955,-0.0860632688646088,-0.0441930112320167,0.0203195940835202,-0.07656222036775,-0.0366837635910085
909,0.00931830857487498,-0.0329271918804002,0.0214946651164534,-0.0464744251092687,-0.113328315247361,0.0208960952151877,0.0509291864315366,-0.0679951009713138,-0.0129982310357303,-0.0758595356426039,-0.0544184732619163,0.0179132518876734,-0.032194371814155,-0.0321566989259737
910,-0.00171940422099493,-0.0285305613569651,-0.0531393916734096,-0.0943416394987644,-0.0575725681627227,0.0144503402138566,0.0146870432546971,-0.0147515590269875,-0.0294412582674325,-0.0748950377718713,-0.0179831032815377,0.00972018709058309,-0.0403745717849616,-0.0375007345460651
911,0.0244735977617725,-0.0639985185875,-0.0366624335717159,0.00176493635497582,-0.0422023503271581,0.0472341909027901,0.0179697544593108,-0.051571908682622,-0.0199996855870649,-0.0145706628977574,-0.0808864257364377,-0.0253437905587411,-0.0245125546420855,-0.0271374999653784
912,-0.00122880624802846,-0.0466452241095159,0.00215101262591241,-0.0259738629637505,-0.0455593883948341,-0.019978081792313,-0.00435974439164742,-0.0249336022356597,-0.0351129163928958,-0.064466663202206,-0.0579690291368143,-0.0114141120644513,-0.0264661004852318,-0.0319401548672678
913,0.00102584166217481,-0.0205082223721482,-0.0136833028812611,-0.031442019933252,-0.0404026948286798,-0.0051853796492089,0.00907526224656174,-0.0475265692500095,-0.0298907934455878,-0.0540387237570586,-0.0455295594707605,0.0052419152184533,-0.0325111291038863,-0.0300718496169272
914,0.0228559303621407,-0.0713677884788921,0.0153359950679603,-0.050718941562467,-0.0539670097997837,0.0369301944530369,0.0369509183687944,-0.0580967604814514,-0.0267656394288394,-0.0390975987373722,-0.0606366769936541,0.0241115011992525,-0.0817460910768951,-0.0976301955637809
915,-0.00212478632666985,-0.0272439154509977,0.00510751979128415,-0.0261736249209098,0.00456295216499181,0.0430423479759261,0.0253617269079005,-0.037923603173052,-0.0561039534710233,0.0067033137185889,-0.0791849039471269,-0.00644779837755093,0.0128086768032263,-0.0403803689695039
916,-0.000772871354342522,-0.043533258813028,0.0351836525709861,-0.0628240745247864,-0.0432030039087883,0.0361810977436528,0.0411056601959292,-0.00841456165684075,-0.0383338790150554,-0.0622094787501411,-0.0337444113769893,-0.0200276883773584,0.0131048478652757,0.0113215986597362
917,0.019863211012894,-0.0517834460119261,-0.0117136647536445,0.0135559406858727,0.00126869240334476,0.0332400411274223,0.0439700390500254,-0.0447965960859709,-0.0401693902649877,-0.0373254795228924,-0.0774839141991211,-0.0140030556583516,-0.0301527056320615,-0.0258690682384052
918,-0.0198295387979629,-0.0480405955355546,-0.00414063445163085,-0.0597060773877179,-0.0231764361398689,0.0322791401375179,0.0287389223389561,-0.0464050428593087,-0.0321228180094561,-0.0420432570994278,-0.0315695069674558,0.0171897957478448,-0.0148431066848438,-0.0216473871523177
919,-0.00137906714934089,-0.0360630326808477,-0.0390618820511997,0.0118910768281941,-0.0378983764732693,-0.0154526028657705,-0.00969938543659082,-0.0699480270619268,-0.0149928084493291,-0.0510658854655725,-0.037784723908041,-0.00644114760810791,-0.0433911322399249,-0.0451708292694096
920,0.00619970658032783,-0.0329151619434029,-0.0178759712477264,-0.0431813345401263,-0.101570228949738,0.00567505127022462,-0.0156432487590062,-0.00825260297533945,-0.031277028252583,-0.0458073461651686,-0.038650546021913,0.0210902739791789,-0.0400289391321915,-0.0323585755091783
921,0.00207903516423255,-0.0628500127497663,-0.0540870170685114,-0.0430684978744948,0.0132537995154299,-0.0243868273528385,-0.0241009615368946,-0.0473483364330276,-0.00595331135295958,-0.0559005937822049,-0.0441436681594291,-0.00272326593185189,-0.0518824432687107,-0.00569679757575242
922,-0.0170293347440638,-0.0236038525534733,-0.00323590780037247,-0.0709357571591116,-0.0271830482420375,-0.0238033921126083,-0.0220425042413809,-0.0378762115543794,-0.0119944548144605,-0.0429113891977902,-0.0349398430913114,0.0186760923588381,-0.0134081988051818,-0.0196389130479204
923,0.00895746805010463,-0.035689648685523,-0.00542295425043648,-0.0541090136772694,-0.0961864554280685,0.0260682999799459,0.0280456879270435,-0.0352292984090088,-0.0442698645851649,-0.0505003397192887,-0.0582432844909677,0.0179484110795637,-0.0121897260060708,-0.00279624232337435
924,-0.0138669720445611,-0.0417536520041944,-0.0400477839198533,-0.0459955769586073,-0.0378861816831956,-0.00355970987587025,-0.0109222880809028,-0.021194438495281,-0.0177504193249585,-0.0291884180280657,-0.0436567396809383,-0.0202687521822621,0.0261519802179905,0.0175508844558922
925,0.0153386140627733,-0.0083250215465157,0.0102228638768082,-0.0698530407834609,-0.0248222441833068,0.00976669206215511,-0.0451993417400718,-0.0249486859255196,-0.0492201517913354,-0.0297753684096452,-0.0408014837055878,-0.0134476069290328,-0.0272206684077744,-0.00118224848510523
926,0.00396031228344543,-0.00849357713764064,-0.0215932721555034,0.00728333296756214,-0.048785937434012,-0.00382812376757984,-0.00343913640752023,-0.0574642623590355,-0.0462181493783746,-0.0650351085547439,-0.0392164082751995,0.00858075822151298,-0.0618455445849231,-0.0593377510686737
927,-0.0318736465023881,-0.0445514556825632,0.0181220723997296,-0.0242326557460606,-0.0324274728648039,-0.0284607829401734,-0.0426627857618909,-0.0444275558159498,-0.0571449606325848,-0.0580711196262032,-0.0135260644091554,-0.0116563617468215,-0.0175288782686017,-0.0296957998475641
928,-0.0173602611688476,-0.0253609384082262,-0.043111447792396,0.0140732747399568,-0.0660426222184231,0.0252722808233414,0.00709898144239153,-0.037435700321207,-0.0339630113156608,-0.0759820456979744,-0.0523828135126112,-0.0228884218294525,-0.0300669490929929,-0.0518627312151245
929,-0.0200857327332905,-0.0390440378598034,0.0355962889985269,-0.0478439576560553,-0.0514532204181347,0.0102433953690395,0.00428052868115785,-0.0711758286380094,-0.0225894225904863,-0.0441739113937293,-0.0168713239198071,0.0123538893019049,-0.0741140647116928,-0.0408192518232059
930,0.00367995198268101,-0.0306613831499179,-0.0118209452047218,-0.0221104016590168,0.0319674722048846,0.00283383737097551,0.00873698533363171,-0.0464957220036607,-0.0341671128677063,-0.0164455920862319,-0.0585261094523797,0.00290324954021849,-0.077942808319517,-0.065212281225851
931,0.0250523794278329,-0.0248059795330116,0.0166832539986266,-0.00748991293627285,-0.0768957726592638,0.0613243200389644,0.0467865211496257,-0.0299739533998302,-0.0173038788493123,-0.074464548705153,-0.0754531743628963,0.0121175727053875,-0.0128281382906269,0.0171658387022489
932,0.0179963615790291,-0.0670778208617958,0.0314197982968316,-0.0153320584643228,-0.0781671166658679,0.0310972270980753,0.0284156028298733,-0.0217068496780319,0.0123952781122411,-0.0368495283934738,-0.0504880960728147,0.00964407515119309,0.0137857226239436,0.0294325783882219
933,0.00878970835762954,-0.0479688077194512,-0.00427810460238381,-0.0144044958508712,-0.0268089426652425,0.0262947932998246,0.0292159568396649,-0.0450796958147302,-0.0185934905187574,-0.0278489997575045,-0.0723304512856495,-0.0195035942145729,-0.00325845236867667,0.000947299875369997
934,-0.0120725678740261,-0.0700733019079801,-0.0145803955543484,-0.0685696487040386,-0.0416640997845288,0.0308241209499779,0.0492487078521637,-0.0220118890912969,-0.0288003239936874,-0.0456274701460282,-0.0620889464412366,-0.0135136987424559,0.000795964088392477,0.00205083912958842
935,0.005969406094073,-0.0402041768752315,0.00502506310763863,-0.0680489232646272,-0.0608490199021005,-0.010003660356898,-0.00930895187799295,-0.0334672707110255,-0.0441814853365121,-0.0250466035475698,-0.0389967007251844,-0.0241038341739746,-0.0452083030639713,-0.0398362229554994
936,0.00895611005477265,-0.0244995417842359,-0.0433019241803906,-0.00150516943007081,-0.0180414508768584,-0.00396153882034588,0.0129560601273834,-0.0180706610271575,-0.0115787124385445,-0.026149082377468,-0.038799046953149,0.00814608037469133,0.0206842080699355,0.0034948626984201
937,-0.0131359020968235,-0.0329020361588114,-0.0472603811842265,-0.0192803109031992,-0.0668810900065372,-0.0269451970102222,-0.0188938550541254,-0.0253932478349401,-0.0185900321130222,-0.0243846422157639,-0.0598016166770562,-0.00882577119628186,-0.00821420975963767,0.0228955328460475
938,-0.0306863182146457,-0.00614159961339773,-0.0621655628281399,-0.019597745288631,-0.0876554192287411,0.0471173644820961,0.0473667671420332,-0.0577436784034217,-0.0265704555961014,-0.0385543172510905,-0.0711965161296086,0.00268428401015805,-0.0372251212947204,-0.0367101640613937
939,-0.00309217916769004,-0.0117698265089187,-0.0389573363142664,-0.0250288455335241,-0.0399641200362802,-0.0208360786602473,-0.015674933401798,-0.0564962073964325,-0.0405021983539479,-0.0561992248637167,-0.0348894503436947,0.0109409122306258,-0.0239995905180208,-0.0220877823377583
940,0.0236448004750027,-0.0453601614721492,-0.0272580154734371,-0.028782733914863,-0.096329618417499,0.0310596524278816,0.0161605427537086,-0.0312715967801923,-0.00591193662003082,-0.0235722053560339,-0.0778766164630204,-0.0129365069563262,-0.0354454627049837,-0.0201790507347685
941,-0.00404175665807825,-0.00622337829441423,-0.0492712674003523,0.00721187807858878,-0.0806948257151646,0.0336586355818155,0.0108520862968205,-0.0362938875223475,-0.0396241270055036,-0.0405891941698337,-0.0311067946987573,0.0294745460918049,-0.0536164340956584,-0.0475372789995936
942,0.000464146025293884,-0.0243296196846969,-0.0159123089334904,-0.0188530652406865,-0.0361278787558908,-0.00907393438872372,-0.0251033426618631,-0.00231712435851829,0.003576590513949,-0.0189627625378501,-0.0168682386953006,0.0164470425670288,-0.0213323605559405,0.022287892175096
943,-0.00524714027932796,-0.0571752666572701,-0.00407534662772283,-0.0777232494487595,-0.102129292506903,-0.00154002905831326,0.0028037572804392,-0.0157094027637068,-0.0299129733387117,-0.0467568187710595,-0.0295145197512702,0.0231488307210126,-0.00343641677997795,-0.00652281450095609
944,0.00380284333883749,-0.0305787256478679,-0.0539406379794532,0.00430535626789316,-0.0725439131755921,0.0389429205988174,0.0170213106724283,-0.0602341304398226,-0.0389383711117631,-0.0617998163764399,-0.0225459302161597,0.0128043943739054,-0.0432777031871875,0.00301771431755136
945,0.0165460284244795,-0.0741410658685691,0.030762218592879,-0.0104836649325311,-0.0828133638081809,0.0543678697097895,0.0328500268501895,-0.0546546813216106,-0.052451188539281,-0.0566588852787236,-0.0904800589141809,0.0456960448476556,-0.0210990812088985,-0.020064684644252
946,-0.00535816478316396,-0.0360604334916106,0.0401566879843162,-0.078439993037426,-0.069064072336849,-0.0270721945379586,-0.0330457659184275,-0.0496308528963328,-0.0122816812908839,-0.0282992505745055,-0.0575699558402529,0.000871528244605665,0.0245895814293434,0.0776829565351095
947,0.0161759100133062,-0.0140018668427434,0.00374371016274938,-0.0628026350426885,-0.0568029323169825,0.0330795446670535,0.0417645208356464,-0.028311944277494,0.0113988914870911,-0.0214725411391423,-0.0913516096081398,0.023253748748269,0.0237769580982716,0.0271342653803357
948,0.0196783489742303,-0.00647766547988568,-0.0362497698940286,-0.0376613068057992,-0.147961784769015,0.0205645785542266,0.0326191399531014,-0.061509307388172,-0.0239722933466356,-0.03150543260791,-0.047371331005542,0.0121016133449547,-0.0472651580217643,-0.0458122661892471
949,-0.0273595364320566,-0.0125462769038089,-0.00432942298999131,-0.0279740883438587,-0.0480757356662185,0.00836226621430845,-0.00497418154720504,-0.0358736269933268,-0.00353378029332679,-0.0208329764786217,-0.0922062219541603,-0.0407394095330716,-0.0241741676585743,-0.0284533026792753
950,0.0163057712083076,-0.0693185158435759,-0.0530379254981866,-0.0571989391933982,-0.0370600440414606,0.0328230830957162,0.0227845728874743,-0.0514287057389051,-0.0271359964735827,-0.0212410820269054,-0.0490144168556121,-0.00392309353820018,-0.0538665407692191,-0.051291499316004
951,-0.00898493549761593,-0.00261221151920472,-0.0204551203029615,-0.0447906134778584,-0.0572321367374006,0.0576072748254527,0.10238453571302,-0.0289596237747054,-0.0436167003885176,-0.014961027735104,-0.0449632622678876,-0.00771777393468626,-0.00924155527824322,-0.00494001409117545
952,-0.00525482417374806,-0.00510289965262908,0.0148502871428143,-0.0636019660246648,-0.0613396175858725,-0.00548206216760491,-0.00870336174136419,-0.0387243640714447,-0.00907025714797775,-0.06682685500638,-0.0681937649612713,-0.0340602918566592,-0.0262120553983851,-0.0260387478320549
953,0.0177728637271942,0.0329046119761677,-0.0220791342862635,-0.0222047496757666,0.00353180384284529,0.0114655598626867,0.0257524857390812,-0.0108043448348288,-0.0181021269320799,-0.000235027266003926,-0.0519629792390233,-0.0229231174146243,0.00615044642795702,0.0249039662517875
954,0.0171225939498669,-0.0592709190651696,-0.00849879649250651,-0.0837297089114974,-0.0333403467729564,0.0162999740279042,0.0255120499444457,-0.0438855036325523,-0.047932249912987,-0.00763894776719058,-0.0467142949472455,0.0313680114080012,-0.0234978555999522,-0.0475626998189993
955,0.0202950216267449,-0.0242092191558732,-0.0095169138593398,-0.036816007033796,-0.0413210776681694,0.0389167848398702,0.0365870323332532,-0.055523526606335,-0.0395164815338045,-0.0482521098226932,-0.0181966851657182,0.00222958069856764,-0.0199580093682598,-0.0105038254479828
956,0.00147357747196819,-0.044162743950029,-0.0439091299122498,-0.0443212252081795,-0.0687932222863935,-0.0172210541217137,0.01383259789262,-0.0255873291841602,-0.0136698578525511,-0.0242875500899075,-0.0378958703294257,0.0109779033806606,0.0166383638317416,0.0434535006011158
957,0.0074547486117786,-0.0602855511547797,0.017582888885845,-0.0256662833779028,-0.0297675160609715,0.013660183802175,0.0192237992709992,-0.0313494189971639,-0.061495430207086,-0.055088176826576,-0.086074156625095,-0.0115765986049381,0.00655606284324197,-0.0385835672046256
958,0.0111722642846746,-0.0630463775075402,-0.0272506915706542,-0.103702822155025,-0.0731743575698653,0.0454668851762477,0.044528515467826,-0.0398539510988903,-0.0358721973581199,-0.00398143059506054,-0.0211237041064599,0.0123162202522343,-0.0348456649662266,-0.0330886413087958
959,-0.0154388133514439,-0.0404541039957974,0.0113332544343152,-0.00944823603419928,-0.0355658006086476,-0.0135633343337936,-0.00712973072584296,-0.0163671091377552,-0.0296062456440268,-0.0618151265507217,-0.0759922197305263,-0.0431911369719853,0.0348818789584192,0.0251390082030803
960,-0.00541147068381161,-0.0236501079153897,-0.0205578451905036,0.00175561295335,-0.103767419129181,0.00258918097436169,0.00407291514771971,-0.0295948682128803,-0.0393490151930147,-0.0895126564022277,-0.0145013157746939,0.0414944170085357,0.0152978078030663,-0.00852110301424511
961,-0.00641101024207173,-0.0498266624761719,0.0188248419897386,-0.0615117134274922,-0.0619659573262875,0.0136403366238406,0.0133623805706495,-0.0136534906735787,0.00215171360980155,-0.0226433434934287,-0.0816432787289509,0.0148488664475768,-0.0300890434737389,-0.0361151038270322
962,-0.0122222211346446,-0.0612110344787076,-0.00955996013668731,0.00186401019155991,-0.0388317392220596,0.021738727719798,0.0355858197933526,-0.0514555355410738,-0.031814591774985,-0.0462264440030342,-0.0460485308570246,0.000309343244315113,0.00643837457463452,0.0187113563326388
963,0.0135562586519418,-0.0385061616049558,-0.00371167104836875,0.00393405189361981,-0.00438912349831871,0.0444637617514089,0.0490681300687127,-0.0360072833819324,-0.0358598111586669,-0.0485729757450568,-0.0435462140742174,0.00536624522220781,-0.0677037015116423,-0.0544559643518135
964,-0.0115192757866717,0.0115596060634298,-0.0159333492079751,-0.0338787486404643,-0.00814545458995913,0.0175605756052292,0.0134779699289077,-0.00497993739436055,-0.0384679484790159,-0.00648139970588442,-0.0628445739208375,-0.00799001332388137,-0.0370760084905836,-0.0339097440599547
965,0.00608107636453597,-0.0623491252836171,0.013065129854698,-0.0319059198806642,-0.054726765422612,0.0343831592527683,0.0180848773165634,-0.0285016543936568,-0.0265552600964528,-0.0580286599997182,-0.0363054067424994,-0.0231256922322876,-0.0400235976264131,-0.0431877784957456
966,0.00128135336901365,0.00153587520079659,-0.0499125161765939,-0.001636109149494,-0.0552283464655729,0.0298834398774129,0.0939677345396976,-0.0164336787327066,-0.0277329647403187,-0.0701558669138159,-0.0602287582069158,0.00416252560607921,-0.0217615389707254,0.0249335475993469
967,-0.023313491062059,-0.0337470680037976,-0.0216971819312392,-0.00671618216215242,-0.0325652283906647,-0.00702700758391864,-0.00897706225565206,-0.0382593135776799,0.0040501923434173,-0.0657937935523558,-0.0702555386774922,0.0168563864752157,-0.0118401419409586,-0.0273344524639847
968,-0.0107886548479914,0.00461252723542428,-0.0338481172726546,0.0267363894662566,-0.0807054594424593,0.0218522329498154,0.02114620381603,-0.0421036191964421,-0.030693993471854,-0.0572148268021717,-0.0411218301946311,0.0267164484223706,-0.0439043034214002,0.013833223843672
969,-0.0210586795859788,-0.00439868360109567,-0.0284982039553201,0.00929570550504963,-0.0452019451783867,-0.0328982373072738,-0.0453638828931179,0.0111879144863939,-0.0604094560474662,-0.0467475490565632,-0.0873030493349134,-0.00105232212605952,0.0669608916946275,0.0575416975998995
970,0.0000959433012598307,0.00658904547040118,-0.0573852291796737,-0.0151047123767827,-0.0234562393243813,0.0317685394550791,0.0288410298825182,0.0101640472329526,-0.0616422369498277,-0.0193135005020996,-0.0334911679769765,0.000185444644509467,0.000187139157314636,-0.0239837276491209
971,0.00595677625200255,-0.0260569582987055,0.0332078569793943,0.00871523358096546,-0.0524519102400213,0.011340532144938,0.0205379812396777,-0.0465208294773964,-0.0228156400887817,-0.0457325067644228,-0.0429985208681377,0.018419668277707,-0.0206576032300807,-0.0146901800165058
972,-0.0223898146688035,-0.0607395156830392,0.0022491320372465,-0.0677240537452086,-0.0576539002847761,-0.0243351870055207,-0.0254795110124967,-0.0194036036747365,-0.050952670642356,-0.00659457186462116,-0.0752675043506847,0.0134129414942553,0.0148219478322111,0.0147336597882449
973,-0.00249122646882129,-0.0665918293385623,-0.00979661909730972,-0.0653474762824011,-0.0624395676765659,0.0148671067520734,0.0158238686194279,-0.00834603986395538,-0.00911206524591103,-0.0433254592093525,-0.0309164859495735,-0.000453441701474766,-0.0278534286113632,-0.0300211975935612
974,0.00812946581915189,-0.0259684456954532,-0.00542811106895558,-0.0362779798260314,-0.092903739760057,0.0190245165221735,0.0291990749035088,-0.0402329087528573,-0.0357299873637984,-0.0495896845965576,-0.0711262783960754,-0.0070981223702328,-0.00326007128301618,0.0237273910666459
975,-0.0142574171859253,-0.0281735387357643,-0.0579682815597811,-0.0823063072976213,-0.0889220857513042,0.0350378097148665,0.0492987946083475,-0.0654713579724343,-0.0487186346434126,-0.0463709286769853,-0.0287299290254893,0.0287172976516467,-0.0588949502726775,-0.0545241079455173
976,-0.00643079560901633,-0.0243617470577606,-0.0196315158877443,-0.0354630207546616,-0.0497661969827065,-0.0245410496225694,-0.021676256661221,-0.0292900542126286,-0.00828389380796925,-0.027016800630395,-0.046723014213762,-0.0253660302323731,-0.0486313262407864,-0.0407366968013454
977,0.00304500789765687,-0.0624533520785445,0.00947703340905791,-0.0450785741936753,-0.0445657199018452,0.0389538323925319,0.0491652264106571,-0.032308597760799,-0.00978356043754065,-0.0831399924356976,-0.0140977961919484,0.021416866132739,-0.0288321524700443,-0.0212788207914377
978,-0.0170093097409908,0.0109178301518137,-0.0296510868120768,-0.0279332601136767,-0.0849371788037692,0.00101078031496474,0.0387657280351399,-0.00916580546728052,-0.0647602568187747,-0.0261303095248697,-0.0433542698982587,0.0184029707111614,0.00250903208563953,-0.0177431274441856
979,0.0283396958836325,-0.0306601313759159,0.00022032884182191,-0.0130390622815066,-0.0897665184854056,0.0219138994072902,0.0354564574239065,-0.0400637866138423,-0.0716133108254614,-0.0577557377855909,-0.0413515165117653,0.00631335810641866,-0.0361489631121996,-0.0526247299372005
980,0.0231036072414831,-0.0678072813670666,-0.0102081097371099,0.00554509497118061,-0.0627001314217876,0.0471876642763467,0.0452027712129288,-0.038141321153534,-0.0183508783538669,-0.0403127531283385,-0.0190748699798869,-0.00505107943804155,-0.0106028450410331,-0.0123862760458407
981,0.00455765477769367,-0.0234472994777533,0.0010226698387856,-0.0459222349512437,-0.0772582879487673,0.00799941200780489,0.0113641141827085,-0.0687487077908871,-0.0267007508898802,-0.0108564216422834,-0.0539632954597713,0.0229815972909563,-0.0304729539935896,-0.0193280170786736
982,0.0158700581853124,-0.015585901018988,-0.0765423459615024,-0.0140118966535359,-0.0570459981415414,0.0353884637207354,0.0365015409961922,-0.00169837323586539,-0.0171378774415749,-0.0877201575736974,-0.0492165091442695,-0.0112869905500434,0.0364276369909809,0.0426230495352676
983,-0.0135695584089762,-0.0156609771440245,-0.00695101817552921,-0.0540814452904757,-0.111591875332951,0.0437377663110702,0.0435052200140474,-0.00769152680650659,-0.058231081439324,-0.112343272741352,-0.0216340627839137,0.0122582439825184,-0.0109283179536632,-0.0102505159965602
984,0.0165145467710956,-0.0630546083402957,-0.00686578993325523,-0.00980517039099529,-0.0621480545747293,0.0576205656198211,0.0654068662665815,-0.0361941884886552,-0.0445173025944906,-0.0504032624786517,-0.0648668172275435,-0.0147789518879381,-0.0328556993423909,-0.00758251029234543
985,0.00744073943438126,-0.04739673522733,-0.0242559866436385,-0.0396965992189665,-0.14852348212876,0.0464649701054366,0.027728761916977,-0.0284598583659455,-0.0122860950868731,-0.0637707783377698,-0.0313291281275389,0.0426239907040857,-0.0115327734018954,0.0147013040363679
986,-0.0174590015999248,-0.0262549387805272,-0.0153325423753689,-0.018017039296196,-0.0944000954803685,0.0229430609786726,0.0230770809400718,-0.0131286002661792,-0.0567974932662342,-0.0315533765120003,-0.0478596760478304,-0.0122111281029016,-0.0491495113893407,-0.0444020213394428
987,-0.012452442579313,-0.0304247140216654,-0.0286009161222847,-0.0334168975605012,-0.0537915653321496,-0.0076022915799497,-0.029309741980414,-0.0259141355688985,-0.0416579917971299,-0.0360200234420177,-0.0489490524103966,0.00110644391698203,-0.0172427334670574,0.0149034592618594
988,-0.0477068487017644,-0.0986861065085229,0.0669086220863956,-0.0106657038861236,-0.0979327960348516,-0.0218838302581381,-0.0264194245393774,-0.0264915349120678,-0.0285784150454923,-0.0484692567264303,-0.0506751082203463,0.0266545877619407,0.00944208505759733,-0.00429684799859049
989,0.0156897525576483,-0.0616408044318918,-0.00701234894941331,-0.0335514518021321,-0.0226092709632852,0.0184743232466527,0.023970873267254,-0.0434668687238143,0.0000413493498675199,-0.049139709001318,-0.0726747300120618,0.0164329884169239,-0.0220338365652131,-0.0155967101912996
990,0.0102242491591734,-0.0659913421439226,-0.011717747824364,-0.0518616021772672,-0.0711642269023571,0.0511085198959622,0.0674119613601083,-0.0405173823836359,-0.0213305918644556,-0.0224322447532692,-0.0553473340728908,-0.00421740806163655,-0.0094742911936315,-0.0154103217157031
991,-0.00795369677218472,-0.0118080933144452,0.0255212608265772,-0.0142130937551205,-0.0125289548336117,0.01900828181758,0.0331155325642159,-0.0239044101307151,0.00606102019298149,-0.066318151873336,-0.0227974387127658,-0.0169463486796949,-0.0419888730409649,-0.000854559309907674
992,0.0391190049193421,-0.0091168156238076,-0.0249649737191324,-0.000175242707675022,-0.137636565256601,0.0436183489639201,0.071601965339212,-0.0164381836048209,-0.0420560643537254,-0.0135520058616613,-0.0549737629511996,0.0205626681611262,0.0322575303055006,0.0175435236551014
993,-0.0157191675096723,-0.032814932597624,-0.0037708253734319,-0.00091631471805545,-0.0408020651602893,-0.0131506518545227,-0.014002337059562,-0.0557696243539384,-0.0547611958233582,-0.0561888456390606,-0.0654251200116179,-0.00782474902716387,-0.0313940500897714,-0.0298674118355129
994,-0.0212600873828586,-0.0176209961573598,-0.0153417795439568,-0.0468854062467076,-0.0480447542291187,-0.00489818381061231,-0.0153571346180307,-0.0191114657346287,-0.0502464566267869,-0.0955230985134635,-0.0421372880476604,-0.00568461709456225,-0.0041752620124174,0.0110773343419873
995,0.0139836062952534,-0.0987199129162244,-0.0111723698883739,-0.00173556710464368,-0.0497298851627848,0.0294378257240604,0.0433735241655739,-0.0585402706773806,-0.00639769549606045,-0.0828271241490602,-0.0321450570289732,0.00837333657908569,-0.0646266518033038,-0.0836707582054037
996,-0.0187152308612082,-0.0240761356186719,-0.0695526299751702,-0.0118746611103802,-0.0341528585874406,0.0200369315483329,0.0198985517872615,-0.000644761133404892,-0.0311175853765147,-0.0475384011009896,-0.038135344929672,0.00496378879980013,0.0122017286335567,-0.0315435825627482
997,-0.0233609995012678,-0.0495873370212752,-0.00925269999501868,-0.0424579786417657,-0.0410204700173523,0.0114836866259721,0.00881333434332557,-0.0132574204578087,-0.0323264851369156,-0.0309434689764134,-0.0286914603392771,0.00197266829191164,-0.0276657215437696,-0.0125900749820435
998,0.0566296040991464,-0.0460627603778788,0.0067208197871961,-0.00111370023541196,-0.0884476550905238,0.044210636471862,0.0509212164136613,-0.0465700361632276,-0.0305614360043113,-0.0669859251773029,-0.0686560966649124,-0.00383041522980715,-0.0104655588396929,-0.0219737491267079
999,-0.00214153775071324,-0.0175001331004281,-0.00022559146605941,-0.0860692351428335,-0.03602921202993,0.0270916253004148,0.0237802461880629,-0.0428042444348343,-0.0336514725196751,-0.0279886592504379,-0.0678408816540624,0.013660552727068,-0.0164169851646781,0.0416362752781314
1000,-0.00447158124441585,-0.00582360672435739,-0.00856364017064673,-0.0234179214190958,-0.0882601817381384,0.0113174095389855,0.0273101424498679,-0.0193790601970077,-0.0517971880177335,-0.047598811773088,-0.0675491733858018,0.0195211927744163,0.026488248731672,0.0360689996188997
