"replicate","Q1","Q2","Q3","Q4","Q5","bottom_decile","risk_lt_5pct","overall"
1,-0.0105329897820726,-0.0550918003421551,-0.0357951449899369,-0.070541114398,-0.0975617356026741,0.0517385456051629,0.0854908924079686,-0.0537361602115622
2,0.00616348837547096,-0.0420205976254164,-0.0476832305428697,-0.0363970748469184,-0.0326778329373738,0.0189111798358772,0.00227096633503512,-0.0322437770382563
3,0.0146737862891784,-0.0564918908530689,0.0237804523893309,-0.0492266054918993,-0.0253339032900762,0.0392421241576118,0.0241268617788397,-0.0212665997332269
4,0.00356515000193321,-0.0505892753664421,0.0155586108846313,-0.0266137730572796,-0.0847523592028802,-0.0117733190810851,-0.00899209322230792,-0.0283240270025184
5,-0.0103567922873763,-0.0253241587962577,-0.0663379717198287,-0.0256752426299746,-0.10934364253252,0.0476077505590169,0.0411841714498376,-0.0474781332119782
6,0.0171687614662811,-0.0180008342831864,-0.0277846963284335,-0.049192074549612,-0.0912759968702643,0.0282327135363747,0.0282219889999371,-0.0304753284984101
7,-0.000957923839753252,-0.0243738279485605,-0.0572138722143365,-0.0383678369141443,-0.0786133292437106,0.0256507402342574,0.0158640148332239,-0.0406554869022321
8,0.0376190711763591,-0.0510445383882559,-0.0255358931115381,-0.0292445259568674,-0.0532328179761998,0.0868009995976804,0.0618689720703357,-0.0238457388908637
9,0.00715745415531728,-0.0282332301598502,-0.00725973739751529,-0.0550080583164534,-0.00634536341365066,0.0395628693343367,0.0393447854631538,-0.0178829180465469
10,-0.0158560412642534,-0.0479698991307539,0.000454092978742271,-0.0686381396146412,-0.0459480941218349,-0.0180426571248647,-0.00324897797835701,-0.0347755749247724
11,0.00444140212645714,-0.0213724913408035,-0.0139612366364019,-0.103470306226423,-0.0180852340212346,0.0823303281015853,0.107509695186306,-0.0301828211290462
12,-0.00772741148843609,-0.0678845537056477,-0.0384658349803934,-0.0562611972026024,-0.0859172083212239,0.00641813656842832,0.0190671955005739,-0.0476179700311758
13,-0.00188029963459341,-0.0664404950798897,0.0175516690084187,-0.0331582988459906,-0.0653808385158318,0.0378397767916487,0.0277947496539528,-0.0264865423858014
14,-0.000589125176869335,-0.0281544055812961,-0.0377999139310458,-0.0123224297385024,-0.0519185215746647,0.00950316757894615,0.00121056620651452,-0.0233301733372891
15,0.00519453719481373,-0.0577918996405158,0.0328215400281756,-0.0101355559534819,-0.02982692232912,0.0300358832641671,0.010756678690698,-0.0126797766736399
16,0.0193925086972724,0.00449686394503883,-0.00974691663344388,-0.0137417434085252,-0.101931045901383,0.0359510310478713,0.00437305551840685,-0.0187647462993937
17,-0.00933999383785236,-0.0682222013040997,0.00779841988468261,-0.0528418231523412,-0.0452032677166657,0.0167123471867888,0.0275934684102067,-0.0304479054744902
18,0.00294294639115066,-0.0169724852284999,-0.0373396722824819,0.00670498966583741,-0.0991159759859293,-0.0118336841445754,0.000849479103915148,-0.0258697366940196
19,-0.019488873231545,-0.0280334343653377,-0.0290635313351419,-0.026499895725819,-0.102238575890634,0.0331196140729428,0.0197231066222228,-0.0438324868323748
20,-0.0251957261969205,-0.025845920587801,-0.015106012370766,-0.10808714081008,-0.010903919518327,0.00144650946622228,-0.00421407277836683,-0.0409533282319303
21,-0.0171197107589203,-0.0537973799880702,-0.0110420051779197,-0.00221860721251044,-0.0696215459425299,-0.00676671208019096,-0.00382943641350614,-0.0284084563135311
22,0.0274094689696295,-0.0234528467145535,-0.023123695213964,-0.0138964532419866,-0.0495683816770938,0.0599882950956572,0.11778315700831,-0.0161839873866571
23,0.00905409251128089,-0.00520143586980672,-0.0415705884739224,0.0266427500869533,-0.0690698682737145,0.0206459837001881,0.0234322796934228,-0.0166148096334891
24,-0.0243665626048792,0.0221603847548552,0.0497716936459454,-0.0285490952476208,-0.0727712049369377,-0.0143324681123809,0.0022660187129316,-0.0119712943957397
25,-0.00899648509308902,-0.0153230216125525,-0.0369485260748798,-0.00966522793873409,-0.0996208336882927,0.0203772431904642,0.0042547502846896,-0.0369525854363972
26,0.0136440678478371,-0.0748802523273185,-0.000728876219507568,-0.0317500959953573,-0.0884551334913816,0.0238660438606796,0.0183080684493705,-0.033667675846057
27,0.010072946231226,-0.0280537925614158,0.0346411834175561,-0.0564211964874561,-0.0868464957571854,0.0253354343438552,0.0242616190920863,-0.0258543496265235
28,0.028330674258175,-0.0221179355277634,0.010513708850792,-0.0555472747001221,-0.0412773272673906,0.0561152533468647,0.0572738475010852,-0.0143129780066233
29,-0.0319502155771951,-0.0178502138302871,-0.0187313461358909,-0.00810322834052835,-0.0450009598477455,-0.0135564691604865,0.000392334941952455,-0.023556304685413
30,0.0377330969544443,-0.0529344438457493,0.0465540335960488,0.00605915427724035,-0.0583078921938514,0.0599020620110813,0.0293978324211097,-0.00515894913822235
31,-0.0148598854326581,-0.0119916012783149,-0.0195882613574282,-0.00061938513876611,-0.0805139159183008,0.0604864441030853,0.0603538280753065,-0.0233696822174373
32,0.0240380357402423,-0.0547411635960652,-0.0438175650576301,-0.034036757510707,-0.0607558619685442,0.043731457054801,0.0392229928594499,-0.0315433637018063
33,0.0226185539580676,-0.0274014172271983,-0.0286270214530113,-0.0627059392340204,-0.0738412025941521,0.0582821113258937,0.046827864279921,-0.0398954706274985
34,0.023282693769024,-0.0529044619123266,0.012432316521552,-0.0472428478361892,-0.0602397015461478,0.0427242261858473,0.0445201071453287,-0.0264933145962664
35,0.0186888429140535,-0.0471502931034201,0.031254453930081,0.00302906309721426,-0.0667197191618146,0.0536004259920087,0.0419599402387073,-0.00875202048217882
36,-0.00607748068451096,-0.00609532387101593,-0.0554495085103308,0.031504306622287,-0.034982948504473,0.00413843283890091,0.0129056705833634,-0.0161172343062359
37,-0.0223999063192698,-0.0355418558857856,-0.0436037729012145,-0.0470673196857791,-0.0622654308207645,0.0153899030069664,0.00168899789418635,-0.0393175446599689
38,0.00408335283967066,-0.0268445923273429,0.0164314470995784,-0.0962440726493635,-0.0602509835158561,0.0253823648609166,0.0140960059011177,-0.0312986200756504
39,0.0028220507587204,-0.00407552271825727,-0.00570030725771689,-0.104022102829326,-0.102233714327054,0.0494784559107661,0.0540352960139035,-0.0417118414468226
40,0.0112257394468673,-0.0198997871521233,-0.0082688330323259,-0.072520437921804,-0.0823946721471775,0.0557848065210015,0.0310962636108499,-0.0336524545050609
41,0.0154467386332866,-0.0594776761969837,0.00592761339867276,-0.0612896141998218,-0.0237928150173342,0.0615826693267388,0.0542119609830292,-0.0256505565212093
42,-0.0134466464078986,0.0457162962061294,-0.0306412227855369,-0.052477759696172,-0.0795617183758798,0.0202479041599555,0.0354775800842685,-0.0255222575935455
43,0.0019808068474379,0.0342624325338299,-0.0410516174614837,-0.0160364546917219,-0.0600701111991702,0.0362441942643654,0.0355423368602998,-0.0104890960553514
44,-0.00351925298442483,-0.0131071638069133,-0.033895849800804,-0.0637724190102439,-0.128254632394768,0.00400969233483052,0.00398735581500897,-0.0461161409507106
45,-0.00763726689942149,-0.00192965396223857,-0.000397970435923573,-0.0237628929869907,-0.0744590575176427,0.0367044225347625,0.0565705025196157,-0.0165174665629958
46,-0.018746050809542,-0.0415920063580535,0.0269856296991811,-0.028328272740752,-0.0473741681799323,0.0204390164927542,0.020169468988542,-0.0195856861253819
47,0.0118138524287975,-0.0397532516614519,0.0000197566869648003,-0.0368515786514166,-0.0297704357415361,0.0558583680396258,0.0506467396579535,-0.0214508887024528
48,0.0138434356811551,-0.00729182443310532,-0.0405000723287542,-0.00500571172873152,-0.023578131701702,0.016763952015291,0.0152780031294061,-0.0103361378656875
49,-0.0230020805910921,0.0131927129054888,0.00457211803717067,0.0143251852616912,-0.0851414531052986,0.0140960751517657,0.0129350281548248,-0.0159230816621834
50,0.0154149188628654,-0.0413751075679468,0.0264104834504401,-0.0313946725234118,-0.0769267126006716,0.055237296077961,0.0526891370459052,-0.0213734795968794
51,0.00595036396402236,-0.0547825936846392,-0.0180996860425836,-0.0570931922971554,-0.0675508380264134,0.0577119187047313,0.0613820170524388,-0.0343351451979753
52,0.0181498721855433,-0.0112154445825219,-0.0260657229740581,-0.0648098312850692,-0.0490815550496309,0.0216140997686474,0.0246976814056792,-0.026342119577066
53,0.0156290819495311,-0.0579328583284823,-0.0227800973482933,-0.039317333018463,-0.0447760675957172,0.0444410883775413,0.0488918244130469,-0.0299914298433739
54,0.022197091101917,0.0153106788170486,-0.055757299253999,-0.0181068321036328,-0.0508568086636187,0.0583179921106959,0.0602991473069895,-0.0143188791928198
55,-0.0225314098405588,0.00542426341741545,-0.0443019527392207,-0.0190444642444948,-0.0290899230695582,0.0256467145735876,0.0288073873798821,-0.0218055506783291
56,-0.0150129370638572,-0.042578630132453,-0.0379605995336245,-0.0275906195097005,-0.0368945575668574,0.0247110593599118,0.0290027920022406,-0.0303981995912584
57,-0.0148609747450637,-0.0703214060282969,0.0604473417591301,-0.0838495829923673,-0.0879388793075999,0.0141175778972956,0.014104977828735,-0.0371744027803738
58,-0.00036608295508217,-0.00542505295179908,-0.0665710418849769,0.000372428717721085,-0.0436267320752171,0.0581812141012115,0.0831994221525309,-0.0220983207299879
59,0.0169422305357066,-0.0234465163732442,0.0466019585678136,-0.0187696136403099,-0.0823866176675014,-0.0291037194015737,-0.0102143917434011,-0.00576414875758915
60,-0.00726699799243567,-0.0301896270957698,0.00476003770664202,-0.0142486456213148,-0.0606038302207265,0.0397524252809488,0.0307693947520482,-0.0205546634137365
61,0.012124934662435,-0.0489215222284776,0.029330832718771,-0.0301050536286715,-0.0229457167310872,0.0501045073782794,0.0496445606763977,-0.010636413201577
62,-0.0110049597821441,-0.0193532323810166,0.0154363458394169,-0.00225044081489129,-0.100517001504764,0.0239483499096833,0.0197549341956976,-0.0209850378527093
63,-0.011547699629738,-0.0195245978722615,0.033499156831514,-0.0635990920675057,-0.0987126242319676,0.0172428041166935,0.0143251870069403,-0.0303339062301727
64,0.00791041896206891,0.00805692096602793,-0.0297784866998708,-0.0270431978579711,-0.0506457178066949,0.0411184592812296,0.0291611588701876,-0.0181278193742137
65,-0.00514704817075558,0.0362355504955426,-0.0331863819395361,-0.0185688818394255,-0.0930462168881981,0.00314598306573823,0.0255648760699665,-0.023149876765777
66,-0.00662734258282381,-0.0027666621917795,0.0127146708631064,0.0130339942283684,-0.0547715424114199,0.00433323734488384,-0.00103998636505804,-0.00291267042467824
67,0.000819011649448191,-0.0317481917613627,-0.00513324079801375,-0.0315149330774194,-0.00098039986750903,0.0304466311085535,0.026492023510477,-0.0137956169686711
68,0.0249133721041191,-0.019211846392415,-0.00367742744932067,-0.0644097051927983,-0.00673221907011196,0.0287105188878092,0.0267909306571291,-0.012393975057672
69,0.00858574304649624,-0.0893643879424157,-0.0183350065787361,0.0348481193197095,-0.0459865497427967,-0.00162697359839273,-0.0114275633444359,-0.0196851186031784
70,-0.00940635081082047,-0.045735453618969,0.001055187282827,-0.0981630124117822,-0.0284788441419317,-0.0141168812301904,-0.0221046769482184,-0.0344670482908403
71,0.0278722645807841,-0.0385829196919192,-0.00722258040855633,-0.0934528420482899,-0.0442549634116835,0.031007903672938,0.0348620850436081,-0.0304919424918851
72,0.00173052899376125,-0.0160236395534026,-0.0169179034570622,0.00234805690939163,-0.0325234798488297,0.00694749350295268,0.0216944390015898,-0.0162626306737827
73,0.00356930418997587,-0.00594232536426838,-0.0577753598137741,-0.0503011063451072,-0.016700678542663,0.0496281486493725,0.0449219901285079,-0.0256930729032264
74,0.00103860729825871,-0.0380456232840741,-0.0127324939144697,-0.0387780103040636,-0.0505701819863582,0.034365740608885,0.0414725549244431,-0.028648478554393
75,-0.0254348893523447,-0.0559583947906617,0.0488473544701747,-0.0668274401858701,-0.0972203747473218,0.0324226975851361,0.0266901350891375,-0.037582667551205
76,-0.00677374595737074,-0.0352739463564128,0.044083735294107,0.0194738679145045,-0.0456310831908783,0.0185585436570111,0.0185871393776699,-0.00544245718546477
77,0.0381199406876713,-0.06014066115517,-0.0174795870016395,-0.00932774604930839,-0.0418061448202633,0.0551935893399661,0.0435983494951777,-0.0171229388985447
78,0.000486115383135102,-0.0328767871888501,-0.00205463746808268,0.0812884057684887,-0.101987735704626,0.0333439561700599,0.0369181071249123,-0.00827094220656555
79,0.0259273125644044,-0.0577973382692956,-0.0173616990944073,-0.0221797423906679,-0.113691241538158,0.0431536422809012,0.0530777725289701,-0.0361198037740231
80,0.024167564457411,-0.0758294573106016,-0.0202769585297338,-0.0277429563667362,-0.0627854666691455,0.0476569652774301,0.0207537124201727,-0.0297580069944739
81,0.0123181476540405,-0.0792756106262486,0.0293838192819129,-0.00876277367818537,0.00237227395829592,0.043800845921984,0.0435780032968855,-0.00592039392864235
82,-0.0153020447413568,-0.0318467431599059,-0.0391997909311073,-0.0198349030840191,-0.0572970374843321,-0.00773248078973662,0.0173187523594656,-0.0328021344620248
83,-0.00315755165602803,-0.0348155961978719,-0.021614404873358,-0.053004874309076,-0.105838449386647,0.0101630219434108,0.0236302145531173,-0.0430714975034154
84,-0.0205805376370727,-0.0257573241194814,0.0014447024297565,-0.0567818720643175,-0.0996399682752558,0.0180554920863449,-0.000291280692849977,-0.0411963208830765
85,-0.00354566974914947,-0.0267332906108213,-0.0386372777030033,-0.00862299824254142,-0.0229189327628379,0.04599262498646,0.0330571125829182,-0.0176029310964198
86,0.0381534420852035,-0.00390972259660116,0.0483284091217132,-0.00834380367327461,-0.0825899531781105,0.0677627771996402,0.0145352293792495,-0.000688938940264838
87,-0.0126002510588972,-0.0409395596345922,-0.000994740503029029,-0.00342174218068739,-0.0667517533407052,0.010142586016483,0.00963918044393892,-0.0220013674447803
88,-0.00835316997103361,0.00387973902409317,-0.000621226954629128,-0.0859174205456246,-0.0755575634610468,0.0112249267059865,0.00857114974507628,-0.033054894798162
89,-0.00186573980252555,-0.0330745512788073,-0.0221956457102445,-0.0402440770302868,-0.0535701474503403,-0.00841277717901343,-0.0215891566504566,-0.0315585931455245
90,0.0357397609512663,-0.0366881786100389,0.0256534411008057,-0.0788526036069757,-0.0204547376891279,0.0110068947600901,0.0200337390640789,-0.0132974039771439
91,-0.0233731958726204,-0.00568291298262627,-0.00293758735641375,-0.0198470491361757,-0.0578987036333085,0.012547524124519,0.0406741572433866,-0.0222337461463625
92,0.0244142966449102,-0.0160382292674474,-0.00152793835831588,-0.0545247819069251,-0.0626244461002453,0.0623558809535634,0.050932953507604,-0.0223857888351854
93,0.0100544454098669,-0.0245222639135241,-0.0826838752734989,0.0175077106926418,-0.0674801142148064,0.0313982516008116,0.0272022144889386,-0.0274850027629485
94,-0.00447146389164687,-0.0432690025406846,-0.0158443719326651,-0.00270692926788152,-0.0676243602107289,0.0243526035442133,0.0235197270241824,-0.0226663314435145
95,-0.00339792429089817,-0.0585472408882125,0.0026535905280746,-0.026057982659688,0.0169314382641531,0.00606248327306926,0.000434882118019002,-0.0145675724183276
96,-0.00792365740841455,-0.0183050291682844,-0.022049035733211,-0.0789554731958025,-0.00372497336435618,0.0334338690112898,0.0259911521604104,-0.0243651856406548
97,0.0128649059166537,-0.0470774171875918,-0.0821661623278525,-0.0229977576741016,-0.0249688051511786,0.012336893590208,0.0167418335757303,-0.0335102727611106
98,-0.00849529303127775,-0.0189960997007281,-0.0287547106429465,-0.0511950161667093,-0.0918951406163889,-0.00172370787302218,-0.00617299881826998,-0.0413921017628303
99,-0.000469500686367245,-0.00378814879846916,-0.00982955382467968,-0.0365212359168722,-0.101643692846194,0.0202104174366682,0.0285990305834783,-0.0286926246085738
100,0.0181780757407038,-0.0192132240062556,-0.0216475067935669,-0.0775806455007173,-0.014469255915721,0.0286066795221405,0.0285168009044541,-0.0207062881658064
101,-0.0148865613441918,-0.053884123684932,0.00109502904110706,-0.069502239906605,-0.0391886558029583,0.00781498553927444,-0.0102019400429532,-0.0333606645154673
102,0.00342721870321903,-0.00347146892374864,0.0214696139623714,-0.0325028631228171,-0.0574329991072519,0.0118464692090831,0.020228303439522,-0.0136598620000926
103,-0.00582596264460034,-0.0342445748674982,-0.0515653327111448,-0.0387651795142078,-0.0840831534908534,-0.024435600610805,-0.0201073671004367,-0.0394697012893172
104,-0.00521510678237763,-0.0148880811898598,-0.000336209027315404,-0.0233842860932275,-0.0362445516968222,0.0366233968553163,0.0529234286717721,-0.0178210209017733
105,-0.0136512739041514,-0.0290225491449016,-0.0122730349327046,0.00773714186507876,-0.0687682870446202,0.0111735935030592,0.00414179799088741,-0.0187989071589667
106,-0.00295085470408779,-0.0214024869194093,-0.0102475933024967,-0.0360255731748715,-0.0886928345906468,0.0221305405171866,0.0362403621396804,-0.0306975346688414
107,-0.00574973023746268,-0.0304700639655746,-0.0342335093823336,-0.0704083605955987,-0.00691215937538359,0.0309438191954422,0.0309438191954422,-0.0269534086443013
108,0.000712715699349858,0.0150619154412818,-0.0414858438716624,-0.0532970536796925,-0.0354485204687857,0.0194999131576727,0.0260833504358713,-0.0168710557074026
109,0.0104111115117148,-0.0390235468414293,0.0158020724508448,-0.0158923957277766,-0.0590675784134,0.0149858954622183,0.0066228553645097,-0.0192633932684816
110,0.013773481067926,-0.0192134281243265,-0.0595025829781899,-0.0164818120219546,-0.0747526476722924,0.0523480566755231,0.0664155155220674,-0.0281703019375429
111,0.0265444709633884,-0.036659100379201,-0.000498960760882822,-0.0474731280703149,-0.0927962178931117,0.0552516240896476,0.0505639057081206,-0.0313514936463017
112,0.0175359244040927,-0.0249955237971599,-0.0402111126022118,0.00903413604422473,-0.118272846319406,0.0672839604615157,0.0706983576215147,-0.0277838828061504
113,-0.0136875842998911,-0.0261663604387829,-0.0351868999336137,-0.0616478151968287,-0.0120572574451499,0.00735602466047349,0.0105525911465866,-0.0305587290687521
114,0.0170237979920975,-0.032598310925865,-0.0127924382276773,-0.0291237839087765,-0.0714503481223414,0.0596022348073359,0.0443562594462268,-0.0254802319389177
115,0.0120871445788525,-0.0557052450732945,0.0036395549343986,-0.0764245947479525,-0.0717780009647594,0.0189176592965169,0.0109185747205681,-0.0355293395361275
116,-0.00900242933920975,-0.0439494313897156,0.013830817047351,-0.0605264055593841,-0.112708788052982,0.00825480917302646,0.00754591566802021,-0.0426849024541359
117,-0.00510708631475375,-0.00320132366783016,0.0449671837645949,-0.0319087760369668,-0.0845980422209209,0.0288760745963565,0.00883442628528888,-0.017307996218217
118,0.00191041279683551,-0.0449059957508122,-0.00609953176263256,-0.0697613380034317,-0.0281142840803477,0.0324096610137421,0.0294393679621277,-0.027324224947927
119,-0.00662658004612299,-0.0372997381841533,0.0136071706571544,-0.0515799815460498,-0.0654098314874881,0.0183259730637895,0.0259932857563347,-0.0290214559850229
120,0.0110473632780822,0.0147835639134942,0.0163443030783663,-0.0320577871351586,-0.115902488777124,0.047121652606963,0.0630468885927531,-0.0163013475331948
121,0.0277595106803277,-0.0437287215267802,-0.00931277315238632,-0.00488074624726562,-0.0733809226108711,0.0561045378813137,0.0546018817721689,-0.0210029491437921
122,0.0143364641217308,-0.00965418974936653,0.011004669967576,-0.0261461937654087,-0.00284982916083909,0.0332091831182182,0.0498710334339022,0.00170828385285504
123,-0.0155747453019956,-0.0293440569232053,-0.0317908946380947,-0.0416254391240129,-0.0568596986161899,-0.000450773764282861,0.0290950340620966,-0.0355943034219211
124,0.00956568204815195,-0.00643496840192613,-0.0304737906419822,-0.0642939629680333,-0.115146300915373,0.0215981120281098,0.0197504159412596,-0.0362775427317416
125,-0.000100538644458976,-0.0367562871358603,-0.0149537072763497,-0.0202140810263005,-0.0842891713965875,0.0197742499124357,0.0370790858648503,-0.0290940695147863
126,-0.0108269787823637,-0.0131548865963757,0.0417789911728476,-0.0618575718687946,-0.102246435196473,0.0198926419644925,0.00342448197433149,-0.0282525962417886
127,0.014913042193436,-0.0386500608853969,-0.0181075005776446,-0.0160106698358475,-0.0343943000868572,0.0365279606049088,0.0476999083164041,-0.0185031283220112
128,0.0156871407419256,-0.037001466536338,0.00412304575428507,-0.0337203810772722,0.00680784437215382,0.0257299929948105,0.0314298202670136,-0.00694699275418031
129,0.00907010195784408,-0.0307533715911774,-0.0189009405073339,-0.0125350261234145,-0.0149827443181418,0.0299270477935429,0.031225100392396,-0.0117447144442069
130,-0.00906197524502188,-0.0695146417173446,0.0192881209765527,0.00217842505337554,-0.0186809280216976,0.0289565355056235,0.013604775040518,-0.0102130483038409
131,-0.0237466794737438,0.00262442935645521,-0.0561236521804629,-0.0674557517995831,-0.0675824497932743,0.0074465194515665,0.0161165415420728,-0.0400852487812886
132,-0.00575564242943387,-0.0173818783740973,-0.0201422240913675,0.0169691607474115,-0.126337464041677,0.0258207672443589,0.0266417279155506,-0.0298802889931014
133,-0.0171018273611113,-0.0157321548808185,-0.0228781405930929,-0.0378137896634112,-0.0870775585733771,0.00117187502130089,0.00716903555379161,-0.0341308547294728
134,0.0145040232191516,0.0113371957943582,0.0193119785237539,-0.0267049759144322,-0.100844564774682,0.0551014419084502,0.0520598745587591,-0.0133769287093058
135,0.00647124502255619,-0.0355030150817145,0.0187213010582611,-0.0395181620117205,-0.0693576232510865,0.0556892775612248,0.0284482208049217,-0.0220379353702133
136,-0.0114714850612489,-0.0265703135035062,-0.0143613568169136,-0.0425260169828238,-0.084584184338845,-0.0365106390504162,-0.00725560509510681,-0.0358749043405111
137,0.0109708280860845,-0.0420512631721288,-0.0401239128209117,-0.0329721868319337,-0.0438921781918898,0.020629686834532,0.00655826527213012,-0.0287837477392228
138,-0.009682040864276,0.0100508107726718,0.0420696834033384,-0.0415042015138292,-0.0271015511414128,0.0282731478108659,0.0125279200702769,-0.00747402167805969
139,-0.00285633965902725,-0.051824803803052,-0.0247886385314407,-0.0115738763225154,-0.0200241640709687,0.024050231088148,0.00927552207241707,-0.0255327179437856
140,0.01205172016101,-0.0763188694089932,-0.0351399977000912,-0.0244407273194705,-0.05880466165443,0.0301279707974808,0.0253811048914834,-0.0344408374072989
141,-0.0277775928291103,-0.0302786261219876,-0.0368552635123473,-0.0317765846414781,-0.0625647753449389,-0.00913166131837551,-0.00937635442321859,-0.0332210563259741
142,0.00815289457280275,-0.0233102121284134,-0.0690638332242107,-0.0768362433071339,-0.0979135101338595,0.0587584776452487,0.0368410886148242,-0.0524794458026938
143,-0.0206037251346388,0.00823060689328865,-0.0206167433125758,-0.0816887096518353,-0.024151917049638,0.0139223594052491,-0.0495157032519256,-0.0264246603577401
144,0.020497589369537,-0.0715411704966237,-0.00736632002879514,-0.0831635991269433,-0.059859795434503,0.0151634028509791,0.0186561626204648,-0.0372264992011919
145,0.00740118283183258,-0.0209088324276158,-0.0276002784069421,-0.0730529067507354,-0.0654916511660438,0.0211216617087708,0.0246847816736741,-0.0348707632572724
146,-0.00119301290754296,-0.0378930372376168,0.00531970115810093,-0.0035564339051386,-0.0576572358793745,0.0597994252765227,0.0581018960373847,-0.019023711182164
147,-0.00206991270151684,-0.0220605665358143,0.000796380449228806,-0.0439293169696204,-0.0787612883998969,0.00280954191015588,0.0100348851853898,-0.0258312837044544
148,0.00935858258833035,-0.0166199383978235,-0.0144929601798775,0.0071258749138447,-0.0455750288954596,-0.00579946379111044,0.0231154846693993,-0.00751408772801784
149,-0.0201091810731133,-0.0554474695920549,0.0205437425834284,-0.0503012950727295,-0.0230160151187654,-0.0088801449261792,-0.013861460478712,-0.0275342650566034
150,0.0167504672542132,-0.0539264660728557,-0.0555332484861688,-0.0775808908264373,-0.069635287712908,0.0321564448007148,0.0299041274100776,-0.0427107448923715
151,-0.00304748144565589,-0.0459224736782364,-0.00797122397110822,-0.038902404423635,-0.0270399528427756,0.0194700415071135,0.0327137899404596,-0.0215065584068382
152,-0.00938189578288706,-0.0223820803568274,-0.00717328767339387,-0.0610839759433012,-0.0675262517083003,-0.00517613976786143,-0.00286826203001784,-0.0314274012957897
153,0.038157400214418,-0.0296050869429412,-0.00399606452343024,0.00429221425706772,-0.0760093411081211,0.0388685147371302,0.0234083172688053,-0.0103298578344955
154,-0.0183018629115187,-0.0411081840656987,0.0320286901141812,-0.0256834451504333,-0.089114240865017,-0.0208481938821129,-0.0179182463225143,-0.0279601828329564
155,0.011943462012097,-0.0340456001037412,0.012396308654068,-0.0453418672475113,-0.125996106410723,0.0457403990978442,0.0441252531478097,-0.0370566000414949
156,0.0110913910071003,0.0345759211853386,-0.0711443683491434,0.00579729825978351,-0.0627416016207519,0.0776804358625036,0.106862526940691,-0.0126329515068563
157,-0.0111805358667461,-0.00223386975550488,-0.067721492613923,-0.0361371606892534,-0.0513426164174365,0.0216240770187796,0.0329509437302773,-0.033556656617014
158,-0.00523870877614654,0.0180444679151703,0.00387208617335749,0.00515054880267005,-0.0181358099084931,0.0665880844226869,0.0697917175772965,0.00137417955876248
159,-0.00194961913955728,-0.0492067214941964,-0.0234877327538399,-0.00364350512946718,-0.137123785593267,0.0190124665888231,0.0150882995116513,-0.0400596053362993
160,0.00379746242089016,-0.0461136284974667,-0.0366268547740073,-0.0313179015036638,-0.0703021847026153,0.0385560612927394,0.0292573673383954,-0.0338902754220637
161,0.00134836482384018,-0.0194181072638796,0.0107038542962821,0.0124900750128312,-0.0891928742132947,0.0218457637324102,0.00870551187096817,-0.0145941538075513
162,-0.00317189922699138,-0.0377395410682492,-0.00115443468623327,-0.0776278128271745,-0.0812175393085448,0.0248445060793732,0.0255002102803461,-0.0381943665297294
163,-0.00851514738505586,-0.0493609613117282,0.0320461354604682,-0.0558940717185414,-0.0939780796998372,0.00122185121289588,0.00237655937811003,-0.0340395277131914
164,0.00441944590151653,-0.0799143827795791,0.0213424060178538,-0.0304240362582659,-0.0539910979800404,-0.0191844979979065,-0.0131252674280608,-0.0293113715935772
165,-0.0273701918713266,-0.0182818292973872,-0.0479918065660476,-0.0394924027631939,-0.0367230285107007,0.0191886880393623,0.0208744963086636,-0.0346073524828145
166,0.0257627297802862,-0.0389870857258155,-0.0265635425103349,-0.0287641568534724,-0.0972467972150061,0.0324943446996499,0.0385178290429987,-0.0304103151688692
167,-0.00131713026589461,-0.0141401530756586,-0.00214892745926684,0.0218021477997934,-0.0899451594658573,0.0352671016798366,0.0284307114164339,-0.0154823948667931
168,0.0277544153134819,-0.0101546688837689,0.0163175827032512,-0.0432733568745694,-0.0114490639710039,0.0508478755533736,0.0504501612103059,-0.00611429902357602
169,0.0142202609630716,-0.052043632136242,-0.021816525060993,0.0018019778314354,-0.0782243855942683,0.0225544458379652,0.0150414523692376,-0.0250920823232549
170,0.00858938561982645,0.00464917845631474,-0.058094290056255,-0.0448491305332213,-0.0696556605932639,0.0586729530066269,0.0587423220118081,-0.0293854308990345
171,-0.0202587197592242,-0.0224150628125414,0.0350315966242956,-0.121642568466772,-0.118335823056689,0.0201382248823491,0.0220294499686235,-0.0479136865420611
172,0.00816625635900439,-0.0717144261026672,-0.0432487381739881,-0.000576210739542449,-0.101242403407583,0.0139079510283896,0.0182625030959765,-0.0373303205685406
173,-0.014254854293134,0.0166037350529258,0.000476666221715355,-0.00650151164353921,-0.0963842805796521,0.0109587288666785,0.0230949233273692,-0.0259382771151346
174,0.0138339860619052,-0.0281778160735511,-0.0367648608510639,-0.053005575587325,-0.0384471833660049,0.0173899083030402,0.029982555063356,-0.0253095131208528
175,0.00244577970737867,-0.0445491458299098,0.0438407075167466,-0.0642323655752922,-0.0278713773209214,0.0417622996216162,0.0436265562200891,-0.0192278964433072
176,0.00359251282062911,-0.0261692139573147,0.0219819099018234,-0.0319333248169497,-0.0555190726859688,0.057878866245119,0.0586157127603779,-0.0181723390145651
177,0.00706024456362811,-0.0125413228109339,-0.0440835565254957,-0.0510007460802245,-0.0714708602488033,0.033761335655679,0.0118094846221915,-0.0343813188166349
178,0.00371807767635925,-0.0450542595159446,-0.0176714159316161,0.0256515936100315,-0.0538035880151822,0.0257701378835695,0.0191477030013,-0.0133727496072914
179,0.0105030825733837,-0.00873391266812092,-0.0592832983678301,-0.0190919736133521,-0.085732399624193,0.0271131912489294,0.027424472781823,-0.0280539248675012
180,-0.00833916896034124,-0.0398547289133774,0.0194649425596631,-0.0863085181684274,-0.0465846064365548,-0.00741859647520135,0.00669217342837862,-0.0326861859725702
181,0.00229457560093693,-0.0485986680264556,-0.00384776747300752,-0.046945311768573,-0.0628861135938518,0.00248393534484291,0.00281814486667856,-0.027916598297043
182,0.0266647478301333,-0.0182280636664387,-0.0143426387794557,-0.0304919674453498,-0.0194277812138531,0.0535137579301662,0.0515971202610189,-0.0108762832193101
183,0.00074532008944804,0.0040415289018256,-0.0352801911289659,0.0108005644845569,-0.0385417562277789,0.0366788319803587,0.0162966417937245,-0.00849635218206679
184,0.0131826471147807,-0.0359484196151506,0.00338263360178204,-0.0144758019717455,0.0152046358413201,0.0529437987566475,0.0222853299770527,-0.00580421728205252
185,-0.0131012476749322,-0.0113088460766821,-0.0273118667142442,0.0115501484007427,-0.0942853767163749,0.0377453240812235,0.0367328126379788,-0.0226362254009899
186,-0.0120684915401639,-0.0155348189013858,0.0115174408469871,-0.0257233194304623,-0.0546040479939098,0.013636052797146,0.0113194310791982,-0.0168636003939241
187,0.024048080701515,-0.029589056529421,0.0139226364536542,-0.0626920298876791,-0.0738608060299712,0.0535649058404479,0.0587064450569146,-0.0223858846899113
188,-0.00561251206702464,-0.0510474861537565,-0.0266323258006188,-0.022348417113976,-0.102201242137115,0.0348751116112459,0.00164681782450099,-0.0373345046997065
189,-0.00400242238706336,-0.0442511680838282,0.0116868555351193,0.0247582478928306,0.00506413393602489,-0.00112262916743837,0.00679151441537659,-0.000147712439633629
190,0.0356652066757592,-0.0422992509765777,-0.0005935668511938,-0.0270090656533358,-0.0466187647901114,0.0494211590056599,0.0578476983703673,-0.0144068922215385
191,0.0346157552674604,-0.0195581335713865,-0.039076273902226,-0.0368256841201752,-0.0703351376983331,0.0210071225761474,0.0384048266490846,-0.0271468498665604
192,0.0376007753591476,-0.0232298685800902,0.00505864236592996,-0.00999811025147262,-0.0805259201326127,0.0675370383120559,0.0738065504699331,-0.0179023271423665
193,-0.00484307489046788,-0.0537065694458238,-0.00450012188782101,-0.0464330704044044,-0.0429159386932021,0.0289195215798219,0.0295810737339137,-0.0305992770830024
194,-0.0134817272300797,-0.0469831838593273,-0.0555737692351471,0.00130390617266021,-0.0134776578096048,-0.00690615294479092,0.00270220893069544,-0.0278050316840203
195,0.00910844909178271,-0.0569120720235385,-0.00243665077424965,0.00842319205041009,-0.067209113802164,0.0135533972213847,0.0204371315256942,-0.021262963405171
196,0.00266714299403134,-0.0649662809802709,-0.0260522315322697,-0.0312019884745107,-0.0819441475366634,0.050404521054871,0.0361690445033071,-0.0385365543232454
197,-0.0156561026546369,-0.0335873612997871,-0.0178667040764316,-0.00444761512519712,-0.0751880935060237,0.00179218220250916,0.0337544357275526,-0.0289505329633032
198,-0.0199173598367615,-0.0316441151488533,-0.045601309384924,-0.00163142037668784,-0.0152926080444046,0.0237129632855209,0.0147629930804408,-0.0233547457970753
199,0.0137188516621393,0.00537358801839299,0.00301603226631478,0.00167029990970385,-0.0566365661392976,0.0498926530719533,0.0600159053655535,-0.0047902341471287
200,0.0114335478125944,-0.0466256124713828,0.0266111647720152,-0.0445677030473764,-0.0731742605805806,0.0252571363753412,0.0291901532393534,-0.0292150328769607
201,-0.00240347911027936,-0.0542045040089452,-0.0553036213289174,-0.03209173470253,-0.110448217840539,0.0347995492256512,0.0381548331757447,-0.0472208705593245
202,0.0248801919587404,-0.0231181269328853,-0.0498365362755294,-0.0243077105696074,-0.021024451597562,0.0666984125548873,0.0478511475702104,-0.0190476553579981
203,-0.0017855495198386,-0.0383260265830896,-0.0178523279450669,-0.0280321275428938,-0.095875207003781,0.0258451491338853,0.0112368568119775,-0.0356515020235832
204,0.00959464672430538,-0.0466381418804644,-0.00438405409029263,-0.0749748699004414,-0.0481080964932624,0.00942154096597098,0.0273531632436853,-0.0323511653366435
205,-0.0255606655557158,-0.0304310178157131,-0.0268394294839918,-0.0244715383842114,-0.138967667785844,0.0157150403687958,0.00417268014636297,-0.0482420988492184
206,-0.00330433962507637,-0.00943931451476489,0.0258639343311282,-0.0048396203545133,-0.059044459483258,0.0609148636353751,0.0232746228518735,-0.0132537738346343
207,-0.0110421258768054,-0.051974082293111,-0.0580963425934601,-0.0384488746075187,-0.0614476784640809,0.0307374771865424,0.0263035775441182,-0.0399546841712286
208,-0.027685918407223,0.0137453261473628,-0.0467680982824254,-0.0204495042741363,-0.0680825627411231,-0.00802197664379934,-0.0101317360666155,-0.0279302213640626
209,-0.00137282087709861,-0.0554602136673303,-0.0274443231918523,-0.012074800599788,-0.116142855663287,0.0186154952309051,0.0138450833839264,-0.0400683231391185
210,0.00111755959854055,-0.030315031132918,-0.0500617527097683,-0.057874077546572,-0.0803407259818845,0.0439085821955321,0.0339558772761653,-0.0414509762362116
211,0.0106576105728111,-0.0270940886889899,0.0507961115132796,-0.022847476824597,-0.0756357532164911,0.0431852189731613,0.030638008539099,-0.0103583462389085
212,0.0196769063739408,-0.0366565743353354,-0.00701651535561049,-0.0185766405441084,-0.0506809383127768,0.0651048314686079,0.0695901014793171,-0.0186021539615732
213,0.00668735088528487,-0.0675060939154047,-0.00188278441924067,-0.030650652195377,-0.0215834857710578,0.0386077814362031,0.0303168126840654,-0.0247282007217342
214,0.0265751602983776,0.00352287354106651,-0.023994420669031,-0.0500547182889344,-0.0351643390015745,0.0630353326109406,0.104007886249523,-0.014104830846416
215,0.00960020549575313,-0.0753286899460565,-0.0546681876663407,-0.0235337480620452,-0.0761105788210271,0.0176162529173014,0.0160846024915254,-0.0402146485186506
216,-0.00519515520336026,-0.0412429338280674,-0.0270136254860724,-0.0125088060524424,-0.0739022690009679,0.0212019935109764,0.0381491351095339,-0.0311464714621238
217,-0.00792380234121728,-0.0557595839017189,-0.0265927264517082,-0.0146832087569632,-0.0837323327957794,0.0325190166738449,0.0155558327233217,-0.0388311819229242
218,0.0276251555041605,-0.00675697667377474,0.0122325501899962,0.0150523228633649,-0.0681072139792923,0.0538553256234005,0.0529219963412691,-0.00259253141449611
219,-0.0239751381547569,0.0420810191529154,-0.00671245616952976,-0.00845556425757632,-0.0545024587397899,-0.00173076311916422,0.00161475061902406,-0.00972889929094259
220,0.00766375413577686,-0.0371412477166845,-0.0212765670154698,0.0397852642941533,-0.0977210577169222,0.00355617069149926,0.00355364576284704,-0.0188206640973939
221,0.0435987087662401,0.00535124273464431,-0.011039338467292,-0.0592904178318117,-0.0841770168998918,0.0902246067105565,0.075833503541102,-0.0233673014400956
222,0.0112408222228055,-0.0101817456939057,-0.021348729398652,-0.0827855669513432,0.000168846426002345,0.0475924743027417,0.0513712454951833,-0.0212090683780568
223,0.000725563456108302,-0.0271913720953454,-0.0121992048475146,-0.0595582500564434,-0.0231955428448834,0.037495475961,0.0408426256478494,-0.024693754116212
224,0.00619805239430694,-0.0595843469843354,-0.0170479093360477,-0.0364086934913772,-0.0848425384474772,0.0336200727823596,0.0463907548975452,-0.0375219809482028
225,-0.021868786133357,0.00306882364142173,0.0113985625281184,-0.0105637678831369,-0.0939192724902864,0.0007268272093853,0.00160033921987487,-0.0183142943924738
226,-0.0132392987627449,0.00347392146557762,-0.0505034058475724,-0.0214242759070151,-0.0220485004475596,0.0148973773710956,0.013303024116781,-0.0203228028948722
227,0.0111956866024635,-0.0328201382144695,0.0188805138849099,-0.0546637204279075,-0.0394513188803287,-0.00033651149893766,0.00757951460731013,-0.0186406402798033
228,0.0213486510945558,-0.0026086593846906,-0.026209538858424,-0.0248160172039244,-0.0389978885783956,0.0514816493240963,0.052191445721329,-0.0139748101828965
229,-0.0164800053031443,-0.0381517245028309,-0.0281014338670928,-0.0129690826272204,-0.110955174185301,-0.00376651089068933,-0.00720564362902064,-0.0339714550532998
230,0.0121337083424454,-0.0398658909148708,-0.0521149975432448,-0.00735400515565895,-0.0956890453517274,0.013148999214456,0.0153154324958244,-0.0333679840689802
231,-0.0183856893687657,-0.0223933579001166,-0.0230864150419867,-0.0723161024132441,-0.0338082488987623,0.0198500368547478,0.00147697482819266,-0.0302946750314594
232,0.00327196687127163,-0.0356911576774578,0.014236080669898,-0.0236821573802892,-0.0419529565451133,0.0160658194759563,0.0317097647091029,-0.0166836140532415
233,0.0207119129670741,-0.0458743057656922,-0.0543393976684788,0.0478627396570982,-0.0961083069816918,0.0469478742315521,0.0563969289479339,-0.0244670003193452
234,0.0125683499594514,-0.000421167268735909,0.0256802392441605,-0.0668021351261959,-0.0788973074702473,0.0527252293963744,0.062020755257269,-0.0201927918879445
235,0.0311903077388207,-0.0324189044198162,-0.0559049792129668,0.00485643473489297,-0.124818237169881,0.0540840196794576,0.0695646382091911,-0.0307375586879055
236,0.00449241352169188,-0.0257723896100346,-0.0163410772940652,-0.0181610881661092,-0.0410123211353159,0.00491623235212046,0.0131418311037359,-0.018680051669025
237,0.0147781672528259,-0.0654635738131833,-0.0149454390951372,-0.0436905034528854,-0.0752845055788846,0.0447077114255833,0.0233686719811879,-0.0354672600164398
238,0.0105246394109543,-0.0729326273680798,-0.0206051982251124,-0.0151040669121016,-0.0845694799306004,0.0252719037141589,0.0212684277152845,-0.0372623314112633
239,0.0269097057469428,-0.0414086220890235,-0.0259085843098791,-0.0412607964561757,-0.0778523251677502,0.0578021765036228,0.0479773053323879,-0.0308795121142553
240,-0.00398830598043485,-0.00236039079593199,-0.0105792821424684,-0.027237254387927,-0.0596769374338709,0.0159437676281399,0.0127415198743169,-0.0191200494447141
241,0.0107342821367258,-0.0497770153631573,0.00998361682773877,-0.0639846581079269,-0.0902526561245728,0.0359003663955631,0.0482525732471651,-0.0319006248368609
242,-0.0119908111903946,-0.0111921241570854,-0.0740711705037724,-0.0417921151270387,-0.110382187351824,0.0428497593062791,0.0319562850872313,-0.0438877718070617
243,0.0132677390759747,-0.0767992892198292,0.0601782181095569,-0.0395865841599447,-0.0880844830901731,0.0305267205085839,0.0349963264881828,-0.0231747328089396
244,0.00732504211862015,-0.0488059088558946,-0.0147267988453215,-0.00487180305735446,-0.109276107808436,0.0218329621720537,0.0177481618690191,-0.0315923856857297
245,0.00853403111426815,-0.0215475292008105,-0.0252003410000444,-0.021134688923721,-0.0268052121761686,0.0212170951686055,0.0151405394909184,-0.0173680210283383
246,0.0217661859116386,0.00290024627269043,0.0326544782171275,-0.0825268165278546,-0.0753266380628133,0.0603302778129242,0.0762656514235909,-0.0176455186510328
247,0.0299454833278488,-0.0337722403321756,-0.0367207786980016,-0.0186967023602427,-0.0596817255515383,0.0948792334543779,0.120386110916882,-0.0186723848132204
248,-0.00730770004362181,-0.0204005841716671,-0.00135954088884824,-0.0603559731407564,-0.114667163729985,0.0152944823155521,-0.000924560586215831,-0.0428306868628438
249,-0.0212599687055065,-0.0402393581267342,-0.032081629047744,0.0091486209737274,-0.0684243779465755,-0.0138631091725506,-0.0248716446534481,-0.0284061482421735
250,0.0349811416467084,-0.0373171705060016,-0.00936366590712351,0.0187911069544273,-0.0524157128379503,0.0420793616806665,0.0568186708247044,-0.00674074095412328
251,0.0270785928731308,-0.0468581129583675,-0.0175224381157054,-0.0539135814582013,-0.0529397133081383,0.0210148692712728,0.00536892565604865,-0.0291552279975763
252,0.0248531349163344,-0.0288232694488378,-0.0132420301504232,-0.049074452656171,-0.0381472002998299,0.0475978795612605,0.049282357385762,-0.0193377197902839
253,0.00437976864430108,-0.0580656481370846,-0.0765564814379105,-0.0491534991503504,-0.0428344762776188,0.0602228498975314,0.0633381163407865,-0.0430366515872517
254,0.0209257535541245,0.0154956367120502,-0.0290257723534266,0.017479802661771,-0.0384002509326616,0.0497537620149152,0.0493998841919511,-0.00486351405082225
255,0.0121338696279858,-0.0284220037041031,-0.0573105238578845,-0.0359473827812004,-0.0419881462313211,0.0297655327674017,0.0445217023285856,-0.0297944792512367
256,0.00924358350959922,-0.0204421765643637,-0.0279298727746483,-0.0254845411259695,-0.0499298718064083,0.0572939380615645,0.0536331250020799,-0.0199053701174232
257,0.0229999075623393,-0.0355091907163852,-0.0402585232738014,0.00626911731366253,-0.0344417455725446,0.0511148787135612,0.0473007054312601,-0.0110041718473733
258,0.00196454984839942,-0.0258613995734244,-0.0285547718962786,-0.0422720427372,-0.0406265075026653,0.0083384548382377,0.0100708810572508,-0.0246547823245308
259,0.00188378132494098,-0.0277674860450908,-0.000256120922106251,-0.0381663549701753,-0.0492526142420543,0.0331250688392556,0.0319155167645828,-0.0191004874493247
260,-0.0294759749820735,0.0140636053943169,-0.0439397055522124,-0.0640021347442996,-0.112978363791713,-0.00665641895213747,-0.0177362892197028,-0.0478118603243741
261,0.000918255000943509,-0.0650296156344735,0.00242491753384738,-0.0226870031957259,-0.0639399383405774,0.0452072300296218,0.0538621241404607,-0.0281726794397608
262,0.0071145080923044,-0.0409546738464511,0.0228630040537844,-0.0261404858095519,-0.0598577571932584,0.0395353737842,0.0301057378037169,-0.0179406364304099
263,-0.00251280143214043,-0.0227411360734823,0.0266556391297735,-0.0201427823534539,-0.0484242756790126,0.0181828065666505,0.0189781485990881,-0.0176365818234487
264,-0.00773699334307391,-0.0479327155866422,-0.00522292306420305,-0.0826797806683263,-0.0681764119479136,0.00466015572361091,-0.0135870917697045,-0.0395625777656446
265,0.00505677458868253,-0.00358157398630192,-0.0380350246788606,0.00927646922875466,-0.0314090596084569,0.0683354216293152,0.0778276080980343,-0.0118537332442258
266,-0.00767715820269074,-0.0324323158393387,0.0254324652018412,0.00695759346080094,-0.0198190739729965,-0.00407615506921578,0.0175246245643226,-0.00385634584069133
267,0.0280824046698345,-0.031524895974009,-0.0223533000062903,-0.00628329711188313,-0.0407776481971792,0.0582228486651981,0.0441602781051496,-0.0130808554193958
268,0.0136049552615994,-0.0634430192143498,-0.0519264024227568,-0.0165969131975605,-0.0371364880684001,0.0554548418623253,0.0579673000590346,-0.0264337209563389
269,0.0104281669858925,-0.0329703019634989,-0.0305220947798504,-0.0411204687629307,-0.0063650651472355,0.067739661593373,0.0432274409786248,-0.0180714294715343
270,0.0111296576624142,-0.0316711769180668,0.00759865332353074,-0.0323979570604995,-0.0608822187215435,0.00412356191173511,0.00697600759335063,-0.020305705700592
271,0.0120336172901709,-0.0274463942151615,-0.0381118066113433,-0.0103909770473689,-0.0727801767226699,0.0548770022086398,0.031417861383107,-0.0275041190186812
272,0.0161744695806882,-0.0428269300563365,-0.0122153434447124,0.00178342211600549,-0.0924037818690994,0.0395839042970605,0.0515773386518784,-0.0239483174969011
273,-0.0020660491514019,-0.0280208190852615,-0.0483048969451222,-0.0238361345771853,-0.0991983145108065,0.00459067487212441,0.0193128947451168,-0.0396035732179619
274,-0.00669000842203318,-0.0919289064244105,-0.0159599127966627,-0.0607631811445835,-0.0571084757554545,-0.0124281818135625,-0.0234400415120356,-0.0439285174302459
275,0.0131215088677025,-0.0266353016466365,-0.0270198872601249,-0.0499380523593836,-0.095274341822715,0.0680459365511131,0.0673864805862521,-0.033840500233399
276,0.0353071924403499,-0.0386800295487819,-0.00604379400082328,-0.0778304382049649,-0.0754955318101154,0.0340785487020273,0.0289372059906288,-0.0344470515900259
277,-0.0177747636243597,-0.0403715837842511,-0.00221222930865728,-0.016328503815794,-0.0139127096624798,0.0210138627251873,0.00974462485042439,-0.016050069145161
278,-0.0177523962534184,0.00422337000112578,0.011386687083498,-0.0660830733887272,-0.0607073381474958,0.0222837172072731,0.00891994106572076,-0.0224860661093935
279,-0.00385074919981182,-0.044437599571779,-0.0369775730588157,-0.0370440482477932,-0.0576249331411627,0.0095594658043198,-0.0113118956476441,-0.0366085826392075
280,-0.0195267197188609,-0.0231820477405001,0.0234922366017081,0.0152226186394408,-0.0871272654746669,0.0124150620181865,-0.00533089039767295,-0.0171722669509914
281,0.00714572690868649,-0.0357674132916644,0.00456110757496821,-0.0913167725913807,-0.0333547174805106,0.0477296467480263,0.0322425123795525,-0.0267050490767845
282,-0.0206082000627206,-0.0505423282221011,-0.00406371458614899,-0.0400454124783712,-0.0493515091264551,0.0175071396060059,0.0269435794502616,-0.0315350103997816
283,-0.00095739117627397,-0.0437459010804123,-0.0473454928848519,-0.0452979443364349,-0.068442508206722,0.0134520118313544,0.0145140941301983,-0.0395780618776039
284,0.00470243355906758,-0.0474401012064734,-0.0189571392857899,-0.0063738935379748,-0.0833345578882692,0.0413261748048552,0.00830111989840252,-0.0321933246384735
285,0.0194990222226642,0.00853177160141433,-0.0257883106424049,-0.0525144037067015,-0.0481360423830083,0.0456824694611089,0.0509095853669453,-0.0224947030082396
286,-0.0278678455449707,0.0182141621262791,-0.0320998343864733,-0.0997627298413639,-0.00324513105892704,0.00225025912704636,0.0398989724061745,-0.0297164008963804
287,0.0247618464178246,-0.0259053017879743,-0.0410617275930317,-0.00860563134797535,-0.04038042309964,0.0555667149864908,0.0541237897700612,-0.0144841316001026
288,0.0147499575830492,-0.0397885919919906,0.0297584455585373,-0.0855065904443705,-0.0867632204595287,0.0370864437876808,0.0579697285498666,-0.0346211491027107
289,-0.013919276827745,-0.00429206056098413,-0.0433489985271689,-0.0318520024504071,-0.0370877987397312,0.0116024207338756,0.000454808393667384,-0.0250516992374664
290,0.00844244930218797,-0.0584050239809554,0.00944257315328875,-0.0188098451132397,-0.0469932384281478,0.0274018223563406,0.0267713678967798,-0.0174493668582371
291,-0.001799701204038,0.00294941602351602,0.029108660795489,-0.0686185684327743,0.00858686283947563,0.00188470623199399,0.00339889211152168,-0.00387027775660076
292,0.0172969150567819,-0.0490003055276999,-0.0151865090684389,-0.0299071988289459,-0.017996094023245,0.0390293692053327,-0.00606730071336765,-0.0196505343314231
293,-0.0100871696633644,-0.0177416987744762,-0.0238425152541321,-0.0258674484686665,-0.0907988145433272,0.0134444960028784,0.0373514698461386,-0.0325702023049422
294,-0.00398539230605283,-0.0571860331042874,-0.00338430128251521,-0.0180871729382446,-0.0151253306475859,0.0328972642341823,0.0439093084365045,-0.0181255618156963
295,-0.00429138692002498,-0.0604077122771706,-0.0374868138807909,-0.05022570419956,-0.0269995125803376,0.0386890037047557,0.0356919281519512,-0.0355460142672763
296,-0.0096793254436507,-0.067883916078761,0.000425426962680359,-0.0177506225021591,-0.0217083776374496,0.00536554036138387,0.00955774910086694,-0.0236513016471355
297,0.000739546627696847,-0.081057716020061,-0.0197960221211868,0.00568415563076022,-0.0835380385818124,0.0131620023442686,0.0194367724932892,-0.0354664086436123
298,-0.0119954195390743,-0.0369684933700939,0.00587567912263298,-0.09013657310585,-0.0636672720735857,0.0188334829155227,0.0334958869067412,-0.0364701297859944
299,0.00696751024481217,-0.0409023711860665,-0.00489983702546135,-0.022903103429173,-0.0622331872770583,0.0167874141490634,0.0147206993999858,-0.0219503326615884
300,0.013493422035456,-0.0456716479766566,-0.00732817108321085,-0.0000247583784552252,-0.0837332028894271,0.0610201790181894,0.0429278575689794,-0.0247784923653606
301,0.0149186915763111,-0.053481831351713,-0.0338720531284864,0.00634318224491739,-0.0806518103883334,-0.001972565843328,0.0358264076834249,-0.0279613503082126
302,0.00558943062468389,-0.0502383603226715,0.014665203863907,-0.0270543968875801,-0.0952983160916622,0.0244520819603823,0.0189488990100076,-0.0314911119630858
303,0.000543007550761955,-0.0499315149565971,0.0578762514093545,-0.0699563795595705,-0.0646670953498873,0.0216904772218081,0.0272591757492118,-0.0257964982696642
304,-0.0117559904505879,-0.0428550373342364,0.0469210481981907,-0.0026013656110824,-0.0160094318706288,-0.0148884772201009,-0.0164653159060256,-0.00362504267451372
305,0.00297367999219813,-0.0143862483554534,0.0291513945056041,-0.00931782989420935,-0.0823200978306733,0.0438574904830566,0.0461645301552463,-0.015570866276213
306,-0.014780305172602,-0.037321692505451,0.00518285825216999,-0.0796318124311058,-0.0251157928130112,0.0253484684412779,0.0229465920154908,-0.0311531384480135
307,-0.0207860495727862,-0.0306341262413941,-0.0647551367110653,-0.01923450017402,-0.0301505685458329,-0.00364307361812329,-0.00547487894377703,-0.0275490065131044
308,0.0232015934437933,-0.0225560228544886,-0.0357678022786565,-0.0391067145537678,-0.0293265527067578,0.0275668624110808,0.0260934180284312,-0.0228139550141255
309,0.0252436498954014,-0.0321935525426854,-0.0146885346965549,-0.0321651080572318,-0.0847736312868744,0.0408272210333281,0.0359880352748395,-0.0297409128881379
310,-0.00483890212656735,-0.0162390958367491,0.00996288439674353,0.000797258862059252,-0.0591894650531559,0.0380290378680115,0.0320469214641163,-0.0187671880286243
311,-0.0101702836153683,-0.0244901323552327,0.0172883853021682,-0.0394789079055739,-0.0893771327334866,-0.0143181737258167,-0.0390527819143005,-0.0252432502024386
312,0.0177051745189405,-0.0233364743092501,-0.00563522864853364,-0.0474598227662456,-0.103827838974984,0.0169383761663872,-0.00118317840541377,-0.0339033037768366
313,-0.00171094348335402,-0.0211844678714485,-0.0600745562878865,-0.043965581847696,0.0132661862508509,-0.00106176183673007,-0.00281287190180923,-0.0235639944677036
314,0.0314847898970166,-0.0585972208434501,0.00906355186122026,-0.0259816199145106,-0.114830964197258,0.0359155319162849,0.0335596280011167,-0.0318584536212038
315,-0.015540256157581,-0.0162449310038179,0.0116787872863288,-0.0206752429028168,-0.025246603377037,0.00565875878971447,0.0116438094059626,-0.0124971237289644
316,-0.022714806304689,-0.00905766982194227,-0.016816420707451,-0.0124812969575922,-0.0404487370964781,0.0181696275246442,0.0156759163176677,-0.0153583637773291
317,0.0366683674837158,-0.0489116714262843,-0.0695730187617944,-0.104919435486178,-0.0847134660018419,0.0454688804264634,0.046744925712272,-0.050649601323769
318,-0.00737607482802857,-0.04140282759377,-0.00157423151556568,-0.0404213294804847,-0.0731674122429613,0.0557507040606702,0.0220301934174618,-0.0256861446451774
319,0.0310644793411572,-0.0661013933161402,-0.0510623365904655,0.0570967919115575,-0.068411408330512,0.0810322099068199,0.0742169813778372,-0.0190007513305446
320,-0.00100092523667447,-0.0332437198700719,0.0709876085500198,-0.0006365843674489,-0.0518208002001463,0.0273044429624709,0.0206641105826953,-0.00335510788819068
321,-0.00662806461132441,0.0190568608555256,-0.0406028026002563,-0.0355809168299124,-0.00196476266883039,0.041830781122217,0.0339127649326154,-0.0135748823630931
322,-0.0109968535036318,-0.0186230183278825,-0.0655531031363273,0.0328427071264648,-0.081212693398843,0.00483938979836111,0.0103673930684205,-0.0290031508685764
323,-0.00385801137995533,-0.0285024439851459,0.0251196372000035,-0.0278888123858873,-0.097969426230511,-0.006337906166374,-0.00779384851248557,-0.0221261898301962
324,0.0152342034652839,-0.0613193227592555,0.00513213450682426,-0.0676937308663609,-0.0347110919324546,0.0350771102291197,0.0291813121039198,-0.0289126415175567
325,-0.00441540833346596,-0.0398999794233201,0.0197197131652613,0.00250159489473203,-0.0703630366767365,0.0173498694886673,0.0177660508153789,-0.0176980372064537
326,-0.00164120459803729,-0.0360995186043944,-0.0251432312752936,-0.0390468877964302,0.0200018820035783,0.0181566891257277,0.0192410009878057,-0.014070010408389
327,0.0145198598731161,0.018574689927504,-0.00490810162970712,-0.013209801211455,-0.0552278890846369,0.00126226606165569,0.0277832542682139,-0.00709990509135472
328,-0.00702344334930739,0.000154942203644662,-0.0483204968701884,-0.0559223764114372,-0.0874119879902014,0.0279944330972597,0.000763591743917963,-0.0364912531951615
329,-0.0227879497411608,-0.0773273210377708,-0.0151335601246887,0.0111144903266484,-0.077637126160501,0.00670910511236361,0.00238256972736565,-0.0350215921989018
330,0.0044918702647573,-0.0204728191744491,-0.00401934325362149,-0.0542766173334495,-0.101634295962449,0.032927130536055,0.0646840830460714,-0.0332774092339369
331,0.0121071830615379,-0.0325447725771456,0.00381468685686884,-0.0207008776114995,-0.0873201843074684,0.0589076223158429,0.0474053540398402,-0.0232847334383964
332,-0.021237269828647,0.0132875269121868,-0.0392372832734116,0.0187867474728848,-0.0755367801250697,0.0173496922515454,0.0187204530416528,-0.0211502216867599
333,0.0179483141268287,-0.048842394435866,-0.0164257431701045,-0.039251376157101,-0.0833545373362919,0.0457817258027636,0.0458736456838443,-0.0343617476399928
334,0.0199151568865999,-0.0276944727639747,-0.0434044206925725,0.0390742659634672,-0.0711129199887345,0.0275622863808416,0.0373450648374616,-0.0156031492495079
335,0.00830647917512523,-0.0204393842011128,-0.0492816490137643,0.0185156418505552,-0.0849816831445978,0.0109838439970182,0.0747268310829932,-0.0236006624249213
336,-0.00802590217210569,-0.0040414832268591,-0.0459187605718649,-0.0841446787108858,-0.0233491998396601,0.0556938699152468,0.0117481467738904,-0.0290073118981352
337,-0.000568368764985165,-0.0447792357626616,0.0450953027526959,-0.0485265031261307,-0.112484704122883,0.026438701744232,0.0334414377816483,-0.0380726559378669
338,0.00239218540732029,-0.0578820180484867,-0.0632030690321339,-0.0123189311857484,-0.0917032870562624,0.0185906946832077,0.0166365737091894,-0.0399423338218979
339,0.020117816998563,-0.025439380059159,-0.0108915191333282,-0.0815333733082805,-0.0532282724132826,0.0496734636589122,0.018897744658235,-0.0253249664434206
340,0.0228692947492931,-0.109804325435757,0.0216854542589754,-0.0798710076281242,-0.085119548000414,0.00937806171976792,0.0246419025821917,-0.043428376170434
341,0.0221300652574304,-0.0381080283942028,0.024605066297794,-0.0267674096694759,-0.0408497930454846,0.0364843589305106,0.0293592299574383,-0.00982488220990471
342,-0.0414363382994096,-0.0248981176984928,0.00687590926396014,-0.013430381085129,-0.0492183835144809,-0.0104516529718945,-0.0289217624814371,-0.0241754767640265
343,0.023296951639041,0.00165771207851563,-0.0343829462682386,-0.025019380749588,-0.0468477762482408,0.0568053366458286,0.0388934914404346,-0.018395329111834
344,-0.00165998813444576,-0.0163838145036917,-0.0262841338252528,-0.0597202888132268,-0.0763976197054861,0.026499436264534,0.0327280425749862,-0.0343249178594654
345,-0.0130283908342161,-0.0648138997566384,-0.00921910388114285,-0.0296909938765028,-0.0409190135238207,0.00676731291605617,0.00529233905425181,-0.0291729804444908
346,-0.015232535025015,-0.0155869160824696,-0.048654224315598,0.0175651957486509,-0.0607991023485475,0.0332644990625953,0.0359376851248271,-0.0196617548189787
347,-0.000913537658295022,-0.0210802334206365,-0.0222474590984163,-0.0112567262308621,-0.0915994818188002,-0.0158906372815627,-0.0170328922591592,-0.025124342791206
348,-0.0296407777435478,-0.032967188202371,-0.0261176941927107,-0.0407584089727411,-0.0305003118342841,0.00220787563860667,-0.0216364662252947,-0.0332258979221264
349,0.0250168902899409,-0.0523665309952196,-0.0279966321787305,-0.0582604480533969,-0.0802196085940927,0.0235809461641405,0.0338441855927994,-0.0358920865307807
350,0.0010995082989551,-0.0286373943635378,-0.012283717002771,-0.018696626067518,-0.0696677317076967,0.0279367658603819,0.0245338083390197,-0.0241436303906543
351,0.029307664422174,-0.044959758063327,-0.0166672916553493,-0.0631774210295157,-0.0555052706576487,0.0149396075522984,0.0132111747570906,-0.0280379351687566
352,0.00871108972378812,-0.045843735572207,-0.0108902544514383,-0.00675773465661678,-0.0761626586121025,0.0215755593909744,0.0195416478922608,-0.0250208144140432
353,-0.00855303879795473,-0.00682098036020977,-0.0283961499906907,-0.0314982292917373,-0.0845920616279502,0.0367461201683071,0.0389253833322987,-0.0296389573520126
354,0.0274929444962291,-0.0423519265830894,-0.0148145263178232,-0.0649575696170294,0.00454283094693919,0.0471696439727822,0.0470989054296898,-0.0178883622609293
355,0.00528911496786466,0.0125089984745779,-0.023384082769259,-0.0511298389052723,-0.0643541058915717,-0.0190051735657714,0.0252294432317546,-0.02378415739911
356,0.0062901065114829,-0.0428589819303278,0.00658152163331585,-0.0716848061052001,-0.0896831300703455,0.0805447216926377,0.0873299733316463,-0.0346142774336022
357,0.00515010141996093,-0.03027509202259,-0.0253846451736181,-0.0491237537100597,-0.00667963402792826,-0.0110804220970566,-0.00384925739443497,-0.0183158810771251
358,0.00152923414009706,-0.0267193653047568,0.0117795429547796,-0.0978500446538566,-0.0631864061363061,0.00978652572687776,0.00223636598308918,-0.0366843037724832
359,-0.0193746939685289,-0.0943967266057927,0.046546993158347,-0.0245666345907775,-0.0617769018026308,0.0425984509380951,0.0444813181417008,-0.0272943073447785
360,-0.00296194465993542,-0.0534643797669263,-0.0948997709190306,0.0425675509606006,-0.0256529170839557,0.0139114459401877,0.012570794329694,-0.0257388786293145
361,-0.0270427117382054,-0.00738147760096226,-0.0237881495566787,-0.0160008194939426,-0.0494845456753622,0.0198314282110564,0.0199355461217013,-0.025199743832847
362,0.0044432658284489,-0.0428778616668081,-0.0305491237909394,-0.101861092831308,-0.0801259293223255,0.00953186725488441,0.0203069448912527,-0.0469779197303105
363,0.0119557544278101,-0.0320303770058276,-0.0436981036140338,-0.026832460555236,-0.0465570431870015,0.029934799114531,0.0293921174150601,-0.0231511933826296
364,-0.007903177304469,-0.0282239110720774,-0.00470663390079816,-0.0122465837917899,-0.0414304723467315,0.0224155487741525,0.0276514546316295,-0.0176297104551028
365,0.0291846339768624,-0.0178725362363196,0.0209411415044153,-0.00829378135561867,-0.090663444443889,0.022410947111886,0.00995047647864329,-0.0107290775969626
366,-0.0402288923144883,0.0035191469259143,-0.0572737194601949,-0.0038415448883764,-0.0862286410634497,-0.0316414265918528,-0.0352018527651783,-0.0337286496934702
367,0.0289170248414813,-0.0523296114620038,-0.00270319650479331,-0.029047810209241,-0.0576101215233208,0.0260204352229084,0.0269611845274513,-0.0231541159878996
368,-0.00393136937890326,-0.0620389079921091,0.0144651876926457,0.00541611793742103,-0.0891475264515028,0.0291711617598249,0.026225802786444,-0.0291261120585963
369,0.0116108951035996,-0.026482743277747,-0.00667983765565708,0.010754173610456,-0.0552378248442948,0.0437429597836854,0.0475065393893563,-0.00816758060150299
370,-0.00755092227474739,0.00161313813163733,-0.0233411417235507,-0.0305861504785937,0.00686935457970722,0.00077736613736229,-0.00639255742811545,-0.0134436475818748
371,0.0491010082273658,-0.0455548751741176,-0.0409769478287279,-0.0289782912930021,0.01500685086019,0.0250018266185153,0.0315978623389278,-0.0122996899793939
372,-0.00439538077584264,0.00720225190908831,0.0496937536250488,-0.0483102386251482,-0.0276842895776446,0.0140762793454939,0.0112266822271471,-0.00384704148820936
373,-0.00263366801897082,0.00692452174943244,-0.0137898199289295,-0.0127266229164183,-0.0623473368619386,0.0133931983569744,0.012755204205648,-0.0178741290737117
374,-0.0176087731337577,-0.0268097755821284,0.006415335836497,-0.0373255928015606,-0.0987567822682694,-0.00595203785080863,0.0101641141298826,-0.0318136289219544
375,-0.0196884412149244,-0.00677397377727999,-0.040442791458331,-0.0716415202578443,-0.0427415552495782,0.0118129694637674,-0.00479495024035648,-0.0352090442395182
376,0.0160906454237224,0.00982458123435102,-0.0639232051381863,-0.0234671384837958,-0.036649650085804,0.0447205273234741,0.0586280479893836,-0.0175900186320889
377,-0.0121736843570977,0.0170778880019077,-0.0133079993278188,-0.00971133024345988,-0.0902138186143827,0.0148282262465634,0.00643752526426644,-0.0225794094232791
378,-0.00691267712996162,-0.0286709161462734,-0.0522374021796322,-0.0247473343131348,-0.102631567395936,-0.000271618619316745,0.00909928275562992,-0.0373523665045958
379,0.0135090481103818,-0.0186986951702414,-0.0386611423521303,-0.046075855125037,-0.104854646958063,0.0285170084573194,0.0212676406073367,-0.0408000475436695
380,-0.00781447690216699,-0.0250358804466863,-0.0138392281418333,-0.0449684563462792,-0.0951693044396493,0.0111682817556188,0.0154279423911088,-0.0382869468399471
381,0.00698192592235773,-0.0161558351264768,0.000728358508634147,0.00489640525250656,-0.0257679902974641,0.0324654642815052,0.0114638220482242,-0.00257919582887833
382,-0.0158448749185258,-0.00211870320048783,-0.0179123741603946,-0.0886320325122951,-0.00876611503967761,0.0233427465782681,0.0261121872485838,-0.0265214655283285
383,0.0031502786183787,-0.00344439382169409,-0.0566629517340614,-0.0238995197577422,-0.0415240499522184,0.0178005217546773,0.0188488996954575,-0.0273326781335444
384,-0.0305265982300343,-0.0676885953198041,-0.0290291692480283,-0.0593457001467629,-0.127193104465503,-0.0185593147919008,0.016284430203592,-0.0627285187172846
385,-0.0132413272180842,-0.0162892454430317,-0.0463628902505549,0.0175807029917173,-0.0155785300301146,-0.0204653209252264,-0.0194894792336773,-0.013052356271796
386,-0.0118971276730484,-0.025031593508097,-0.0302572066039298,-0.0722093405428572,-0.0753065978731536,0.0215206364736552,0.01310898277001,-0.042839682951381
387,-0.025167566878418,-0.00308828649485815,0.0314710428261795,-0.0545075822756351,-0.0930320378084012,0.00305659958873675,-0.00331456350025336,-0.0238541166789564
388,-0.0324837616454064,0.0129380955000335,-0.0522955484875285,-0.046511209911963,-0.0762282347031596,0.036735727004819,0.0301473313100883,-0.0354043938459308
389,-0.00859797175003123,-0.0397021417302061,-0.0333667621522126,-0.0331982908817912,-0.0362636968976566,0.0184771808832179,0.0278390405572525,-0.0308016377138211
390,0.00428261049533318,-0.0426581246433308,-0.0803168576724191,-0.0480525247094301,-0.145505158994968,0.0366038510691686,0.0315351392746806,-0.0609103200695484
391,0.00830328434951803,-0.070793227046726,0.00285200483255221,-0.00949883601413767,-0.0465223886657964,0.0132803543427197,0.016570798944979,-0.0226158008691019
392,-0.0204450814576615,-0.0206610586262695,-0.050112580292523,0.0114399530160617,-0.0205490844162566,-0.00208209267002479,-0.000971115146674861,-0.0157972804622221
393,0.0099005861266422,-0.0094401113194978,-0.0527008823843657,0.00185397579070623,-0.0667702341809657,0.0275962042069206,0.0275962042069206,-0.0206599179874211
394,-0.0454290537258639,-0.0459497485896115,-0.00526940748523219,-0.0610216532373308,-0.026755425893768,-0.0223406265060386,-0.0294889020528684,-0.0344903304872571
395,-0.00120538415070837,-0.0285034573439463,-0.001133593146638,-0.03908281254483,-0.0239855709818336,0.0211270511277155,0.0234482132926305,-0.0159443022370649
396,0.0323807140115965,-0.0324290462979741,-0.0399839540098976,-0.0480649914415838,-0.105035322161894,0.0643833307338008,0.0601134872545907,-0.0374547395735099
397,0.0232277872589522,-0.0688415242742475,0.0239264542149581,-0.0298434759966503,0.0269213139816418,0.0086981409962224,0.00685853447704493,-0.00271945181862573
398,-0.00340768490434772,-0.00939966058942493,0.0382749241452852,-0.0764949276181795,-0.0480725530052268,0.0258437104503949,0.0310890939626886,-0.0186090852841924
399,-0.0173758370389598,-0.0579900501721272,0.00606372977327985,-0.0706531787270275,-0.0671351946407928,0.0397146523868586,0.0453978608641457,-0.0423042574056871
400,-0.00857554137459228,-0.037388094375277,-0.0423030338541062,-0.0419554415681772,-0.0666628337394612,0.0311246064911343,0.0257268768377752,-0.0401116699548014
401,-0.0133596420208623,-0.0221517708991629,-0.0048028917160842,-0.0882066854775664,-0.100851999369284,0.0298551174090749,0.0293757128871812,-0.0476262299758329
402,0.00584416810665535,-0.0165045662004318,-0.0095704686040704,-0.0185902027481465,-0.152691223480326,0.0481249615392607,0.0604256448609545,-0.0362283804324271
403,0.0102485586088489,-0.00213153954462386,-0.0268377531378859,-0.00877696918929952,-0.0152362125034354,0.0607367862773731,0.030979271177456,-0.00858461041615285
404,0.0114314114343237,-0.0856469760655592,-0.015032828340272,-0.0177655997801091,-0.10100160417258,0.0000462402565862274,0.00873667466931446,-0.0388078241169093
405,-0.0197753458525421,-0.0344155514613886,-0.00258749412287976,0.00635458412535217,-0.121381848344403,0.0208468287908709,0.0179905056195459,-0.0311386146960211
406,0.0355553197739601,-0.0250959229601968,-0.00363790839584416,0.00275748403258627,-0.0250842880298991,0.0445883885281456,0.0445608716107863,0.0000700312978405837
407,-0.0117111804817604,-0.0543059276561858,-0.0208143951013411,-0.0173251563912543,-0.0413611643771468,0.036246541785128,0.0105266709481401,-0.0241173647381328
408,0.00802035225727338,-0.0222194319558105,0.0247074359498973,-0.0506774769081122,-0.0769552912671909,0.0252323052478863,0.00878394720942299,-0.0186225002043264
409,0.024582891899551,0.00998811087656459,-0.00205261586958455,-0.0320730132229198,-0.00547622468667702,0.0713450628087911,0.0624608706878442,0.000278644848670795
410,-0.00441335781173065,-0.0169197459195929,-0.0437658568971423,-0.0418864583973258,-0.0370903155118996,-0.00148783725841535,-0.0095865155979237,-0.0261375992825477
411,0.00486193728871492,-0.0412211099478732,0.00819489637420409,0.0116911944091391,-0.0692917022084804,0.051718959418842,0.0954083184194423,-0.0169303853090668
412,0.00674171507423318,-0.0431097809884098,-0.00949197434790766,-0.0638366298797143,-0.0483298180115094,0.00252291672788461,0.0210680122341851,-0.0297333507329802
413,0.0300794423494208,-0.0501479695081938,-0.0481921320773204,-0.00729404442554096,-0.0371892111403201,0.0469802956543545,0.0469104362533171,-0.0222534079007666
414,0.00456504677723458,-0.0383157166639704,0.00170895521920339,-0.0656626166575393,-0.0501426669710205,0.0442152239277501,0.0458995538447291,-0.0283004008468011
415,-0.0165260910127523,-0.0171003106137256,-0.0241226155924287,-0.0782010858393564,-0.0802800853298302,0.0243555782142068,0.0322362522126273,-0.0436194673510583
416,0.00908648238852992,-0.0236311297498054,-0.0165013833802018,-0.0495167056990942,-0.0045505095248502,0.00634505122981548,0.0233819115560737,-0.0137901794450615
417,-0.0156737903301965,-0.0685382792415646,-0.0542360814101227,-0.025601574428412,-0.00447581198436148,0.0128483111562175,0.0205153281353867,-0.0319335687090988
418,-0.0420978339760104,-0.0257402089024013,0.000943296356331003,-0.0276783799270052,-0.111354859360936,0.0275402114703103,0.0275328305858468,-0.0381997773365164
419,0.0176030936798261,-0.0077427513985555,-0.0267954686399986,-0.0773183390953113,-0.0541007819689737,0.0340222512017429,0.0344864297903329,-0.0301264789693669
420,0.00260737344249894,-0.0347442638348031,0.0151458940582105,0.0101126920500558,-0.0605034280211595,0.0475913710003408,0.0414759107960928,-0.0111059779768415
421,-0.00184805486420538,-0.0199229117012019,-0.012097178128465,-0.0692781219560032,0.00697433246438139,0.00956652286361401,0.00958610505471345,-0.0192688280628683
422,-0.0392084412246213,-0.0206007074934875,-0.0396368825842703,0.0040939349014002,-0.0835824674338542,0.0232153389341396,-0.00757695794321399,-0.0313014433609581
423,-0.00244589992227473,-0.0548595407739901,-0.0613304317745594,0.0234305012392073,-0.0730093457849326,0.0610029452487216,0.0575588459557706,-0.0325566332098722
424,0.0304387499257477,-0.0443291313026111,-0.0029234769709596,-0.0906622637282375,-0.0790775206374304,0.0436613615868545,0.0107048311204988,-0.0391874168269245
425,0.00113199505254919,-0.00534140903823484,-0.0326933564031699,0.0545143637723836,-0.0779689221620185,0.0265623320188946,0.028296261260835,-0.00930729956122772
426,0.0208501898557367,-0.0443440394366811,-0.0111005549420465,0.0133738956204788,-0.0709063461457227,0.0425658687050574,0.0436354303070947,-0.0165736378670568
427,0.00128854907562129,-0.0540384929092459,-0.00552250832833545,0.0191577246366467,-0.0870344372060535,0.0232128525608686,0.0256414620250399,-0.0237467172372389
428,0.013818718070524,-0.0367759858762371,-0.0235116279294538,-0.0179279587703417,-0.0627733627051826,0.0208042166426111,0.0329826519632392,-0.0232033660802686
429,0.00861298736339673,-0.040325812029386,-0.0305703259418958,-0.0490640995381973,-0.0630373635188199,0.0456903144647935,0.0394776641668681,-0.0332816062864023
430,0.0146360815155479,-0.0503018994300341,-0.0535288028424471,-0.0346438380954816,-0.043842094932822,0.0178821196634026,0.0173209801808946,-0.0317349339193722
431,0.0140081693074193,-0.0305381410263788,0.011079306591155,-0.0189592641187093,-0.013817692666048,0.0256372285366561,0.0414405987115348,-0.00919764445461932
432,-0.0179968732492602,-0.0225594844845774,0.0214927170103846,0.00563180288488077,-0.0306421101207863,0.057524381621214,0.0509624825281721,-0.0105088618524125
433,-0.0146648975367128,-0.060971751712329,-0.000052978010816801,-0.0650325989711303,-0.0358630038309633,0.028592189248567,0.0147034714721337,-0.0326347108343362
434,0.0298063331834476,-0.0883777696091836,0.0369796848111023,0.00219282655511974,-0.0287720305500877,0.0356134428652285,0.0365404720999009,-0.00493158846770589
435,0.0170720560109308,-0.0494247491882848,0.0367699832418094,-0.093019283145271,-0.00859937844996894,0.0155946791171435,0.028789490743345,-0.0210032478787761
436,-0.00758111430560313,-0.0329409984544886,-0.0219882867007659,-0.0302490270472913,-0.0754855637463112,0.0350472723135617,0.00533981274724743,-0.0361336924143105
437,-0.00747698169855214,0.00901131462298436,-0.0111929434836501,-0.0328710258544654,-0.0786543036520148,0.0173606373908042,0.0294667804456388,-0.0220713057290471
438,-0.00103118608823669,-0.00579062359417877,-0.00828949941826343,-0.0651997616537709,-0.0973902131530029,0.016748181145152,0.0304782706175394,-0.0331111574247251
439,0.00659965366129329,-0.0516066300663479,-0.00997133936305372,-0.0460143034556385,-0.0760441974276637,0.0450947473088756,0.0461468184957093,-0.0328012889920833
440,0.0187771351034791,-0.0160658817921469,-0.0450586800981852,-0.0410479344531319,-0.0740374692254812,0.0410651842470255,0.0577005091406071,-0.029925216595634
441,0.0173389242811425,-0.0496088814823543,-0.020755938340673,-0.0220641692857272,-0.0393139424160806,0.0602003459707878,0.0758193115398084,-0.0235956216010927
442,0.000388200458599233,-0.0199693760443305,0.00763014431369224,-0.0586363101372428,-0.0785693367318957,0.00955244128353772,0.00857536812608342,-0.0314311239265128
443,-0.00993365780040367,-0.0205818866357099,-0.0139364136621083,-0.0955825666721875,-0.0419414984597211,0.00796009496320021,-0.00407462240253986,-0.0349935174228335
444,0.00238410609630375,-0.0312445983354291,-0.0109025950419704,-0.00172885074707924,-0.0986901049050956,0.0303966556925002,0.0399657932449073,-0.0245021793169951
445,0.0103770355629428,0.000811007475446379,-0.0260718717221889,-0.042120342078609,-0.000508474246456336,0.0325842982671222,0.102591138907764,-0.0108449885126031
446,-0.0219096991920328,0.0266086874447689,0.0155284526359175,0.0135289798645946,-0.140561406433199,0.0239832123510819,0.018754654324716,-0.018686492324799
447,0.0115935059100363,-0.0233925120511366,-0.0369855059762596,-0.0468024361780077,-0.0566256779259616,0.047156194678693,0.0690439665244316,-0.0289853199956643
448,0.00833892102228309,-0.0335631077280962,0.0158595370435551,-0.0241456163769401,-0.095536002019514,0.0058682532803415,-0.00248740497190882,-0.0202759847510597
449,0.00468168425210566,-0.0329062965074512,-0.013837164988387,-0.0714250142131584,-0.0586056708761015,0.0524922459685389,0.0447523415828257,-0.0329909751574766
450,-0.00141484107784806,-0.00359848705326096,-0.037380464151067,-0.00655639517490833,-0.0455486335396913,0.0201149398525943,0.040351208741128,-0.0195050717036388
451,0.0101771233761344,-0.0434804198666768,0.0369338448111595,-0.0356468315220227,-0.0880698378819262,0.025926883175457,0.00541720436377098,-0.0220113262251887
452,0.0342871351299336,-0.0561545299900234,0.0167690654589374,-0.0354517394797976,-0.0883478349879812,0.0505940161767135,0.0592384305988284,-0.0267653537301772
453,-0.0033281134321524,-0.027512740260206,-0.0352822428903723,-0.0535516095221558,-0.0418492745443655,0.0382175263545391,0.0178306721298506,-0.0316546103821443
454,0.00736744011203062,-0.00443117235320038,-0.00402000334137417,-0.032520039837773,-0.0724686166565947,0.0263537645306622,0.0205834557802484,-0.0209126629546066
455,0.0193721931164435,-0.0806310400195641,-0.0123641115945816,-0.00772981500072178,-0.0240867146611454,0.0410098743614971,0.0412491306981004,-0.0210851147658664
456,0.018320595787728,-0.0419345864390728,-0.0307699730381488,-0.0375057713470846,-0.0766099208147812,0.0191433597672599,0.0455542872566327,-0.0271935725117474
457,-0.0162828367588717,-0.0113876991957226,-0.0128010573854065,0.00775715680878147,-0.0736126617925404,0.0185428688263666,-0.0037668978976059,-0.0199157360621613
458,0.0271325820635906,0.00212389546714552,-0.00791897860386023,-0.03898038518899,-0.0823688947389221,0.0594269747876864,0.0360014882108073,-0.0243318052202986
459,0.0293259932492576,-0.0519645831311807,-0.000973192476692225,-0.0444517867713982,-0.00249630312547339,0.0456691606165922,0.0596456041849914,-0.0148713461578763
460,-0.00669589664660723,-0.0419400253774111,0.0314367901135266,-0.0315636271430816,-0.160392171438978,0.021852498690428,0.0327094633276473,-0.0420587617130673
461,-0.00138424428351565,0.00282938916182879,-0.0437317928700298,-0.032785129191364,-0.0168820399990746,0.0477118705273063,0.0256757083639871,-0.0175153120789395
462,0.024859764185011,-0.043853702376221,-0.0509842502430999,-0.00379059408341972,-0.0702819255091773,0.0648415944781586,0.0911180516088274,-0.0278906010004697
463,0.00331414761080633,-0.0387276931282554,-0.0107878937032665,-0.0465611164856257,-0.0655783544764739,0.063994748449675,0.056202599745536,-0.0324171302764761
464,-0.0299318949518627,-0.0543212580901799,0.0058349287537659,-0.0899006390119659,-0.0654459021894476,0.0119972816752869,0.0119591089004824,-0.0488488338892261
465,-0.0130639593236463,-0.00979415761393872,-0.0494582715554659,0.00863864980289944,-0.0550883971220586,-0.00271608045136697,-0.00630664984406768,-0.0223961837734116
466,0.00960022698211818,-0.0127532690965275,0.021574628392618,-0.0432484077999134,0.0310879451712492,0.037392563302208,0.0566116186928875,0.000453659086529362
467,-0.0246055074505411,0.00453996710859238,-0.0278299016482068,-0.0514956506399817,-0.0755223599095161,0.0478198093946783,0.0493124627888408,-0.0331514540395588
468,-0.00470052344905153,0.019975730993747,0.0113183214457545,-0.0125735880971666,-0.00411152897370687,0.049387637681385,0.0730529477259428,0.00408013058918971
469,0.0304127787359311,-0.0373572296961124,0.0013073013029043,0.0137339714212387,-0.0912742217395032,0.0453302756757212,0.067068626628371,-0.0144344142912347
470,0.00958087532693946,-0.0237993658771694,0.00751820244915498,-0.0414135985265114,-0.0985848081331477,0.00510147553700287,0.0047118339588851,-0.0310366287449243
471,-0.015323467535729,-0.00326095184430998,-0.0309776272606621,-0.0259015312121489,-0.0327901395312798,0.0105919472469744,0.00530119953787246,-0.0194856108764647
472,0.00626721030112758,-0.0743583252317967,-0.039755299839974,0.0179882446615237,-0.136831998688511,-0.0140265803761707,-0.0178761770958553,-0.0402249508531401
473,0.0127098432955714,-0.0556961496069188,0.00508924375131523,-0.0633937665287458,-0.0245851261394034,-0.00547181193911797,0.010527339510529,-0.0257507607959885
474,-0.00945710653707459,-0.0137723482372925,-0.0637869601578543,-0.035107619109741,-0.0164101218891452,0.0140374918082709,0.00745977144086149,-0.0263190315887958
475,0.0150527855955645,-0.03726929437742,0.0197691377891187,-0.00642845137541331,-0.12842235808174,0.0277894462203882,0.0264946792648554,-0.0261333708426714
476,0.00806163155262735,-0.0321204315806986,-0.0247503563520498,0.0149275099416327,-0.036623394464059,0.029471301168466,0.0727913848280827,-0.011559198088949
477,0.00148442891767264,-0.0577078764755928,0.00276593287623192,-0.0085295687992101,-0.0561689324668313,0.0374208302460507,0.009913359023484,-0.0226211418782086
478,0.0278118086646664,-0.0439621178735849,0.000506064122496014,-0.0630368164712775,-0.0523199509175619,0.09140005276638,0.0515485819112779,-0.0277422744274474
479,0.0113769402501595,-0.0505701110955863,-0.00301928190623865,-0.101625288248596,-0.0414260286996538,0.0231480283280288,0.0174111999908969,-0.0345879574131951
480,-0.0162629757575096,-0.104897759016934,-0.0458292527079437,0.0188079262889077,-0.0302482012762206,0.0086708398496987,0.0325686961957558,-0.0330855632905591
481,0.00988356441546783,-0.0456464963501214,0.0355598310240403,-0.0663587744072104,-0.0627222812645478,0.0384510814098505,0.0459493128926596,-0.0257954394329989
482,0.0395496124498367,-0.0262420112339171,-0.0312051950447807,-0.00193493213733861,-0.074162270817632,0.0797405813134019,0.0705300256062953,-0.0177119407705496
483,-0.0128928277103251,-0.0591619370815078,0.0140503485673286,-0.0645871822445066,-0.0740512585251023,0.00523597014378375,0.0122235990754749,-0.0364453523853681
484,0.00758733134792963,-0.0365717851805158,-0.0602880510700852,-0.00313900841655299,-0.0398731899070533,0.0378454057658539,0.0378460002417153,-0.0232974862888712
485,-0.0227169941136045,-0.0469660609512991,-0.0194360324645301,-0.0279022515465983,-0.0944083245420304,0.0315209562241076,0.016304835377137,-0.0412103905672464
486,-0.0228513618623683,-0.0189405264730656,-0.0510501604338119,-0.00725751846207984,-0.0583195673170468,-0.00766965130287025,-0.0256983335206815,-0.0299991854587807
487,-0.0124561618999962,0.0153716961085418,-0.0496876865565225,-0.0914255875054086,-0.0499106445514852,0.0155076267787085,0.0146934232771708,-0.0390689370574569
488,-0.0185793886772262,0.0143980453168756,0.00495976476326268,-0.0479751731773759,-0.0856858285944607,0.00907686642674451,0.0117462743198915,-0.0272761126989616
489,-0.0017384192159903,-0.0180122891594329,-0.0466463955539381,-0.0138602086614028,-0.0743111569909541,-0.0123776183371529,-0.0426628806450025,-0.0241082360676335
490,-0.0183844348991559,-0.0131035427976462,-0.0146357980447971,-0.0371754305502891,-0.0342167936207712,0.0371617079613214,0.0424200223267644,-0.0216964307620789
491,-0.0287139321728833,-0.0149943426448674,-0.073663954832151,-0.0352149027221489,-0.0489218980175304,0.00200171230579753,-0.00317672527854648,-0.0412295551640995
492,0.0292002680496942,-0.0889895326540067,-0.0582263403746648,-0.00871579461281766,-0.054084078823482,0.0437418053361884,0.0328149634230844,-0.0353150693834842
493,0.000364392929283114,-0.0329665822539725,0.026643366443911,0.000638589496415237,-0.0465947581523791,-0.00754081767563827,-0.00574698719322578,-0.0086137047084264
494,-0.00453573502510961,-0.0245774422782327,0.0100341939108284,-0.0885977367822782,-0.0673961408817888,0.0495761395501265,0.0527610829808809,-0.0324601755787756
495,-0.00736960056274442,-0.0743604015550898,-0.00587923916557562,-0.0358234996360815,-0.0711221918369839,0.0438522984150796,0.0404585992288643,-0.0361252396058563
496,-0.00864436155744769,-0.0464700927535402,-0.027080994771765,-0.0763596888621844,-0.0425836671073467,0.00685503936539184,0.0329282990658101,-0.0390611992113802
497,0.0150325695670269,-0.00120934057165815,-0.0283759298662076,-0.059851914405745,-0.0192385524834223,0.0232131977486196,0.0338396322774597,-0.0194424479895628
498,-0.00233819923490994,-0.0257086005875093,-0.0224371525534587,-0.0472058976652071,-0.124077155881022,0.0331329754749565,0.0387175571798407,-0.0409491775952434
499,0.00282175222363018,0.0154362217379248,-0.00244719809120947,-0.0159920538491426,-0.10610038171313,0.044693163715215,0.0361082087865771,-0.0230897996443548
500,0.000556457791021606,-0.0553000145423366,0.0107715599292283,-0.0264500933277103,-0.0518384389938742,0.05253088491789,0.0545405548009753,-0.0269595611110155
501,-0.0116908837321286,0.00156271133824101,-0.0234073490825055,-0.0264962753525445,-0.0469677995138628,-0.016150990296561,-0.00666254824180074,-0.0225713471388968
502,0.0231574613665973,-0.0445461565795932,-0.00244805679312629,0.00339303949275938,-0.116657588866919,0.0606379590093978,0.0427679560128953,-0.0228753676284656
503,0.0135762058382335,-0.080204530049123,0.00184745672515446,-0.0622358508452788,-0.0541267763073903,0.0522226027022763,0.0551770272393527,-0.0363219046917615
504,0.0135905546491962,-0.0714503653881963,-0.0366970030020427,0.0249613565471224,-0.0166173077990736,0.0222112536762347,0.0386678179930526,-0.0177821229619995
505,0.0348185217247232,-0.0411522447898152,0.0278386525247669,-0.00355105029492042,-0.0855486622521163,0.0810703832407904,0.0864003538256907,-0.0138183960620467
506,-0.0118959904993668,-0.0419659735981698,0.0216604440888782,-0.0321713581837764,-0.0610122288710057,0.0183628765586499,0.0131633920177487,-0.0199597782299024
507,-0.0108780531134538,-0.0138433395383097,-0.00182456300921249,-0.0325998364146743,-0.113849927605446,0.0372382579127933,0.0315028099875039,-0.0376621965642451
508,0.000645256306619157,-0.0604866384550419,-0.0285690900331192,-0.0306002820711169,-0.062344129431854,0.0292180007369063,0.0301158700664586,-0.034638263762562
509,-0.00595633554328472,-0.0394027542401359,0.0190241758967107,-0.0624784187484308,-0.144654932274593,0.00654360246048925,-0.0131456937053282,-0.0477727693825782
510,-0.00422282386355986,-0.041610462921519,-0.0263212487629811,-0.042974513632354,-0.032558641186062,0.0277321493001076,0.019573556606427,-0.0290952315468196
511,0.0194457089723248,-0.0441334480780108,0.0277312040686692,-0.0167729543976189,-0.0675016348846619,0.0373488464901376,0.0253202571060378,-0.0137696231646552
512,0.0375435058714804,-0.000296009632075087,-0.0290741124320288,-0.0546602129580378,-0.0335463616678552,0.0616020658482268,0.103654477039678,-0.0160806008176033
513,-0.000998322777277003,-0.00320794583975167,-0.0586399651222703,-0.0469902023164234,-0.0617407170755011,0.012803523805724,0.0020891328941887,-0.0354230619088172
514,0.00582634719138512,-0.00314433629161981,-0.00494310203550097,-0.0552632588184762,-0.0565646735143436,0.04258723495636,0.0377650835582145,-0.0226943385795969
515,-0.021303758293616,-0.00514552489518166,-0.0241200275601032,-0.0125692205446619,-0.00752309701074355,0.0293162079842923,0.0361181156711987,-0.0131438491437924
516,0.00430443692818207,-0.0135824748208792,-0.0225239160457255,-0.0429656773292494,-0.0661695406215573,-0.0098038144233531,-0.0106390053531292,-0.0285163213960605
517,0.00359979178256078,-0.0773492616112811,-0.0700666363521167,0.0250815052879465,-0.0466456914206731,0.0348814791646981,0.0348644164258921,-0.0286874152059967
518,0.0132119816977058,-0.00385583993696194,-0.0452129884385849,-0.0188635704908337,-0.013498259429604,0.0399887805328415,0.070362784768624,-0.0106177738225156
519,0.00239492170646945,-0.0251627387450496,-0.00941603282361214,-0.0294883551250408,-0.056580471460936,0.0501184058138597,0.0597950203895703,-0.0243718444196257
520,0.00628237655818583,-0.0378218679646038,0.00669043046676057,-0.0853124368635542,-0.038341084724517,0.00333768298159925,0.0282446156382495,-0.031252996676917
521,-0.00990938591931044,-0.0464918332959429,-0.0298851028085013,-0.0390957070943959,-0.0647920638949823,0.00312916452217889,0.0135275855673887,-0.0387971587181757
522,0.0114683834190991,-0.0438636239527197,0.00270234266966557,-0.0236159101184049,-0.0487654492452174,0.0231854784562033,0.0156039598571163,-0.0208716477257452
523,0.00264599671802793,-0.028369260103515,-0.0141340046354242,-0.0545617348539813,-0.014368963318576,0.0382565462573524,0.0320772243270455,-0.0229396679494444
524,0.00616331294578408,-0.0386647499467217,-0.0924886129026829,-0.0291798108582265,-0.0575066507666209,0.00422462818221859,0.00359237578347928,-0.0424490227596077
525,0.00964455755042216,-0.0291552190643084,0.0272755638891996,-0.00522596569750072,0.0132884593981842,0.0509467453736122,0.0467507037474686,0.00317392810101383
526,-0.0121452493295881,-0.0533482273322822,-0.0125291691609727,-0.0656533585610209,-0.00597382822556847,0.019825873025128,0.0309533261499857,-0.0286321548990751
527,-0.019836387774318,-0.0214401664761378,-0.0213612274211181,-0.0341195001345993,-0.0360670302772991,0.0208297201929959,0.0192333726029429,-0.026019426768035
528,0.0218937918811613,-0.0474699967600262,-0.0188304996565619,-0.0499390415524112,-0.060321547642784,-0.00511237335393568,-0.0202360084097367,-0.027508358265143
529,-0.00181483792175328,-0.0195750298810435,0.0370225759091149,-0.0615454745892413,-0.063376995079081,0.0060994680088889,-0.0298609247381034,-0.0214013562655789
530,-0.00455528632747781,-0.0146212164842838,0.0185504499850006,-0.0442755928790564,-0.0746525662996723,0.0237969312027541,0.0237969312027541,-0.0233403613767697
531,-0.00723856102293848,-0.0718957386879519,-0.0212834384679776,-0.0419226197007973,-0.0734896106176486,0.0169258743368188,0.0129756510868682,-0.0446303683973917
532,0.00516592587327345,0.0195047529141034,-0.0244743853068611,-0.0224322750569379,-0.0501251344069413,0.026747235576124,0.0394668280029697,-0.0161348591304163
533,-0.00925527289994286,-0.0815895958504104,-0.0172204603779036,0.0110442745950043,-0.100780090458864,0.0107227229915884,0.059212975581331,-0.039487586131509
534,-0.00630764800946831,-0.051399296370222,-0.0149025639579047,-0.0643643085087523,-0.049603371060519,0.0133354522695277,0.0130805694370186,-0.0382085231295575
535,-0.00225512730039516,-0.0219888844881173,-0.0473576298572229,-0.0736343441094334,-0.112580985245646,0.0504595049600997,0.0444555011462993,-0.0482242506191745
536,-0.00715709864119256,-0.0147204455447333,0.0355597981328516,-0.0308910408422484,-0.0599731533705647,-0.0113165694257357,0.00456865471155937,-0.0136629598425893
537,-0.0146614515989925,-0.00684374322430788,0.00241905562679898,-0.0817043183046395,-0.0980308912422533,-0.0105922989462013,-0.0168568128908121,-0.0428071615956228
538,-0.0125258508796186,-0.0479101599015606,-0.0122827813628043,-0.0906865996544848,-0.0519159719906903,-0.00997760545893601,-0.0061285763916745,-0.0384344067784829
539,0.00383444323039089,-0.0035198190474456,-0.0166296194069608,-0.05142066826905,-0.0618902097724593,0.014563260807144,0.0360957737035869,-0.0263420602711399
540,0.0150565959897365,-0.0385022125197888,-0.00117362967565596,-0.117234486635051,0.0290871607437657,0.0155583456526049,0.020462143414093,-0.0202744795270726
541,-0.0151401907916419,-0.0439689485270379,-0.0534553829956169,0.0017787331687423,-0.0814219532123234,0.0635548057083701,0.0718020015220964,-0.0371165069714707
542,-0.015731425195069,-0.0423037729525525,0.0131146326544697,-0.0438326994497366,0.00168244550994145,0.0322583539041001,0.0502375981799479,-0.0136416954968761
543,0.0169949094316401,-0.0507580035080544,-0.0187409637695712,-0.0142714094069222,-0.034089252148619,0.0498566804099408,0.0296875593022804,-0.0220702354827073
544,0.00402541993344246,-0.0485249254942666,0.00880570682930809,-0.0489643617197869,-0.0689318032002436,0.0317305986277578,0.0180333087252123,-0.030314741211411
545,0.0127920890677618,-0.0351611749567683,-0.0189914931404692,0.00530950791439028,-0.012951485912053,0.0501926757662636,0.0548261055163873,-0.00501303588997273
546,-0.016213525880682,-0.0456884721352745,0.0014857338210793,-0.0182842127134711,-0.0785908708410481,-0.0101703784244478,-0.00880280440682895,-0.0315400031829004
547,-0.00259411023955514,-0.0307348407371997,-0.0131548949618974,-0.0625258879598755,-0.0496109259228054,0.0178280726212375,0.0259313584362918,-0.0298141400561938
548,0.0176216916561605,-0.0118485875860681,0.0451141221747631,-0.050509731189162,-0.0938279420947987,0.0397532506867578,0.0631197120883523,-0.0178053005421374
549,0.0184659716887925,-0.00579796177074604,-0.00776614181990343,-0.0421745759006744,-0.0285985717197278,0.0835455362406685,0.0829856667646302,-0.0132296690506522
550,0.0115042093803089,-0.0300362119425774,-0.0215660944584908,0.00600367078091227,-0.0373271734129367,0.0155316609582958,0.0327393152154518,-0.0140000556064059
551,-0.000370552889165238,-0.000388291736272167,-0.0545920001391304,-0.0474813829221049,-0.0758118597957856,0.0183706533957321,0.0208021733379267,-0.0328402933676173
552,0.00187661422885467,-0.0402281042977581,-0.0264856427541771,-0.00502798436148866,-0.0700318804394683,0.00575365210126401,0.0243266832199959,-0.0246854311146377
553,0.0209144814213575,-0.0130781604337713,-0.0675910232470286,-0.0362173735702722,-0.0994999483938602,0.0522007280393374,0.0599324656660641,-0.0377335406470374
554,-0.00890174897589582,-0.02309547041727,-0.0125812549183506,0.00327926034765705,-0.102027980564453,0.00480345225448911,0.00515605784380269,-0.0283425738171736
555,-0.00604085350659446,-0.00622138661880062,-0.0629604231564331,-0.0392396265769308,-0.0876197328486432,0.0296803158445133,0.0213598517917142,-0.0383054564635433
556,0.0140045884250432,-0.0507013454199342,0.00921798089411469,0.0138726363064491,-0.0422690141514391,0.066061251145774,0.0639056011527326,-0.011064526160396
557,0.020650384123513,-0.0499426070672811,0.023996592783169,0.024856967184238,-0.0580895429945322,0.0384914135009434,0.0222522129680813,-0.00296280840305335
558,-0.0102465888132502,-0.0391500442685584,-0.0242425733250776,-0.0109212708825998,-0.0318985239701799,-0.00242371302155312,-0.0180054179003527,-0.0225243468027903
559,-0.00101574688294294,-0.0592199192961933,-0.0274188465065032,-0.0429897348306776,0.0198302287853971,0.0324912762453057,0.0547876210343635,-0.0232838902631136
560,-0.0148294012181071,-0.0347618762315221,-0.0197360281281438,-0.00358883310031141,-0.0458287670810085,-0.0251080300386747,0.00563430627241047,-0.0253304884316501
561,-0.00832695930909975,-0.00983391648281369,-0.058518991571718,-0.0370884080512964,-0.0788114520904469,0.0214998827379358,0.0136189160892417,-0.0384942605451082
562,-0.0141119454334291,-0.0356429770912252,-0.0402541944822638,-0.0114891135910092,-0.0630960180389059,-0.031157823407152,-0.0295872757853507,-0.0299447232000342
563,0.0103666791144731,-0.071188481546393,-0.027909755007304,-0.0140836089304718,-0.0649014893330342,0.0480232100384346,0.0460686147891915,-0.0306644570239788
564,0.00332156322901653,-0.0165885990801181,-0.056503428976404,-0.074254810562919,-0.137231219792398,0.042585883335366,0.0548667793374148,-0.0482887936922387
565,-0.0146430396972998,-0.0682535644875471,-0.0165924042376643,-0.0480414289420714,-0.03949065359341,0.0061254648559112,0.00541545954931309,-0.038105838462276
566,-0.00124073749299772,-0.035506671911603,-0.00177864890897034,-0.069490440760402,-0.0240869970890437,0.0535425206355608,0.0594852561964493,-0.0254604834715831
567,-0.000188172201822934,-0.0344964008381724,0.00506426819097025,-0.0138253126794875,-0.0237929302038251,0.0449440981772021,0.0443436059199095,-0.0156002612186372
568,0.0113947341975944,-0.0356156536742597,0.00544515727387773,-0.0261053283182275,-0.0345652773386127,0.0263548963178572,0.0279500100596776,-0.0145221072677652
569,0.00739090479738515,-0.0493813427146715,0.00793577932812425,-0.0568324382972854,-0.0973077784827607,0.0392960355857396,0.0641450021185788,-0.0366928131708126
570,0.00454158696852658,-0.0164064008070536,-0.0495223750578364,-0.0262346059695381,-0.107054123075031,0.0257687411069265,0.0272240420026943,-0.0377247658709885
571,0.0138609873873817,-0.00578478969019644,-0.0508140694326557,0.00369777023478365,-0.126130425988689,0.04268667686199,0.0536257552994777,-0.0313636806088189
572,0.00337307688204426,-0.0161402064870566,-0.0488363389166017,-0.0201769165923284,-0.0244246451978863,0.055248349964846,0.0286258807957208,-0.0253081372935691
573,-0.00520882277918862,-0.0209694317740628,-0.032616830793723,-0.0430320262349428,-0.0179648957312584,0.00255978956904042,-0.00431577481082299,-0.0238172860297031
574,0.00752096060376004,0.00692744356900797,0.0020516950760506,-0.027080109157561,-0.0845153674536694,0.0137491689257025,0.0133515351331302,-0.0147049723779454
575,-0.0410417331856115,0.0125371281192606,-0.0869926529147942,0.0392922942737776,-0.0844804331798031,-0.00595231024103685,0.0295230059576244,-0.0311903568709485
576,0.00903888436403187,-0.0368651240354261,-0.0117111853974464,-0.0321453888622421,-0.0512551154324172,0.0376055035176495,0.0152214490271677,-0.0206614045786923
577,0.0010071462008877,-0.0258147565864974,-0.0289131027091118,-0.0327476927190148,-0.0794638591469591,0.0318544223147067,0.042123256358753,-0.0327173214087991
578,-0.000940600648015683,-0.0226290039120741,0.0078235011208273,-0.0403466072989944,-0.124653591480552,0.0188858912993735,0.0191427709651152,-0.0347545897833949
579,-0.00299336582010731,0.0240719055998872,-0.0898479176172502,-0.0460690459125082,-0.0236304606009778,0.000938755956924282,0.00802936550738857,-0.0230762334177334
580,0.0131336137282954,-0.0335220875975174,0.0366825561688783,-0.0520390577933446,-0.0783556328319578,0.0177089970757078,0.0169096047580005,-0.0241963791840857
581,0.0240814488860729,-0.0654267814761711,-0.0192236418648306,-0.00420860212284907,-0.0600056621632503,0.0485426034554785,0.04814320511057,-0.0230546692907325
582,-0.000690726380227429,0.0109415133902168,-0.00211061912003016,-0.0242403395096664,-0.059530948551327,0.0354806485768954,0.0269529781361864,-0.0156172529447108
583,-0.024338884634308,-0.0312939587772316,-0.00215349855576658,0.00534993310949117,-0.03075762970354,0.0227673385643741,0.013852501861317,-0.0119132597144017
584,-0.000155484275320313,-0.0186176286756701,-0.0666937265540203,-0.013337825891295,-0.0319787790270569,0.0292467103873419,0.0459128840911243,-0.0251677787806078
585,-0.0133386904412756,-0.0474166748472978,0.0341561996060534,-0.0566303258416813,-0.0594427506188616,0.0059472993970473,0.00401492922697208,-0.0287057631478193
586,-0.0123719697730857,-0.0379572374039014,-0.021324733543831,-0.0232355215342488,-0.0779596346044731,-0.00613207612687913,0.0239542435565885,-0.0349383996873384
587,-0.0128631501144513,-0.0186236686627205,0.0458994470453661,-0.0769085975138954,-0.0841128586329337,-0.00955245616555406,-0.00850316591714963,-0.0311172684725057
588,-0.00147965011376573,-0.0426570633824832,-0.0538268591419773,-0.0140117942242291,-0.0857368028935118,-0.000712196633342037,0.00681408659961138,-0.0362177019371636
589,0.00548861315218886,-0.0327324504459216,-0.000102105168125699,-0.0742466609777206,-0.0575135364027586,0.0291455312799123,0.0201563986470943,-0.0340460517993233
590,-0.0220271034639565,-0.022595421641657,0.00204472029339101,0.00672927087267713,-0.0929388747504192,0.0044708614812173,0.00612227560983702,-0.0216528660451163
591,0.0202060930886571,0.0367160866166936,-0.0486480956864209,-0.00266818678659472,-0.0804002488786953,0.03762133894511,0.0399846308888221,-0.0129863228476745
592,-0.0111206609335654,-0.0472764891265921,0.0157163830167107,-0.0810443852980137,0.0103655424640903,0.0115482881258916,0.0165301810638659,-0.0186665606105783
593,-0.000102844738756429,-0.00107232162192589,-0.0218732242576053,-0.0358684876109867,-0.0910606129271695,0.0158403577586075,0.016340948649481,-0.0342874934008203
594,-0.0423233017197731,-0.00894157504545882,-0.00943364459531038,-0.0200869883661214,0.0181311982877169,0.00197995721950131,0.00340861758852992,-0.0125238522513199
595,0.00533041608731012,-0.031447200015993,-0.00924246394170727,-0.0795541913247524,-0.122448704673862,0.0593424103291541,0.0557971950220683,-0.0473028576335498
596,0.00449666881066824,-0.026712493911618,-0.027014445466051,-0.0843748130814072,-0.105881231961241,0.0379184444131237,0.0450944517186175,-0.0465948313522039
597,0.0450933132309829,-0.08554276792225,-0.0110330162199871,-0.036291270234164,-0.11517467544997,0.054620288914497,0.0568338184863742,-0.0438537578320526
598,-0.0162460071718055,-0.0415779487549131,0.0268931910570609,-0.0413232068360523,-0.0714630979577615,0.0163915730063601,0.0171943364679198,-0.0277273950510871
599,0.01190706099179,-0.0416518832207628,-0.0179876540703083,-0.0336971253095874,-0.0589204791070789,0.00509222810994166,-0.0014528697182554,-0.0288755219167117
600,0.00817544840191105,-0.0785748518407444,-0.0149140302965966,-0.00298583712372577,0.0203743171724552,0.0160860662426833,0.0289416502196081,-0.0133329015697403
601,0.00915409217472048,-0.0195909577000686,-0.0300195351394418,-0.0375843131378755,-0.057436969431699,0.0277732631403728,0.0258654802341957,-0.0259533669578442
602,-0.00937390586275123,-0.00591876664203848,-0.0000794846065657329,-0.0717834682544464,-0.0683935342700985,0.0616143335258878,0.047792258896359,-0.029005667712201
603,0.0145691294020151,-0.0506285803110313,0.0164034266808418,-0.0729600997362509,-0.0573485826245826,0.0582921266465697,0.0582038867078723,-0.0289445312275025
604,0.019261281857224,-0.0295891987502913,-0.0317686804539067,-0.067375037878546,-0.0359943130439683,0.0329650363919763,0.0343086791475,-0.0261673014128443
605,0.00842120193737977,-0.0803297619341266,0.0599440161993854,-0.0264381945152672,-0.0831896290958229,0.0518834009682554,0.0554280190513921,-0.0243972144304053
606,-0.00840227350518608,-0.0418798048839976,-0.0300563050707206,-0.0308974561422139,-0.0443052414113881,0.00187955939727931,0.00227259783396781,-0.0309231171597287
607,0.022515909307844,-0.0111411721498474,-0.0681964000117296,-0.0417310756982776,-0.0184153024512994,0.0448146582598053,0.0700400911519114,-0.0261720916514128
608,-0.0147761451916552,-0.0470481131790422,-0.00181922606472937,0.00923184508385022,-0.118896442113178,0.0145722393484144,0.0213758934021254,-0.0303015630234202
609,0.000189507526373714,-0.0429717179785694,-0.0385476132940963,-0.044795108957194,-0.0694059348502772,0.00863826663060803,0.00747758420444379,-0.0340143938114506
610,-0.0116962776790905,-0.00870827075619672,0.00190888010039535,-0.0358050468265355,-0.0636669687822367,-0.00673039634526928,0.03345333412004,-0.0214419614129256
611,0.029026675867203,-0.0348644555548936,-0.0227132742254534,-0.016538684650416,-0.103252720428612,0.0600533375540615,0.0488579193323556,-0.0331923277978459
612,-0.00348356444374117,-0.0329551888067883,0.0174451373877159,-0.0336902454585269,-0.0367131542752604,0.000819597821515333,0.00305040928654667,-0.0159323655820164
613,-0.00483714009671765,-0.011814604015009,0.0202284883677417,0.0163024380722006,-0.0716653700148274,0.0461758789754731,0.0565858822213152,-0.00653216619281979
614,0.0192458699462569,-0.0450166402340109,0.01483741684809,0.0108184147648335,-0.0528075160093504,0.0339998936826273,0.0165856591327354,-0.0116388456723949
615,0.00389704632667648,0.000830011543290085,-0.0235222376692682,-0.0678213797331034,-0.0523478696733119,0.0178711068726576,0.0201598957309205,-0.0269031112725473
616,0.0235829920603238,-0.0164920550510152,0.00863969177671706,-0.0477423511311253,-0.114986830128161,0.0694315016140253,0.0468575331407604,-0.0313419658495142
617,0.0175254067062647,-0.0149517143560761,-0.0224562666370689,-0.00307949871947302,-0.033066124945297,0.0501816318487954,0.0633805048431232,-0.0104271666388651
618,-0.00605862134118447,-0.00906694302406677,-0.0259655532095536,-0.0542829880929852,-0.0163630292532991,0.0538514346925237,0.0415447207870778,-0.0219742978966738
619,0.0125548841188705,-0.0161080828798342,0.00427393107517546,-0.0180840747843815,-0.0889593224724445,-0.000549561651997425,0.00110838644065196,-0.0239208984729796
620,-0.0160650933315834,-0.00632011924974347,-0.0390004647218777,-0.0107900978117658,-0.00331690866011386,0.0081486153302819,0.0125305707868821,-0.0143554273901464
621,-0.017684894793511,-0.0720965936173985,0.021732661894021,-0.0385880443145891,-0.0631543424171426,0.00362096495757529,-0.00708244639617302,-0.0337032079833528
622,-0.0207958247931882,-0.0142998184141859,-0.0310261158237812,0.000031704209210448,-0.0954624990547542,0.0143878405949935,0.0137093581842073,-0.0324484681946345
623,-0.027274346051647,-0.0158278508764757,0.0199488838355532,-0.00304110575295591,-0.0647274470679348,0.00936402199049986,0.011878629289258,-0.0182373486561375
624,-0.00836698452930339,0.00663748517856333,0.0410003894881253,-0.0580448230297789,-0.0588831253188999,0.0163352908673083,0.0168883867103814,-0.0138134539840483
625,-0.00606009554849662,-0.044142841596561,-0.0472904243525218,-0.041005469975101,-0.135345433524401,0.0252868389026586,0.0124280097634719,-0.0511808183848482
626,0.0418624247013615,-0.0566985979022676,-0.0374965331667135,0.0235843924006577,-0.0529762839620153,0.0520711315542613,0.0497421460117736,-0.010957684155963
627,0.0222163457434345,-0.0288225919303125,-0.0541440095779075,-0.0291163342730873,-0.105859251485274,0.0198775219212283,0.00662916500991139,-0.0345165560211301
628,0.0226481985759252,0.00173130438697666,-0.0242624857498694,-0.0414956824725126,-0.116490337656652,0.0345304297311356,0.0048615230401506,-0.0279710016749108
629,0.00098199857008744,-0.0340027432608568,0.0359727943648542,-0.0650488604906531,-0.0523929869650487,0.0215537914585441,0.0221034178958388,-0.0188248276884889
630,0.00472097544492803,-0.00765436537860754,-0.0184450644964024,-0.00577252547193663,-0.137719878684617,0.0188488860903545,0.0189726910584731,-0.0323022594458781
631,0.00596610649880264,-0.0417042660849323,-0.0230996863022059,-0.0316669952279305,-0.0667944769381671,0.0160829837934682,0.0174151303490287,-0.0352450147854355
632,0.0199437801633473,0.00299600228526871,-0.00228256868845345,-0.00273147119450542,-0.0505262219712873,0.0260574745932383,0.0261518639053124,-0.00706775627019313
633,0.00366896988725457,-0.0196780856515907,-0.0113694849798287,-0.0252342516422942,-0.04652640889073,0.0236242095363457,0.0224705947644755,-0.0194742042807352
634,-0.00556049143187076,-0.0411572976295682,-0.019631164438608,-0.072145239607397,-0.0566945416655568,0.0177137188976346,0.0159693835970516,-0.0379118770244886
635,-0.0332488713682327,0.00570209307922684,-0.0326350716093533,-0.0307259462390324,-0.0508966844837468,-0.0198821292767849,-0.0194151159951053,-0.026228418703021
636,0.0327202154879403,-0.0076125680399725,-0.0017481260438108,-0.0523176125127102,-0.0877950069765328,0.0727889152323371,0.0519217789270168,-0.0241698905228018
637,0.0248769754185838,-0.0454537089968775,0.00517818274901002,-0.049714445933954,-0.0786209449175392,0.0420334488123864,0.0507703981357123,-0.0225896008736128
638,-0.00741316838113864,-0.0252136979006736,-0.0151272725470683,-0.00404293158615221,-0.0483667791293371,0.00864310083444437,0.0108921329285271,-0.0176403532375756
639,-0.000445228354215392,-0.0289069858814702,-0.0498792442014049,0.0147873774187474,-0.0293364662754167,-0.00944279241838537,0.00871847510239647,-0.0167699706608487
640,0.00327967098997312,-0.0399383560607177,-0.0232924718061117,-0.0681603290967928,-0.0113439818426123,0.037229955886713,0.0510506286221825,-0.0247089165566388
641,-0.00562596464205685,-0.0626658260701674,-0.00369738141078796,0.0266045628240577,-0.0340016394112673,-0.00222353599817964,-0.00169063756840197,-0.0158412725836109
642,0.0144165015416935,-0.0172703070472686,-0.0412457726003222,-0.0624291309835901,-0.0683262597149784,0.0379921959951422,0.0445436676280469,-0.0327869660994446
643,0.00961214326164313,-0.0278416207768014,-0.0233166956042496,-0.0618822691647267,-0.112058001077125,0.0211088931012583,0.0525619073259683,-0.0415038439931451
644,0.0134322389246913,-0.0443351784203348,-0.0399580461607579,-0.0461120177678168,0.00854312119808553,0.0564610173457342,0.0712600259473418,-0.0205934006998356
645,0.0101721735233583,-0.0227379416107946,-0.0175883140860937,-0.0224214979207303,-0.063323658226728,0.0345430984513733,0.07062344400823,-0.0233604516477106
646,0.0157995843047623,-0.0188120954271805,-0.0661107354701689,-0.0783766809760497,-0.0703222798609796,0.0202978611223695,0.0203285843266833,-0.0397570222527192
647,0.00543800996964221,-0.0324030912775262,-0.0194185377936821,-0.0450301832975155,-0.0408704574937537,0.0252356717986333,0.0215039464060548,-0.0262245407507798
648,0.00691007520597645,-0.082807790134943,-0.0229027419633972,-0.0713401097458584,-0.0584566571562261,-0.0300080036684822,-0.0365797121798503,-0.0424818141145892
649,0.00159791355910988,-0.0654401768253829,0.014448389097075,-0.0269727541690865,-0.07811340249024,0.00352438635878918,0.00845003014041696,-0.0349010612386357
650,0.0147695583907455,-0.0317652873230874,-0.0717788794900502,0.0339478233794421,-0.0977663632163085,0.0389429784175817,0.0238903668352553,-0.0309667759102206
651,-0.0194974988522694,-0.0033729612275851,-0.0290870254018988,0.0120227058540059,-0.13090746667886,-0.0284211974432916,-0.013242635678352,-0.0310188530443946
652,-0.0210341246812279,-0.0350472969520003,0.000618311687858142,-0.0152294162221007,-0.0450965880772948,0.0110671766793083,0.0129185394968459,-0.0222997243488024
653,0.0218020360384446,-0.0344862530875094,-0.00895053741348031,-0.0452987141347987,-0.00302145037666379,0.0318557051388724,0.0268078154118294,-0.0132833475404846
654,0.0147386771049768,-0.0376996020795651,0.0280144950998925,-0.100975874009627,-0.0337202030642659,0.0486178686291522,0.0441250638640103,-0.0250009442408094
655,0.015281440818295,-0.0945164037570615,0.0105151705911425,-0.0827019707841929,-0.0669150047790854,0.0359550942180415,0.0347738102044614,-0.0460101976514721
656,-0.0306200505395508,-0.0409050827825703,-0.0639010199613264,-0.00405486163013946,-0.123103671678821,0.00632260818002119,0.0193402820662612,-0.048438053911628
657,0.0188460253687653,-0.0194497777485125,-0.00927687756944415,-0.0209680063587398,-0.0739031008017273,0.0719033320947914,0.08046526144514,-0.0212480074385747
658,-0.000882840093406292,-0.0327570803432317,-0.00433410966422004,-0.0868275088058759,-0.0373075162075142,0.0146408122565831,0.0384141054331804,-0.0320420291511783
659,0.033661024365201,-0.0143961480029829,-0.0565899736104007,-0.00110735315560323,0.0129630091409243,0.0108713618360765,0.0104866959693245,-0.000744702986015394
660,-0.00769907878497095,-0.0349887746805275,-0.0231670326499899,-0.0645155722625651,-0.0569630433825198,0.0133492877051907,0.010295834336788,-0.0374154184129155
661,0.00262813929062674,-0.0298760449079278,-0.0632825147920225,0.013412233433493,0.0157857540874992,0.0357264206722307,0.0443321222963951,-0.0118219286792385
662,0.00323000376903708,-0.0391667536594333,0.012181936784893,-0.0262180462684641,-0.0858905333800735,0.0171001368913651,0.00701184618969189,-0.0307750662849877
663,0.00115531618749303,-0.0629138021520973,0.0163296257196774,-0.021000919473313,-0.0969176358294461,0.0132139365145158,0.0197922424515152,-0.0312314219658372
664,0.0137991336991658,-0.0377724613423648,0.0198246628737878,-0.0313359266292728,-0.0397255565243153,0.0333126890741216,0.0234359281899351,-0.0142684443257093
665,-0.00186362987011101,-0.0274044714943209,-0.0155925079750327,-0.0552363698490251,-0.0413198874985653,0.0300980197958337,0.0476379848842145,-0.024165386064798
666,-0.00952961708969859,-0.0412322814245633,0.0260177734907185,-0.0526570152258412,-0.0650047332999957,0.0226126090407967,0.0240792432047423,-0.0239871716102103
667,-0.00917455595042348,0.00202448901281091,0.00158960250079754,-0.00162282123372909,-0.0455356184024418,0.0378616859272951,0.0181699882530999,-0.0102416433989788
668,0.03678334848462,-0.0244010450173389,-0.0226979617102747,-0.0335689519767397,-0.0375717846214814,0.0492752941754558,0.0579069007501652,-0.0170823264650609
669,0.0268594629469525,-0.0375757250329473,-0.00162475897388609,0.00432831567251396,-0.0939060870529628,0.0699424530198398,0.0882689669115636,-0.0158005927661645
670,0.00720016979262612,-0.00809698044247897,-0.0198381050956243,-0.00398386831261649,-0.0459769012419614,0.0151191641645716,0.0460703205794842,-0.0139976202345255
671,-0.0164602572568346,0.00352256466965159,-0.000360315127400312,-0.0883993029330278,-0.0877116360647634,-0.0140071351489998,-0.0155059982565492,-0.0360466327465102
672,-0.0253113803189452,-0.0348669276088032,0.00399588319429579,-0.0380748522018651,-0.0282884558000643,0.0175311544035081,-0.0155569267120107,-0.0221239584958017
673,0.00850762066285636,-0.0527955561337508,-0.000872290191163611,-0.0368994613874543,-0.0568276823493478,0.0741902944187147,0.0763525648590544,-0.0261316236280285
674,0.0113812508564017,-0.046047170089112,0.0130286889850467,-0.0788993060285417,-0.0618384783387286,0.0567626660397182,0.0728711313454327,-0.0303269630352413
675,0.0148494754973864,-0.0199280208761965,-0.0170271267631932,-0.0645369391493446,-0.0600165096959024,0.0635324806073223,0.047317145691154,-0.0324228087229162
676,0.0169350821898676,-0.00291432854925953,0.0153986960954806,-0.0125622237909867,-0.0655671642973035,0.0701999789231534,0.0759188474653266,-0.0100825733744353
677,0.0154132248973827,-0.0372666711994807,0.0116315516825314,-0.0215655214260778,-0.0998653896820504,0.0506511129817175,0.0574673144273111,-0.0269786238302375
678,0.0125492582371113,-0.0166910667815944,-0.0181625436090758,-0.0198015623169081,-0.00888097880275218,0.0598931054451582,0.0409689828894414,-0.00898710468862968
679,0.00174859400456119,-0.0471865498807757,0.0503269033353138,-0.0235912399598249,-0.0573443220989364,0.0373681891873813,0.0233773164890362,-0.0139283693156958
680,-0.0000273562496702351,-0.0680891517947558,-0.00670823484389027,-0.00600182579273587,-0.118423490918787,0.0274031849470381,0.0504069275952706,-0.0351154568626965
681,0.0124361065144994,-0.0878117234605828,-0.00621923530521515,0.00882458556283622,-0.0604571994085493,0.0367712259764115,0.0366187907754295,-0.0234556228058478
682,-0.00902869381336749,-0.010909960597077,-0.0217600110309553,-0.0413274804109031,-0.0288561258454244,0.0201932398115184,0.0218468424142279,-0.0216622610426174
683,-0.0326759272649081,-0.0148583571319895,-0.00755811676851792,-0.0381274526835046,-0.0984666659904535,0.00403877787749728,0.0191947393505506,-0.0380567970333661
684,-0.0134006296477363,-0.0407547520306507,-0.0237219517506206,-0.0622427183793201,-0.0800198709045337,0.0258675521504221,0.0269191115407378,-0.0437001942655861
685,-0.0080391764824951,-0.00747646641001921,-0.0478547637777918,-0.0519818547873716,-0.063198397292374,-0.0112494688697523,0.0111512286039696,-0.032441410051458
686,0.0209219539014931,-0.0335931348492946,-0.0138823232471448,-0.0482292707411454,-0.0377641965269712,0.0200628009980847,0.0362436020285781,-0.0249593578662158
687,0.0185074123209578,-0.0551963702381143,-0.0020273098833114,-0.0884495891380801,-0.121914878336708,0.036190726359885,0.0269562146257714,-0.047228851511082
688,0.00143100210552666,-0.0457120023656876,0.0126262875795006,-0.0541747061537173,-0.0153992397735928,0.0150778657408148,0.0590833638954333,-0.0226421227312922
689,0.00121498349373644,0.0038298695950799,-0.0150348532602148,-0.0330893100498047,-0.0699391918033208,0.00876149971172117,0.0236248068647573,-0.0192265032138958
690,-0.0304610536327589,-0.0322094277861824,-0.0731513208984858,-0.00126682899446476,-0.111164972093725,-0.000986330679541292,0.0376364806763415,-0.046989287320831
691,0.00320041085110814,-0.0393903505336421,-0.00663984910430959,-0.0116291530483335,-0.0474141612914002,0.0228849201466154,0.00630242535119804,-0.023559121606955
692,-0.014417901643494,-0.0512132057052222,-0.0082516763412856,-0.0130613606860042,-0.0319208069090404,-0.00672859504521885,-0.00464008274454045,-0.0244961906004023
693,-0.00769626692813808,-0.0295913491797004,-0.0278430935361005,-0.0634428523301809,-0.0848183774282433,0.0256430523299155,0.0273763144274205,-0.0438344349727384
694,-0.00221202419511048,-0.0125755386154164,0.00316979871605241,-0.0834536110998655,-0.0585106250337389,0.0402336848367586,0.0752754724039445,-0.0329130577004987
695,-0.0161709713072826,-0.036393588203665,0.0205496616958193,-0.0346783998835025,-0.110615029863313,0.00788153440668692,0.0134097790585792,-0.0302959819639105
696,0.0386154198384801,-0.0446423294428656,-0.029170136960687,-0.0211285862175917,-0.0926326256962475,0.0418959355323558,0.0536961582419884,-0.0283375914139125
697,0.00797205409562218,-0.0422808073046613,-0.0289256082412332,-0.00215658985786013,-0.023390246346552,0.0476765174022758,0.0375691557576172,-0.0158321638813375
698,0.0250546742831873,-0.0356173596979396,0.0315412430206892,0.0215954811077579,-0.0821694284978448,0.0413061498058833,0.0453525566570923,-0.00299895052408636
699,0.016140773391129,-0.0172411297349293,-0.0341291086634423,0.0393127364146343,-0.0696163790262755,0.0676717606703428,0.0458287532941139,-0.00919214204209859
700,0.024275384028714,-0.0637867037911562,-0.0328608974169864,-0.0871236955664482,-0.0536095698927813,0.036256082006891,0.0609773274481963,-0.0407668136558071
701,0.0234979737534153,-0.0212483160534702,0.04427223598318,-0.0645322864752622,-0.0310489357660806,0.0317939936478723,0.0314835474559603,-0.00889175251010996
702,0.0370151961470513,-0.0330216480602641,-0.0492599967121138,-0.0419680919143851,-0.0693797377497878,0.0646084861659121,0.0585082923304732,-0.030284467550066
703,0.048955363737223,-0.0296176872413246,0.0287649585796769,-0.0688118630013942,-0.0221522595234516,0.0589794137282336,0.0567692866561624,-0.00724551206320193
704,-0.00176750806675636,-0.0559324146028267,0.0118311649629493,-0.0281730637958499,-0.104238311391508,0.047909313100111,0.0742012537088651,-0.0362415819057586
705,-0.0174541976675745,-0.0482017208099357,-0.0103963322337722,-0.0168457780999083,-0.0580000404768312,0.0351357801039177,0.00832647837972419,-0.0287135789432162
706,0.00891509477561373,-0.0198743354674887,-0.0638546816082345,-0.010084458739288,-0.0485424326755755,0.0312852513417525,0.0170885870595977,-0.0265621778565354
707,-0.0316401579174756,0.00982311438444011,-0.0115865263303533,-0.000700718048655347,-0.0613408398156073,0.0250143402620062,0.0163025424602774,-0.0169259636648897
708,0.0336974222736733,0.0278906302510896,-0.0801320565396126,-0.0387373336625276,-0.0517383054026794,0.0642070528895498,0.0735000825333537,-0.0210687650581541
709,-0.00484859312332562,-0.0677700309568762,-0.0202849656063663,-0.0600740103893449,-0.0480756757975086,0.0123066525089552,0.0236555020012541,-0.0353238896040164
710,-0.0123071142352272,-0.00856042451189704,0.000516622820713325,-0.0350607618999156,-0.0758074527795263,0.044389041049959,0.0599991486274768,-0.0229966481224746
711,-0.00109648451640071,-0.0706284095571039,0.017176309639205,-0.0664742166278603,-0.0501199531907192,-0.00489086526157877,0.00000919371677126496,-0.0310192136882282
712,0.0186804949283306,-0.0527368560450102,0.0126310226602694,0.00897538189884201,-0.0768483775948377,0.0231640689094476,0.0501420371262263,-0.0158233138459467
713,-0.0184227216715019,0.0288431671753619,-0.0225090776636221,-0.0458721888254584,-0.0211382739073497,0.0114506285107092,0.00897846395026381,-0.0176877051086034
714,-0.00654214164283668,0.00985874229329146,-0.0320890788013257,-0.0724348896691951,-0.0394227525518045,0.0110082236637202,0.0242498807865258,-0.0285450449549723
715,0.00254446828312047,-0.00855676686955781,-0.0405965117625782,-0.0440643335791104,-0.0618624736058969,0.0246510624364348,0.028967047436028,-0.0294732138458959
716,0.00405687527557282,-0.0112342174153425,-0.0338739491735911,-0.0124028750936025,-0.0814963976298519,0.0317061096752841,0.0480214933680015,-0.0240867405514975
717,0.00350420069245901,-0.0393071561425121,-0.011818567371342,-0.0324755318551371,-0.0432402077337742,0.0194606280101246,0.0185932562525699,-0.0253938469460379
718,-0.0127884336568414,-0.0509577279996872,-0.0320650130994344,-0.0180855069216591,-0.10107683653289,0.0221372136817397,0.0100136860861039,-0.0438851051011019
719,0.00444213390775543,-0.0562074097751911,-0.00455606559005386,-0.0194452791812917,-0.053779908124918,0.0385781698423356,-0.00203190652526456,-0.0262174977225208
720,0.0194622612773317,-0.0673522180885639,-0.042568034614361,-0.0190997510527817,-0.0582772136149202,0.00555096312062796,0.0195638881185335,-0.0323394912918235
721,0.0238264427034154,-0.0266256311241889,-0.0918647072084636,-0.029610334553207,-0.0968495416495139,0.0457227985795439,0.0306921336905924,-0.0414022259985709
722,-0.014580513455101,-0.0110151844930332,-0.000441532953465523,-0.0429256207766094,-0.000536025151143371,0.015153916906397,-0.00214718634835656,-0.0144880591084815
723,0.0197031388081008,-0.0610387541499167,-0.00632600324450061,-0.0570371438946738,-0.0626631139292493,0.0591912819636027,0.0596615896895334,-0.0352346463270904
724,0.00814654714037626,-0.032166080554992,0.00169034843008925,-0.029405617163078,-0.0690558645786074,0.052011217075294,0.0595592913856975,-0.0200291292296945
725,-0.0161905786103812,-0.0252830959058301,-0.0284021311768003,0.00480691885143328,-0.0761878644751343,-0.000956594793478448,0.0118925379160399,-0.0262090418468556
726,-0.0131206744431856,-0.0231567860005544,0.0370202589629485,-0.0402751116844364,-0.0831793500346077,0.00373521603811441,0.00917449118400972,-0.0220018998576674
727,0.0312598085880102,0.0110011326420865,-0.00781005375895272,-0.0319828352757195,-0.0216142174161602,0.0240139515239791,0.0353192935951967,-0.0026367244049916
728,-0.0194819739265998,-0.00460926992158131,-0.00612754772285914,-0.0159376328088082,-0.0673082489214101,0.0165406452117476,0.0274784343220114,-0.0188335594897728
729,-0.0288274694811258,-0.0600554922304188,-0.0349699771080723,-0.0446014155052181,-0.0768542786644583,0.0154081521913558,0.0109356331608253,-0.0483436938681175
730,0.0522214595173904,-0.0542589344108888,-0.0446904997369756,0.00786500334611342,-0.0463703178349451,0.0854419955852591,0.0864126696114318,-0.0125685097010896
731,-0.00517356285878911,-0.0604671097871918,0.0491625959723902,-0.00624293908570264,-0.090047442447672,0.00833089088990382,0.00776316021260219,-0.0259812770226791
732,-0.0133329963335177,-0.0301951511053653,-0.0452326620141806,-0.0597860944716768,-0.0824012203899463,0.0239684181515962,0.0231056955714992,-0.0436126484171895
733,-0.0283473908054406,-0.0110938037349186,0.00496380091423415,-0.052777832414603,-0.084538473795375,0.0114810974325857,0.00375277552550313,-0.0333379561018194
734,0.00572434458811474,-0.0337688269894037,0.0165828162713809,-0.0822323899325741,-0.0403320239900152,0.028402604870105,0.0371131216820213,-0.026924360372449
735,0.000662993211215775,-0.059825298059831,0.0112367262148449,0.0147131466104962,-0.0853821337465371,0.00307961639060676,0.0274512769920752,-0.0212885762937469
736,0.00719517465520767,-0.0260360572739701,0.00500439800290975,-0.0510499152102701,-0.0542577296208653,0.0293666483608066,0.0308029599484169,-0.0216210642439307
737,-0.00123074492463456,-0.032160076803735,-0.021946883356578,-0.0123008757316705,-0.0638352292141862,0.0240822246742248,0.0168867176143604,-0.0276553006154115
738,0.0157667880041116,0.00494394243741671,0.00477301817776324,-0.0516788285576074,-0.0865658739547107,0.0460917248168784,0.0361876867608166,-0.0207227947707496
739,0.0205546710449701,0.00950566021243003,-0.0532642909641186,-0.0534310115809368,-0.0501937220748007,0.0656777972409116,0.0680510919862913,-0.0224875841919838
740,-0.00883028662767364,-0.0508869918589676,-0.00375930829492083,-0.0698397458254402,-0.0839948612365143,-0.00753180021559342,-0.0218754252590354,-0.0385608439561644
741,-0.0310778575154016,0.0142562786926206,-0.0685666103720931,-0.021297017830748,-0.121942345653034,-0.00966398432234385,-0.0160244624592868,-0.0476875707363668
742,-0.0132768316568496,-0.00831514912140878,-0.0532183699701099,-0.0457254417169725,-0.107667239684039,0.0379670775601882,0.0348385835099115,-0.044216309348761
743,-0.00911964468421965,-0.0517812056885782,-0.0196138508331671,0.00318484759814935,-0.0622093092648447,0.0143380120628165,0.00749816531784431,-0.0253054219673029
744,-0.00181868861299162,-0.0401173877153262,0.0411488420970144,-0.0577895451012423,0.00448069099880899,0.0258719097950005,0.00215825869574744,-0.00872735855681631
745,0.00111162769650342,-0.0430852173527639,0.00696386555579093,-0.046410451790153,-0.0236650088222039,-0.00690808661088793,0.0134079339351117,-0.0218662916416667
746,-0.00487465980586509,-0.0542588909694519,-0.0508477134871197,-0.0208058293716945,-0.0203504955558851,0.00462065641799334,0.010923326249657,-0.0292384508327029
747,0.0184766687129598,-0.0447284579626443,-0.0286464804797283,-0.0286151442677601,-0.0504373362321066,0.0472983791602711,0.0412438237155026,-0.0240581123523902
748,-0.0317652990214506,0.00350588004470054,-0.0508195585833835,-0.00348771116103033,-0.0821912602288216,0.00189168640409598,-0.00946511638298388,-0.0283790395397778
749,-0.0152685992683458,-0.0239447632064949,-0.0542172205865461,-0.0336323183837417,-0.0702737217413553,0.0507473857329569,0.0507473857329569,-0.0399639321423688
750,0.0244309512061862,-0.0281781613661859,-0.0209798463895213,-0.0514397412704558,-0.0550967569833187,0.0380528140411284,0.0566813083112297,-0.0242655996579675
751,-0.00763724052289285,0.0130470773011416,-0.0126899176116324,-0.0445531556968211,-0.0575072114871859,0.020094020106907,0.011998906899403,-0.0245835014674008
752,0.0105267259266027,-0.0521308643923815,-0.0333695493316809,-0.0183145212923546,-0.0300920624551388,0.0326033065237126,0.01652404991371,-0.0227017489293716
753,-0.0062225748160646,-0.0264135832315234,-0.0134464996103304,-0.0656831425129639,-0.0811621404142854,0.00362653067697058,0.0137153077354924,-0.0362537296631277
754,-0.0018100313840464,0.0148438004637762,-0.0395974556235782,-0.0136501550600532,-0.0706662440217584,0.0133584933661585,0.020024555660777,-0.017786082684606
755,-0.000015976018498981,-0.0302043502984884,-0.0284351386846478,-0.00666590774878653,-0.0712668301627049,0.00808956556106736,0.0178896889051993,-0.024794938937599
756,-0.0100108531214763,-0.0581545430332042,-0.0158183872180394,-0.0295075039373641,-0.032757914797704,0.0103055754925885,-0.00450870164467833,-0.0299390068252498
757,0.00423000946442209,-0.0613080957376803,-0.0569475211924341,0.0427021172841446,-0.0948718090915749,0.0377428382294828,0.0276129340002906,-0.033564142663559
758,-0.0344065828707817,-0.0423588915222723,0.00950383170990196,-0.0261689223691139,-0.0348767718111306,-0.0013109871884494,-0.000717347506614313,-0.0239727401444578
759,0.00594675530264273,-0.0429633470103808,-0.0181825424997916,-0.090318736017132,-0.0768562825898347,0.0581443149165745,0.071940432073273,-0.0463914968540836
760,-0.00780922370297864,-0.0524094545991238,-0.0447286123050837,-0.0224198675875069,-0.0747968250078858,0.0432796652197954,0.049815732313593,-0.0367123226777264
761,-0.0102934304583534,-0.0195702546279823,-0.0329364412818274,-0.0219436481692337,-0.0363035615873595,0.00328665382913393,0.0106723253217335,-0.024745595622018
762,-0.00788619480331473,-0.0670685737378243,-0.0147062870726619,-0.0176110384092802,-0.0977997391193381,0.0195859595012968,0.0157259987971766,-0.037097080279695
763,0.00626963974597218,-0.0239550651295104,-0.0162032786735531,-0.0374685235788,-0.028389184557906,0.0473842053121883,0.0197324650763543,-0.0194878695517181
764,0.0194294189185068,-0.0387347814463771,0.0333154936182944,-0.018869218865685,-0.0741259442646848,0.019808035803818,0.0209746915048266,-0.0116836795535425
765,0.0326608135560191,-0.0609777259472239,-0.0351360208341262,-0.100804750000235,-0.0899712651872982,0.116756371908251,0.129016715678139,-0.0454280679350426
766,0.00637998831312735,-0.0503393862738698,0.0211962001208721,-0.089754616669679,-0.0774945318540928,0.0286380232509794,0.0358806702254385,-0.0367911450675249
767,0.00837417498146863,-0.0341589978311285,-0.0487999066269013,0.0175143425539741,-0.0824033544328424,0.0735649429986301,0.0638895964292886,-0.0273624086892272
768,0.0249190291199551,-0.0343477344005691,0.0116266195997841,-0.0905797780188105,-0.0656845330442169,0.0339403453707626,0.0373092236108143,-0.0323044809475756
769,0.00366126193875969,-0.00462434157716178,-0.0399602810707964,-0.0370069502310384,-0.0642187876626875,0.00300354157360103,-0.0134973082577347,-0.0306708865919637
770,-0.00438381274933614,-0.05536239312602,0.0202428370979161,-0.0282077342183842,-0.0924813667681983,0.0287666724930261,0.0271846265330109,-0.0317105676297687
771,0.0439621324516205,-0.0379535565856323,-0.00376439918724739,-0.047560692653341,-0.138557905953319,0.080475894370101,0.0802302647710705,-0.0372424527777845
772,-0.0212353307786634,-0.019898881351367,-0.00628865046252242,-0.0446433523857325,-0.040226332666943,-0.000984332497927724,0.00375855702836628,-0.0281002333097381
773,-0.0209300837427362,-0.0192992799525092,0.00496206683228659,-0.0704779656690877,-0.000942770392539483,0.0224928496080544,0.0249816367560891,-0.0172141812052418
774,-0.0122769802575684,-0.0472472890724811,-0.0394979572867639,-0.0476578475505353,-0.0815761478681306,0.0317976034654098,0.0229043055014908,-0.0435569703026432
775,-0.0113726116303992,-0.0461186418845373,0.0017847674747252,-0.0341251244494958,-0.0718032777436418,0.0342672737620742,0.0411988718599917,-0.0280311800068511
776,0.0120121290171131,-0.0734489688383595,-0.0186816360995878,-0.00104924240952986,-0.0860563686549793,0.00491324376135503,0.0246451505971113,-0.0279613685245482
777,0.00218484984218005,-0.0111673270535429,-0.0493695008278135,0.000387689815195741,-0.0751216838683164,0.0354129970806439,0.0428727688869049,-0.024248617942304
778,-0.00274643394690838,-0.0874877931812878,0.010748701712409,-0.0459078682197742,-0.0574650645191054,0.0434073559734602,0.0374150769682259,-0.0380663008320667
779,-0.00315007537899981,-0.0185924749587146,-0.0638962086879143,-0.0649716659172832,-0.0124640598795493,0.0219232618337923,0.0164893131138036,-0.0346002467651235
780,0.00636899490269967,-0.0459260075635242,-0.0384842183154374,0.023839087594275,-0.0866486611233401,0.0204314128282301,0.0450704669019515,-0.0246522493797939
781,-0.000194102982221334,-0.0289410659709098,-0.015429194030387,-0.0614179283522671,-0.0489152226136624,0.0429112651977115,0.037921867402272,-0.0328991349593047
782,-0.000448875587600317,-0.0470222509160688,-0.0136089713556025,-0.0578930329418884,-0.0159746282396164,0.013429781414329,0.0195676819600055,-0.0242153420548864
783,0.0166659478444553,-0.0174069716371733,-0.0372239630931961,-0.0554699345512236,-0.0974662518677983,0.0147910915828034,0.0274664914320506,-0.0352039553679773
784,0.00691562120987636,0.00163443995479352,0.0147217072369411,-0.0529828939453519,-0.0495619226555249,0.0363997887812779,0.0359437674453466,-0.0167006556707944
785,0.0021504393493897,-0.0648959146630926,0.0154153159200804,-0.066100128936184,-0.0227249171799968,0.0156067722206368,0.0189022171496657,-0.0268875088044188
786,0.0336407124133172,-0.0469388611301323,-0.0233605255858757,-0.025632885135846,-0.066250414581129,0.0379484336976278,0.0273379302351553,-0.0263809024646451
787,-0.000950146103850795,-0.0457059381211652,0.0217471312049768,-0.0516465276129883,-0.129894419139986,0.0416761080423318,0.0342663270156987,-0.0376652742336026
788,0.0161672199498521,-0.0490889983172265,-0.0561435600384406,0.000276856668427389,-0.0799873120694378,0.0255876842341547,0.041036543920103,-0.0346593590828664
789,-0.000227465610490876,-0.0185296201040752,-0.0181810072529288,-0.0549393601106987,-0.103004831087213,0.0227157166373597,0.0129903936015753,-0.0395033196619471
790,0.00149459124357425,-0.0541834077182516,-0.0488881639444167,-0.00738435727310685,-0.0720789062625091,0.00424331624007873,0.0330955244700648,-0.035709489634481
791,0.00680226607081089,-0.0573047741607221,-0.0656141991461039,-0.0718110913553352,-0.079260986251109,0.0148091721903763,0.0118797346127921,-0.0510023406413237
792,-0.00763550374383221,-0.0370811445025901,0.0329695226770922,0.00728063641405197,-0.0855248152716058,0.0198116005038355,0.0351417138223666,-0.0183789274213036
793,-0.0021764603354507,-0.019257096963945,-0.0261661194223857,-0.020872025236485,-0.0657446134448551,0.0394567303613107,0.0155258645443229,-0.0233480018448225
794,-0.00842922654148731,-0.0556684389627881,-0.0115139869306874,-0.0493575257713361,-0.078914112957927,0.0359376500153615,0.00166953880275125,-0.0404818670542403
795,0.00704058157195242,-0.0952094538463321,0.00666513120129839,-0.0610176054939947,-0.0648998665126713,0.0198697942496274,0.0345377089884889,-0.0467526099036644
796,0.00826678475549754,-0.0372479179310806,0.0437819650498886,0.000846723786061404,-0.0577485496699751,0.0381750101714333,0.0260585447849704,-0.00414454164675837
797,-0.00801504845964437,0.000568584413142878,-0.0222663696785351,-0.0654269308964885,-0.106188179084731,0.0695598723899447,0.0452730029886813,-0.0371956429935197
798,0.00119235246846183,0.00124968578272661,0.00319139035154042,-0.0534120082052669,-0.0298321017519861,0.0276499660338384,0.0353464018604894,-0.0194391319801417
799,0.00199312426440673,0.0129152421495213,0.000817377697681476,-0.0465682749723979,-0.11795708620935,0.0100159012989725,0.0145370743323347,-0.0293468883372347
800,0.0121929156761866,-0.0217574772990704,-0.0233513751270127,-0.0639897872039566,-0.0523200546329389,0.0515440937444284,0.0519732876239345,-0.030013808845342
801,-0.0163188197116893,0.00449393381867359,-0.00467331876590993,-0.0505635541351926,-0.0227397888995007,0.000394600250770184,0.00497766704282988,-0.0159853628503946
802,0.00775122392779323,-0.0361651350214701,-0.0166602552188353,-0.0716995008338598,-0.0565082000778502,0.00443127961881098,0.00641753060970434,-0.0352545394682619
803,-0.01168983885503,-0.0432296204648927,0.010722196277204,-0.0647782892192396,-0.0879944004748192,0.0148150430469782,0.00181243077105836,-0.03997430373281
804,-0.00660569021714345,-0.062748041838278,-0.0234881348705187,-0.0556895848287156,-0.0823157953289482,-0.0023481351035726,0.00113576942699362,-0.045132732919652
805,-0.00388878866197492,-0.00976964052682271,-0.0165989452603885,-0.0690551384198016,-0.0204443393549609,-0.00656568834260438,-0.0156235133592297,-0.0209240584502709
806,-0.0129773355993122,-0.0237040317465436,-0.0262950043710667,-0.0162076725406518,-0.0505275669455755,0.0312586901995707,0.0355984970100966,-0.0261179631556905
807,0.00912210417261797,-0.0163805606613285,-0.0583961233553244,-0.0681453052220259,-0.0592964280988069,0.0512808981935751,0.0442677639321622,-0.0388938328109776
808,0.00753098813858919,-0.0431194833584784,-0.00446495081609094,-0.086286386534904,-0.0950233668665485,0.0235530016216138,0.0265433260505022,-0.0428527089456359
809,-0.00199875943567088,-0.0662187802187823,-0.00897883324919314,-0.0308797571180066,-0.0779154966469604,0.0452617606015932,0.0382226713851545,-0.0356658264303084
810,0.00398535516617855,-0.00146428140611352,0.00612564197050086,-0.0648022807830338,-0.0914740951313936,0.00163316918265597,0.0034989629179661,-0.0239997232654884
811,0.00291998284118074,-0.0443558674886605,-0.0333651144976304,-0.00403513643621312,-0.112125448545473,0.0275480808740835,0.0203248520300703,-0.0351992774306234
812,-0.0165195789566656,-0.0123047330703648,-0.00707257978833564,-0.0619521111632049,-0.117572642196577,0.0525144328797459,0.0329016296980858,-0.0416873277633056
813,0.00385827631626318,0.0218122918909024,0.0137518516900329,-0.0400053908476949,-0.0635942458480516,0.0217947296228718,0.0364552157598255,-0.0111476410403982
814,0.00367789670857879,-0.0514156821511902,0.00806912724903019,-0.0637997566376812,-0.0926750526702089,0.0306665715296619,0.0375196591818852,-0.0353550345272923
815,-0.00827335860044527,-0.0452603924717906,0.00340825537771439,0.0300444884233088,-0.127512217886581,0.0271843731867014,0.0311995799614878,-0.0257695893636671
816,-0.00590358211603573,-0.0128028085387876,-0.0143154290763903,0.00314096366951952,-0.119798325832117,0.0384170356091891,0.0594680684370077,-0.0240160293732871
817,-0.0323667664650345,0.00422940413703125,-0.0132366042865066,-0.00109549886761759,-0.0600685481834011,0.0105618690108238,-0.00375221632572787,-0.0206581912387213
818,-0.00337894545172602,-0.0253782535074908,-0.011444551356759,-0.0250159833950432,-0.0572619482748698,0.0378809385711437,0.0513920162012964,-0.0221578029914697
819,-0.0256641337161895,0.0457146310848592,-0.00426605361651386,-0.0276552398629847,-0.107701041976438,0.0169803471476988,0.0170775567401328,-0.0230069951169653
820,0.00508967144166479,-0.00253949173153059,-0.0325871190632764,-0.0444993375183722,-0.0479469414882016,0.0170840118049535,0.0242985247487484,-0.0236460616781879
821,-0.0361226401939091,-0.0161651103009425,0.00984315626070115,-0.0146171338721598,-0.0489203488327678,0.0013357144564464,-0.0141784013674367,-0.0196015885365215
822,-0.000458028892237103,-0.0377687387079217,-0.0204814841502041,-0.0530374657473542,-0.0799326142468089,0.00201682176352092,0.000938730735751535,-0.0353882983622362
823,-0.0124790528212517,-0.0567876460084969,-0.0495630680742073,-0.0506226381892699,-0.0161838886381491,0.0109818986451732,-0.00238798216251616,-0.0359284331810351
824,-0.0190289404321859,0.00121437413586536,-0.0185606169519152,-0.0674411597772938,-0.0674964715692541,0.00752297574176979,-0.00200577627741511,-0.0308329730931391
825,0.00764143107753994,-0.0250747291490895,-0.00839452194517129,-0.0548295509517815,0.0324781019367037,0.0163228759123178,0.0162026926927539,-0.00731922438386207
826,0.00594013586938703,-0.0533162069527135,-0.0082750812402313,-0.0532496501040848,-0.0522065106152875,0.0318722586294961,0.0368337028316892,-0.0323573981217938
827,-0.00674068132602224,0.0100280296966183,-0.00327376713917482,-0.123522448011661,-0.0625390583090153,0.0157900874163465,0.0202061384294708,-0.0375645710470729
828,0.0203456424556272,-0.0253870796603936,0.023531490901517,-0.0884812491329744,0.00971887656157217,0.0449365123539128,0.027762189039614,-0.0117637892924126
829,0.0200092769867714,0.0166983827784324,-0.00982644613702888,-0.0840918987084373,-0.105958271155571,0.0176139597486423,0.0182931748302842,-0.0368554352089087
830,-0.00856011375113496,0.0526337771479904,-0.017520450927167,-0.0359284158876961,-0.0663496409293083,0.0284553619010245,0.028342618993532,-0.0147792596688371
831,0.025587699620457,-0.0989398652822152,0.0179581413863815,0.00805745734375202,-0.0597702295342781,0.0134154279227955,0.0337753127040296,-0.0210537701073021
832,0.0329032594638072,-0.0193563772836573,-0.00256223130603483,0.0225955850239061,-0.0814284867529799,0.0317030951632769,0.0366631159251599,-0.00868524325302797
833,0.0283407296987541,-0.0392683990442566,-0.0129524080204757,-0.0148275717914357,-0.0708666090328745,0.0484951393930187,0.0594560944483633,-0.0163935137096793
834,0.0042874304026526,-0.0294414213045752,-0.00647500706414009,-0.0760346134993653,-0.0972844771588275,0.0534575284410374,0.0351778514159329,-0.0414260899251541
835,-0.0277242389359393,-0.0353984501794312,-0.0525630642593806,-0.00977445815738887,-0.0558161248803861,0.0126555590333896,-0.0154497997279827,-0.0362468523236307
836,-0.0113565497806259,-0.0308614135671066,-0.010964643028754,-0.0346706813068975,-0.0562660889299826,0.0410680518315549,0.0035270254524016,-0.0280331058432758
837,-0.0146369694167351,-0.0336596112286657,-0.00446166014087412,-0.0697408116828048,-0.0576869677437833,0.0194194637631519,0.0234880593333478,-0.0325012646601548
838,0.0087687475228279,-0.0947108576436672,-0.0247102970986433,-0.0213458203793684,-0.0456588003856547,0.0347906476028408,0.0259200611712252,-0.0370296212428312
839,-0.00180671990233756,-0.0300129210298006,-0.0151993060720907,-0.00301139032098985,-0.109441782857546,0.0239428609064423,0.0288708344851633,-0.0257405568917508
840,0.00222046616147506,-0.0195335917843356,-0.0202151920566008,-0.040417569583371,-0.0390496030180365,0.0267698281516555,0.0259733618988457,-0.0249204035569276
841,-0.0162790987593616,-0.0115197428186063,-0.0161213916437964,-0.0392863467930547,-0.0424995801450461,0.0348545534000133,0.0476095682226043,-0.0239291645289738
842,-0.00897970430612326,-0.0487369776199359,0.00882276344327496,-0.0161497118714725,-0.0813962078946474,0.012312106123979,0.013038760946622,-0.0288136910794294
843,0.00790062033393159,-0.0252433230336297,-0.0408683733876881,-0.0472585886014377,-0.0552731252122037,0.0379464213827832,0.0185918640560568,-0.032053372337398
844,0.0127632733146206,-0.0383799676648099,0.000156456328181703,-0.0316434165380288,-0.0651647919166797,0.0445282676187565,0.0628621175175856,-0.0245913148840315
845,0.00421030379017336,-0.0837363082817082,0.0158418635295158,-0.070376662130169,-0.0669824346975068,0.0293237490654473,0.0322127393677872,-0.0399985991343707
846,-0.0211864509259293,0.0381092240414918,-0.0487874050933496,-0.0633163510308931,-0.0407150899598389,0.0467164586309277,0.0525977502080631,-0.0294130497443948
847,0.0199971225314365,-0.0584591091649422,-0.0089154917144158,-0.00707069126375481,-0.00393539434764006,0.0372960919877616,0.0536554738771932,-0.0108281064564052
848,0.0262567929759284,-0.0278890751132902,-0.0480128645075034,-0.0532955402266917,-0.104512020198586,0.0577483940255544,0.0299507223045837,-0.0377026834779354
849,0.022111072093856,-0.0313183521818319,-0.00400856285109985,0.0496256279720577,-0.0341123349011905,0.0721303928910867,0.0502956263704933,0.00207988387664784
850,-0.00890694999075403,0.00342614982627937,-0.0237410843625096,-0.00734548218984424,-0.0642785168889877,0.0472722977760879,0.0574369425671549,-0.021968457882992
851,-0.000853312177173174,-0.00748062138345236,-0.00318683981766799,-0.0154269972203825,-0.0604662148099041,0.0462867412057017,0.0496925728192515,-0.0214068946945399
852,0.0187052197527381,-0.0398594802546622,0.00731772801202166,-0.0963471012008779,-0.117767550332819,0.0563858841093078,0.0618169603349716,-0.0399429555176934
853,-0.00646439921642854,-0.0222045154281,-0.0352239826077942,0.0071292817582235,-0.0231284577581905,0.00585418142627252,0.00418200539929912,-0.0117331603583735
854,0.00407546362434233,-0.0253547920077272,0.00174359667757604,-0.0639638618567731,-0.0338005508280209,0.00870720542060897,0.0313111574375067,-0.0226566172762237
855,-0.0237371570399277,-0.0224857057342094,-0.0280680994121139,-0.0137717504735425,-0.0121382377806598,0.0253932282022401,0.0299965160628945,-0.0206325642367632
856,0.00951048200717523,-0.0489810297649379,-0.0227562277540127,-0.067587003598374,-0.0186940868585817,0.0180797880223832,0.02306545364093,-0.0309596837516184
857,-0.00382655593956665,-0.0399490742100622,-0.0226725152894502,-0.0309940990158549,-0.0828814142004042,0.0219045618464696,0.0176768439493795,-0.0312009803479937
858,0.00647389900843127,0.0104722129736865,-0.0255462297492369,-0.00455290590054208,-0.0578695302177756,0.0509112455124899,0.0549627711136557,-0.0139060200738251
859,-0.0215131832887373,0.0398500376176579,0.0278288959104277,-0.0429319416839872,-0.026982025241113,0.0181875538948148,0.01175393681547,-0.00454867795693326
860,-0.0114988572815661,0.0100923030292034,-0.0194928666145693,-0.0852652538954056,-0.0504728054751411,0.041781481298734,0.0639005185569668,-0.0318491904248772
861,0.0203170569153214,-0.0153893461492905,0.00348699828372756,-0.0461595540888121,-0.133315191992327,0.0661759950291371,0.0510709277780669,-0.0295664938191991
862,-0.00353968489182873,0.0110074395197932,-0.00141040387624342,-0.0661486620545431,-0.0644701655084508,0.0114073501485198,0.0169812003776844,-0.0242807242184425
863,-0.00851227356027209,-0.0424662511635122,0.000397653538448783,0.085591149273987,-0.0165504426602524,0.00458840912447878,0.0136801220754055,0.00447380658051466
864,0.00732512629025731,-0.0543186824237583,-0.0371556140600288,0.0198690630004259,-0.0737415583483204,0.0337382121757191,0.0357591414939426,-0.0267977517235961
865,-0.00968702120403817,-0.0436586779205179,-0.0233178755187151,0.000473214818130813,-0.0174298339904318,0.0204053032153041,0.0371392716560576,-0.0195786515397678
866,0.00655138491387147,-0.0413482571020668,-0.0186084531488728,-0.0488975756747403,-0.0325969473299134,0.0132536230855165,0.0106844654858831,-0.0254019291159182
867,0.00681563634430635,-0.0271405750534785,0.0279291888290867,-0.0881979915257851,-0.093569540913815,0.0266657091677546,0.0272836869195976,-0.0380747733068422
868,-0.0135452855840901,-0.000612913410296553,-0.0387720308182524,-0.0251157567784538,-0.0435232246681544,0.0168354494155537,0.0138877972157493,-0.0215178725393751
869,-0.0130710832370269,-0.0340893847505089,-0.0340666152503804,-0.0416279077798286,-0.0536755275774648,0.0209052793356688,0.040444855397057,-0.0325980583233276
870,-0.0226078200387561,-0.00200719766682803,-0.0328371655363791,-0.0530175694569893,-0.0501006444860828,0.0230041911237063,0.0264524819008535,-0.0349277944587692
871,-0.0200486417917195,-0.0152626627022375,-0.0546846142299735,-0.0192271341652619,-0.105582747627647,0.0157363465019866,0.0146565867726005,-0.0417777384917511
872,-0.0116208952560859,-0.0496783246409219,0.0194862139464733,-0.0309203963276425,-0.0335215067433133,0.0300236609422362,0.0372069019435318,-0.0190186036506743
873,-0.00312277881206634,-0.0309194621103713,-0.0388483330325995,-0.0557309112415449,-0.043678771281367,0.0120767816302104,0.0181326441501949,-0.0288771000585157
874,-0.010828260648415,-0.0281076232472717,-0.0215057222578183,-0.0251479808437889,-0.0781276595955412,0.0384361041113704,0.0129721874445381,-0.032629603891631
875,-0.00362076956257211,-0.035234125717686,-0.0314444906002348,-0.0133005307972242,-0.0262288022973606,0.0410506052745974,0.079478231541576,-0.0193549953785456
876,-0.00351015432564534,-0.0706637169136454,-0.00512659804157267,-0.0652506915767999,-0.0320462105629099,0.0239736179675354,0.0269794571638476,-0.0362763215356187
877,0.0026860871637203,-0.00784865454910792,-0.0386769937602775,-0.0529073026427038,-0.0752737918508193,-0.015394858332461,0.0118159078473206,-0.0339134598014589
878,-0.018883194324815,-0.0718167897205075,-0.00737049168188258,-0.0546448835146573,-0.0641062935863091,0.00688655244662719,0.0059859710586132,-0.0453586638808771
879,0.0139159337317299,-0.0400320774562118,-0.0273236914656351,-0.04860054394101,-0.0583401347217205,0.0312233175317834,0.0280342398002951,-0.0318129029691991
880,-0.011419993287383,-0.0209721810270388,-0.0398673630769571,-0.053481777462471,-0.0338759860168596,0.0285988095095781,0.0119131483416228,-0.0301780882620155
881,-0.00322723193408592,0.00145021329936891,-0.0660425550324349,-0.0134929352919443,-0.0171763531188166,0.0232395900454941,0.0254047715490537,-0.0190383861315448
882,0.00209471788588438,-0.059465230775042,-0.032204684945368,-0.0449156037330761,-0.0545573065413628,0.0270412694965996,0.0201279612143018,-0.0362487476357702
883,0.0078474072440347,-0.043211484258601,0.0312517842829342,-0.0225924982594336,-0.0354372106840839,0.0417734340786334,0.0409366118626815,-0.010740900313594
884,0.00508842867846433,-0.0460701399257835,0.00886917081909608,-0.105137626061819,-0.0734028363703131,0.0281209977772471,0.0597490360326758,-0.040928671858884
885,-0.00282895891730939,-0.00542549539299195,-0.0552547719182803,-0.0180828250429822,-0.0434168079493782,0.0115623890858203,-0.000468354271973469,-0.0249683655593747
886,-0.0184747171361876,-0.038072363384934,-0.00737753752653533,-0.0285051522727739,-0.0608004402768476,0.0119223134787247,0.0518337286556518,-0.0294058413312681
887,0.0271126358049084,-0.0940105116804829,-0.0332252502737698,0.0139606174844328,-0.0358547106485589,0.0456620622473959,0.0491942647130782,-0.0218666798811229
888,0.00642640986052739,-0.0129536437662838,0.0235219968093974,-0.0274297378885231,-0.112663108406547,0.0127708240027376,0.0132636683488808,-0.0267025366767379
889,0.00937389299632421,-0.0304560613444303,-0.0310277442011641,-0.0294523367069918,-0.0854797039482906,0.0687135391363365,0.0399885746980933,-0.03378841412894
890,-0.00321893698078911,0.00272779328103101,-0.0582007442859725,-0.037385244353553,-0.0911845255112293,0.0370753569199752,0.0352330102915155,-0.0335665234290384
891,0.00648776291706875,-0.0414989331938019,-0.0385859526980355,-0.037809077140473,-0.0741049167473726,0.0300268628856004,0.051467845138001,-0.0370692429167608
892,-0.00447163065154164,-0.000782411124755772,-0.0418260000574814,0.0304049094847292,-0.0856173491677931,-0.000128989723135957,-0.00028196117115712,-0.0178860641190308
893,-0.00270246785053842,-0.072198670201635,-0.0305766295981733,-0.0380218083011727,-0.066154362639717,0.0178515012080014,0.0269041494130305,-0.0402161736486018
894,-0.0142644481414475,-0.00456940109051275,-0.0564330691469798,-0.0237474023478304,-0.0694334262607981,0.0290891545548929,0.0102938034755729,-0.0333144204179669
895,0.01804015312047,-0.0538343264494932,-0.0106004691535739,0.0281344408752972,-0.0740364759669597,0.0463078979317497,0.0415724173423794,-0.0133732930220077
896,0.0183204723663124,-0.00602317322447488,-0.0486707904052926,-0.0505730017279562,-0.0502229652419821,0.0450254674610264,0.0763373713992472,-0.0255560769182683
897,-0.0130362259840974,-0.0674446757027299,0.00863917427637467,-0.00954284558247867,-0.075949008939647,0.0201630410734637,0.0255054444016546,-0.0298898426366281
898,-0.0192293991746731,-0.0457317529145135,-0.0502589050396407,-0.0358363750183197,-0.0468920181727814,0.0316180734873363,0.0329848877449431,-0.0390075546117255
899,-0.0231997794791198,-0.0222826104332345,-0.0108584288978006,0.00147217350375478,-0.00887158063234106,-0.00740663431635951,-0.00492718696146773,-0.0147682057986396
900,-0.00106098910127472,-0.00170199292568797,0.0000152395729735161,-0.0497016483554037,-0.100498193168261,0.025505794279623,0.0268974104860496,-0.0307688965065189
901,0.0087987767591563,0.00694835741921389,-0.0167936442510722,-0.0435192035999035,-0.0312888640310534,0.0063116005048416,-0.00893806891371163,-0.015089021521165
902,-0.0151639757215548,-0.0482467861089557,-0.0336373987439619,-0.0258474217917556,-0.0834479751459679,-0.0115888021484493,-0.00765222770238227,-0.0436180884436226
903,0.0134082765309946,-0.0369150648238736,-0.0114538387064304,-0.0297967526496814,-0.0815996894321701,0.0570459578460395,0.0617491378966207,-0.0311967749747771
904,-0.0193264933599038,-0.0542658133103585,0.0485857191518376,-0.0216366426788783,-0.0526152787617147,0.0290189448947281,-0.012412944550889,-0.0174342191537988
905,0.028601541351037,0.00409653333387967,-0.0213865806037336,-0.0342108699982007,-0.0831384215951632,0.0376459387274388,0.031383769134806,-0.0164674794364973
906,-0.00327051893949251,-0.073944348239376,-0.0441622621072033,-0.106839749313961,-0.00688862027783521,-0.00981480099242393,-0.0144596045620035,-0.0496548007549959
907,0.0374638253672803,-0.0746758420734117,0.0163647196598262,-0.0382207521689865,-0.0333556111366457,0.0359017823095798,0.0372350288702329,-0.0143315230034061
908,0.00661760278199497,-0.0258624230399188,-0.0244101796176188,-0.06965402599003,-0.0565394586830192,0.0188208768144252,0.0314791400769127,-0.0362899933504384
909,0.00639666882059178,-0.00838354616798616,-0.0513627074520595,-0.0413948480294134,-0.0650281311430175,0.0537340504032581,0.0803788447521002,-0.0317249664245821
910,-0.000755611512860258,-0.0396244374106873,-0.0074526992302468,-0.0338496466971802,-0.0988711885413168,0.0300431073856443,0.0444930683250245,-0.0346552592628811
911,-0.00771544660934321,-0.0150183618708095,-0.0237982165057194,-0.0799117699942333,-0.0623401230133653,0.025806336725846,0.0159220699864298,-0.0354359078503276
912,0.00159597598586907,-0.0206944140910349,-0.0465979831423807,0.00521682673696469,-0.0251271889097273,0.0389344064581167,0.0621074382176687,-0.014882396586929
913,-0.00357279290221575,-0.0512120303816037,-0.00501064403905624,-0.064929451802918,-0.0382552558899205,-0.00205112780890704,0.0154960709214758,-0.0316606570071141
914,-0.0047817926735357,-0.0175872817792207,0.0159866446534357,-0.0154223176361678,-0.046048188937602,0.0568142529396746,0.0537846827843261,-0.0110928356939884
915,-0.013681514964355,-0.0155459610073073,0.0243511663558351,-0.0324265921774452,-0.0524126165775385,-0.0183589751865851,-0.0184602302241453,-0.0192964583100393
916,-0.000882375213485741,-0.042278865120957,-0.0273743258668486,-0.0589845862098167,-0.0688835141021709,0.0367990472032486,0.0341775376226817,-0.0384591324656719
917,-0.027866881439838,-0.0245748002792997,-0.060090876356347,0.0345324566261644,-0.0543995138005907,0.0183827553664032,0.0139729207533945,-0.0255334225089422
918,0.0330691136399832,-0.0418069975638903,-0.0339181660664132,-0.00218081809096668,-0.0241801174820757,0.0389626084109735,0.0732427317206234,-0.0105610575484598
919,-0.0012942380167916,-0.0214236404231505,0.0123842322701396,-0.0118924645215652,-0.0763164780498602,0.026357881993506,0.0345294352735792,-0.0200426034502163
920,-0.032005449999994,-0.0413788120733317,-0.0179017681287243,-0.083625986463229,-0.0928815351578998,0.00499036644856648,-0.000927101082428751,-0.0508582209499327
921,0.000844745397150098,-0.0418676594859408,-0.0402536909079819,0.00542484811218311,-0.00140707953966951,-0.00194109018921448,0.0000340227894784079,-0.0120262796769798
922,0.0159761982603847,-0.0514053360115213,-0.0524644050341067,-0.0167341853136957,-0.0806953186898062,-0.00295640284698557,-0.00979061734031197,-0.0344828828070735
923,0.0337302913818875,-0.0305573583174725,0.0105722712357581,-0.0949705207428838,-0.0856147451840949,0.0575168946970306,0.0590212683390648,-0.0350654955606271
924,-0.00779293837894519,-0.00504490319664984,-0.0295123104082989,-0.00550378439399005,-0.0435434440144647,0.0165298905467261,0.0157412978583968,-0.0186017011355674
925,0.0158277329731562,-0.050871171061096,-0.0280125982452574,-0.0335236149130933,-0.115754974210007,0.0412333367233868,0.0313490743678027,-0.0427542428087587
926,-0.005299541990276,-0.0627369903102799,-0.0316724186046038,0.0233500104748226,-0.0733202138331155,0.0333838455041729,0.0121764046973098,-0.0279858523017782
927,-0.0119932490642514,-0.0468401698628517,-0.0534923016096199,-0.0292601495917844,-0.0392212931920801,-0.0116797373133017,-0.007459260435835,-0.0336021168331039
928,-0.00170713440370043,-0.0562630632162571,-0.052698748221979,-0.0360580841015837,-0.0240014640884419,0.0254679455041083,0.0387006116195477,-0.034592493791147
929,-0.00314241778837707,-0.0310311877886384,0.00442264224965813,-0.0257034527378018,-0.0915828255494688,0.0253833015594005,0.0355575330486258,-0.0245925687686039
930,-0.0160183675136545,-0.00233237791221737,-0.0127026672895906,0.00228157687304906,-0.0824972782178029,0.0335130707967936,0.037594091020782,-0.0202273893961365
931,0.00104321949078065,-0.00594849320835945,0.0094019509115254,-0.0805044554832904,-0.0511481889299941,0.0223301084483421,0.02980757154216,-0.0233738636436036
932,0.00196941524878045,-0.0757151803963901,-0.00579832202396346,-0.0493365601979823,-0.0601695207166367,0.046382384172082,0.0516105440743994,-0.035258246844134
933,-0.0283908985305203,-0.0355933763149084,-0.0398782264072682,-0.0224642762976758,-0.0825919362342894,0.0112617638113281,0.0217880627362153,-0.0395553902133487
934,0.00728325706153431,-0.0150023277962576,-0.0198732051004984,-0.0361955781460062,-0.0880462749445501,0.0260435279446633,0.0125908755889343,-0.0265180924778828
935,-0.00382620096068779,-0.0582094858431265,0.0206987639280531,-0.000446558822790322,-0.0762772878815289,0.043132946677998,0.0410651982948238,-0.0233589871357156
936,0.00448488556109382,-0.0295103864541814,-0.039634441696885,-0.0104238643476337,-0.103544706720233,-0.0160460825293715,-0.0141210708935218,-0.0353112432984317
937,-0.0341470508189497,-0.0379316067974665,0.000984579907705202,-0.077990867037649,-0.075590538520918,-0.0052087958122632,0.028626027926596,-0.0440535963673658
938,-0.0117305427038475,-0.0701092909191592,0.0230551406253013,-0.0544695566498553,-0.0886438670664087,0.0162623451684099,-0.0190561929403191,-0.0394311638767239
939,0.0148476198607002,-0.0666693687425474,-0.0675722013605181,-0.00145267479098454,-0.0718296879724059,0.0403084320063073,0.056838808063038,-0.0384930961899552
940,-0.0048009583611645,-0.0350848238612294,-0.0286673791053938,0.00697926071292179,-0.10855792978706,0.040544774657772,0.0532533294966061,-0.0323608940623751
941,0.0145587958189896,-0.0771763761511777,-0.0351450387288424,-0.0640480639780072,-0.0754642227922505,0.0170464783858198,0.0258652066132078,-0.0458133032302161
942,-0.0155193092249855,-0.021594916853889,0.00183276570748814,-0.0153761126140652,-0.12679834959037,0.016347351364666,0.0000547164084610946,-0.0301719064927161
943,0.00979203143536497,-0.0147271126332367,-0.0323912775346581,0.00894200975293541,-0.0467897740196343,0.0367756725569739,0.0118580415209855,-0.0140720874557353
944,-0.00734497138797333,0.0267165142063185,-0.0609852350447834,-0.0535846163760632,-0.0577755920884377,0.0676260478711619,0.0716052503512857,-0.0317997883277696
945,0.00635153159288276,-0.0503153865529397,0.0485267935068985,-0.0440202515754347,-0.0735407843490485,0.0272604931038073,0.0377736859142491,-0.021931629565814
946,0.0230074158542413,-0.00975251624921336,-0.0182157436771906,-0.0462828698868131,-0.0826690581122709,0.046328147459525,0.045865985225159,-0.0266552249827103
947,0.00614894424211224,-0.0210238529707371,-0.0325500701125271,-0.0442637707870412,-0.0631218271433072,0.050504399351111,0.0400763898988308,-0.0263532748620138
948,-0.0145903919334943,0.000214247978079604,0.0307615280771847,-0.0296798052691299,-0.115893675156939,0.0215365260579022,0.0257074019646627,-0.0246674316878566
949,0.0126082720517844,-0.0280182071602148,-0.00777015847934928,-0.0847438800899783,-0.0381929386556161,0.0215901052677531,0.0035885832022255,-0.0311344904234678
950,0.0080267897408819,-0.0288702567134672,-0.00494622602532921,-0.065526810846162,-0.0387136311677465,0.0337337510945739,0.0352858443943139,-0.0223795083241513
951,0.0090801563716979,-0.00434903432819499,-0.0446204238186791,-0.010946769676005,-0.0701556504405369,-0.00376578724009001,0.0218354838170079,-0.0247051135490101
952,-0.00644376195952584,-0.0594723708514868,0.0244747388237423,-0.0446411420015495,-0.0376248394584737,0.0117397303706575,0.0117826971824453,-0.0212058647713985
953,-0.00355786123140378,-0.0689812437028929,-0.00233543165964789,-0.0587938863000026,-0.0905200850105645,0.0528416871568607,0.0569486508479525,-0.0416639746159729
954,-0.0175268859432791,-0.0314417696196203,-0.0108835477100928,-0.0989676480766825,0.00593933684848663,0.0112116919864742,-0.0172559927401046,-0.0348020911906792
955,0.0114980352099658,-0.0483302286808877,-0.00533230458319953,-0.0528904772256886,-0.0722488917720402,0.00220914418065687,-0.0161560388384965,-0.0312622117507854
956,0.0197526089583936,-0.00461009201127097,-0.0402867441943746,-0.0127427780484887,-0.104282844695148,0.022831304152213,0.016837471959143,-0.0258429067256102
957,-0.0153007773311667,-0.024438007272747,-0.0123081358143509,-0.00294362656607974,-0.0431447983667511,-0.00688386929553884,-0.00911368358382986,-0.0193526767166712
958,0.00938802585657002,-0.0329076780491737,0.0308100117551636,-0.0781666811564935,-0.0674235641494541,0.023179156464486,0.0431839093659249,-0.0293551530550857
959,-0.0216531115783264,-0.0225069330748892,0.0107314542080077,-0.00690865428148216,-0.107036171625457,-0.0301848259431344,-0.0319769647342626,-0.0262943425450766
960,0.00150543550054564,-0.0612196897302512,-0.0265265471898039,-0.0541316281571113,-0.0471682557157002,0.0156507699499052,0.0246821093560708,-0.0370216825724738
961,-0.0269774993794293,-0.0310797803413592,-0.0058370992226347,-0.0830609141592542,-0.0516374774481929,-0.0102118780515317,-0.00532043897376132,-0.0399263261418776
962,-0.00608164448109626,0.0712413745690289,-0.0484622738880275,-0.0252762885008899,-0.00504287625380084,0.0140921617685752,-0.00539403532837023,-0.00195950252128912
963,0.0285335739299404,-0.00711724271961948,-0.0434118827034007,-0.0375728854166457,-0.056868839843553,0.0145275859182297,0.022237077624903,-0.021867018812968
964,0.00785854187504786,-0.0270111035316224,-0.00825689843382199,-0.038424554427224,-0.127131873766234,0.0403163979275603,0.037654455786911,-0.0374808867648357
965,0.0394113057278637,-0.00626497295724771,-0.0397696585160674,0.0071669456234269,-0.0741780287196482,0.0748910849320976,0.0821718556511358,-0.011649762299274
966,0.017609866276847,-0.0218076195268197,-0.0261692155057174,-0.0440048247610745,-0.0712349387583306,0.0356650513747333,0.0225411051305056,-0.0287954055408401
967,0.000362481090359412,-0.0591035226484969,0.00460011757651313,-0.095047771900765,-0.0872582181418358,0.0128569663869235,0.0155569098557769,-0.0464644235965279
968,0.00588399549247907,-0.031835055131005,-0.023681002863093,-0.0438597021152054,-0.0220053960996426,0.0557516145908106,0.05524606965842,-0.0243678584395205
969,-0.0108649553133248,-0.0352536081812844,-0.0389886380253775,-0.022113338333104,-0.0347933387722353,0.0317580812058195,0.0355029753765856,-0.0260648015352732
970,-0.0140896200866108,-0.0447809165832464,-0.0105553144921098,-0.0536543480303059,-0.0532567354959949,0.0265341462176803,-0.0142566105239409,-0.032629792125401
971,0.00341772795556958,-0.0708178603895217,0.0189280067350343,-0.0283210016204406,-0.115733280807898,0.030411683326363,0.0218318091316359,-0.0367512375314973
972,0.024565638525081,-0.00658855220261188,0.0218778921538269,-0.00951551223501482,-0.077396266553356,0.0603556430394676,0.0618406637274065,-0.0129231025481904
973,0.0163467205174329,-0.0603264846595671,0.000968073098720768,-0.0422871831572948,-0.0509827959634752,0.0375447577299601,0.00794377748109994,-0.0275396650140588
974,-0.00185888440868801,-0.0359276762596567,-0.0459545835529846,-0.0129599701022714,-0.0540242972918332,0.0195935071802122,0.0150789986990143,-0.0272236326791476
975,0.0189602575966527,-0.0202979234582167,-0.0176108063042411,-0.0343104023125892,-0.0512241599015661,0.0276475650564264,0.0285322282536633,-0.0169359431018985
976,0.0429963227064116,-0.0359677891713562,-0.0154269533790722,0.00173324080479478,-0.0581818930692135,0.0396160242983929,0.0868167545748176,-0.00987479377753286
977,-0.00480656673408465,-0.0330130869516415,-0.0324839670938937,-0.0188045886530063,-0.0902347121119365,0.000520435482637006,-0.000542526274032173,-0.0350674440426885
978,0.0102816785034808,-0.056097694416372,-0.0285826834793846,0.0249003925095737,-0.0861278508101258,0.0501215775137207,0.057131314435712,-0.0215988491375962
979,0.00295093842800416,-0.0357032394430965,-0.0944989432364358,-0.054633803090519,-0.0680224834395483,0.0296280465918219,0.0316758490157214,-0.0457198997475596
980,-0.00921428169368852,-0.0215220237296897,-0.0441532846506245,-0.00961481943935,-0.0643168441701353,0.000983414742865826,0.0104650268128495,-0.0266527071311574
981,0.016164709690146,-0.0340234745588769,-0.0379974224529589,-0.0192750113089102,-0.061582550616867,0.0396542730580999,0.0409395060130543,-0.0273509648633081
982,-0.00845796825219437,-0.0246127584780365,-0.0195465288138016,-0.0506916141233004,-0.0530151882104942,0.0144206295634337,0.0129639767523617,-0.0312950039788043
983,0.0176074578314586,-0.00453459637070426,-0.00680285978233863,-0.110618869018517,-0.0636032427320061,0.0428375038900456,0.0534875438437394,-0.0304576621730855
984,-0.0120266849070335,-0.0238793748066481,-0.0324626961257929,-0.0612859143796422,-0.0137028487509021,0.041950575450525,0.0376481965817666,-0.0311625180022423
985,0.00601470630367386,-0.0274358928715295,-0.0608141774158705,-0.0349015802489738,-0.0390172957336504,0.0093489876368564,0.0197462065550811,-0.0264753974047577
986,-0.0139810833196291,-0.0257461025437803,0.00138001060856011,-0.00629541682018034,-0.00908321959552699,0.00300975513320199,0.00752924841051127,-0.011138437353788
987,0.0255575995931105,-0.0296053964448973,-0.00190209312104922,-0.020743587327372,-0.0778086053394176,0.0435672293502217,0.0407015456296372,-0.0234580005811192
988,0.00791015495141201,-0.00938111348710699,-0.0431418032452237,-0.00272682761830775,-0.0216490654705993,0.0128883440262633,0.0060158255337816,-0.0127103847347593
989,0.0257682999572477,-0.0498629697030114,0.0401844536483138,-0.0104323614231681,-0.0596234449188253,0.0459478723765581,0.0273904548629494,-0.0085172174568347
990,0.013328810605532,-0.074071622052847,-0.0396358882888579,-0.0382080230531174,-0.0893161973886475,0.0387724906241716,0.0477490342021354,-0.044788656603504
991,-0.00673729424567579,-0.0274574987104912,-0.000828103503486555,-0.027567465170048,-0.0465037389372086,-0.0175516801569042,-0.0122184526679902,-0.0197627797047198
992,-0.0126233409440841,-0.0143418734108449,-0.0199136681846353,-0.00639189435183399,-0.0686287848862722,0.0481674634454548,0.0225218786715198,-0.0256642496075411
993,0.0321295520277191,-0.0361511532649078,-0.0102056984584724,-0.0346666520426386,-0.049496860648312,0.0851798088006028,0.0968994788616521,-0.020291821986574
994,0.0168672196374121,-0.0463666357677509,-0.0572606773979892,-0.0696857558210154,-0.0925739040810603,0.000757528986032735,-0.01418245310603,-0.0440908287329869
995,0.0101373096667007,-0.0345898733874668,-0.0273288097233782,-0.0514849491784238,-0.0765356700541924,0.0536067665694024,0.0535682146657145,-0.0356289696865737
996,0.0145229709093586,-0.0331552874731027,0.00755174320531632,-0.0927523839013098,-0.0973936308559181,0.0348461803336915,0.0382002667349351,-0.0405611736012693
997,0.0426071361816417,-0.00824813790286658,-0.0286517689962852,-0.0454456767935318,-0.0527357758839863,0.0674273111359636,0.0617614474447204,-0.0165231468422029
998,0.0263717960752757,-0.0400540396705769,0.012594921277182,-0.051762864376781,-0.0684218263308822,0.0602256545905516,0.0606919970421517,-0.0241190164246312
999,0.0228453066030757,-0.0471968769349187,-0.0432705126340899,0.0110676450653338,-0.0474065232730678,0.0127843207574799,0.00874390937691116,-0.0203969648725053
1000,0.00655050583550851,-0.0565586885481003,-0.0389945344558892,0.00508134717444783,-0.0992898763358872,0.0499965392916148,0.0385473224774504,-0.0343653585258349
