== S7 alternative surgery-definition source audit ==
Root: E:/Scientific Research/A6

Candidate files by filename: 17
Readable text candidates: 16
Files with content hits: 9

== Candidate files ==
E:/Scientific Research/A6/03_results/06_histology_risk_balance_FINAL.csv
E:/Scientific Research/A6/03_results/06_histology_subgroup_balance_components_FINAL.csv
E:/Scientific Research/A6/03_results/06_histology_subgroup_balance_FINAL.csv
E:/Scientific Research/A6/03_results/06_histology_subgroup_bootstrap_FINAL_B1000.csv
E:/Scientific Research/A6/03_results/06_histology_subgroup_reweight_FINAL_B1000.csv
E:/Scientific Research/A6/03_results/06_histology_subgroup_reweight_FINAL_B1000.txt
E:/Scientific Research/A6/03_results/06_negative_control_histology_era_FINAL_B1000.csv
E:/Scientific Research/A6/03_results/06_negative_control_othercause_bootstrap_FINAL_B1000.csv
E:/Scientific Research/A6/03_results/06_negative_control_othercause_FINAL_B1000.csv
E:/Scientific Research/A6/03_results/06_negative_control_othercause_FINAL_B1000.txt
E:/Scientific Research/A6/03_results/06_S2_alternative_surgery_definitions_PRE_E7.txt
E:/Scientific Research/A6/03_results/06_S2_alternative_surgery_FINAL_B1000.csv
E:/Scientific Research/A6/03_results/06_S2_alternative_surgery_FINAL_B1000.txt
E:/Scientific Research/A6/03_results/06_S2_bootstrap_FINAL_B1000.csv
E:/Scientific Research/A6/03_results/06_S2_preE7_audit_FINAL.txt
E:/Scientific Research/A6/03_results/06_sensitivity_core_report_FINAL.txt
E:/Scientific Research/A6/06_manuscript

== Content hits with context ==

FILE: E:/Scientific Research/A6/03_results/06_histology_subgroup_balance_components_FINAL.csv
L48    "logsize",-0.0856375202845258,5.55806735027205e-10,"mucinous_low","mucinous","low"
L49    "size_miss",0.0759009508980127,-1.87308115224491e-08,"mucinous_low","mucinous","low"
L50    "T_fT2",0.200267153841519,5.50699656558294e-09,"mucinous_low","mucinous","low"
L51    "T_fT3",-0.031522333055074,1.37207586366676e-08,"mucinous_low","mucinous","low"
L52    "T_fT4",-0.147691460945227,6.50698250586653e-09,"mucinous_low","mucinous","low"
L53    "grade_f1",-0.122024363218699,1.69247042106086e-08,"mucinous_low","mucinous","low"
L54    "grade_f2",0.34903292197298,7.27035255624284e-09,"mucinous_low","mucinous","low"

FILE: E:/Scientific Research/A6/03_results/06_histology_subgroup_bootstrap_FINAL_B1000.csv
L9     8,-0.0438734929606854,-0.0820769791783275,-0.0186034446470916,-0.0110529463618182,-0.0381441375660248,0.0651159922843055,NA,0.0316734333469604
L10    9,-0.0170674680509226,-0.0512647338284096,-0.0693836155373965,0.000729376136252208,-0.0237722666241383,0.0446598202831036,NA,-0.0274268777924773
L11    10,0.0135935763437613,-0.114524404189424,-0.0205894889214606,-0.0477503424367407,0.0106133652327985,0.0632551440305991,NA,-0.0396383125061354
L12    11,0.0186346391764149,-0.173841951901212,-0.0158755666676582,-0.0169647510594853,-0.0152792296124624,0.0233910459918056,NA,0.0629004624946602
L13    12,-0.00684114574552902,-0.115705682279606,0.00705637385045833,-0.0692571259331823,-0.00534112720877934,0.00537982628820238,NA,0.0958116137288454
L14    13,-0.0270537777124891,-0.103600132536471,-0.0204905068781585,0.0142471495911237,-0.00302390204429564,0.0669694534678295,NA,-0.0194788565988341
L15    14,-0.0128264678868583,-0.0708501373135398,0.0145722620361568,-0.0624709416037016,-0.00277312656223918,0.0142301026998368,NA,0.0254580241681519
L117   116,-0.00365294757728454,-0.079572012257513,-0.0372281428310242,-0.00278380645983511,-0.0104292283958037,-0.0443048264507645,NA,0.0752276312313291
L118   117,-0.0264016368541887,-0.0728698710121075,-0.0130841363800453,-0.0947118845501779,0.00943624217021199,0.12437994053862,NA,0.077459008753496
L119   118,-0.0605314306553547,-0.0515410256446586,0.0097195872879173,0.0348377320160748,-0.0114024040506294,0.00673522714093236,NA,0.036979105807356
L120   119,-0.0560204649303431,-0.126445552793676,-0.0241758474764628,-0.0187286715991684,0.00606985136409035,0.0264853423244532,NA,0.0883374500571308
L121   120,-0.0786633505766821,-0.0831087174185945,-0.0555404107235874,-0.0457875456282437,-0.000782919145790317,0.0105195456412054,NA,-0.00800874584306432
L122   121,-0.025114969858008,-0.0525751572325737,-0.0410659919923098,-0.0161372845740963,-0.0313013376958555,-0.00725061419974102,NA,0.00948181441700935
L123   122,-0.0494154005676946,-0.108875369829629,-0.0484755808174055,-0.0502145636855205,-0.023190551933169,0.00506846261498964,NA,0.0541413820532715
L178   177,-0.0305232713160029,-0.134208160743896,-0.0398113610364742,-0.0232283996895267,-0.0363696695110582,0.0101213035318952,NA,-0.023939267414957
L179   178,-0.0935715464393539,-0.0618839263453808,-0.0202123299221024,-0.0602424612982872,0.0259829496611044,-0.00741439811717987,NA,0.0281570489134372
L180   179,-0.018195066525657,-0.103135059707291,-0.0456487897836877,-0.0144001599844944,-0.0421704837119739,0.0362956461775746,NA,0.0690476321761519
L181   180,-0.0511447667615829,-0.07809515491304,0.0203621753513523,-0.0508868734846077,-0.00891064640921883,0.0180951847264113,NA,-0.0185845938238078
L182   181,-0.00471594082414062,-0.0643144273898277,-0.0385238027094099,-0.00545284265796769,-0.00886521921435723,-0.0398861127015004,NA,0.0431392010096189
L183   182,0.0108814275261753,-0.0715979310235664,-0.0221122773965391,-0.0543394161458845,-0.0309802633932362,0.00274908332139423,NA,0.0867012620311645
L184   183,0.000135936327781583,-0.123384601963369,0.0062374039485945,-0.0944166046291744,0.005711204566042,0.0628705988176591,NA,0.0108468708406965
L219   218,-0.0429133478480923,-0.090412083365267,-0.0125654640159944,-0.0481227877150585,-0.019630097502813,0.08402891891836,NA,0.032027498267528
L220   219,-0.00303800259397195,-0.122821862786829,-0.0694051932958728,-0.0478364609244153,-0.0335401814197873,0.0102937341251508,NA,0.0493531098552435
L221   220,0.0523492695357625,-0.0667316838102373,-0.0166393132652411,-0.0837563110248076,-0.00989053182061889,-0.0643715807182934,NA,0.0235471532215148
L222   221,-0.0234705071478474,-0.113984547220261,-0.016206128111964,-0.105057016585319,0.0163711014367841,0.0745055113764161,NA,-0.0350215207764562
L223   222,-0.0331529384462427,-0.0797750020986798,-0.0135982025605276,0.00502059956302964,-0.0234603600860497,0.0658061385658717,NA,-0.0058210425609439
L224   223,-0.0316200139677022,-0.0418261532321063,0.0229890991976044,0.00269434892442566,-0.0203653493909919,0.0652156472144122,NA,0.0425693966559228
L225   224,-0.0802841914976632,-0.0944553615552626,-0.0985814707139615,-0.127888690717003,-0.0205323797628136,0.0624404334478636,NA,-0.14287354009561
L254   253,0.0184573812459361,-0.0641245176844525,-0.0243055146722745,-0.0549515057464439,0.0144232166125058,0.0394172573362265,NA,-0.0912016481352695
L255   254,-0.0473027390967873,-0.0468000599864701,-0.0502560827510133,-0.0165275545871,-0.0211323973362723,0.00239468008627633,NA,0.00478812092978159
L256   255,-0.078487803506886,-0.101481326670406,0.022012278413162,-0.0904873472045973,-0.0116715206117501,0.00527751243282665,NA,-0.108555805500001
L257   256,-0.0221168971156214,-0.101297318703332,-0.033219500130452,-0.0115455653392002,-0.0321241694535663,0.0464945235666068,NA,0.0711045896079191
L258   257,-0.0438012142229792,-0.117881199413393,-0.0408319577860527,-0.0363459517801502,-0.0146324821519157,0.0943648762770957,NA,0.039580535125277
L259   258,0.00433538008707771,-0.110448323095348,-0.0380866332608703,-0.0514702958197153,0.00498602880182022,0.0327544081542461,NA,-0.0559388454026191
L260   259,-0.0195605160181896,-0.0599428033098279,0.004082801338504,-0.073841055142542,-0.0260235269420465,-0.00958757066266158,NA,0.00139158475714179
L350   349,-0.0669760927782874,-0.0230711137031664,-0.0530932595498911,-0.0015722788169511,-0.0340137078248132,0.0244695632871192,NA,0.0452448445387513
L351   350,-0.00193164671502544,-0.074039618267562,-0.0547356733966966,-0.041308375942659,-0.0301842643933342,-0.0510692174890632,NA,0.0173671216068866
L352   351,-0.000372746455829825,-0.0814405854877864,-0.00555985762569104,-0.033701147462403,-0.0261820677124105,0.0493489109424597,NA,0.000494641456940614
L353   352,-0.0125685542569831,-0.0485554727679717,-0.00740239134659734,-0.0688745033486724,-0.00555911455002787,0.0415725989441574,NA,-0.00693282021890174
L354   353,-0.0267094840432075,-0.0934457876397097,-0.0423652977359226,-0.063151296651286,-0.0347427620201049,0.0958530900977423,NA,-0.0989088474020387
L355   354,-0.0101649173811924,-0.122718898616701,-0.0409953574017843,-0.0269013858681424,-0.00595654085202202,-0.00323668333026897,NA,0.0274096017759522
L356   355,0.00422435381274169,-0.0860415910760607,0.0113087356818107,-0.107019728138982,-0.0164643231708915,0.033458409790568,NA,-0.0538339714442337
L391   390,-0.0378661845738706,-0.104457240383405,0.00381217262485069,-0.0545149642530964,-0.0112042707429464,0.0528647416100895,NA,0.0391333553693942
L392   391,-0.0754306883885489,-0.0737315043311679,-0.0372125036057281,-0.0321575466052419,-0.0199218361187779,-0.0288628548295213,NA,0.111373894364267
L393   392,-0.00156845876211126,-0.0564064743862284,-0.0725568335473763,-0.0590475688085181,-0.000423967744550523,0.0667599916817341,NA,0.201667836371095
L394   393,-0.0204288237328908,-0.107249823924968,-0.0555912242760459,0.0359748686992374,-0.0449751436996676,0.0330046571734549,NA,0.0184790156616659
L395   394,0.00715953494084878,-0.0574857293607114,-0.109301384721063,-0.0184904306247444,-0.018179802964965,0.0337491908124864,NA,-0.00398114482420103
L396   395,-0.00091666690941658,-0.0961115664984448,-0.0271943124909081,-0.112225143828356,0.00882031577569142,0.0131756086580609,NA,0.00924927882314847
L397   396,-0.00582249142201124,-0.0937065489137308,-0.00321261763957566,-0.0201029880454731,-0.00175020811603484,0.0486160686316368,NA,-0.0777109752563251
L430   429,0.0272938552622815,-0.0824399268121495,-0.026211613763186,-0.00227107522340833,-0.00615922410069085,-0.0261722923405016,NA,0.0558532508638861
L431   430,-0.0821639096414482,-0.0445654914924621,-0.0288562876772089,-0.0278879968944843,0.00728445317775795,0.0119637287831622,NA,0.123254121573445
L432   431,-0.0346445738105074,-0.0961193137634817,-0.0385337935882535,0.0269966644163604,-0.0400257831521865,-0.0877139414679235,NA,0.101536421739556
L433   432,-0.0453462814353552,-0.125085477048641,-0.0234194127427039,-0.0190953398493953,-0.0189471156419049,0.0138453732694871,NA,0.0487090947981636
L434   433,-0.0146022611882245,-0.0988772195644199,-0.0382948615379918,0.0145868310176946,-0.0147280458873976,0.000825769733133835,NA,-0.00119188609527099
L435   434,-0.0318127499243131,-0.0388692069402411,-0.0246021497078484,-0.0540195648291008,0.00945157079279825,-0.0376997165414416,NA,0.061247671115949
L436   435,-0.0532814740836949,-0.118632671458858,-0.0161679493677979,-0.043230128936935,-0.0255453176671248,0.000857273237631295,NA,-0.00367964784846336
L448   447,-0.102801663985877,-0.107973583067484,0.00516129009866544,-0.159086409927246,0.00440853138957857,0.0486325471070091,NA,0.0634145813437323
L449   448,-0.0439927328899778,-0.112934404225994,-0.00987046325077061,-0.0309428005798529,-0.0137497500622387,-0.0461828373317916,NA,0.0198142646059917
L450   449,0.0134052195422031,-0.0111983723362047,-0.0320709464951405,0.00564630917635858,-0.030669947120673,0.00984743503855584,NA,0.0679351042575891
L451   450,-0.00734647598734586,-0.0480181575275758,-0.0176740219036277,0.0217130146481033,-0.0197964667638717,0.038156846411787,NA,0.0153803495247986
L452   451,-0.0596959889659404,-0.111932526888281,-0.0446529095501857,-0.0143406495934034,-0.033937777259984,0.022619016919427,NA,0.0651331234803664
L453   452,-0.0446181659531441,-0.067942048041935,-0.0584379670805876,-0.00559174566142329,-0.0159768688326999,0.0403517150348114,NA,-0.0777643467012258
L454   453,-0.0506715218696284,-0.100216852703665,-0.0367298204604315,0.01945253755752,-0.00722108056044363,-0.0125522811136641,NA,0.0980672585293629
L521   520,0.0224505161055533,-0.0948797535468314,0.0147878797057971,-0.0221115768788591,-0.00812747420728505,0.0381284306911568,NA,0.00793114494150499
L522   521,-0.0140485703304237,-0.019328320832079,-0.0496816155725401,-0.00283894526312933,0.0195808012195353,0.0315600864420955,NA,0.0123494799673895
L523   522,-0.0358190890850107,-0.0657503098954442,0.0238310488202392,0.00313381932312395,-0.00783889782565418,-0.0157943974401153,NA,0.0805784450158776
L524   523,-0.0560618972570803,-0.0643198342522534,-0.0181526846699137,-0.0787801667610631,-0.00461091882319481,-0.00857795833100189,NA,-0.00861071378648587
L525   524,0.0300106462980941,-0.131284455330739,-0.0544172512703959,-0.106727466854335,-0.00152163298327316,0.0323695481127594,NA,-0.0687020846545937
L526   525,-0.0099323491303413,-0.0927293187532013,-0.0270548792358495,-0.0942043355517807,-0.00932466421026207,0.0409255442022815,NA,0.123410504672744
L527   526,-0.0623729949563745,-0.121988526770665,-0.0451230274450524,-0.0570089992500318,-0.0322730412677153,0.0730344117871138,NA,0.142686448490267
L616   615,0.00394310347693924,-0.084534379614409,-0.0301256243861595,0.025944519199197,-0.0206925529240832,-0.0115437245851953,NA,0.0617929620227469
L617   616,-0.0569624539310823,-0.0768647480106335,-0.0266567908067911,-0.0531752320500553,-0.0252768971733339,0.00662806486382178,NA,0.0679565708292325
L618   617,-0.0597813169856021,-0.0925959138856832,-0.0311326470947149,-0.0329381153825413,-0.0320356354800515,0.0279034398870419,NA,0.0252690587815821
L619   618,-0.0428570327595657,-0.116205178304221,-0.0543963256892853,0.00617185369387932,-0.00597368758808508,0.0874734883163054,NA,-0.00745000558663483
L620   619,-0.0583360788365141,-0.0375257687119208,-0.0706753427673911,-0.0333216951885391,8.80912084705171e-05,-0.0353550668224424,NA,-0.052450545482808
L621   620,-0.00701559748623859,-0.0157187139132899,-0.0170950934289323,-0.0401987555633471,-0.0191868700565836,0.0632757384584899,NA,-0.0391819177679983
L622   621,-0.0167248867020356,-0.147023260078636,-0.0360644443014947,-0.0402720259808625,-0.0312147904586658,0.0939995702594228,NA,0.0388322946219694
L801   800,-0.0106908311490879,-0.0734358487339684,-0.037900070794421,-0.0446914852268624,-0.0154835979789921,0.0497721947935046,NA,-0.0956784488814356
L802   801,-0.0122483051676258,-0.0970250104921145,-0.00150341646005095,-0.0660877891161064,-0.00836931814422592,0.0395853550854243,NA,0.0500918174702825
L803   802,-0.0792731326717151,-0.116646163492596,-0.0259382146302772,-0.0118115616583028,0.0182682223175248,0.0477594746391385,NA,0.0653596247320693
L804   803,-0.0575471150623672,-0.11851729965656,-0.0398159191653695,-0.0681524541132552,-0.0283484767903135,0.0181684523968854,NA,-0.0947474660972171
L805   804,-0.00633267418566877,-0.0175077729948035,-0.0409596924254109,-0.0364891329829686,-0.00346406750136379,0.0466713391394935,NA,-0.0570901015841953
L806   805,-0.0323877281534604,-0.0398565059758915,-0.0135140155979879,-0.0416375065680518,0.00262829088677252,-0.0168930441783099,NA,-0.0288731282470472
L807   806,-0.0422516114821474,-0.0619979387714716,-0.0488368189302873,-0.078509042259657,-0.0163922191624927,0.0508592389579305,NA,0.0365106332029595
L840   839,-0.0138787776143296,-0.10149888634189,-0.0263322906499895,0.0249262713259723,-0.0115698174286598,0.00619092069481206,NA,0.0741131519691595
L841   840,-0.0372779387619609,-0.120311907758443,-0.0506958984958808,-0.0263428395619308,-0.037139955343691,0.0260548870631979,NA,0.0275570094203285
L842   841,-0.0664740898620475,-0.0712494312153954,-0.0675083717350859,-0.0689812921502974,-0.0268987002231458,0.0379867425636696,NA,0.0808694527867168
L843   842,-0.0584955814938077,-0.0960759455250831,0.00445761090403433,-0.056324156035163,-0.0234967122344432,0.00371155581455992,NA,0.0628008537100995
L844   843,-0.0602951931604016,-0.0247212402057734,-0.0388759390229923,-0.107695252708083,-0.00581010702399039,-0.0259187287589666,NA,0.0641887972830018
L845   844,-0.07072581587974,-0.0689631588057115,-0.0418326861251282,-0.019791559877593,-0.0037320977259776,0.0200486666009896,NA,-0.021577965464995
L846   845,-0.0645739725014959,-0.0540636600357588,-0.0416951394867463,-0.0346283746132154,-0.0270064196109168,0.0422649828400886,NA,0.0356197119329416
L847   846,-0.0159034571402935,-0.0942926510211214,-0.0458541015350871,-0.019972214385348,-0.0189488795900135,0.0343940277653027,NA,0.100340457639963
L848   847,0.0225758325640396,-0.108740368737937,-0.0628153498683721,-0.00708550188869789,-0.0295732772548639,0.068440119571233,NA,0.00364658429006587
L955   954,-0.0550675012653162,-0.0784388470322658,-0.0471698120089963,-0.0642724724848968,-0.0208242564487845,-0.00563922074055087,NA,0.0690852543794302
L956   955,-0.0255055453201232,-0.106765432142707,0.000182607759142736,-0.0228420223328115,0.000966040860769589,0.00685681297624233,NA,0.0432510677836959
L957   956,-0.0184730384791663,-0.120854125673106,-0.0143938516857318,0.000351212911712473,0.0080598966843948,0.0662940365377419,NA,0.0191797288396278
L958   957,0.00255318985707856,-0.117163564440052,-0.0166576274502553,-0.0813802268121255,-0.0123661063420844,-0.0379870954722496,NA,0.014320285417801
L959   958,-0.0359806654712722,-0.111436317211236,-0.0461180857655523,0.0113097463588414,-0.00278724311020044,-0.0475289491055197,NA,0.13792975678011
L960   959,0.0175609728914597,-0.0575754174449268,-0.0239492929032582,-0.0375890090202005,-0.0279938808561099,0.0711821276642063,NA,-0.0300749751462885
L961   960,-0.0216765411425618,-0.0840888040658181,-0.0526202090087784,-0.000395674854863304,-0.0161523119489824,-0.0687320475328506,NA,-0.0126649697421353
L981   980,0.00487429047748908,-0.0809206516213974,-0.0265317729487541,-0.0389033566488226,-0.0104098600928509,0.0111881277893591,NA,0.144023534474458
L982   981,-0.0364272068865063,-0.0640946039322182,0.0139598150494983,-0.0626932491741514,0.0109068510179311,0.0440268749059037,NA,-0.0246502134991621
L983   982,-0.0137072554555383,-0.093946743129727,-0.0528073880555779,-0.0594053846564715,0.0133555790853673,0.0517897693259106,NA,0.0402508383234263
L984   983,-0.019388497250635,-0.0445584558241227,-0.0159976745065748,-0.0531282878128407,-0.0164079839243353,0.031849792655875,NA,-0.0451801745815668
L985   984,-0.0308556383753197,-0.0827469065158575,-0.00284777478003488,-0.0285268638868438,-0.0075674179982924,0.00752087263954765,NA,-0.00970934257367462
L986   985,-0.0694978076000153,-0.0726566125512984,0.0331021460653261,0.0137778167304437,-0.000906415181515158,-0.0450451857105121,NA,0.111441119082115
L987   986,-0.0503224889394211,-0.0922779533416581,-0.0214779278818082,0.000784361811693196,0.0013451932548524,0.0123465325629231,NA,-0.0347626744285796

FILE: E:/Scientific Research/A6/03_results/06_histology_subgroup_reweight_FINAL_B1000.csv
L2     "nonmucinous_low","nonmucinous","low",767,332,435,108,0.309724111198957,0.801680058922642,0.883291158575996,319.468960093952,410.522524487153,-0.0454968035398052,-0.0288212343506039,0.0123533712061588,0,0.0123533712061588,0,"OK",1000,-0.0954952178910926,0.0240116462659446
L3     "nonmucinous_high","nonmucinous","high",1522,518,1004,443,0.373602049723326,0.871936769522744,0.938183692202479,501.572090651048,917.0284521159,-0.0918148532575616,-0.0820646886669511,0.000277919360534172,0,0.00993712263900984,0,"OK",1000,-0.140887032050861,-0.0251979681053353
L4     "mucinous_low","mucinous","low",1171,630,541,124,0.164910945421414,0.814218627397032,0.847605944372526,546.076013101759,487.752533972747,-0.00808593029212425,-0.0231010049441743,0.0201096644464613,0,0.0370189055604037,0,"OK",1000,-0.071526269937726,0.0239510511029396
L5     "mucinous_high","mucinous","high",923,386,537,223,0.177624751081878,0.859609496492038,0.893134284617244,347.587751722065,477.114145426065,-0.0131254244512974,-0.0363751671158404,0.00767288138516892,0,0.0242689568723233,0,"OK",1000,-0.109589937618909,0.0350219340794178
L6     "GCA_low","GCA","low",1520,680,840,82,0.154680138820195,0.791028818473902,0.854970080376058,622.59382623634,777.768750101048,-0.0126006002887069,-0.0103427380394097,0.0018386368263694,0,0.0305973488598221,0,"OK",1000,-0.0400361911290328,0.0157721821684493
L7     "GCA_high","GCA","high",758,246,512,129,0.373958931221151,0.834531387903905,0.831574659482207,239.322574270417,468.271361532669,0.0192894728584504,0.0154437002891947,0.00478096539882606,0,0.0149215433538991,0,"OK",1000,-0.0511342192871689,0.0863003108688247
L8     "SRCC_low","SRCC","low",17,5,12,3,NA,NA,NA,NA,NA,NA,NA,NA,NA,NA,NA,"FAILED: Insufficient treatment-group size.",0,NA,NA

FILE: E:/Scientific Research/A6/03_results/06_negative_control_othercause_bootstrap_FINAL_B1000.csv
L36    35,-0.0454452795985929,-0.0522273597037313,-0.0392769052665776,-0.0655604859121683,0.0121706211046104,-0.0177908416817776,0.000363847208675938
L37    36,-0.0243023235516528,-0.0390464221898381,-0.0456361694412879,-0.0460843674895925,-0.00166038552024957,0.0261836830436969,0.0256303552486684
L38    37,-0.0522159836585505,-0.0281726620092388,-0.0172950267480673,-0.0657887744424163,0.00297118279991626,-0.0168608965580753,-0.00655884839056212
L39    38,-0.0645981628766765,-0.0709989358461048,-0.0295598959909929,-0.0597483803531223,-0.0107081777576353,-0.0438035891102469,-0.0401529212501588
L40    39,-0.0452193992260291,-0.0605985839799313,-0.0755662062235321,-0.0156862060990499,0.0235133317383917,-0.0181512872723722,-0.0325655327855666
L41    40,-0.0285782762895722,-0.077459811775112,-0.0329595848505906,-0.079538646450335,-0.0302337148076392,-0.0303899834782583,-0.0255414084080805
L42    41,-0.0530582713262928,-0.0114293724524005,-0.071557682347177,-0.0149183472646547,-0.00702655901463674,-0.0145377694697443,-0.013954267233392
L50    49,-0.0654712967098497,-0.0133481954632632,-0.0444096622657067,-0.105835304428332,-0.00282078894718135,-0.0302072265164123,-0.0339952948147857
L51    50,-0.0425476761955765,-0.0203520209349778,-0.0327570840339972,-0.0239091207330123,-0.00177969767289016,-0.0263827915424779,-0.0406712740842614
L52    51,-0.0213246973295026,-0.0303353054065673,-0.043021475314257,-0.0462345577897974,-0.00804164125689837,0.0197786319175974,0.0179615089305327
L53    52,-0.014882520033674,-0.0530796124942009,-0.0109711593960385,-0.036931707813376,0.00754494608643513,-0.0322467011175487,-0.0289545178412973
L54    53,-0.0497109985295057,-0.0492475939068485,-0.0395143102068902,-0.0290885021859516,-0.0110121155063623,-0.0211255551016046,-0.00986953994751195
L55    54,-0.0119911846744186,-0.0311130633082495,-0.0669799481169367,-0.0360158346166873,0.0302412278403733,-0.00777178457160485,0.000630350748721864
L56    55,-0.0287348163782772,-0.00476494878813215,-0.0592314020212405,-0.0572092353378756,-0.0162538541460846,0.0255948552911487,0.0213890651876793
L154   153,-0.0597751993794245,-0.0333742924769537,-0.0450253871704803,-0.0201776690234615,-0.00641928360739423,-0.00376182116322424,-0.00296574895911394
L155   154,-0.0253565414161497,-0.0106685595174361,-0.00397325501534213,-0.0571833062178971,-0.0119765130243877,-0.00630025657414205,-0.00626123814128906
L156   155,-0.0243187942542509,-0.0139075990997307,-0.0540126798191589,-0.034078988669557,-0.0127866015479223,-0.00469007490328846,-0.0029252339923042
L157   156,0.00817248657529618,-0.00643266362931447,-0.0111469177071761,-0.0971159020422614,-0.0156587443626117,0.0577420366049344,0.047505200533207
L158   157,-0.0459926591198692,-0.00711383395458452,-0.0728966141102042,-0.0579616809660245,-0.00112234320032355,-0.0224740049065177,-0.00530032038157331
L159   158,-0.0448596099185955,-0.0146015697182576,-0.00479828399334051,-0.119404935662106,0.00509954178104072,0.00389297521637105,0.0135748174472575
L160   159,-0.0300981682253269,-0.0239029338550428,-0.0120978133023695,-0.0520096638810477,0.00250227406866803,0.0386656329184655,0.0428989076663568
L273   272,0.000400610743138685,-0.0403348942316501,-0.0142096290277245,-0.0589466296421099,0.021930151083631,0.0740943578516339,0.076388694169134
L274   273,-0.0303521409208762,-0.00572534626179126,-0.0314781593281972,-0.0533440386169538,-0.0117842085071967,-0.00830475810452994,0.00123739743462996
L275   274,-0.0461059869958465,-0.037615934635594,-0.0578839433960763,-0.102529652678652,0.0190258377312459,-0.0411292512699742,-0.0398557179574401
L276   275,-0.0275476972667217,0.0172984745035938,-0.0518826133461282,-0.0451332512742058,0.0115141189264875,-0.0126839092197093,-0.00643959868683498
L277   276,-0.0527803224594236,-0.0520555339956296,-0.0521231765702659,-0.0453256507404032,-0.0318378185008319,-0.0219941583462527,0.0230772294450627
L278   277,-0.0249014379842842,-0.0503296770622386,-0.0398518232856482,-0.0559288058270675,-0.0121959368636411,0.0180103094319309,0.0174692895565642
L279   278,-0.0282445619620627,-0.0433912043831399,-0.028990931672902,-0.015672901539753,-0.021848224783169,0.00206782684886839,0.0102696660005814
L349   348,-0.037160106061051,-0.0577804116862237,-0.031060946121505,-0.0746762113772924,-0.000100855995513627,0.0193752181436533,-0.0178315112049314
L350   349,-0.00612463508350211,-0.0744967635016145,-0.0255906839650513,-0.0451504947526504,-0.0323420514313627,-0.0220618745188293,-0.0122301807681241
L351   350,-0.0426931173258795,0.00325497194614918,-0.00975317088360445,-0.0476593322271225,-0.000846205966116648,-0.0182190280980427,-0.0142571859519836
L352   351,-0.0260931087805095,-0.0499301156121914,-0.0374509114486999,-0.0900027122540526,-0.00567430901809952,-0.00568905524280147,0.0050196896380305
L353   352,-0.0351976382777706,-0.0340370411118804,-0.0254832933332318,-0.0405279423604552,-0.00762729157176036,0.00916723036546631,0.0200893591556806
L354   353,-0.0174244052893567,-0.0771057286594145,-0.0851791796825749,-0.0522895133531227,-0.0192432568565561,-0.0256239124352817,-0.0119546432284041
L355   354,-0.0148658905104411,-0.0499268657908099,-0.0190909982752868,-0.0551029562397819,0.000837598904168374,0.0244898777571587,-0.00087263778771543
L394   393,-0.0572117773409568,-0.0392726846509859,-0.0131789405882208,-0.0702123056448528,-0.0151218543188374,-0.0115182432242236,0.00595509772668693
L395   394,-0.0382201916864277,-0.0625963135309851,-0.0142546784782262,-0.0306936726364594,-0.0141530441441564,0.0027189278348517,0.00264666127485559
L396   395,-0.0402731186396707,-0.0327880575602006,-0.0398269098151033,-0.0281975685649374,-0.0252073457171622,-0.0520642384360635,-0.034417926580983
L397   396,-0.027795348379573,-0.0136462954873844,-0.052312056601894,-0.0811076847125423,-0.00556871152717314,-0.02168628559915,-0.0165446659840667
L398   397,-0.0328876848323382,-0.025809945172573,-0.0458156034863141,-0.0264295759226825,-0.0245317661450724,-0.0110092339418828,-0.0358177165431102
L399   398,0.00191391049789072,-0.0286727746452418,-0.0385280802115744,-0.0902013681266354,-0.0110197502319864,0.0149854096034089,0.0140534388117252
L400   399,-0.0310011185668043,-0.0448078740239391,-0.0363564856033661,-0.0757197474649855,-0.0527648671226162,-0.00960402503190569,-0.0533726138836757
L405   404,-0.0423220883214236,-0.00972148038745414,-0.0570172713889932,-0.0302282159980208,-0.0167163343112536,-0.0022641471859399,0.00217759311598238
L406   405,-0.046416691909194,0.00797500736645103,-0.0561620018448255,-0.0235985647707741,0.00570839406123783,-0.0428648254694061,-0.0347271933546374
L407   406,-0.0117371809902685,-0.0432681431948173,-0.0204766494410541,-0.0651491089125135,-0.00754088470120112,-0.0167898190705229,-0.0221754475503517
L408   407,-0.0479033530100318,-0.0399964296050052,-0.0699167857441348,-0.0644187233667605,0.00488090593189144,-0.0379829914527196,0.00399862933195978
L409   408,-0.0167726079959714,-0.0198684438962127,-0.0388709744629162,-0.0533630872324829,-0.0308164672512821,0.021803734891852,0.0121254733012884
L410   409,-0.0411369962966087,-0.0195018751542501,-0.0691357878627403,-0.0262332594812019,0.0232892644894853,0.000984589753361589,0.0346432912292556
L411   410,-0.0253106050923518,0.00292707745304029,-0.079354024447534,-0.101105623505682,-0.0012914971660893,-0.0105672643904433,-0.0105105184269018
L427   426,-0.0274686816484843,-0.0316503617071242,-0.00786954141741539,-0.0302938074476935,-0.0344258024712622,-0.030337217061673,-0.0405078459666965
L428   427,-0.0323535103768149,-0.0286007947749516,-0.0454041334780587,-0.0547210459663608,0.00615437770867885,0.0146643486481553,0.0122836733481158
L429   428,-0.00153494103533212,-0.0254513124781699,-0.078004987364606,-0.08051524961912,-0.00449042164857068,0.0272772645147018,0.00775924860386759
L430   429,-0.0348192376569359,-0.0720520472170227,-0.0181239745009938,-0.0231630080832766,-0.00659946453139537,-0.00830120038121808,-0.0127771141368856
L431   430,-0.0422926177315822,-0.0309334637968264,-0.0456709862732887,-0.0858031015027471,-0.01855736105916,-0.0245157737737557,-0.0234550787561604
L432   431,-0.0243909100305077,-0.0493432213657975,-0.0335160099805405,-0.0400331814745817,0.01640038559319,0.0306768811431405,0.0246023679519342
L433   432,0.0104734019567242,-0.0457026024531412,-0.0727978104717041,-0.0631560776359139,-0.0236408637766182,0.0320593706497297,0.0304588939704794
L507   506,-0.00819463574245537,-0.0380525091809545,-0.0123690223540108,-0.0635037127711433,-0.0599511013516973,-0.012712808638979,-0.0211467991844109
L508   507,-0.0473341351973653,-0.0166247670714689,-0.0138979561267536,-0.0700280535485526,-0.0409865033835851,0.000129074240328361,0.0019637459216965
L509   508,-0.0221542701854361,-0.00754351405464711,-0.0423781905498737,-0.0688210180351238,-0.0350193516119451,-0.00843189704757533,-0.010370532742163
L510   509,-0.0241512507450318,-0.0113990513347521,-0.0448727262749838,-0.0677146530839727,-0.0417736492677141,0.0144638899717206,0.010600154804321
L511   510,-0.04033492353507,-0.03472837888606,-0.0234567506321933,-0.0908071746119528,-0.00189636235707455,-0.0118166060922333,-0.0142007385584302
L512   511,-0.0323658119502828,-0.0114338564491949,-0.0448315602147638,-0.0615602357040171,0.0196302470113615,-0.0104781445449367,-0.0382327411477742
L513   512,-0.00923287997453322,-0.0305669359221045,-0.0468073114555454,-0.0405709497790529,-0.00509644086193439,0.0359805330379845,0.0172915101831458
L520   519,-0.0295023573241814,-0.0572820051698267,-0.00769939655405842,-0.0417418681673453,-0.00673935148996638,0.0105202950168673,0.00586977195474386
L521   520,-0.0395613562929804,-0.0605904693630253,-0.0416953269169821,-0.0473675811930349,0.0340362671344617,-0.000690938808705285,0.000558708048621695
L522   521,-0.0369365553183439,-0.0143629448680845,-0.0522629911127517,-0.026285565093958,0.00541100959884583,-0.0216688041557025,-0.00850466899073717
L523   522,-0.0326837449498249,-0.0124312952458758,-0.051198030267559,-0.0671156454150494,0.0349216750387563,-0.0180171296923873,-0.029926430214168
L524   523,-0.0164889203613181,-0.0506377617173582,-0.041533667590483,-0.0339051462902182,-0.0144723421760106,0.00662938241685893,0.0131426539314224
L525   524,-0.0369885403579568,-0.00856418747322354,-0.0743213542225328,-0.0665348490908402,0.0399170806291177,0.0344297236956124,0.0798719674274553
L526   525,-0.0164674735623148,-0.00120287280893219,-0.0313644274864335,-0.0517984431614073,-0.0277220826774935,0.00707566389698718,0.0219704862211532
L554   553,-0.0524125602237253,-0.0620965864175587,-0.0171861176993272,-0.0708766456571294,0.0257953765609314,-0.018140869679646,-0.019591489837362
L555   554,0.0118011398516218,-0.0358893374651076,-0.0104196791730078,-0.087076900023238,-0.00711010511706062,0.0353986136962691,0.044234950966232
L556   555,-0.0479084492051974,-0.0518872964830444,-0.0559011002133907,-0.0617721569821224,0.000601586418782649,-0.0369272335815699,-0.0388603555644333
L557   556,-0.0279672503320322,-0.0368590019842139,-0.0736645841082136,-0.0416048041931533,-0.00541397845321681,-0.00707450343189526,-0.00642183909871373
L558   557,-0.0153205767824921,-0.038206897582409,0.00517854028283767,-0.0685594440368157,-0.000627734292099585,0.0180604452896485,0.0061748158288645
L559   558,-0.0410103608972838,0.00253333032891569,-0.0180239101766729,-0.0582162759310685,-0.0127016057136735,0.00396209151676519,0.0210445815475554
L560   559,-0.0241976142465512,-0.00581878019761632,-0.0764206717810663,-0.0638107144004231,-0.0336299924390817,0.00168773772841925,0.0189645420708661
L624   623,-0.0143263331821019,-0.049713400737237,-0.0547497690746933,-0.0570098758793144,0.008574068685199,0.0139379163527907,0.0144736366026006
L625   624,-0.00837592315859097,-0.0311130185450262,-0.0442740644932186,-0.0337135418393493,-0.00817479886535902,0.0306100246764792,0.067600598454682
L626   625,-0.0200121794751618,-0.0575474745725654,-0.031015078387494,-0.0345425931519768,0.00651043230508708,0.0405894397614246,0.0332663208661645
L627   626,-0.00185836652521843,-0.0271154701988902,-0.0312596628627002,-0.0476509556762037,-0.0036134966669458,0.00881302270193282,0.00852195647016046
L628   627,-0.0400232021435567,0.00551349485918176,-0.0536076375228553,-0.0490565827541257,-0.0211194609428386,-0.0143338724119394,0.00265937624192589
L629   628,-0.0299662150732846,-0.0516390737152033,-0.0489444184266968,-0.0613761902923501,-0.00480992921822535,0.0274524352997342,-0.00515035450199473
L630   629,-0.0419875953507266,-0.0442367386582547,-0.054926076953381,-0.0639896666754266,0.0112487935472486,-0.000555754969851177,0.00155471791962242
L653   652,-0.0767759328307365,-0.075404653491822,-0.007201940785021,-0.0624326904236345,-0.00651692870831688,-0.0522674794819996,-0.0545222046348119
L654   653,0.00596693077275014,-0.029737308575213,-0.0225716543022803,-0.0928773609130475,0.0170857313694913,0.0340995332781249,0.0544704521222585
L655   654,-0.0230928820664042,-0.0341227948449849,-0.0360994670447244,-0.0363156767842207,0.0192653248533394,-0.0285536533909286,-0.0259992704920722
L656   655,-0.0450439176447768,-0.0667677116232017,-0.0548776960420686,-0.0565802551006724,0.00770450395092284,-0.00741403088318729,-0.00781828500741702
L657   656,-0.0378816857793039,-0.0115974664447052,-0.0405785817229545,-0.0611923955531755,0.000934273339191882,-0.00399747428313614,-0.0181783436002665
L658   657,-0.00878118893855881,-0.0111684984623336,-0.0338980167686373,-0.0218631567369208,-0.000614600858844003,-0.00571717323959343,-0.0131677590008114
L659   658,-0.0256977147789973,-0.0288926202061892,-0.03544260970296,-0.0588245905247182,-0.00514721862278238,-0.02902258229399,-0.0356744004971784
L671   670,0.00729528592043442,-0.0299654473642276,-0.0191039306378994,-0.0752455903145828,-0.0265137303800262,0.0360601184234717,0.0212902943276789
L672   671,-0.0572318532362819,-0.0259544576671992,-0.049632259200285,-0.0381780270128473,0.00700523159448375,-0.0838480090040033,-0.0855472901881606
L673   672,-0.0139670010791957,-0.014525988007895,-0.0603174208352908,-0.0620493262691644,-0.0157244814353767,0.025299471877842,0.0143875725250509
L674   673,-0.0488049574065754,-0.0468307652763045,-0.0162963753880588,-0.0231515051010452,-0.0244756466266301,-0.0203423231745027,0.00210396109584246
L675   674,-0.00161380979169495,-0.0587191160919147,-0.0483119486410572,-0.0233610201302108,0.0164124138254355,0.0154054292589537,0.000811629452063811
L676   675,-0.0464601420276167,0.0131152495686673,-0.0486372292481281,-0.084454625836693,0.0105006700300004,-0.0231183026687536,-0.00839435761456495
L677   676,0.012676318433736,-0.0593647305421882,-0.01459420695498,-0.0535011728617968,-0.012700683859777,0.0317844006098262,0.0274831146984556
L694   693,-0.04878571302274,-0.0352294470862014,-0.0479368613249726,-0.0516872296460991,0.0114092823917212,-0.0413386678040443,-0.0550971932562781
L695   694,-0.0616141830374004,-0.0271195781225654,-0.00605641395007354,-0.0757740491649779,0.00634518876380546,-0.047807116113418,-0.059324875341924
L696   695,0.004755358096195,-0.0318645628143413,-0.00772818652675698,-0.0580488725015979,-0.0232417199159879,0.0201678861679085,0.0262270182718947
L697   696,-0.0609366763443386,-0.027962339343223,-0.0716520111447996,-0.0824123766364962,0.00638418245508846,-0.0485209244296383,-0.0200480569549742
L698   697,-0.00206375847522569,-0.00294966843726827,-0.0516452222680798,-0.0537053251377987,-0.00438973528219588,-0.00590315703965186,-0.00484684259165916
L699   698,-0.0136353737810501,-0.0222775138797777,-0.10239346064505,-0.0320710675314626,-0.0376315509877188,0.0122449285864544,0.0312863486991991
L700   699,-0.0383451333036396,0.00359147212092228,-0.0513740180087182,-0.0814866005296918,0.00345146624557527,0.0155560317316564,-0.0153907411352479
L712   711,-0.0188447871040772,-0.0235925192068354,-0.0492012404386427,-0.0663126477188494,0.009337226897041,0.0151734098754775,0.0203496235727962
L713   712,-0.0165193771801125,-0.0201524339635888,-0.00529655999102632,-0.0478107618880433,0.0184525183822002,0.00832746730869249,-0.00183500667897489
L714   713,-0.0327254927810878,-0.036910347720023,-0.0355294431183443,-0.0645943949982543,-0.00796064029783711,0.0261501530403902,0.0182824985129896
L715   714,-0.000147612444541298,-0.0768022486455153,-0.0571382025576287,-0.0478606667494205,0.0276956146042523,0.0224605751400026,0.0316066768917533
L716   715,-0.0304528380444601,-0.0175106302215627,-0.00820749413754787,-0.0706366586045261,-0.0281972213948732,-0.00274828959599019,0.0286036497237014
L717   716,-0.0329063088009162,-0.0735588991361553,-0.0169039481529747,-0.0591312454016776,-0.00147633664163234,-0.00127251116379006,0.010466427941644
L718   717,-0.0332211747789265,-0.0112398804548376,-0.0619122224090278,-0.0715380386509302,0.026145566223307,0.0133594642028697,0.0586548899126616
L719   718,-0.0429934840091579,-0.028018405556111,-0.0344335340191775,-0.0459280868705197,0.0202588334261197,-0.0427263617461926,-0.0419949076385061
L720   719,-0.0285358117148927,-0.0219750345711593,-0.0521233348048973,-0.0879682822813207,0.0346146709843298,0.00324338233533625,0.00700189883508254
L721   720,-0.031132246256944,-0.0434435374216917,-0.0546629068244412,-0.0483533910794611,-0.04386296286946,-0.0257788741166895,-0.0235017854707357
L722   721,-0.0268233602558191,-0.0235141224084452,-0.05503250463887,-0.0509660317584923,-0.0141710124422578,0.0123743971436863,0.00661222503375039
L723   722,-0.0287285132851409,0.00127919067973195,-0.0535237042912183,-0.108723444754594,-0.0183985226140846,0.00524507628068416,-0.0094374008979082
L737   736,-0.0155494670854097,-0.0677584082836385,-0.0455544230579593,-0.0765611221409945,0.0242204010946426,0.00190529845330289,-0.0160872380917463
L738   737,-0.00700078821624509,-0.00947886281644811,-0.095572626662015,-0.050876973788875,-0.0238097190208795,-0.0180734410332375,0.00663614714189152
L739   738,-0.0126739472417946,0.0000564889132450563,-0.089719868202019,-0.0165160933206502,-0.011595585223972,-0.00372978282745942,0.0075147303602847
L740   739,-0.0235700087034456,-0.0303395622016613,-0.0767765321314705,-0.00641799667340782,-0.00107733659979314,-0.00243815971156974,0.0111667178045961
L741   740,-0.034063183543413,-0.00955879434220315,-0.0436665054354364,-0.0324032694397631,-0.0292604239720893,-0.0152168957896891,0.0104760130422034
L742   741,0.0088694168629903,-0.0593043711936244,-0.075891399858583,-0.0165341470485692,-0.0155754841788917,0.00128064429272975,0.000173998165241385
L743   742,-0.0236613540567388,-0.0234348318918006,-0.0690113767432627,-0.062539626686947,0.00131355829603162,0.0243358020332317,0.0545493007469002
L756   755,-0.0360955173349436,-0.0182358280750887,-0.0274653460225131,-0.0511056056022088,-0.0338899342194533,-0.0272573084700291,-0.0125155663291842
L757   756,-0.0200158478007032,-0.0339236751985025,-0.0559405213517351,-0.0365412531262467,-0.0212589685513669,-0.017734291993678,-0.0233382550895722
L758   757,-0.00329996404958155,-0.00618851277454316,-0.00797590952016149,-0.0918476056467958,0.0283055726046062,-0.0273191306018291,0.0113060111354334
L759   758,-0.00428664784674748,-0.0268898438297115,-0.042781505456977,-0.0565842934702887,-0.0214527163812201,0.0175115762708638,0.0154427883156438
L760   759,-0.0431155992176559,-0.0716927838083162,-0.024067231086675,-0.0886834553097254,-0.0135908454152016,-0.014830883763972,0.00774435550867608
L761   760,-0.0433864769003225,-0.0158298164336369,-0.0256180597893988,-0.0661753258856051,0.0313885017887192,-0.0344298657416517,-0.0206639172692912
L762   761,-0.0219454743639235,-0.031894125706458,-0.0459620298787458,-0.0564690363974054,0.0366002105263031,0.00883562515999517,0.00732719083630583
L797   796,-0.0518849473129785,-0.0181665865850665,-0.0371521985901543,-0.0708383897519875,0.00969652732719734,0.00144567056386279,-0.00170942488261763
L798   797,-0.0194407410731046,-0.0446812058256816,-0.0123301600596698,-0.0577248865369595,0.00889490096998471,-0.0144689619063885,-0.014128958632395
L799   798,-0.0183278238300375,-0.011817820901005,-0.0706223998296429,-0.0222253658899083,-0.00742064339209732,-0.0388410227375652,-0.0208901941645417
L800   799,-0.0325406838566761,-0.0397034499666978,-0.0934252433369275,-0.0349545200997832,0.0545963155616077,-0.0167518752208274,-0.0182332470100411
L801   800,-0.0523506330115193,-0.015465128184199,-0.0596735290100338,-0.0842144158343913,-0.0343475831584536,-0.0383479426637737,-0.0379259620023198
L802   801,-0.0731067156809416,-0.0216774971535218,-0.0203110802622994,-0.0392209840205897,-0.0193133719076573,-0.063939086665729,-0.0705377098865099
L803   802,-0.0222070872966498,-0.036866828176631,-0.062181611109952,-0.0879037025870025,0.0122041918766317,0.0284210242439559,0.0203507824450937
L827   826,-0.0332028643758382,-0.0472018489238383,-0.0842216456486897,-0.0258606803218609,0.0138196718790277,-0.0331829084491564,-0.0300679600389461
L828   827,-0.0308447962662337,-0.017686296602104,-0.0519683151239941,-0.0439064483310024,0.00135917031189746,-0.0227044453574134,-0.0324906020199946
L829   828,-0.0341933900992929,-0.0429761920413893,-0.0183744171503695,-0.0233072738959452,0.00583193811822548,-0.000597068745583351,-0.00436737771258916
L830   829,-0.0208940533745052,-0.0412718458088053,-0.0736998944230604,-0.0339688899193929,-0.0210514608772314,0.0140838286294529,0.0127865442112602
L831   830,-0.0322808686952835,-0.0131489779965305,-0.0428742880846064,-0.0323810140411379,-0.00673734425065113,-0.00850859333981821,-0.00709022522080145
L832   831,0.0128567081599741,-0.0786798630154818,-0.0577252440368063,-0.00466060942731736,-0.0152399283814932,0.0218908979324065,0.033838160204702
L833   832,0.00391906091750176,-0.0280484767785261,-0.0762050209704623,-0.026709234473815,-0.0187069983405987,0.016911678705829,0.0116962583635412
L843   842,-0.0340058714863106,-0.0511711721632664,-0.00609930613349653,-0.104977648416388,0.0356281110755836,0.00619008988135421,0.00520731740993632
L844   843,0.00659015542851235,-0.0122621868300388,-0.0639701531105167,-0.0414194580387734,-0.0133550511997084,0.0334879784874797,-0.0105175829200491
L845   844,-0.0354187552185483,-0.0271012824411802,0.000431036783344288,-0.0299986455493139,0.0165013826364341,-0.0301386516118159,-0.0316268281639022
L846   845,-0.0267600549238767,-0.0615236295781681,-0.0461280369522586,-0.0407021734168362,0.0018689421771151,-0.0239187519877766,-0.0261715822848511
L847   846,-0.0165805106300788,-0.0482730889837021,-0.0613206671688552,-0.111183540828586,-0.0065722431709444,-0.0200737039721492,-0.0198471648296228
L848   847,-0.0196323854007306,-0.0406430075388489,-0.0269729800729652,-0.0962853279097924,-0.0053354069107147,-0.0111172061593666,-0.00719749252435915
L849   848,-0.00667575515312228,-0.031096462410743,-0.0595553227554968,-0.0442154870002035,-0.0309319399442016,-0.0141742785848833,0.0169475356136317
L856   855,-0.0345354611793401,-0.050193851819931,-0.067368821551402,-0.0889613861861918,-0.00863105409464726,-0.0286127809980053,-0.0343577951002742
L857   856,-0.0160400331292406,-0.0187856591914502,-0.0656383574005412,-0.0354307472133473,-0.019158888983538,-0.0510369252439926,-0.0498791424055171
L858   857,-0.024443626557884,-0.0263684561925874,-0.0491148442401289,-0.0638767476293302,-0.0361032360797849,0.0141478168267408,0.0150948213890731
L859   858,-0.0270632410141013,-0.033486921712463,-0.0143810077479225,-0.0685625324045114,0.0148580041321691,-0.00504211671826529,0.00269615581871154
L860   859,-0.0430306314269422,-0.039192083226847,-0.0258190778990725,-0.0673724591830749,0.0192260152133925,-0.0557662354226405,-0.04434172190645
L861   860,-0.0647575851053714,-0.052127049308772,-0.0488687512833643,-0.0450414692039109,0.016715315997477,-0.038648700092216,-0.0629776591565798
L862   861,-0.0493918376559842,-0.0510559555732422,-0.0542756332269603,-0.0406075226758892,-0.0109345275919299,0.021704771617716,0.0649146849752248
L941   940,0.00128631965517531,-0.0391876430423087,-0.0578457919083744,-0.0307618296575705,-0.0293144569208712,-0.0137310178563722,-0.0191676057672722
L942   941,-0.0249385687591199,-0.0374928717369592,0.0143232504513571,-0.0984555802588445,-0.019979636598326,-0.0106152423491008,-0.00110497217242117
L943   942,-0.0329851029900017,-0.0280992660739089,-0.0662260030489,-0.0578787984947383,0.0413810495086068,-0.00131999917847316,-0.0100136234178905
L944   943,-0.0463728866615875,-0.00695761631882362,-0.0474516546702867,-0.071398087953443,0.00329680992140111,-0.0272529571348609,-0.0273158674504832
L945   944,-0.0303140384670718,-0.01132522486886,-0.0341877439802565,-0.0215550551346047,-0.0104653963335184,-0.018601935564741,-0.048339864446772
L946   945,-0.0144952989200499,-0.0419186598879167,-0.0953281081758527,-0.000573785813444486,0.00838434523787254,0.0332329863280708,0.00775957279717088
L947   946,-0.0304356748221371,-0.027541100871963,-0.0619990378741694,-0.0278094807906272,-0.0232038706194634,-0.0159574935461733,-0.0208165376443767

FILE: E:/Scientific Research/A6/03_results/06_S2_alternative_surgery_definitions_PRE_E7.txt
L5     
L6     Extracted from legacy 06_sensitivity_report.txt on 2026-08-24 21:22:57
L7     
L8     Important: these analyses cannot be reconstructed from the frozen N=6,951 cohort because alternative surgery-code groups were excluded before E7. They must ultimately be reproduced from the pre-E7/original SEER source.
L9     
L10    == S2 备选手术定义(点估计; 主定义: +0.3,-3.6,-0.7,-5.1,-6.0) ==
L11      20-39 vs >=40      (n=7450): Q1 -0.6 Q2 -2.6 Q3 -1.7 Q4 -3.6 Q5 -6.5
L12      排除码32        (n=6676): Q1 -0.1 Q2 -3.6 Q3 -0.9 Q4 -5.2 Q5 -5.2
L13      colectomy含50-79  (n=7115): Q1 -0.4 Q2 -2.3 Q3 -1.8 Q4 -3.5 Q5 -6.5

FILE: E:/Scientific Research/A6/03_results/06_S2_alternative_surgery_FINAL_B1000.csv
L1     "definition","description","n","limited_n","colectomy_n","quintile","rd","rd_pp","ci_lo","ci_hi","ci_lo_pp","ci_hi_pp","effective_B","legacy_point_pp"
L2     "S2_A_20_39_vs_40_79","limited 20-39 vs colectomy 40-79",7450,3212,4238,"Q1",-0.00440594292631164,-0.440594292631164,-0.0304979715109437,0.0324764055141857,-3.04979715109437,3.24764055141857,1000,-0.6
L3     "S2_A_20_39_vs_40_79","limited 20-39 vs colectomy 40-79",7450,3212,4238,"Q2",-0.0238622922103843,-2.38622922103843,-0.0791943663017694,0.0125222500010403,-7.91943663017694,1.25222500010403,1000,-2.6
L4     "S2_A_20_39_vs_40_79","limited 20-39 vs colectomy 40-79",7450,3212,4238,"Q3",-0.00983316958989353,-0.983316958989353,-0.0648022925456396,0.0452226895671049,-6.48022925456396,4.52226895671049,1000,-1.7
L5     "S2_A_20_39_vs_40_79","limited 20-39 vs colectomy 40-79",7450,3212,4238,"Q4",-0.0383035316293164,-3.83035316293163,-0.0949822492707132,0.017749258044857,-9.49822492707131,1.7749258044857,1000,-3.6
L6     "S2_A_20_39_vs_40_79","limited 20-39 vs colectomy 40-79",7450,3212,4238,"Q5",-0.0684416139396812,-6.84416139396812,-0.122167578736128,-0.00143617128365176,-12.2167578736128,-0.143617128365176,1000,-6.5
L7     "S2_B_exclude_code32","exclude code 32: limited 30-31 vs colectomy 40-41",6676,2602,4074,"Q1",0.00223905609204653,0.223905609204653,-0.0341360821127008,0.0306471163356776,-3.41360821127008,3.06471163356776,1000,-0.1
L8     "S2_B_exclude_code32","exclude code 32: limited 30-31 vs colectomy 40-41",6676,2602,4074,"Q2",-0.0341738579194601,-3.41738579194601,-0.0789221356707135,0.0144332694155603,-7.89221356707135,1.44332694155603,1000,-3.6
L9     "S2_B_exclude_code32","exclude code 32: limited 30-31 vs colectomy 40-41",6676,2602,4074,"Q3",-0.00841703358480689,-0.841703358480689,-0.0768961938244965,0.0353496226240295,-7.68961938244965,3.53496226240295,1000,-0.9
L10    "S2_B_exclude_code32","exclude code 32: limited 30-31 vs colectomy 40-41",6676,2602,4074,"Q4",-0.0421042908928032,-4.21042908928032,-0.0889188067919553,0.0284023051687225,-8.89188067919553,2.84023051687225,1000,-5.2
L11    "S2_B_exclude_code32","exclude code 32: limited 30-31 vs colectomy 40-41",6676,2602,4074,"Q5",-0.0591633820659814,-5.91633820659814,-0.13057902768303,0.00864774575445332,-13.057902768303,0.864774575445332,1000,-5.2
L12    "S2_C_colectomy_40_79","limited 30-32 vs colectomy 40-79",7115,2877,4238,"Q1",0.00182968945403905,0.182968945403905,-0.0292721278911906,0.0334382891661011,-2.92721278911906,3.34382891661011,1000,-0.4
L13    "S2_C_colectomy_40_79","limited 30-32 vs colectomy 40-79",7115,2877,4238,"Q2",-0.0230392161612127,-2.30392161612127,-0.0770421268765079,0.0180115166053099,-7.70421268765079,1.80115166053099,1000,-2.3
L14    "S2_C_colectomy_40_79","limited 30-32 vs colectomy 40-79",7115,2877,4238,"Q3",-0.0123616819591953,-1.23616819591953,-0.0665348203053816,0.0412480564159966,-6.65348203053816,4.12480564159966,1000,-1.8
L15    "S2_C_colectomy_40_79","limited 30-32 vs colectomy 40-79",7115,2877,4238,"Q4",-0.0352956099923809,-3.52956099923809,-0.0979304858005929,0.0195251233599483,-9.79304858005929,1.95251233599483,1000,-3.5
L16    "S2_C_colectomy_40_79","limited 30-32 vs colectomy 40-79",7115,2877,4238,"Q5",-0.0708996227538641,-7.08996227538641,-0.124251831417395,0.00136976198413435,-12.4251831417395,0.136976198413435,1000,-6.5

FILE: E:/Scientific Research/A6/03_results/06_S2_alternative_surgery_FINAL_B1000.txt
L1     == STEP 06 S2 FINAL: alternative surgery definitions ==
L2     Each analysis uses full-pipeline bootstrap B=1000.
L3     Within each bootstrap replicate: resample alternative-surgery cohort -> prep -> refit nodal-risk model -> recompute nodal risk -> refit PS/OW -> re-estimate risk quintiles -> weighted 5-year cancer-specific mortality RD.
L4     RD = oncologic colectomy - limited resection; RD < 0 favors oncologic colectomy.
L5     
L6     -- limited 20-39 vs colectomy 40-79 (N=7450; limited=3212; colectomy=4238) --
L7       Q1: -0.4 pp (95% CI -3.0 to +3.2; effective B=1000)
L8       Q2: -2.4 pp (95% CI -7.9 to +1.3; effective B=1000)
L9       Q3: -1.0 pp (95% CI -6.5 to +4.5; effective B=1000)
L10      Q4: -3.8 pp (95% CI -9.5 to +1.8; effective B=1000)
L11      Q5: -6.8 pp (95% CI -12.2 to -0.1; effective B=1000)
L12    
L13    -- exclude code 32: limited 30-31 vs colectomy 40-41 (N=6676; limited=2602; colectomy=4074) --
L14      Q1: +0.2 pp (95% CI -3.4 to +3.1; effective B=1000)
L15      Q2: -3.4 pp (95% CI -7.9 to +1.4; effective B=1000)
L16      Q3: -0.8 pp (95% CI -7.7 to +3.5; effective B=1000)
L17      Q4: -4.2 pp (95% CI -8.9 to +2.8; effective B=1000)
L18      Q5: -5.9 pp (95% CI -13.1 to +0.9; effective B=1000)
L19    
L20    -- limited 30-32 vs colectomy 40-79 (N=7115; limited=2877; colectomy=4238) --
L21      Q1: +0.2 pp (95% CI -2.9 to +3.3; effective B=1000)
L22      Q2: -2.3 pp (95% CI -7.7 to +1.8; effective B=1000)
L23      Q3: -1.2 pp (95% CI -6.7 to +4.1; effective B=1000)

FILE: E:/Scientific Research/A6/03_results/06_S2_bootstrap_FINAL_B1000.csv
L3     "S2_A_20_39_vs_40_79",2,0.0101162667070205,-0.0310459716381754,0.0040209180161844,-0.0118720144608851,-0.116486115756108
L4     "S2_A_20_39_vs_40_79",3,0.0155994757699504,-0.0390420032475406,0.0160601922150378,-0.0286370283001904,-0.0724364591868695
L5     "S2_A_20_39_vs_40_79",4,-0.00996836762367254,-0.0519572756116999,-0.0103747434925892,-0.0509916033161444,-0.0686166146080856
L6     "S2_A_20_39_vs_40_79",5,0.00974212876763575,-0.00794845482253315,-0.0358620366059798,0.00806174509109517,-0.0878213797158856
L7     "S2_A_20_39_vs_40_79",6,-0.00813728193270782,-0.0626508945260783,-0.0522142013449456,-0.0932738796426714,-0.053375277557891
L8     "S2_A_20_39_vs_40_79",7,-0.0136135207862721,-0.0497197375631679,0.00496358037643366,-0.0518563272032276,-0.0812913394984761
L9     "S2_A_20_39_vs_40_79",8,0.008863259252534,-0.0435063425767386,0.00431185959499428,-0.0617771101550826,-0.0913597724065763
L23    "S2_A_20_39_vs_40_79",22,-0.012505481216171,-0.0317480652330385,-0.00964679664997561,-0.065877803256098,-0.0623601437179755
L24    "S2_A_20_39_vs_40_79",23,0.0115570853948878,-0.0334411944944971,-0.0716973061974792,0.0211681447452602,-0.0455040572862671
L25    "S2_A_20_39_vs_40_79",24,-0.0133822154848926,-0.0215291363991651,-0.0625120509813187,-0.00557894477550963,-0.0127862960424088
L26    "S2_A_20_39_vs_40_79",25,-0.0152040779940519,-0.0146812912754634,-0.0180104365030648,-0.0514039948095439,-0.0745092603563655
L27    "S2_A_20_39_vs_40_79",26,0.000439838340148088,-0.0132933998709068,0.00661792166450736,-0.0398512173825284,-0.0512432781922099
L28    "S2_A_20_39_vs_40_79",27,-0.00718872045430317,-0.0396722364222198,0.032133205522953,-0.0326662143453671,-0.0849096322851424
L29    "S2_A_20_39_vs_40_79",28,-0.0218398384976462,-0.0419542234788012,0.011437168872522,-0.016917845296282,-0.0362699190939553
L127   "S2_A_20_39_vs_40_79",126,-0.0271829603703974,-0.00638303115250061,0.0379519051479487,-0.0900704831033622,-0.0916244679088413
L128   "S2_A_20_39_vs_40_79",127,-0.000905765846551651,-0.0254554938812299,-0.0241909593856562,-0.0452076974991692,-0.0879032322968362
L129   "S2_A_20_39_vs_40_79",128,-0.00897380148724294,-0.0343791846540007,-0.0647891946463558,-0.0450969638002318,-0.0540773155271339
L130   "S2_A_20_39_vs_40_79",129,-0.00462319977135019,-0.0049540682573186,0.0255117876452973,-0.0694307093350566,-0.00204571667694359
L131   "S2_A_20_39_vs_40_79",130,0.000764622237664783,0.00770397607294342,-0.000997674545720251,-0.058484670012911,-0.0710081069052105
L132   "S2_A_20_39_vs_40_79",131,-0.0145991475899525,-0.0217110436092064,0.0184633124694426,-0.0246265740543648,-0.0834814174202901
L133   "S2_A_20_39_vs_40_79",132,-0.023301013170371,0.0156199060629073,-0.0635367416643744,-0.0573108437051563,-0.074046448954989
L215   "S2_A_20_39_vs_40_79",214,-0.00921244130639652,-0.0418911252694275,-0.00755647716597196,-0.0192666869032422,-0.0874101047263137
L216   "S2_A_20_39_vs_40_79",215,0.00203288507054261,-0.0280412770411608,-0.0171607431188294,-0.00522634750160189,-0.037590833506048
L217   "S2_A_20_39_vs_40_79",216,-0.00334776165015854,-0.0406987843570129,-0.0213141589432249,-0.0233580350545599,-0.0594938564583554
L218   "S2_A_20_39_vs_40_79",217,0.0160774714467353,-0.047450848565613,-0.0161031728856151,-0.0724094721864166,-0.115986876242025
L219   "S2_A_20_39_vs_40_79",218,0.0100966066052161,-0.0568108819288334,-0.0166110846929862,-0.0229038078767748,-0.0310459486472282
L220   "S2_A_20_39_vs_40_79",219,-0.00133323178089192,-0.0241664267253842,-0.0306378364660403,-0.0252431232189854,-0.0867244125458483
L221   "S2_A_20_39_vs_40_79",220,0.0668350474363293,-0.0506530585391426,0.0297218476991514,-0.0140247756539031,-0.0344031451161522
L304   "S2_A_20_39_vs_40_79",303,0.0184022811553001,-0.0430708869387079,-0.0048039609308945,-0.03004295129458,-0.121271310208199
L305   "S2_A_20_39_vs_40_79",304,0.00125568963107881,0.00062790337390374,-0.0121995685951393,-0.0166434400720649,-0.0331165783053526
L306   "S2_A_20_39_vs_40_79",305,0.0112718252369297,-0.0586001373880325,-0.0574934912543141,0.0115078464009865,-0.0398905205494782
L307   "S2_A_20_39_vs_40_79",306,-0.00554268749340947,-0.0664216259037981,-0.0554564191015003,-0.0248745032121786,-0.0896851244924929
L308   "S2_A_20_39_vs_40_79",307,0.0222876225380505,-0.0390877582822585,-0.0460104363849259,-0.0228409013837756,-0.0605099887091273
L309   "S2_A_20_39_vs_40_79",308,0.00570316870395197,-0.0438212646369745,-0.0075073026721226,-0.0685590335374782,-0.0414675163061088
L310   "S2_A_20_39_vs_40_79",309,0.0227071218314583,-0.0542734980123532,-0.0308114440190554,-0.0258099769835569,-0.0504798696919522
L356   "S2_A_20_39_vs_40_79",355,0.0229975599779418,-0.0256743391275529,0.022870020856769,-0.0848672096025586,-0.0931708133017282
L357   "S2_A_20_39_vs_40_79",356,0.00848559406580339,-0.0022406220526737,-0.000999405568933714,-0.0264285020531775,-0.0466367669502495
L358   "S2_A_20_39_vs_40_79",357,0.000368094550924986,-0.0378255096548378,-0.0357836901512635,-0.0206767858959792,-0.0717630418495602
L359   "S2_A_20_39_vs_40_79",358,0.00237232273392913,-0.0137169024747683,-0.0346904657985247,-0.074530980055444,-0.0481666768520346
L360   "S2_A_20_39_vs_40_79",359,0.0214798801276348,-0.0429033181450174,-0.0273032347971663,-0.00365893187319949,-0.0829721786042291
L361   "S2_A_20_39_vs_40_79",360,-0.029267995062378,-0.00994522314270457,-0.0024874514275787,8.3221016672741e-05,-0.0888351985770339
L362   "S2_A_20_39_vs_40_79",361,-0.0103419494061678,-0.0768342163004343,0.0225294307917472,-0.0584007319023293,-0.0846903619170367
L381   "S2_A_20_39_vs_40_79",380,-0.0132870711281696,-0.0238738774568943,-0.0245038930588764,-0.070945713124865,-0.0201796427878836
L382   "S2_A_20_39_vs_40_79",381,0.0181590363350455,-0.03102519140347,-0.00920944763838299,-0.065461340388904,-0.0356440265228352
L383   "S2_A_20_39_vs_40_79",382,-0.00385335349128683,-0.0832912939418904,-0.0418133062017982,-0.0364576123628315,-0.0751323222932772
L384   "S2_A_20_39_vs_40_79",383,0.00462250526467012,-0.0149077234723673,-0.0223671667654621,-0.0177754916816546,0.0187041004309068
L385   "S2_A_20_39_vs_40_79",384,-0.0189050600196058,-0.0428575611215384,-0.00150555100751368,-0.0532632839784223,-0.0829357742796574
L386   "S2_A_20_39_vs_40_79",385,-0.00132058435851151,-0.022850244302411,-0.0366325541503851,-0.00312812366749243,-0.0409143064458239
L387   "S2_A_20_39_vs_40_79",386,0.0133933014131812,-0.012993664812686,0.00514061363864229,-0.0333977525677136,-0.0635025853232032
L446   "S2_A_20_39_vs_40_79",445,-0.0181973094585643,0.00123461477774399,-0.0106464276118245,-0.0437988133188332,-0.0300240973926767
L447   "S2_A_20_39_vs_40_79",446,0.00774621212164008,0.00710912712124609,-0.0410551073858685,0.0100834381987018,-0.09402870651695
L448   "S2_A_20_39_vs_40_79",447,0.0193403004103953,-0.0184874164312308,-0.0264396492693777,-0.0754930321618264,-0.0418422868209762
L449   "S2_A_20_39_vs_40_79",448,0.00248272769298906,-0.0134824892177115,-0.00759348890388734,0.00132102367345727,-0.0527391102188949
L450   "S2_A_20_39_vs_40_79",449,-0.00339905692347611,-0.0530741798661714,-0.03826630866894,-0.0338043526112707,-0.0700110191973619
L451   "S2_A_20_39_vs_40_79",450,0.0212195773460261,-0.0556258093922095,0.00808460088994967,-0.0417829387570753,-0.0946329630408342
L452   "S2_A_20_39_vs_40_79",451,0.00802825276770777,-0.0485194634471696,0.0409825355703724,-0.0632514844578743,-0.0116823913046354
L521   "S2_A_20_39_vs_40_79",520,0.0117887880378473,-0.0344540817006177,0.0111436188003383,-0.0888298906656296,-0.0308714046899022
L522   "S2_A_20_39_vs_40_79",521,-0.0359855393255166,-0.0102157763763583,-0.0515664119163743,-0.0591194799814153,-0.0663365972821454
L523   "S2_A_20_39_vs_40_79",522,0.0232247184561141,-0.0608968161688813,-0.00625946203039315,-0.0262037765716201,-0.0858273968726985
L524   "S2_A_20_39_vs_40_79",523,0.0164656947711702,-0.0180352790429333,-0.0623477709563823,-0.0107780820931627,-0.0322952571667612
L525   "S2_A_20_39_vs_40_79",524,0.0221271044612761,-0.0610648103095208,0.0145231713059742,-0.054124707979388,-0.0454683907739981
L526   "S2_A_20_39_vs_40_79",525,-0.0124407445396478,-0.0594681941017527,-0.0174350025581656,-0.0561400636196142,-0.0599494763241099
L527   "S2_A_20_39_vs_40_79",526,0.00856220219797287,-0.0348481318815115,-0.0298771941512873,-0.0288494875584613,-0.0143726424510721
L759   "S2_A_20_39_vs_40_79",758,-0.0142448166608391,-0.0202270157398358,-0.0329150796083866,0.0248110389192832,-0.0148104107548716
L760   "S2_A_20_39_vs_40_79",759,-0.00417896720961193,-0.0434672375517818,-0.0601851090894995,-0.0140006994670286,-0.0836470306602574
L761   "S2_A_20_39_vs_40_79",760,-0.0150028855621445,-0.0619872805575347,0.0156348820369728,-0.0203947063648764,-0.0452619201329687
L762   "S2_A_20_39_vs_40_79",761,0.0285063269567115,-0.0488356361837235,-0.00326659575738553,-0.0391934242402674,-0.065933907143691
L763   "S2_A_20_39_vs_40_79",762,0.00882736052292726,-0.06020541016592,0.019424094399173,-0.0656707068789222,-0.114225412314135
L764   "S2_A_20_39_vs_40_79",763,0.0155364791642725,-0.0363192031804454,-0.0561988041168836,-0.0338362838858298,-0.045848184152181
L765   "S2_A_20_39_vs_40_79",764,0.0110540272513021,-0.0529825372494118,0.0521067589708144,-0.0512822736806501,-0.0643959976000698
L846   "S2_A_20_39_vs_40_79",845,-0.0192718110147772,-0.0365441704630515,0.0120737513340969,-0.0832791535123919,-0.0311909280760558
L847   "S2_A_20_39_vs_40_79",846,0.00865524848637084,-0.065873828288291,-0.0552365492966223,-0.049792314771666,-0.0922490541608192
L848   "S2_A_20_39_vs_40_79",847,-0.0278113801982627,0.0494514407982864,0.0219920054845728,-0.0390115118935468,-0.0406005061953529
L849   "S2_A_20_39_vs_40_79",848,0.0295148594619644,-0.0612299242908286,-0.0647880752841339,-0.0346806416711533,-0.0177261939366311
L850   "S2_A_20_39_vs_40_79",849,-0.0266220280686212,-0.0152668040549163,-0.00923095243720229,-0.0790752974539881,-0.07134943928212
L851   "S2_A_20_39_vs_40_79",850,0.0217473312269227,-0.0390189814573124,-0.0316898439796058,0.029063105122924,-0.0941941658079096
L852   "S2_A_20_39_vs_40_79",851,0.000124479307578612,-0.0554129641217698,-0.0112178230504127,-0.0380650532193647,-0.0852473812235847
L903   "S2_A_20_39_vs_40_79",902,-0.00880979593462931,-0.0322081224911514,0.0125443593630228,-0.063219349470098,-0.117540779738248
L904   "S2_A_20_39_vs_40_79",903,-0.00377571657920321,-0.08123851244348,-0.0507671641981898,0.0515514739747173,-0.0604662193884649
L905   "S2_A_20_39_vs_40_79",904,0.0041387892373722,-0.0311168216420709,-0.0191619884069963,-0.11766532347865,0.00151936772876488
L906   "S2_A_20_39_vs_40_79",905,0.00977489849976464,-0.0846112070168935,0.0286844964671158,-0.100204990442669,-0.076301826886281
L907   "S2_A_20_39_vs_40_79",906,-0.0376224425727804,-0.0576961162471257,-0.0159601992143244,-0.0139727931994761,-0.0564453553438635
L908   "S2_A_20_39_vs_40_79",907,-0.00197338189698935,-0.0687995768347053,-0.0309971607907328,-0.0114287895787168,-0.0792325928541975
L909   "S2_A_20_39_vs_40_79",908,0.00234922842819148,-0.02987867539569,-0.0340317010672733,-0.0383634376085651,-0.00464471264239164
L968   "S2_A_20_39_vs_40_79",967,0.0145659719525435,-0.0510636319336575,0.00759600563942098,-0.0949725614878036,-0.064857299944698
L969   "S2_A_20_39_vs_40_79",968,-0.000179641492256702,-0.0545772299753939,0.0144445535776703,-0.0577324015124734,-0.0703089040521732
L970   "S2_A_20_39_vs_40_79",969,0.022976178613612,-0.0100344965557264,0.00529989594325531,-0.0532605832376367,-0.0407038000084138
L971   "S2_A_20_39_vs_40_79",970,-0.00990302856254358,-0.0220197628593317,-0.0242257745035913,-0.0293692196061814,-0.0402311388864808
L972   "S2_A_20_39_vs_40_79",971,0.0126184754687464,-0.0360905728035098,0.000142736139922717,-0.103079170212779,-0.0842956945080723
L973   "S2_A_20_39_vs_40_79",972,-0.0032337161345272,-0.0594578275538394,-0.0279568501470402,0.0342050336063257,-0.0353583361360982
L974   "S2_A_20_39_vs_40_79",973,0.0146463392315607,-0.0241377189993428,-0.0217502312217193,-0.0709381363028833,-0.0684532426739227
L978   "S2_A_20_39_vs_40_79",977,-0.0201325856019445,-0.0303645085208341,0.003569897423497,-0.0665270053151302,-0.0684657782506082
L979   "S2_A_20_39_vs_40_79",978,-0.0196564241054502,-0.0473042405796064,0.0478741383232906,-0.0106173551955097,-0.0768038284769123
L980   "S2_A_20_39_vs_40_79",979,-0.0109518619093299,-0.0466818594456907,-0.0349394642927545,-0.0385392823052338,-0.0134997296557446
L981   "S2_A_20_39_vs_40_79",980,0.00965227450766276,-0.0217430916075024,-0.0171939393609823,-0.0446042872054392,-0.0781662720405021
L982   "S2_A_20_39_vs_40_79",981,-0.0220906073310985,-0.0229058359971466,0.0327964868708047,-0.015257947797502,-0.0617399826354684
L983   "S2_A_20_39_vs_40_79",982,-0.0111164392439312,-0.0363826525419137,0.0594042274984106,-0.0656474388361112,-0.0310282213030915
L984   "S2_A_20_39_vs_40_79",983,0.0178988108054181,-0.0629990654187989,0.0388479808959089,-0.00282641627755686,-0.107580797380107
L999   "S2_A_20_39_vs_40_79",998,-0.0188120778860563,-0.0437120232529499,-0.00411395386496929,-0.0271806825584403,-0.068927161016095
L1000  "S2_A_20_39_vs_40_79",999,-0.0143733863029833,-0.0215540064347418,-0.00880806566244363,0.00469838727603358,-0.080816573818882
L1001  "S2_A_20_39_vs_40_79",1000,0.0023393068047282,-0.0228677692546858,0.0460180095113494,-0.0156359907940332,-0.064358224829473
L1002  "S2_B_exclude_code32",1,-0.0100397922630926,-0.0463424347364671,-0.0139888890560468,-0.000877309860498027,-0.10947356455736
L1003  "S2_B_exclude_code32",2,0.0229763753771017,-0.0467246144077605,-0.0509871557292794,0.00613097522769354,-0.0320505124396648
L1004  "S2_B_exclude_code32",3,-0.0234661870918732,-0.0287436859214222,-0.0138451915186685,-0.0106695034616695,-0.040333326653594
L1005  "S2_B_exclude_code32",4,-0.0203278226951305,-0.0500197660926834,0.00968942569355677,-0.025145677215956,-0.001764502742995
L1006  "S2_B_exclude_code32",5,-0.0126418361919301,-0.000895244669303435,-0.0166871600055669,-0.00770597827889985,-0.0348607230927262
L1007  "S2_B_exclude_code32",6,-0.021707144381989,-0.0683562539802591,0.00414190529008765,-0.00946839317176329,-0.060806619689054
L1008  "S2_B_exclude_code32",7,0.0281493393706823,-0.0577327756168645,-0.0477848859876589,-0.0124627647671616,-0.0894544659902873
L1009  "S2_B_exclude_code32",8,-0.0410838541857725,-0.0524044906261018,-0.0176073598783646,-0.0707817327066541,0.00366137885195794
L1010  "S2_B_exclude_code32",9,0.00325567783178131,-0.0551670758891252,-0.00751646060514186,-0.0147443188710548,-0.00348370823650007
L1011  "S2_B_exclude_code32",10,-0.025542301160665,-0.0649245590978454,0.0163749820041291,-0.0266580372334912,-0.0464502670849565
L1012  "S2_B_exclude_code32",11,0.0329022991610177,-0.0356979094070067,-0.0261478634678144,-0.0143666735605534,-0.0540909111644075
L1013  "S2_B_exclude_code32",12,0.0203935053610145,-0.046459746154871,0.00366828120691534,-0.0123703738885522,-0.0907604912028679
L1014  "S2_B_exclude_code32",13,0.0223907135418564,0.0313274528252136,-0.0594941998577642,-0.00529509983932117,-0.0546438033790541
L1015  "S2_B_exclude_code32",14,-0.0231972448385333,-0.0445077887681566,-0.0099609827249221,-0.0450836428798287,-0.111463435977606
L1016  "S2_B_exclude_code32",15,0.0117383958691946,-0.00976689132833762,-0.0226975169832398,0.00189629797307711,-0.0921214801823623
L1017  "S2_B_exclude_code32",16,0.033085927782732,-0.0362957089369746,-0.0754593768526775,-0.0280120143904248,-0.0495349230944507
L1018  "S2_B_exclude_code32",17,0.00586208246889482,-0.0300054272782136,0.00268354161374727,-0.0176578214497817,-0.0624477109844402
L1019  "S2_B_exclude_code32",18,0.0390632087917465,-0.0207656043774026,-0.0386782898111857,0.00490291249930735,-0.0458281881817302
L1020  "S2_B_exclude_code32",19,0.0123880666209603,0.00657233389338525,-0.0673773463431494,-0.07200213674104,-0.0317239445723231
L1021  "S2_B_exclude_code32",20,-0.0189592304597717,0.0105831547920625,-0.0637436664506133,-0.0312039635727365,-0.0661601255897171
L1022  "S2_B_exclude_code32",21,-0.00317083208481836,-0.0257910474845765,-0.0109707292438222,-0.0690196961469752,-0.0199238055766896
L1023  "S2_B_exclude_code32",22,-0.0204665903262998,-0.0176738571211151,-0.0138368477945082,-0.0242007732957847,-0.125916458431383
L1024  "S2_B_exclude_code32",23,-0.0222189888652285,-0.0397490196279016,-0.00829154633251536,0.00906566872323047,-0.0907914828507977
L1025  "S2_B_exclude_code32",24,0.00828857568870922,-0.0132973231540484,-0.0146053309098217,0.011208112093956,-0.00603940963344257
L1026  "S2_B_exclude_code32",25,-0.00535566171227957,-0.0302734504077196,-0.0327560799669191,-0.0760820956139079,-0.0454965018047047
L1027  "S2_B_exclude_code32",26,0.0239815744892219,-0.0335848366650544,-0.0363995004980746,-0.0399174670133113,-0.07513489388876
L1028  "S2_B_exclude_code32",27,-0.0215039806577475,0.00246990973245066,0.00679261781128634,-0.0793500298938756,-0.0810723352849952
L1029  "S2_B_exclude_code32",28,0.00750754288573256,-0.0563528931327143,-0.0439716290255363,0.0376873873592163,-0.0822212909547666
L1030  "S2_B_exclude_code32",29,0.0148650054164633,-0.0468517883512049,-0.0501382234755398,-0.032033122114282,0.0165001130419321
L1031  "S2_B_exclude_code32",30,-0.000648134696898728,-0.0410943082403387,-0.0482801840977136,-0.019676419866075,-0.0600150232312958
L1032  "S2_B_exclude_code32",31,0.0115810819428574,-0.00626999481426664,-0.036384652424789,-0.0380006913659575,-0.0133897928518752
L1033  "S2_B_exclude_code32",32,-0.0148280086997304,-0.0131406046254187,0.0239185426846833,-0.0442160386782211,-0.0116965376671956
L1034  "S2_B_exclude_code32",33,-0.00673191597072878,-0.0529702373934368,0.0216113123735866,-0.0339734289992799,-0.129822776230551
L1035  "S2_B_exclude_code32",34,-0.00233985258579517,-0.0253700060036244,-0.0209286688388746,-0.0166740507433495,-0.0419749579850268
L1036  "S2_B_exclude_code32",35,-0.00212051476560664,-0.0454886278083484,-0.0763545600087881,0.0249630767762681,-0.0757583364101227
L1037  "S2_B_exclude_code32",36,-0.00138733574820693,-0.0285664054017346,-0.0531309340521422,-0.031773766308958,-0.0573736481036242
L1038  "S2_B_exclude_code32",37,0.00533974477565876,-0.0430595722492071,0.00923859776955391,-0.0208028382895891,-0.00234417226239808
L1039  "S2_B_exclude_code32",38,0.0137773352109482,-0.0364762623393941,0.0280400144680573,-0.0601101642547198,-0.0129049478293243
L1040  "S2_B_exclude_code32",39,0.0180638144302935,0.00898789863008036,-0.0156493998328397,0.00114173494489883,-0.00936494000148097
L1041  "S2_B_exclude_code32",40,5.32281273299545e-05,-0.0750314970992349,-0.0108657171036512,-0.024419898039178,0.00246956761742473
L1042  "S2_B_exclude_code32",41,-0.00769009847579447,-0.0281140581347679,-0.0120906891074481,0.0274708235761877,-0.0592194830622143
L1043  "S2_B_exclude_code32",42,0.00210661543573316,-0.0541981991482979,-0.0458163158607793,0.0123089763349947,-0.113200909383447
L1044  "S2_B_exclude_code32",43,-0.00832127831963271,-0.0249264728487315,-0.0576877851225113,0.00197224228542844,-0.0729457561273255
L1045  "S2_B_exclude_code32",44,0.00465065370729296,-0.0275432881718515,-0.0206462030440208,-0.0770678449902245,-0.0530604879529751
L1046  "S2_B_exclude_code32",45,0.0140292529299599,-0.0297982870316902,-0.0218145676608392,-0.0712770774098445,-0.0181441398638515
L1047  "S2_B_exclude_code32",46,0.0175422613190337,-0.0976738969497366,-0.0416476652654918,-0.0104469957374034,-0.105783208467277
L1048  "S2_B_exclude_code32",47,-0.0168435786976408,-0.00867453734075167,-0.00450827750231492,0.000653818281431073,-0.105583754739729
L1049  "S2_B_exclude_code32",48,-0.0261472081242124,-0.0422195879494841,-0.0277265749239604,-0.0675123584381852,-0.125641631416662
L1050  "S2_B_exclude_code32",49,-0.00912118581258656,-0.0175556907718668,-0.0412925844523163,-0.00738258354824195,-0.0264222260733623
L1051  "S2_B_exclude_code32",50,-0.0134106631234565,-0.0253249008625083,-0.0651005793824087,-0.0531256270099805,0.0181899060519127
L1052  "S2_B_exclude_code32",51,-0.00249850694081448,-0.0200005120326247,0.0110233315764901,-0.0522767236094079,-0.0488645868425892
L1053  "S2_B_exclude_code32",52,-0.0203008764931773,-0.0559327945633844,-0.0359207018975638,-0.0169410563652263,-0.087367017524797
L1054  "S2_B_exclude_code32",53,-0.00654343219406044,-0.00691045372088681,-0.00375557846673835,-0.0580042235203427,-0.088606724741944
L1055  "S2_B_exclude_code32",54,-0.0284992084121044,-0.0239409257402085,-0.0337261960207668,-0.0897361619906344,0.00260283162478275
L1056  "S2_B_exclude_code32",55,0.0114007835505543,-0.0275620644618589,-0.0137078743245327,0.00163955820395043,-0.0629062483669538
L1057  "S2_B_exclude_code32",56,0.0162963511367429,-0.0205720745329924,-0.0338394646403578,-0.0548073190334333,-0.0437989321689665
L1058  "S2_B_exclude_code32",57,-0.018756327516129,-0.026759607577947,0.00440205336506064,-0.00148891146374933,-0.0861764644108328
L1059  "S2_B_exclude_code32",58,0.00555889464657192,-0.0357121082966872,-0.00675122538635611,-0.0299528694269003,-0.0805539198203758
L1060  "S2_B_exclude_code32",59,0.0343509177378975,-0.073552079448617,0.000253388060627441,-0.102411481971735,-0.0966908862038321
L1061  "S2_B_exclude_code32",60,0.0395603689409566,-0.0455602615083091,0.0224271976288982,-0.0265836429894854,-0.0097536025691326
L1062  "S2_B_exclude_code32",61,0.00153512275394875,-0.0362686615462935,-0.0170279832348827,-0.0322834536125344,-0.0818581510436132
L1063  "S2_B_exclude_code32",62,-0.00994196696166729,-0.0477335827289844,0.00346322156686893,-0.0414834862699624,-0.0188233889907622
L1064  "S2_B_exclude_code32",63,0.0169661186290583,-0.0207665252305888,-0.0328108362150056,-0.0516450138388791,-0.11188971322444
L1065  "S2_B_exclude_code32",64,-0.00413978474877202,-0.0568789700392617,-0.00300786446562121,0.0302454518157447,-0.061972642214685
L1066  "S2_B_exclude_code32",65,-0.0136296833254536,-0.0197514115903204,-0.00128974943166271,-0.0480945036294624,-0.0469192708422049
L1067  "S2_B_exclude_code32",66,-0.0105245899622506,-0.0829568081781726,-0.0630943426754428,-0.0121541558679383,-0.092383686547252
L1068  "S2_B_exclude_code32",67,-0.0123101138619528,-0.0334456427646098,0.000445871536349174,0.0262011940299308,-0.0195741878219173
L1069  "S2_B_exclude_code32",68,-0.00831442274911453,0.0258764661889728,-0.0509986776054595,0.0627161743833635,-0.0619971922424236
L1070  "S2_B_exclude_code32",69,0.000171422894884476,-0.0858873465860151,-0.00345125218240697,-0.0202440912249282,-0.0220879893346045
L1071  "S2_B_exclude_code32",70,-0.0189900073645402,-0.076710168226542,-0.0565015340455978,-0.0317291190935491,-0.0912075316215238
L1072  "S2_B_exclude_code32",71,-0.0154267116057122,-0.0301741793489956,-0.0279080750633959,-0.04532785297826,-0.0305378646381328
L1073  "S2_B_exclude_code32",72,0.0140228720607661,-0.0265986903580216,-0.0592841380324298,-0.0462449413078495,-0.0634257365465454
L1074  "S2_B_exclude_code32",73,0.00798684130552642,-0.0805813414950153,-0.0528611346774022,-0.00729143741854651,-0.0781768660362986
L1075  "S2_B_exclude_code32",74,0.0122429828713581,-0.0477472585887048,-0.0168266349401577,-0.00497224272037136,-0.0863357029111738
L1076  "S2_B_exclude_code32",75,-0.00433333571749926,-0.0712950336243169,-0.0731489781758781,-0.00775121294213307,-0.0743945475013457
L1077  "S2_B_exclude_code32",76,0.0198832798809241,-0.0544028572383569,-0.0567834335816296,-0.0511520076750663,-0.0198784152199284
L1078  "S2_B_exclude_code32",77,0.018895791565802,0.024255817630234,-0.0403323510844172,-0.0620737281812326,-0.034599036530332
L1079  "S2_B_exclude_code32",78,-0.00625023970179377,-0.0484874179699648,-0.0689609967672587,0.0078762509345609,-0.0856244323816279
L1080  "S2_B_exclude_code32",79,-0.0105863344773202,-0.0624282525241317,-0.0559733261503291,0.00530288530398784,-0.0278327809309817
L1081  "S2_B_exclude_code32",80,-0.0103401403257295,-0.0297331711999841,0.00692100623878014,-0.0594973663325294,-0.0152894667163911
L1082  "S2_B_exclude_code32",81,-0.011768435200432,-0.0122078959057163,0.0242209044662503,-0.0456664521372067,-0.0509582481381286
L1083  "S2_B_exclude_code32",82,-0.0055999997317501,-0.0476183195573979,0.0410332590759319,-0.0466138198646204,-0.0801729877503798
L1084  "S2_B_exclude_code32",83,0.00902106678428333,-0.0798911554810782,-0.0224116459248752,-0.0480824235710459,-0.0639206536911439
L1085  "S2_B_exclude_code32",84,0.00908309689231072,-0.020600503578633,0.0274364554536468,-0.0534190222877951,-0.0511984249143834
L1086  "S2_B_exclude_code32",85,0.01898662576803,-0.0437684646052759,-0.0169728406157365,-0.0405970491243061,-0.0470932949753647
L1087  "S2_B_exclude_code32",86,0.0011257169273951,-0.0356741420581257,-0.0546703375496619,-0.0474356864072827,-0.100471950300147
L1088  "S2_B_exclude_code32",87,-0.0110545233785228,-0.00709578073830842,-0.00880546221762882,-0.02283020150217,-0.0370353049414965
L1089  "S2_B_exclude_code32",88,0.00204331181428576,-0.0781751294532223,0.0411646728713005,-0.0345649565615031,-0.0554613990902472
L1090  "S2_B_exclude_code32",89,0.0327023003156221,-0.0155404422539334,0.0301279594223244,-0.0446323501415599,-0.119073944019633
L1091  "S2_B_exclude_code32",90,-0.00647986487427311,-0.0671276983155376,0.0194094579668285,0.00725097444741946,-0.137158155982459
L1092  "S2_B_exclude_code32",91,0.0180937641702073,-0.0496271587341147,-0.0092683192716452,-0.00850020904733195,-0.0820682657588477
L1093  "S2_B_exclude_code32",92,-0.0154596446623536,-0.0369750998587552,-0.032096870739009,-0.00620222932505465,-0.0775648292674764
L1094  "S2_B_exclude_code32",93,-0.0227790344810623,-0.0260945873148907,-0.0400104416824554,-0.025705008005684,-0.0363704238117709
L1095  "S2_B_exclude_code32",94,-0.00618677018917155,-0.0195033883182219,-0.0221346279732284,-0.041209034302874,-0.138111065626674
L1096  "S2_B_exclude_code32",95,-0.0235715743061897,-0.0433151570151643,-0.00315293520654011,-0.00809611904915039,-0.079687701235042
L1097  "S2_B_exclude_code32",96,-0.0140686683466201,-0.0205142043922002,-0.0199735610339635,-0.0458000004779994,-0.066971504180382
L1098  "S2_B_exclude_code32",97,0.0214047728335917,-0.056250516864428,0.043194083239929,-0.0428944469855085,-0.0570946154010947
L1099  "S2_B_exclude_code32",98,-0.000862061775480275,-0.0220142339608919,-0.0110001378724252,-0.0349636762937743,-0.0228562165223962
L1100  "S2_B_exclude_code32",99,0.00251757800075417,-0.0312694041488478,-0.0285861383969921,-0.0310463624596904,-0.074277173790483
L1101  "S2_B_exclude_code32",100,-0.00833586041814663,-0.023789467220075,-0.0710494495784101,-0.0279483377721869,-0.0411338696200796
L1102  "S2_B_exclude_code32",101,-0.0111733676437503,-0.0382951080754185,0.0478244928049656,-0.0440919760049544,-0.0620329718255958
L1103  "S2_B_exclude_code32",102,-0.00620747816495316,-0.0538275275676678,-0.0244059672141697,0.0066007971790768,-0.066982686528009
L1104  "S2_B_exclude_code32",103,-0.0127432382129214,-0.0271910836045951,0.00224784066637321,-0.0563237585915464,-0.0534890384703631
L1105  "S2_B_exclude_code32",104,0.00258597422360481,-0.0296112995324145,-0.0740196957364527,-0.00408063378895587,-0.0294032677353454
L1106  "S2_B_exclude_code32",105,0.032239484773538,-0.0704854551937241,0.00206399018918989,-0.0665493514799454,-0.0684215464903506
L1107  "S2_B_exclude_code32",106,-0.01044879750573,-0.0372667539833208,0.0189809994341309,-0.00195240836310695,-0.00743858785941964
L1108  "S2_B_exclude_code32",107,0.0214842029148456,-0.0258387048413056,-0.0399253850539758,-0.0732170372267418,-0.0316227700059964
L1109  "S2_B_exclude_code32",108,-0.029251584266317,-0.0416492875558606,-0.00282147351924805,-0.0160975664054085,-0.0551887392730888
L1110  "S2_B_exclude_code32",109,-9.58867546443642e-05,-0.00431733134084246,-0.0385295933214678,0.0307848671599366,-0.0890088803341129
L1111  "S2_B_exclude_code32",110,0.0107568067321388,-0.00632313409150674,-0.0427554273986281,-0.0485335839090441,0.0284745800337517
L1112  "S2_B_exclude_code32",111,-0.0064703071733106,-0.0138134666247695,-0.0505303776683298,-0.0604271588065641,-0.0939507886882706
L1113  "S2_B_exclude_code32",112,-0.0212189040182796,-0.044007272013394,0.00436197307728081,0.0212318863567229,-0.0020205210814796
L1114  "S2_B_exclude_code32",113,0.00583584902192822,-0.0155027573112995,0.0353247087868243,-0.038400723457274,-0.0888005860811119
L1115  "S2_B_exclude_code32",114,-0.00561604343384295,-0.0628655558692521,0.0185081290692526,-0.0107054579189261,-0.100283314722879
L1116  "S2_B_exclude_code32",115,-0.0122677873210006,-0.075429830502328,-0.0315103881718994,0.0222906351698949,-0.114079514178709
L1117  "S2_B_exclude_code32",116,0.0125261966210895,0.00771152805088682,-0.0588644182118173,-0.0105095768158662,-0.0414691991495171
L1118  "S2_B_exclude_code32",117,0.0245379538939408,-0.0273845328167532,0.00482561103737078,-0.0879236427117034,-0.0904919620457431
L1119  "S2_B_exclude_code32",118,0.00345731694003594,-0.0889463932086685,-0.0517374113623785,-0.0211397860801036,-0.0137449784019376
L1120  "S2_B_exclude_code32",119,-0.0131996272683834,0.0110472266163676,-0.0130580391070031,-0.0189438080787287,-0.0908528541433309
L1121  "S2_B_exclude_code32",120,0.00104949206585814,-0.0420719601487383,0.00287897562901951,-0.00137762567953678,0.00898319548124704
L1122  "S2_B_exclude_code32",121,-0.00673537613852769,-0.0624634444325671,-0.00504208172838363,-0.110600564580632,-0.0234941717666188
L1123  "S2_B_exclude_code32",122,-0.00587133428806735,-0.0868702986763855,-0.0624336740710143,-0.0249515956172873,-0.0992105202253327
L1124  "S2_B_exclude_code32",123,0.00217097246278605,-0.00668766197919676,-0.0129365569718112,-0.0312233512749822,-0.0726709302373095
L1125  "S2_B_exclude_code32",124,0.00818823995849958,-0.00494543265497793,-0.0509790515897129,-0.0101326216928648,0.0377599108363815
L1126  "S2_B_exclude_code32",125,-0.016632028797143,0.00700416259676727,-0.0634568561336124,-0.0519583786729732,-0.123017743877578
L1127  "S2_B_exclude_code32",126,0.0280637997194461,-0.0679899699408469,-0.0482249086481502,-0.0135204605961391,-0.0114433346724604
L1128  "S2_B_exclude_code32",127,-0.00353399408721676,-0.0590746636243202,-0.015849337879098,-0.0232796790373855,-0.0680548527828299
L1129  "S2_B_exclude_code32",128,-0.00820656314890649,-0.036725623723929,-0.0572931334957966,-0.0211337562914286,-0.0545764496513515
L1130  "S2_B_exclude_code32",129,-0.0186379208486252,-0.033043491493644,0.00818123068995745,-0.0221700127583976,-0.084286823149869
L1131  "S2_B_exclude_code32",130,0.0120854747422778,-0.0398630622622736,-0.0253590045578438,-0.0212041998354555,-0.0526689016108127
L1132  "S2_B_exclude_code32",131,0.0111968252534987,-0.037872099122178,-0.0604955961396878,-0.0435366634184173,-0.0616758323854186
L1133  "S2_B_exclude_code32",132,0.0181703188260471,-0.00218716776388704,-0.0341893635899097,0.0010265031227446,-0.0190305822612563
L1134  "S2_B_exclude_code32",133,0.0213801067712228,-0.00119443147087492,-0.0254300400806422,-0.038654139027256,-0.153947061840294
L1135  "S2_B_exclude_code32",134,-7.06727206804675e-05,-0.00793931844159462,-0.0760701877512314,0.0285373785658932,-0.0594260304430654
L1136  "S2_B_exclude_code32",135,-0.0196609925834521,-0.028117804905681,-0.0409143532727111,-0.0251251701741288,-0.0501366448331927
L1137  "S2_B_exclude_code32",136,-0.00449692550511178,-0.0542074084882645,-0.0681865028771404,-0.0187198741987208,-0.0460774159959985
L1138  "S2_B_exclude_code32",137,-0.0357833384213474,-0.040911795748252,-0.0139531050156394,-0.0384953267151924,-0.0412087145117663
L1139  "S2_B_exclude_code32",138,-0.0155726424489938,-0.0353361872409595,-0.0259281287422173,-0.00399459026054061,-0.0444504407677233
L1140  "S2_B_exclude_code32",139,0.0178865494985298,-0.0426253970278728,-0.0455503354365716,-0.0561698998117331,0.0051741067314709
L1141  "S2_B_exclude_code32",140,-0.00542162421687756,-0.0380428368797805,0.0158643554094013,-0.0126788852933256,-0.0664939398875785
L1142  "S2_B_exclude_code32",141,0.0184852641135906,-0.0386797748073672,0.0241779495526543,-0.0765477237449126,-0.0498231448419763
L1143  "S2_B_exclude_code32",142,0.00142928822979412,-0.0321906889133835,-0.0406341902336071,-0.0608550844725933,-0.0905580459764964
L1144  "S2_B_exclude_code32",143,0.0121679061387124,-0.0308946598315128,-0.0273769366616548,-0.0830499158465887,-0.024030306745053
L1145  "S2_B_exclude_code32",144,0.00199394426590345,-0.0727828764463282,0.0112121161276802,0.0172017040275073,-0.0735667180518808
L1146  "S2_B_exclude_code32",145,-0.0103741693849235,-0.0243921066889029,0.0105129374299468,-0.0310762735085659,-0.0736898065610092
L1147  "S2_B_exclude_code32",146,0.0279078300049409,-0.00815356105368119,-0.0232743416142324,-0.0178349233685302,-0.0812160539040648
L1148  "S2_B_exclude_code32",147,0.014687224215352,-0.0344624868538922,0.0149210905567512,-0.00787954293241841,-0.0299177301409556
L1149  "S2_B_exclude_code32",148,-0.00727315981850734,-0.0162373789646189,-0.0487415712951982,-0.0141893612260819,-0.0694822070990558
L1150  "S2_B_exclude_code32",149,-0.0215836030866783,-0.0230823201395512,-0.027850801159135,-0.0789015411105204,-0.0511064962669087
L1151  "S2_B_exclude_code32",150,0.0175118382712976,-0.0217887094733067,0.0598464025421207,-0.10275949522936,-0.0585491447005122
L1152  "S2_B_exclude_code32",151,-0.0223378054532651,-0.0712922676046262,0.00893715500441901,0.0160692265090655,-0.0636539941890155
L1153  "S2_B_exclude_code32",152,0.00188355543876526,-0.0152369848848463,-0.00254037157918854,-0.0354643290204974,-0.0993036566205327
L1154  "S2_B_exclude_code32",153,-0.00442046904753755,-0.0580807364179756,-0.0684703676560944,0.0119537171697714,-0.0282885619647989
L1155  "S2_B_exclude_code32",154,-0.0232540489015066,-0.0621410379508028,-0.0116138780521122,-0.0696053095031481,-0.0629583896778398
L1156  "S2_B_exclude_code32",155,0.0132347517297743,-0.00859387120412389,-0.0433925263254754,-0.0429111672779341,-0.0876173287814152
L1157  "S2_B_exclude_code32",156,-0.0372797485745051,-0.0255972702859223,-0.0368597291667553,-0.0622686977262248,-0.0400058014193312
L1158  "S2_B_exclude_code32",157,0.00831566226866118,-0.0464416802276804,0.0055742974344061,-0.05202320017461,-0.0372914445257038
L1159  "S2_B_exclude_code32",158,0.0122299009019287,-0.0350068868193263,-0.048607929761925,-0.00950600117275721,-0.0900078228565569
L1160  "S2_B_exclude_code32",159,0.0327175320668096,-0.0210577470317156,-0.0549915491072888,0.0456691271559991,-0.0711138557853624
L1161  "S2_B_exclude_code32",160,0.0149097775426053,-0.0465315025075585,-0.00523170030721448,-0.000164321294629843,-0.0379952742934209
L1162  "S2_B_exclude_code32",161,0.0114145023269654,-0.0704560201020325,0.00710172338662582,0.00740391243680516,-0.0750452281578177
L1163  "S2_B_exclude_code32",162,-0.00864543409340986,-0.0724196091610737,-0.0343809108184138,-0.0257475073659349,-0.0598362579783864
L1164  "S2_B_exclude_code32",163,0.00649782039474312,-0.0686994747556532,0.00669353168582335,-0.00799365896383139,-0.0950499880025686
L1165  "S2_B_exclude_code32",164,0.0294409910152985,-0.0260906240996708,-0.0416156680067916,-0.0380516763880535,0.012276353397241
L1166  "S2_B_exclude_code32",165,-0.0125927964121285,-0.0701134642965249,0.00583779691890157,-0.0714948928879579,-0.0873446748635973
L1167  "S2_B_exclude_code32",166,-0.032294102361575,-0.0202528966811129,0.0135315316679102,-0.00405675702179351,-0.0997265185415376
L1168  "S2_B_exclude_code32",167,-0.010450170477102,-0.0692407296783785,-0.0122518351138916,-0.0202755221408036,-0.0809098026970085
L1169  "S2_B_exclude_code32",168,0.00904484309970766,-0.0341875128259497,0.00306532310854488,-0.0252201480834688,-0.0287715918017443
L1170  "S2_B_exclude_code32",169,0.0306062863757325,-0.0418982825490161,0.0167612708255009,-0.0862541248829478,-0.0222845456818267
L1171  "S2_B_exclude_code32",170,0.00699896173922171,-0.0559090610884689,-0.0228730108682955,-0.0447885542309941,-0.0787945478113669
L1172  "S2_B_exclude_code32",171,-0.0130199174657557,-0.0332963469165904,-0.0421173204898782,-0.00781075303033121,-0.0313225018973766
L1173  "S2_B_exclude_code32",172,0.020860410227059,-0.0712961946326583,0.0129725519848625,-0.0489070841091134,-0.0758396975635949
L1174  "S2_B_exclude_code32",173,-0.0220052757204503,-0.0560431621229589,0.0260811695955835,-0.076899642267949,-0.0625722165097268
L1175  "S2_B_exclude_code32",174,0.00514614944792197,-0.00565173587331699,-0.0574636880184564,-0.0300841164404478,-0.0803467710270002
L1176  "S2_B_exclude_code32",175,0.0142815466281747,-0.0256879961504823,0.000481784676202274,-0.0532556582463894,-0.0703980590600726
L1177  "S2_B_exclude_code32",176,-0.00912889133177874,-0.0260808795729092,-0.0719683616419323,-0.0296717950478945,-0.102362018139369
L1178  "S2_B_exclude_code32",177,-0.0200940572448262,-0.0449330389921799,-0.0134404052739735,-0.0585320850127039,-0.0696017787790032
L1179  "S2_B_exclude_code32",178,0.0350069162985941,-0.0582690557308824,-0.0139522363469329,-0.0223367368898767,-0.0860523563515719
L1180  "S2_B_exclude_code32",179,0.0448040678853226,-0.022226985336161,-0.0517155261358677,-0.0998413827001051,-0.0242452604004344
L1181  "S2_B_exclude_code32",180,-0.0263427129857794,-0.0301282753515077,-0.0178133790818672,-0.0425590449018291,-0.0539631898376065
L1182  "S2_B_exclude_code32",181,0.0110853806485071,-0.043109628656088,-0.0356129979941831,-0.0481847858999415,-0.0627856536399297
L1183  "S2_B_exclude_code32",182,-0.00364546054945162,-0.00693420899247697,-0.00815375521960493,0.0208790298244408,-0.00926123548351809
L1184  "S2_B_exclude_code32",183,-0.00741673489323316,-0.0315703601426754,-0.0540823736584814,-0.0590574446177815,-0.0707580879526501
L1185  "S2_B_exclude_code32",184,-0.0041691593153946,-0.0299346707238187,-0.010265077683688,0.00836606688601338,-0.0824797166633638
L1186  "S2_B_exclude_code32",185,0.00236405541149189,-0.0551283167337093,0.0516188291990788,-0.0134739204285172,-0.0266057491424452
L1187  "S2_B_exclude_code32",186,-0.0064847056654002,-0.0172159818085699,0.00693931202741838,0.00426332297699955,-0.0635302473397243
L1188  "S2_B_exclude_code32",187,0.00137989677690134,-0.0392160548678751,0.014753045341605,-0.0515321929682069,-0.0389673342076047
L1189  "S2_B_exclude_code32",188,-0.0289107273414184,-0.00635857766991269,0.00895755311990343,-0.0818455574427991,-0.0284873124764493
L1190  "S2_B_exclude_code32",189,0.0147605408713502,-0.0230889806846764,-0.0491746450980773,0.0110107895403079,-0.0984245688104045
L1191  "S2_B_exclude_code32",190,0.00652676640125469,-0.0340390580130535,-0.0383481308396314,-0.0382182015818102,-0.0594809111608151
L1192  "S2_B_exclude_code32",191,-0.00693315871129107,-0.0296343333673302,-0.104802858859028,0.00486426645695331,-0.0464668393001645
L1193  "S2_B_exclude_code32",192,-0.0155054217350255,-0.020278504787996,0.00375007273082972,-0.0492219549762484,-0.063136830034999
L1194  "S2_B_exclude_code32",193,0.0144885240758821,-0.0296145313888292,-0.0123434347800082,0.00476976215656721,-0.135124240765531
L1195  "S2_B_exclude_code32",194,0.00162711582764558,-0.0368369977971017,0.0177548591372704,-0.0432345288044542,-0.0500823914957529
L1196  "S2_B_exclude_code32",195,-0.0177777491574854,-0.0361107957128335,0.0127965211529429,-0.0334881019560885,-0.0608919582206638
L1197  "S2_B_exclude_code32",196,0.0130271290994064,-0.0495618593991108,0.0296597546014907,0.0601748228477297,-0.0328074871103653
L1198  "S2_B_exclude_code32",197,-0.00811947197657223,-0.0318242156520944,-0.0283175979477754,-0.00448621262956753,-0.000456178123523721
L1199  "S2_B_exclude_code32",198,0.0276675650670158,-0.0378670999803849,-0.0392443869081542,-0.0339502875594975,-0.0814833886599323
L1200  "S2_B_exclude_code32",199,-0.00900796069993308,-0.0464589824647523,-0.00582185298195104,-0.107209410802393,-0.0233903757094089
L1201  "S2_B_exclude_code32",200,-0.00963281082460995,0.0142167387325471,-0.00571071567371348,-0.129998438751336,-0.0344773311355023
L1202  "S2_B_exclude_code32",201,0.0195690155086237,-0.0425451898285618,-0.0173815334698929,0.0122437681856958,-0.0544935812535933
L1203  "S2_B_exclude_code32",202,-0.0292085894582614,-0.067452418841978,0.0298761054376008,-0.0663259398636602,-0.100096858242213
L1204  "S2_B_exclude_code32",203,-0.00964211967758997,-0.03326077299719,-0.0249602933915406,-0.0823420426550507,-0.0525523002707736
L1205  "S2_B_exclude_code32",204,-0.00518640652674396,0.00519932568404581,-0.0569782324340892,-0.0643692164153619,-0.135623338460044
L1206  "S2_B_exclude_code32",205,-0.0020268419427639,-0.0384229379254075,-0.0568365479497503,-0.0310279244302937,-0.113349146035127
L1207  "S2_B_exclude_code32",206,0.00868783735228338,-0.0558609059829554,-0.0226158625533083,0.0232616942938566,-0.0116391524652089
L1208  "S2_B_exclude_code32",207,-0.0391044584056505,-0.0543606260490171,-0.0470478013980063,0.0189378428669835,-0.084430984082606
L1209  "S2_B_exclude_code32",208,0.0209440416511326,-0.0106444135683472,-0.0718485963488579,-0.00802179075953804,-0.117310553813319
L1210  "S2_B_exclude_code32",209,0.00760447909042171,-0.0505157361508035,-0.0302873647715912,-0.0440589876120272,-0.0635663208612937
L1211  "S2_B_exclude_code32",210,-0.0201567852363961,-0.036841638775552,-0.00825631671179891,-0.0155567189180734,-0.0921944632414982
L1212  "S2_B_exclude_code32",211,0.000604428208515931,-0.0574640406119531,-0.0240116848343358,0.00315258645117483,-0.0563436200921703
L1213  "S2_B_exclude_code32",212,0.00897761639269754,-0.0484286071412039,-0.0242035730964869,-0.028184223988552,-0.0262524756543636
L1214  "S2_B_exclude_code32",213,0.0262417627841145,-0.0258424933269061,-0.0655911204435557,-0.0451426514522482,-0.0313519605408015
L1215  "S2_B_exclude_code32",214,0.0211990074735904,-0.045010871454735,-0.0211734979054261,0.0245463294643298,-0.112629586746128
L1216  "S2_B_exclude_code32",215,0.00374411856230819,-0.0102054223394054,-0.00339107061111457,-0.0350978383855843,-0.0655033923492646
L1217  "S2_B_exclude_code32",216,0.0154917041393027,-0.0312962178887618,-0.00693778261706235,-0.0199794976855968,-0.0509567434928826
L1218  "S2_B_exclude_code32",217,0.00589312383009545,-0.0404422040937058,-0.0431179607906624,-0.0356425110265045,-0.0524080023694977
L1219  "S2_B_exclude_code32",218,-0.00376533771227427,0.00996119507807236,-0.00602814286391237,0.00548268583073444,-0.0226747760163689
L1220  "S2_B_exclude_code32",219,-0.0259563032004062,-0.0476910853151541,-0.0437860181645531,-0.0270962648057955,-0.0842970353672933
L1221  "S2_B_exclude_code32",220,0.0171195367175328,-0.0252602004195561,-0.0138542651386081,0.0195776182875887,-0.0646120216827929
L1222  "S2_B_exclude_code32",221,0.00739522733976615,-0.0284830755621574,-0.0426856454502709,-0.0269986663503785,-0.0853897235826241
L1223  "S2_B_exclude_code32",222,0.0183943809256877,-0.0374298372433633,-0.0201201119840859,-0.0326936513062314,-0.00429276611038865
L1224  "S2_B_exclude_code32",223,0.010233987833064,-0.025711629626251,-0.00261831308571631,-0.0352054740542973,-0.130563151697994
L1225  "S2_B_exclude_code32",224,-0.0329835358515081,-0.0260939202189526,-0.00610435812015767,-0.0113766609410256,-0.0591988886318557
L1226  "S2_B_exclude_code32",225,0.0102327410636637,-0.0587790382787891,-0.000936113209960537,0.0156820514515469,-0.0486360006425569
L1227  "S2_B_exclude_code32",226,0.0158490489489924,-0.0496145336449359,-0.0221632463140605,-0.00503840082353957,0.00578327977070414
L1228  "S2_B_exclude_code32",227,-0.00537467661991014,-0.0683575225596036,-0.0426463087480782,-0.0185611130439156,-0.0617556493400166
L1229  "S2_B_exclude_code32",228,0.0203179797693101,-0.0468992631806763,0.00379949473147168,-0.0189613644750299,-0.113146196042637
L1230  "S2_B_exclude_code32",229,0.0107305428157677,-0.0505269971301404,-0.0590589269017549,0.0101464941607552,-0.0890783442600786
L1231  "S2_B_exclude_code32",230,0.00270350583253327,0.00599887863568076,-0.0172850455183082,-0.0536497394957023,0.0118387762635808
L1232  "S2_B_exclude_code32",231,-0.000470122662079062,0.00124741295575991,-0.015794857336983,-0.0423342196827231,-0.0941935158431541
L1233  "S2_B_exclude_code32",232,0.0233148397116638,-0.000345551837002717,-0.0161293395732911,-0.00040467278960421,-0.0509866163886351
L1234  "S2_B_exclude_code32",233,-0.0247498787509603,-0.0321069988742044,-0.024027205758636,-0.0510464912899749,-0.0509138445293517
L1235  "S2_B_exclude_code32",234,0.0168506195687261,-0.0613492520072704,-0.0516406748803606,-0.00558903079412004,-0.00101557920242606
L1236  "S2_B_exclude_code32",235,-0.00155313368896788,-0.0178874642838016,-0.0275432210961357,-0.0601721006376482,-0.0280531233676511
L1237  "S2_B_exclude_code32",236,0.00663539106246955,-0.0108900021761836,0.0143377947182654,0.0107855775943752,-0.119034876982482
L1238  "S2_B_exclude_code32",237,-0.0375842455730458,-0.0359471165724189,0.0219597512747952,0.0314374703849088,-0.069727569535157
L1239  "S2_B_exclude_code32",238,-0.00648273900859028,-0.00408451755072278,-0.00204070301749182,-0.0570771784111877,0.0100519882619076
L1240  "S2_B_exclude_code32",239,0.0338244516725145,-0.045464222551824,-0.0363233512369353,-0.0052278071716538,-0.0489297699681488
L1241  "S2_B_exclude_code32",240,0.0154009714629402,-0.0398513497944263,-0.0816749178313456,0.00995052516695888,-0.0168712328706444
L1242  "S2_B_exclude_code32",241,0.0131491738149877,-0.00491260823619138,-0.00479621161932201,-0.0306342520721714,0.00439563288307665
L1243  "S2_B_exclude_code32",242,0.0198815641650255,-0.0271241216073907,-0.00746321228688351,-0.0282034525730433,-0.0707244181506363
L1244  "S2_B_exclude_code32",243,0.011016435906271,-0.00706754647389925,-0.0241385762556099,-0.0496411192269355,-0.0544354161475334
L1245  "S2_B_exclude_code32",244,0.00790430501051119,-0.0337470177912958,-0.0435506835667868,-0.10480616828736,-0.0300135265840003
L1246  "S2_B_exclude_code32",245,0.00618216345559672,-0.0327789277364743,0.0226568965041905,-0.015080034015498,-0.0964770738176428
L1247  "S2_B_exclude_code32",246,0.0288881187499014,-0.0387500768274566,0.0215170047845866,-0.0661157550992324,-0.114634931743208
L1248  "S2_B_exclude_code32",247,0.0349226975764629,-0.0420940309020727,-0.000665131091000831,-0.042280706600544,-0.0665968284844627
L1249  "S2_B_exclude_code32",248,0.034012740806038,-0.0213854115227815,0.0499860312621692,-0.0382528391421005,-0.0506928918801681
L1250  "S2_B_exclude_code32",249,0.0073557730136058,-0.0459289683917049,-0.0749324575572977,0.00426156942067993,0.000982632916379178
L1251  "S2_B_exclude_code32",250,0.00223303596285673,-0.0442372998435185,0.00707401312096373,-0.0911217713645722,-0.0631909226614761
L1252  "S2_B_exclude_code32",251,-0.0504275566024783,-0.0155570220172864,-0.0227562138519911,0.00875180877455814,-0.0304967747682696
L1253  "S2_B_exclude_code32",252,0.00875111254175576,-0.060255518709154,-0.0459262641422683,-0.0692438892470621,-0.0785754717893768
L1254  "S2_B_exclude_code32",253,-0.000518352341761341,-0.0495778362151143,0.0377099429692741,-0.0128166470514159,-0.0834983098070629
L1255  "S2_B_exclude_code32",254,-0.0121340561464642,-0.00818274595014745,-0.0316199515750615,-0.071736636715374,-0.0330533610729422
L1256  "S2_B_exclude_code32",255,-0.0123582444034263,-0.0130273375011515,-0.0510968375265154,-0.00469131397083353,-0.0140479400063925
L1257  "S2_B_exclude_code32",256,0.00079028699976684,-0.0728502136073798,0.00646443295358951,-0.00558522203565573,-0.0838339379182122
L1258  "S2_B_exclude_code32",257,-0.00854794495208029,-0.0385920214892566,-0.0104977743584945,-0.0169748346951008,-0.0353201586975253
L1259  "S2_B_exclude_code32",258,-0.00923116164269971,-0.0475712535116148,0.0340192624316415,-0.0617679081195288,-0.0401898268661433
L1260  "S2_B_exclude_code32",259,-0.0211260482179337,-0.00648105807825389,-0.046182691685396,0.0265301320590322,-0.105413695143538
L1261  "S2_B_exclude_code32",260,0.00401570777124731,-0.0359609838931689,0.00850151011405212,-0.0617742069442859,-0.0995010934059881
L1262  "S2_B_exclude_code32",261,0.0194326202823997,-0.0251976336880116,0.0169971893838009,-0.0233014102704387,-0.0129994810586675
L1263  "S2_B_exclude_code32",262,0.00945072981175991,-0.00751283971890367,0.000623582981630899,-0.0425749023315154,-0.040940136472506
L1264  "S2_B_exclude_code32",263,-0.000285693146274364,-0.00506980612924242,-0.0427935964239047,-0.0835909279515543,-0.0527007136513348
L1265  "S2_B_exclude_code32",264,0.00956616764020604,-0.0515787456020375,1.64269184755872e-05,-0.0108064633623402,-0.0236327063901509
L1266  "S2_B_exclude_code32",265,0.0099442182119439,-0.0699931944617592,-0.0371848855163423,-0.0326619574723785,-0.0180905389882184
L1267  "S2_B_exclude_code32",266,0.013252828935594,-0.0827832646404093,0.0139092211437848,0.0178430030538443,-0.0409946805019091
L1268  "S2_B_exclude_code32",267,0.0194877736386503,-0.0309457837348658,-0.0281298243732542,0.0303970364455816,-0.10497050052427
L1269  "S2_B_exclude_code32",268,-0.0034663003636403,-0.0335546136802504,-0.0351550306421471,-0.00374336046279028,-0.0701393532658131
L1270  "S2_B_exclude_code32",269,0.0187197293610308,-0.00191135884036005,-0.0290044406116281,-0.00817821467132113,-0.0358605829193199
L1271  "S2_B_exclude_code32",270,0.019031023876191,-0.0446213739093722,-0.00778957560694693,-0.0941555049421064,6.86147527602654e-05
L1272  "S2_B_exclude_code32",271,0.00486320460210064,-0.0036808834522485,-0.0749405819788015,-0.00837591481499858,-0.0314861166043599
L1273  "S2_B_exclude_code32",272,-0.0193741700756956,0.0108635537920283,-0.0329856035128029,0.0136460142524179,-0.0853378986942359
L1274  "S2_B_exclude_code32",273,0.0206270379211871,-0.0470513889438477,-0.0196915114830742,-0.0597641378274197,-0.0489768350379842
L1275  "S2_B_exclude_code32",274,0.00367889977795061,0.0220025210351173,-0.0225804021014477,-0.0555425872598619,-0.0567741934275202
L1276  "S2_B_exclude_code32",275,-0.00379196425098055,-0.0105228216704713,-0.0528767391114295,-0.0411666504371996,-0.112790141631777
L1277  "S2_B_exclude_code32",276,-0.0163792771174609,-0.0231084585310563,-0.0432370781895637,-0.0374096968121636,-0.0826907002911398
L1278  "S2_B_exclude_code32",277,-0.00336511842804334,-0.0789092686342072,0.0237451793032256,-0.0153137516554452,-0.00189649122811392
L1279  "S2_B_exclude_code32",278,-0.0306431630001185,-0.0419588420970013,-0.0188437569055421,-0.0388212953645558,-0.026825359786879
L1280  "S2_B_exclude_code32",279,-0.00227780662402141,-0.0243166046670431,-0.00424324453540681,-0.0897783197293087,-0.135454141764474
L1281  "S2_B_exclude_code32",280,0.00766681210803048,-0.00884144327027762,-0.0487435602909984,-0.057435135971278,-0.077658808659106
L1282  "S2_B_exclude_code32",281,0.0149289346744836,-0.0362633676526124,-0.0349377965098566,-0.0626421863690048,-0.0710609580768049
L1283  "S2_B_exclude_code32",282,-0.040687534037329,-0.0371146757756615,0.00310141959614024,-0.0339227692019908,-0.0305210508575943
L1284  "S2_B_exclude_code32",283,-0.0118825533959333,-0.0222149969373454,-0.0437630003150301,-0.0131206288235687,-0.0519587462585566
L1285  "S2_B_exclude_code32",284,0.00736794458055192,0.00244376866772208,-0.0436627773323179,-0.0686215672096016,-0.0626054706583369
L1286  "S2_B_exclude_code32",285,0.00905629731850804,-0.0406970719863877,-0.0437387871393304,-0.0888978489663481,-0.021766029944297
L1287  "S2_B_exclude_code32",286,0.000993500989632586,-0.0175810242074008,-0.0132882947764397,0.00404348954382996,-0.125465751796789
L1288  "S2_B_exclude_code32",287,-0.0169579303724561,-0.0421010707336012,-0.016007963774393,-0.0309890634753319,-0.0484686343800273
L1289  "S2_B_exclude_code32",288,0.0124117259198187,-0.0327513834722546,-0.0520809451757972,-0.0169398945773261,-0.131630198643565
L1290  "S2_B_exclude_code32",289,-0.0158520095226719,-0.041190256207131,-0.0271530479320944,-0.0256422651324578,-0.0484827097191445
L1291  "S2_B_exclude_code32",290,-0.0166764918045766,-0.0593237803088345,0.0433415472071547,-0.00953053668785647,0.00218586655239544
L1292  "S2_B_exclude_code32",291,0.014826762510993,-0.023981532441953,-0.0590820388462839,-0.0245922652195478,-0.0619756638509701
L1293  "S2_B_exclude_code32",292,0.0041346828683565,-0.0316632473976665,0.0116465687422758,-0.0771948514989904,-0.0905941576660996
L1294  "S2_B_exclude_code32",293,0.00597203391177695,-0.00812637842474502,-0.0507065736664975,6.39296264601796e-05,-0.044618966341642
L1295  "S2_B_exclude_code32",294,0.0137189052162631,-0.0119978754172645,-0.060209057821148,-0.0433093123173014,-0.132693699064845
L1296  "S2_B_exclude_code32",295,0.00716323080463271,0.00536068550799913,-0.0387339447978765,-0.0346282341751931,-0.0435284423192949
L1297  "S2_B_exclude_code32",296,-0.00310462111492274,-0.00732409114972575,-0.0376391200988874,-0.00260028504640664,-0.078942609553914
L1298  "S2_B_exclude_code32",297,-0.0124124744094189,-0.0314368235687531,-0.0301327457053855,-0.0612014686993995,-0.0951683445489396
L1299  "S2_B_exclude_code32",298,0.00111751773499277,-0.0872733160950878,-0.00976113045488053,-0.0526630494524811,-0.0132516416517079
L1300  "S2_B_exclude_code32",299,0.00118623665098855,-0.04328831230108,-0.0127132032605101,-0.0394370267473793,-0.0685715644785307
L1301  "S2_B_exclude_code32",300,0.0242855920618011,-0.0768431252381827,0.027032739718509,-0.00377943793342345,-0.0807618897479703
L1302  "S2_B_exclude_code32",301,-0.00827672205320694,-0.046548241706749,0.0142876574358546,-0.0364141619590877,-0.0731113789794693
L1303  "S2_B_exclude_code32",302,0.00236320528623653,-0.0246696986817617,0.00097608110101835,-0.0222673814648092,-0.0690709973806182
L1304  "S2_B_exclude_code32",303,0.0151186096331131,-0.0549870316436715,-0.0375627129749994,-0.0765182567090389,-0.0475548252479611
L1305  "S2_B_exclude_code32",304,0.0062545118767561,-0.0371476444107352,0.00435217669019328,-0.0436368252286845,-0.0682633446350453
L1306  "S2_B_exclude_code32",305,-0.0218215884458858,-0.0429824974424822,-0.00551155557658597,-0.0194021075626422,-0.0250311553455588
L1307  "S2_B_exclude_code32",306,0.00514646727657869,-0.0349792344838952,-0.032284605470963,-0.0415526527346901,-0.0874891526389592
L1308  "S2_B_exclude_code32",307,0.0283282618276743,-0.0276467044955228,-0.00594511728986694,-0.0200840807484117,-0.0662823983468356
L1309  "S2_B_exclude_code32",308,-0.00755381399183051,0.00284845990313774,-0.0495627254431919,-0.00582498957043848,-0.0448385055273958
L1310  "S2_B_exclude_code32",309,0.0247122195348511,-0.0315157169871782,-0.00963402345937669,-0.0613106166520419,-0.0941207766059224
L1311  "S2_B_exclude_code32",310,0.00928230322441032,0.0037146586989841,-0.0540894760995826,-0.0218633579799372,-0.0152402617983846
L1312  "S2_B_exclude_code32",311,0.00957585664602573,-0.0185007656227938,0.0330895031284223,-0.0915067420030617,-0.0700027448123494
L1313  "S2_B_exclude_code32",312,0.0165632588562732,-0.034496987873946,-0.0225329013419054,-0.0351219435354626,-0.100485014031872
L1314  "S2_B_exclude_code32",313,-0.00407011458768406,-0.0340504964863511,-0.0282582414507895,0.00517479146793992,-0.0649578070490412
L1315  "S2_B_exclude_code32",314,0.01438437101361,-0.0463717537750227,-0.0316032391169804,-0.0249036882534803,-0.0322026709919169
L1316  "S2_B_exclude_code32",315,-0.0295638469429312,-0.0322040771754433,0.00805036572609905,-0.0627934256935461,-0.0767490650951789
L1317  "S2_B_exclude_code32",316,0.00348316066032703,-0.0579867617100194,-0.0332728159810989,-0.00697108961039489,-0.126301002059125
L1318  "S2_B_exclude_code32",317,-0.00512381037966329,-0.00773966434997767,0.0243134732918004,-0.00667871425621319,-0.0102373045987993
L1319  "S2_B_exclude_code32",318,-0.0049799510472203,-0.0455329178935379,-0.0549446921771446,-0.0238068545007966,-0.0598206450701066
L1320  "S2_B_exclude_code32",319,0.00553195258235009,-0.0186192414012818,-0.0195283069267868,-0.0150522709309599,-0.0321652239123948
L1321  "S2_B_exclude_code32",320,0.0152365431924477,-0.0407333660204724,-0.0726695739438841,-0.0244946849109557,-0.0103643488737245
L1322  "S2_B_exclude_code32",321,-0.011691163899308,-0.0401696427175388,-0.0200345170236593,0.00617848488417522,-0.0602802080426829
L1323  "S2_B_exclude_code32",322,-0.00189080770481244,-0.0496634791398764,0.0243838439429576,-0.00758383034638682,-0.0714028292857163
L1324  "S2_B_exclude_code32",323,0.0170851605817526,-0.0611411035709315,-0.0204466865522872,-0.0662297672902874,-0.0623011839460142
L1325  "S2_B_exclude_code32",324,-0.0234751299759209,-0.0366646466773177,-0.0143215777174459,-0.016183249653137,-0.0168701206763383
L1326  "S2_B_exclude_code32",325,0.00134150081877534,-0.0199014687300156,-0.0420601221726589,-0.0108144446742718,-0.0682128155831738
L1327  "S2_B_exclude_code32",326,0.0227248393637981,-0.0148705500819359,-0.0405247007209437,-0.0144828242526983,-0.0659283338994778
L1328  "S2_B_exclude_code32",327,0.0115362359487725,-0.0685518478447926,-0.00789837734025106,-0.0309499176252671,-0.0447667402438718
L1329  "S2_B_exclude_code32",328,-0.0099765674521829,0.0141110380562319,-0.0452681332430089,-0.0451199185236379,-0.0535608001818555
L1330  "S2_B_exclude_code32",329,-0.0065904534556424,-0.0378567516733886,-0.0411728250010316,-0.0561711062170129,-0.0151407844629771
L1331  "S2_B_exclude_code32",330,-0.0275691844652721,-0.0485069240742843,0.0102788055340819,-0.0237119096359447,-0.042899062895399
L1332  "S2_B_exclude_code32",331,0.00480491348269664,-0.0678972715038345,0.00722182136353824,0.0102022858498445,-0.0678843609749695
L1333  "S2_B_exclude_code32",332,-0.0148055978286119,0.0138606298874422,0.00747983159695104,-0.0786057430647828,-0.0243892261145152
L1334  "S2_B_exclude_code32",333,-0.0120193437040582,-0.0158107163244876,0.00947903159805913,4.85243986763639e-05,-0.0876757730105363
L1335  "S2_B_exclude_code32",334,0.0283996558085052,-0.0219289587366967,-0.0207929108238772,-0.00696867051589689,-0.023793927795995
L1336  "S2_B_exclude_code32",335,-0.00602671357200661,-0.0437540117163738,-0.00322992597832242,-0.00865905105074546,-0.0529005919790331
L1337  "S2_B_exclude_code32",336,-0.0491829918765147,-0.0448449954627638,-0.000368198440296758,-0.0275581318664287,-0.0467213029726464
L1338  "S2_B_exclude_code32",337,0.00907580807446393,-0.0219560911757287,-0.0166719524155993,-0.0405617276279603,0.0120854521123973
L1339  "S2_B_exclude_code32",338,0.00519794298371495,-0.0605912560826229,-0.00720842613336004,-0.0247082741680931,-0.0104755112381825
L1340  "S2_B_exclude_code32",339,0.0254019266132184,-0.0269267717908841,-0.0770171776146451,0.000233468003124071,-0.0887355785896834
L1341  "S2_B_exclude_code32",340,-0.0158858179764182,-0.012768849829984,-0.0370832591323814,-0.00835469332764047,-0.05014030817922
L1342  "S2_B_exclude_code32",341,-0.034125243319824,0.00986070115910727,-0.0650722311890113,0.00387605035987615,-0.0848748298271967
L1343  "S2_B_exclude_code32",342,0.0201915020071724,-0.0333511169722833,0.00339348623092731,-0.0292245091407322,-0.0601834047748788
L1344  "S2_B_exclude_code32",343,-0.0096544665161112,-0.0558991975162889,-0.0133714734005172,-0.0418668682572232,-0.0520188087137921
L1345  "S2_B_exclude_code32",344,-0.00964551932632637,-0.0348037455884527,0.0144559760733655,-0.0720007764888521,-0.0406642095829574
L1346  "S2_B_exclude_code32",345,0.00330278011991698,-0.0453028492601188,-0.00878494219462295,-0.0221827574768547,-0.037749588556451
L1347  "S2_B_exclude_code32",346,0.00121562461107572,-0.0238323185301605,-0.0121463741429839,-0.0517001453641959,-0.0770682091194791
L1348  "S2_B_exclude_code32",347,0.000360238268564982,-0.00599551668155938,-0.0156607682813575,-0.0134856973522862,-0.0726748407153574
L1349  "S2_B_exclude_code32",348,-0.00568282949328677,-0.00799983405096039,-0.0148696062053502,-0.0331475975964029,-0.101052944868378
L1350  "S2_B_exclude_code32",349,0.0114428932694362,-0.0154391636559797,-0.03322122457785,0.0212186660012727,-0.063403361969316
L1351  "S2_B_exclude_code32",350,-0.0166090762860732,-0.0388236823009916,-0.0122854876459046,-0.00605134691911705,-0.063334798600737
L1352  "S2_B_exclude_code32",351,0.00775595366810145,-0.0403399104301647,0.00211257370027855,-0.0605528364537136,-0.0580048877768241
L1353  "S2_B_exclude_code32",352,-0.0107085204678377,-0.0225323795753519,-0.0267648611301817,-0.00234118024078742,-0.0914789543712693
L1354  "S2_B_exclude_code32",353,-0.000802017476912664,-0.0411366081930509,-0.0468360060576594,-0.0218480038798725,-0.038594536180901
L1355  "S2_B_exclude_code32",354,0.000953071683175467,-0.00591199886395076,-0.0143684032023358,-0.0274090238406492,-0.0822272780255112
L1356  "S2_B_exclude_code32",355,0.0267993083420225,-0.051846975510726,-0.049527529182315,-0.04117449948849,-0.0661413770570137
L1357  "S2_B_exclude_code32",356,-0.0345587950348978,-0.0473388865224736,0.0200923604407466,-0.069185120602642,0.0141701562587029
L1358  "S2_B_exclude_code32",357,-0.0287479265595424,-0.0304550231314379,0.0184333425312581,-0.0137548137014757,-0.0927927404074084
L1359  "S2_B_exclude_code32",358,0.0213669804626757,-0.0175574540078725,0.0308813565573157,0.015242259930116,-0.104424881920957
L1360  "S2_B_exclude_code32",359,-0.0115714461137236,-0.0238327528507241,-0.0232119678456659,-0.0126002605240366,-0.0408015364183697
L1361  "S2_B_exclude_code32",360,0.0143723387636339,-0.0621421775006285,0.0113785808145667,-0.0231355020940211,-0.056200277703658
L1362  "S2_B_exclude_code32",361,0.013542213136966,-0.0363225447499815,0.0315163529260985,-0.0385261469243094,-0.0582962128013718
L1363  "S2_B_exclude_code32",362,-0.00477096963404142,-0.0670296055616877,0.0192111366791403,-0.0980996758067583,-0.0737105965336139
L1364  "S2_B_exclude_code32",363,0.00925595057440969,-0.0460427444185113,0.0183624298341883,-0.0290385034482079,0.0259146979359855
L1365  "S2_B_exclude_code32",364,0.00256938000510634,-0.0387083276335801,0.0303236099884401,-0.0378255048868816,-0.0896226725210121
L1366  "S2_B_exclude_code32",365,0.0148903802123868,-0.0533053698476419,0.0237589458666033,-0.0507206669115748,-0.0609917720217329
L1367  "S2_B_exclude_code32",366,-0.0170901773106185,-0.0555122709089355,-0.017857997435697,-0.0280688983250686,-0.0567256252520545
L1368  "S2_B_exclude_code32",367,-0.0205348859921779,-0.0216112380805564,0.0263069419892014,0.0277510503669286,0.0327552165971836
L1369  "S2_B_exclude_code32",368,-0.00665227707704501,-0.0590461703547215,-0.00742391894291716,-0.0580047226646444,-0.0278433865204812
L1370  "S2_B_exclude_code32",369,0.0125130250743985,-0.0605468927079266,-0.0298969757094332,-0.00327907844228442,-0.124387704036316
L1371  "S2_B_exclude_code32",370,-0.0181436017107966,-0.0353611802617314,0.016362676879195,-0.0460251185122407,0.0294582648341182
L1372  "S2_B_exclude_code32",371,0.0328210665549195,-0.0570680230441265,-0.0972164368823144,-0.00381698528882152,-0.0968043869443319
L1373  "S2_B_exclude_code32",372,-0.0080848073760527,-0.0103549232265751,0.00594729709476469,-0.0708734878385348,-0.0799227992380702
L1374  "S2_B_exclude_code32",373,0.00616878275764584,-0.00438473295478159,-0.0123488968326863,0.0062250915768424,-0.0732039818515528
L1375  "S2_B_exclude_code32",374,0.0100269786323113,-0.0672690090746064,-0.0199317565746533,-0.048383988170281,-0.107273693541966
L1376  "S2_B_exclude_code32",375,0.000357385033517371,-0.008842875431622,0.0242821096198185,-0.0337738979711268,-0.0111747118668147
L1377  "S2_B_exclude_code32",376,-0.0162148665313633,-0.0012400872444383,0.0123480888244484,-0.0152318138664103,-0.0766736951563144
L1378  "S2_B_exclude_code32",377,-0.00503737995253708,-0.0268147182822712,-0.0126996948099102,-0.031200698812314,-0.0874382173823561
L1379  "S2_B_exclude_code32",378,0.0230757096195896,-0.00955477885294082,0.0168154590617939,-0.00754173744729641,-0.0371432278844582
L1380  "S2_B_exclude_code32",379,0.0213443607840332,-0.0535027183078392,-0.0212058194960257,0.0311013093718981,-0.0488406350627558
L1381  "S2_B_exclude_code32",380,-0.00455376372776896,-0.0217713792679479,0.00252031380148951,-0.012872412816463,-0.0783586447835092
L1382  "S2_B_exclude_code32",381,0.00470644312895047,-0.00975556920369673,-0.0145579977572059,0.00404468144935929,-0.100516876525576
L1383  "S2_B_exclude_code32",382,0.000698247382625992,-0.0259109359212874,-0.0861877871562836,-0.0145426514499045,-0.0930543336810687
L1384  "S2_B_exclude_code32",383,0.0027282563848435,-0.0694749622463932,0.0247512332316308,0.000732785591445295,-0.145932388720974
L1385  "S2_B_exclude_code32",384,0.00274999588604383,-0.0625489971606442,0.0397561263698087,-0.036273097288801,-0.0476512508782852
L1386  "S2_B_exclude_code32",385,-0.0225851251588753,0.00400442830935245,-0.0236948586796824,0.00625944408624388,-0.037717073184742
L1387  "S2_B_exclude_code32",386,-0.00200033147231062,-0.0365340847119626,0.016910723622586,-0.0281498081361662,-0.0814832990652492
L1388  "S2_B_exclude_code32",387,-0.00633867424299846,-0.0809276709317403,0.0369794390079742,-0.0815248517698197,-0.0857916595446963
L1389  "S2_B_exclude_code32",388,-0.0256831341761511,-0.0161330130990435,-0.0398714529801944,-0.0595813423142122,-0.0750605265959
L1390  "S2_B_exclude_code32",389,-0.0159792129281478,0.00433054018076069,-0.0223307381633473,-0.0105019883967362,-0.0891064446856478
L1391  "S2_B_exclude_code32",390,0.0263432693296867,-0.0251469462767407,-0.0305570832825753,-0.0849312720903531,0.0080017600435815
L1392  "S2_B_exclude_code32",391,0.018417056955594,-0.0151987801586928,-0.0348358708427385,0.0218531818019331,-0.148302052758922
L1393  "S2_B_exclude_code32",392,0.0227136852419579,-0.0671941315656829,-0.028207988184311,-0.0592147566992075,-0.113776656027418
L1394  "S2_B_exclude_code32",393,0.00309919298054531,-0.075106675965301,0.0204580577168605,0.0056028873332182,-0.104411590380023
L1395  "S2_B_exclude_code32",394,0.0159691748762972,-0.0590527489068374,0.0105452935442903,-0.0356068562366298,-0.112874987526695
L1396  "S2_B_exclude_code32",395,0.0219402957513753,-0.0287944111798644,-0.101564678289155,-0.0313723488893199,-0.0724553336305994
L1397  "S2_B_exclude_code32",396,0.000997207753093171,-0.0361649975501492,-0.0476206258842826,-0.0690545772120732,-0.0725310779132902
L1398  "S2_B_exclude_code32",397,-0.00195209076608484,-0.0215496569281677,-0.0345678203551124,-0.0484515396470875,-0.0483476345940853
L1399  "S2_B_exclude_code32",398,0.022479826379829,-0.0276141537040902,0.0341530553916559,-0.0249118943806463,-0.0574308992197191
L1400  "S2_B_exclude_code32",399,-0.0188191647916803,-0.0209639762113202,0.0184378534580533,-0.00753004089760703,-0.0860026210825275
L1401  "S2_B_exclude_code32",400,-0.0171283281749426,-0.0368588212329454,0.0083317166128429,-0.0211820427469901,-0.0325356804564195
L1402  "S2_B_exclude_code32",401,0.00156694305005992,-0.0231306244634317,-0.0650316411565643,-0.0399815146714101,-0.0739943038835879
L1403  "S2_B_exclude_code32",402,-0.00289003633154603,-0.0011918149832963,-0.0153728279458335,-0.0305403623139379,-0.0936786532981251
L1404  "S2_B_exclude_code32",403,-0.0198342933488554,-0.0799240387437254,-0.0369453188086428,-0.0426070787271058,-0.0318546615289899
L1405  "S2_B_exclude_code32",404,0.00817353171080665,0.0205558901826547,-0.0583459938907914,-0.0171221053260705,-0.165895776617296
L1406  "S2_B_exclude_code32",405,-0.0130917888808618,-0.0422598249545339,0.0329270538672818,-0.0382357383477146,-0.103160973025801
L1407  "S2_B_exclude_code32",406,0.0284787712945542,-0.0520205595526123,-0.0393611302941334,0.054505067205264,-0.066426488178576
L1408  "S2_B_exclude_code32",407,0.0203024794377605,-0.048320613860878,-0.0187970756531958,-0.0304188782451455,-0.11020304019463
L1409  "S2_B_exclude_code32",408,0.0097136628789201,-0.0386859249002179,-0.0610170538405256,-0.0715120038343837,-0.0794525373052448
L1410  "S2_B_exclude_code32",409,-0.0140404383852695,0.000252712495957277,-0.0231775941588859,-0.0668923524044612,-0.0383656677287028
L1411  "S2_B_exclude_code32",410,0.00446848019276817,-0.0212979437669926,-0.0207567622726354,-0.0252450358528438,-0.0692303608435454
L1412  "S2_B_exclude_code32",411,-0.019879644683013,-0.0503986409676958,0.00140666286744576,-0.0118184377167025,-0.118881824030303
L1413  "S2_B_exclude_code32",412,-0.0361198921663592,0.0223385060200074,0.0371267590439679,-0.0732106063059768,-0.064646121507542
L1414  "S2_B_exclude_code32",413,0.00603001651961892,-0.0382419667834393,0.00134929602703693,-0.0304153486090233,-0.0470190392128107
L1415  "S2_B_exclude_code32",414,0.0360885408384721,-0.0767436154940004,-0.0292962718982513,-0.0732030383905199,-0.055333209160621
L1416  "S2_B_exclude_code32",415,0.0105988456200195,-0.0133933690752529,-0.0532474560867831,0.0315959448811357,-0.0913545801354904
L1417  "S2_B_exclude_code32",416,0.0262670506207897,-0.0309881171802546,0.00404194395990923,-0.000495820412730802,-0.0687608769977355
L1418  "S2_B_exclude_code32",417,-0.00187172968689155,-0.0511367353429367,-0.0050270762256143,-0.0276612474457407,-0.03218944710243
L1419  "S2_B_exclude_code32",418,-0.0162754620373055,-0.0321472843218028,-0.0286512071003004,-0.0476543756940966,-0.0156838429627303
L1420  "S2_B_exclude_code32",419,0.0299142047911534,-0.0999895956231309,0.0228798789059228,-0.0630538318346046,-0.0644060821797965
L1421  "S2_B_exclude_code32",420,0.00973592210062647,-0.0102635334431989,-0.0461864294708795,-0.0198799373435042,-0.113339912954627
L1422  "S2_B_exclude_code32",421,-0.0187734709825408,-0.0696623853384717,-0.00395128795591956,-0.00855519269480701,-0.0175359007482125
L1423  "S2_B_exclude_code32",422,0.0233049348561489,-0.00112565820637223,0.0234733366438177,-0.0668147774701826,-0.0155937179384688
L1424  "S2_B_exclude_code32",423,-0.0227525075217831,-0.00319368545276549,-0.047897579816492,-0.0126273485998584,-0.0505599021327426
L1425  "S2_B_exclude_code32",424,0.00354503585057661,-0.0314173543973946,-0.00993097820640138,-0.0151900539731527,-0.0737639930287173
L1426  "S2_B_exclude_code32",425,-0.0369444568380751,-0.0725960755471648,0.00251808987839197,0.0179564584353563,-0.00724217646600556
L1427  "S2_B_exclude_code32",426,0.000503696848407453,-0.00919826561055363,-0.0147951571291544,-0.00718719090714873,-0.0925362103177821
L1428  "S2_B_exclude_code32",427,0.00388284346500059,-0.0645292836553942,-0.0110062650078453,-0.0238538548562398,0.0100774157515612
L1429  "S2_B_exclude_code32",428,0.013177967269696,-0.0482383564595449,-0.0109052102386189,-0.0361428633500774,-0.0921437115830904
L1430  "S2_B_exclude_code32",429,-0.00472069551745376,-0.0408542867314885,-0.0544448517265328,-0.0532986070519367,-0.048553471861836
L1431  "S2_B_exclude_code32",430,-0.0064219362201485,-0.0296630030216874,-0.0147753667302358,-0.0599113421019846,-0.0498102430345649
L1432  "S2_B_exclude_code32",431,0.0286616399154624,-0.028263560138499,-0.0409976605663769,-0.0376286497511518,-0.0763897253510021
L1433  "S2_B_exclude_code32",432,0.0138705981128379,-0.0586910907929883,0.0347058122608983,0.0214227775788302,-0.0814034340272086
L1434  "S2_B_exclude_code32",433,0.0203486298572277,-0.0241551543941332,0.0117784688872551,-0.0483987300374886,-0.0945842187500385
L1435  "S2_B_exclude_code32",434,0.00757877757521745,-0.055498940884868,-0.0069746692441098,-0.0256829082572021,-0.0773883464268075
L1436  "S2_B_exclude_code32",435,0.00730356023315445,-0.0542084719165571,-0.0394296513441023,-0.0389169952925685,-0.0395104459153557
L1437  "S2_B_exclude_code32",436,-0.00584531142135353,-0.0320201457383129,-0.0167347883006191,0.00458502922148948,-0.051779968258327
L1438  "S2_B_exclude_code32",437,-0.0115122749619555,0.0158632150646652,-0.00809167324490689,-0.0775091922158588,-0.0503278493093677
L1439  "S2_B_exclude_code32",438,-0.00645948279042217,-0.0172697507273825,0.00566428120277521,0.0125471684958582,-0.119468506211102
L1440  "S2_B_exclude_code32",439,-0.0410698812225048,-0.0554848754553928,-0.0174325775429692,-0.0265596234345377,-0.0937091152647967
L1441  "S2_B_exclude_code32",440,-0.0139215725591753,0.00651224818355296,-0.0548497345155754,-0.00374657971056447,-0.0841257249540966
L1442  "S2_B_exclude_code32",441,0.0279667752976512,-0.0673427297573258,0.00508268030360569,-0.0746157282913531,-0.0529139594048804
L1443  "S2_B_exclude_code32",442,0.00273334064235119,-0.0471358533096887,-0.0422253256182126,-0.0297949319869459,-0.0751134255587538
L1444  "S2_B_exclude_code32",443,0.00550067881854527,-0.0705786497520356,-0.0234610032498092,0.000929646096436504,-0.0610483762830757
L1445  "S2_B_exclude_code32",444,-0.0270392879044423,-0.0220862601853747,-0.0276245820091128,0.0193804686666128,-0.0486365972839642
L1446  "S2_B_exclude_code32",445,-0.000945545887402199,-0.0239802773175714,-0.0346391243287692,-0.0146335414770558,-0.110065054362326
L1447  "S2_B_exclude_code32",446,-0.00845703095990872,-0.0794239500944616,-0.0441337205846383,-0.0954570815066227,-0.0730311080641758
L1448  "S2_B_exclude_code32",447,0.00178400864907879,-0.0343438526116816,-0.0375594559336421,-0.0254545245955699,-0.101863410372981
L1449  "S2_B_exclude_code32",448,0.00783117393431353,-0.0467708473216871,-0.0272991564690527,-0.0497638967191025,-0.0563583379358369
L1450  "S2_B_exclude_code32",449,0.0153475893340297,-0.003687808162589,0.0121980786984338,-0.104940826920418,-0.0602979499196422
L1451  "S2_B_exclude_code32",450,-0.0232558370635288,0.0133413700419392,-0.0231963910789817,-0.0433006008593123,-0.0661846661935258
L1452  "S2_B_exclude_code32",451,0.0294955698195705,-0.0292060677987599,0.0636709184532969,-0.098023656820214,-0.0632749726983049
L1453  "S2_B_exclude_code32",452,-0.0103702081141062,0.0311655439943565,-0.082675139677344,-0.0454725490718441,-0.0653944575386262
L1454  "S2_B_exclude_code32",453,-0.00139337664566239,-0.0453796117931581,-0.0174707043733352,-0.00493418524100336,-0.0584958649279597
L1455  "S2_B_exclude_code32",454,0.0248294183496952,-0.00473954113624525,-0.0108354526237797,-0.0429482873480983,-0.0228444746571042
L1456  "S2_B_exclude_code32",455,0.00576683827057932,-0.0231969011172899,-0.00577125983598717,-0.0728505412338786,-0.0828739568965941
L1457  "S2_B_exclude_code32",456,-0.0214777309513935,-0.0427137337733107,-0.0157447979573193,-0.0175849970146394,-0.0134543135589933
L1458  "S2_B_exclude_code32",457,-0.00314012894948516,-0.0504007069026142,-0.0412919619960938,-0.000328658852739083,-0.0954118683474373
L1459  "S2_B_exclude_code32",458,-0.000858910402886638,-0.00994485074609926,-0.026342572893028,-0.010213204869829,-0.0587271326990967
L1460  "S2_B_exclude_code32",459,0.00932813072126632,-0.0494191318531624,-0.0171713569439948,-0.0341037346112604,-0.0284799629082952
L1461  "S2_B_exclude_code32",460,0.0100160164744699,-0.0240003769131885,-0.0191135797381665,0.0445156314489239,-0.0643924221744004
L1462  "S2_B_exclude_code32",461,0.014274357414154,-0.0504162161902979,-0.0705663735979768,-0.0587158349391643,-0.0545290288382848
L1463  "S2_B_exclude_code32",462,0.0234208774190943,0.0231073518116091,-0.0304629119871992,0.00357744182161321,-0.0540104402123978
L1464  "S2_B_exclude_code32",463,0.00828341989140857,-0.0811843948905156,-0.03689791971103,-0.0284267909541132,-0.0870168597657097
L1465  "S2_B_exclude_code32",464,-0.0204060671390039,-0.0122486177235077,-0.00334447517070149,-0.0534814309253943,-0.0205478589194888
L1466  "S2_B_exclude_code32",465,-0.0137059598424241,-0.00700222067207074,-0.0489045929885243,-0.0168121507422509,-0.0801163492559002
L1467  "S2_B_exclude_code32",466,0.0106638343738041,-0.0122249073784142,-0.0233379280746623,-0.0333577275005726,-0.0774573779943248
L1468  "S2_B_exclude_code32",467,-0.00282919233874125,-0.0423739133259188,-0.0144803958101213,-0.0568361383278124,-0.0405930766061819
L1469  "S2_B_exclude_code32",468,-0.00171779696542954,-0.0296790099747214,-0.00606951925414076,-0.0112037455029579,-0.0529881051621319
L1470  "S2_B_exclude_code32",469,0.0178632265369642,-0.0325735841934684,-0.00330388038590393,-0.0208393375078642,-0.0559528615601573
L1471  "S2_B_exclude_code32",470,0.0045073492657049,-0.0276046298276993,-0.065384905782437,-0.0353018119387288,-0.0508868063645236
L1472  "S2_B_exclude_code32",471,0.0142684484254595,-0.0442755371790513,0.0151623979060932,-0.0379468153820627,-0.0462350167416762
L1473  "S2_B_exclude_code32",472,-0.0198458471588177,0.0178532095990337,-0.0364358833961247,-0.0312670873749382,-0.0248909861344893
L1474  "S2_B_exclude_code32",473,0.0163312725838159,-0.0154453679431653,0.0192996657813816,-0.050940156164261,-0.0607155268280122
L1475  "S2_B_exclude_code32",474,0.0173546932942658,-0.043865232046985,0.0733791682612605,-0.0298529754320563,-0.0998060650653828
L1476  "S2_B_exclude_code32",475,0.0134514851853954,-0.0287669032880047,-0.0159232704750498,0.00534000919803296,-0.0581307977564214
L1477  "S2_B_exclude_code32",476,0.00172771433399797,-0.0185956250196465,0.0363212622750327,-0.0557456136089092,-0.0926851777083275
L1478  "S2_B_exclude_code32",477,0.00476718706274573,-0.0386299081020348,-0.0126381477125716,0.0122245969893651,-0.0149269405831733
L1479  "S2_B_exclude_code32",478,-0.00889157722213915,-0.0719567776609808,-0.05027197556495,0.00769753034863097,-0.0353231769289638
L1480  "S2_B_exclude_code32",479,-0.0159276870704775,-0.0657545260286476,-0.0420979774495034,-0.0363740158649977,-0.0664214629431775
L1481  "S2_B_exclude_code32",480,-0.0164181661050322,0.0301890067348047,-0.0647005464146798,-0.014066569795208,-0.0933667512780508
L1482  "S2_B_exclude_code32",481,-0.0119554106148047,-0.0209532120308879,-0.0211083773230901,-0.00651684722469398,0.0130717588103538
L1483  "S2_B_exclude_code32",482,0.0109488418638413,-0.0327909462505592,0.00438542423606628,-0.0385393119868077,-0.12663144064209
L1484  "S2_B_exclude_code32",483,0.0102250307314294,0.00875014067959187,-0.063641975521785,-0.0537843961116412,-0.114562570475643
L1485  "S2_B_exclude_code32",484,0.0152293620859819,-0.00807465988255936,-0.0181657218191582,-0.0433698639848077,-0.0606947006066649
L1486  "S2_B_exclude_code32",485,-0.0020343697819012,-0.0252748528459935,-0.0315221244432911,0.0569101510719421,-0.0735083875008478
L1487  "S2_B_exclude_code32",486,0.0362702641471727,-0.0430732927523559,0.0168720374948258,-0.0123527735313453,-0.0663397419811659
L1488  "S2_B_exclude_code32",487,0.0124641742953444,0.000813395100832809,-0.0416235034750158,-0.0552786929671937,-0.0935775254164806
L1489  "S2_B_exclude_code32",488,-0.000779796456244514,-0.0213975706011718,0.0247602062852808,-0.0614599337370923,-0.0112060045865531
L1490  "S2_B_exclude_code32",489,-0.00385265327199363,-0.0670921711220893,-0.0407117849738609,-0.0649494923006837,-0.0752776211917177
L1491  "S2_B_exclude_code32",490,0.00207792224664476,-0.0706880408008899,-0.0342270212843714,-0.0597304037749967,-0.0363955584115279
L1492  "S2_B_exclude_code32",491,-0.0109071190971148,-0.00749085580060545,0.0060475157932679,-0.0333568833797468,-0.0182287949609474
L1493  "S2_B_exclude_code32",492,0.0114428213742042,-0.0109016461938259,-0.0282046562599088,-0.0317667335593902,-0.0497133114312406
L1494  "S2_B_exclude_code32",493,0.0233731573470518,-0.011201813868824,-0.0157537527979673,-0.0189794609393658,-0.054475636368263
L1495  "S2_B_exclude_code32",494,-0.00102336410848679,-0.0753650161242538,-0.0172329416629423,-0.0633071619719233,-0.0199201047144819
L1496  "S2_B_exclude_code32",495,0.0104781813936238,-0.0448008258189163,-0.0176582366233158,0.02858780457137,-0.0682540012593438
L1497  "S2_B_exclude_code32",496,-0.0403294797508087,-0.0597770455019514,-0.0209740618641599,-0.0239722651678116,-0.0246066167257896
L1498  "S2_B_exclude_code32",497,0.00358875595070257,0.00249846649944337,-0.0144197953550796,-0.0532504563272055,0.0134574826481965
L1499  "S2_B_exclude_code32",498,-0.0163759932119057,-0.0240309537276143,-0.0573021638719681,-0.0255151689323342,-0.0335062595478605
L1500  "S2_B_exclude_code32",499,0.00791746680325051,0.0181683458039081,-0.0568997703470989,-0.0209820299783984,-0.0537320396930223
L1501  "S2_B_exclude_code32",500,-0.0154927533270639,-0.0088271617307434,0.0103120594106801,-0.0388490932796556,-0.0916697531679426
L1502  "S2_B_exclude_code32",501,-0.00413097605439041,0.0090320227604174,-0.00162344075323256,0.00388041473664122,-0.105828741021478
L1503  "S2_B_exclude_code32",502,0.0110830646932574,-0.0170303722569854,-0.0132567269193646,-0.0810256667366679,-0.0742003970122459
L1504  "S2_B_exclude_code32",503,0.0073113479055498,-0.0403231951232306,-0.035048593255953,-0.0280604978801211,-0.0646986064493789
L1505  "S2_B_exclude_code32",504,-0.00111661081261734,-0.0540444485134701,0.00757566349137176,-0.0390620679127189,-0.144351778689632
L1506  "S2_B_exclude_code32",505,-0.0323169476210094,0.0103132067479738,-0.0197181440047043,-0.0567663777694549,-0.0847113595129681
L1507  "S2_B_exclude_code32",506,0.00255144332980005,-0.0413474869171069,-0.0597781864868571,-0.0119010581899169,-0.0921493838302897
L1508  "S2_B_exclude_code32",507,0.00149520085859401,-0.0574114170884261,0.00784343404618451,-0.0381707886805695,-0.0689577760401412
L1509  "S2_B_exclude_code32",508,0.015806304390518,-0.02598445720244,-0.0278080329496391,-0.0296810165378378,-0.0580631570943643
L1510  "S2_B_exclude_code32",509,0.00138200540372833,-0.00707216153140583,0.0271831507447589,0.00963967995834866,-0.0637561207619038
L1511  "S2_B_exclude_code32",510,-0.00873912324853428,-0.0115224919751582,-0.0610684716965121,-0.0405771721073635,-0.0333512833545233
L1512  "S2_B_exclude_code32",511,-0.0112190513049433,-0.0316480338684926,-0.0930578609537626,-0.0343077634188866,-0.0342637729777425
L1513  "S2_B_exclude_code32",512,-0.0124503304187684,-0.0364359730092074,-0.0054447750387599,-0.0402119820441364,-0.0654765154727891
L1514  "S2_B_exclude_code32",513,0.0368918103479036,-0.015417274999487,-0.0111996568302778,-0.0162660817404607,-0.0580714827215961
L1515  "S2_B_exclude_code32",514,0.00892370036085018,-0.0374062318425444,-0.0780892645655143,-0.0670258478868327,-0.121721709003978
L1516  "S2_B_exclude_code32",515,-0.0026260896236327,-0.0440329229581309,-0.0211187263333804,-0.0335938322068371,-0.111944807383685
L1517  "S2_B_exclude_code32",516,-0.0419475591504825,-0.0887559215649815,0.0140343212517119,0.00810476445145128,-0.0705512592645983
L1518  "S2_B_exclude_code32",517,-0.0263871080672862,-0.0486318098302748,-0.0249702526566833,-0.0510398717889835,-0.0236227752023367
L1519  "S2_B_exclude_code32",518,-0.0208365310443546,-0.0307314196579961,-0.0224556754544306,-0.0146879120067854,-0.117654110778457
L1520  "S2_B_exclude_code32",519,0.0234135756143552,-0.00837152544989128,0.00815274074662184,-0.0900249865923325,-0.0448231637491673
L1521  "S2_B_exclude_code32",520,-0.00742941100417159,-0.0321667522669563,-0.0081662719634078,-0.0399486615485599,-0.0321702221057067
L1522  "S2_B_exclude_code32",521,0.0151970909245941,-0.0506309347539752,-0.0108120058686952,-0.0695657214220548,-0.0296311443399062
L1523  "S2_B_exclude_code32",522,0.00537469276528513,-0.0559095350114644,-0.0301318861593076,-0.0324116130258955,-0.0845958264339541
L1524  "S2_B_exclude_code32",523,-0.0331039340884737,0.0358281154918397,-0.0124630581470689,-0.00254922840780389,-0.0621735241614392
L1525  "S2_B_exclude_code32",524,0.0290615753249442,-0.0650752876984326,-0.0159075582154495,-0.00181223899993158,-0.101350639501648
L1526  "S2_B_exclude_code32",525,0.0126403802840503,-0.0595250943318044,-0.0569245522820079,-0.0113251524690191,-0.0786982117623865
L1527  "S2_B_exclude_code32",526,-0.00867230836222727,-0.0185088191976617,0.00617156948621544,-0.099624707098114,-0.0297673463563913
L1528  "S2_B_exclude_code32",527,-0.0130501941418272,-0.0565907867193235,-0.0500805695080502,-0.0442632501040514,-0.0410093540684663
L1529  "S2_B_exclude_code32",528,0.00660174089895149,-0.0638536857513329,0.034556686923476,-0.0157922449041793,-0.0968564030145644
L1530  "S2_B_exclude_code32",529,0.00643973322234589,-0.0650320084422626,-0.0470635696053557,-0.0283563282018498,-0.0607238102562931
L1531  "S2_B_exclude_code32",530,-0.0302028188852946,-0.00908525150245545,0.0155210009903521,-0.0262456318808965,-0.0389523930000361
L1532  "S2_B_exclude_code32",531,-0.0206055635786689,-0.0308411264434566,-0.0472643889585107,-0.0124305746149279,-0.0232791506413355
L1533  "S2_B_exclude_code32",532,0.0341494579388013,-0.033229135599246,-0.0406138534346335,0.0151682460129399,-0.0912160815606927
L1534  "S2_B_exclude_code32",533,-0.0102907248709708,-0.0196896269867769,-0.0241299536861059,-0.0317013851922656,0.024380243502529
L1535  "S2_B_exclude_code32",534,0.0157604294770966,-0.0363808312152097,-0.0462566424188626,-0.10149161268408,-0.0585246063352657
L1536  "S2_B_exclude_code32",535,0.00903783665266345,0.00868038670198935,-0.0295485802173933,-0.0333100607976348,-0.0242900338261749
L1537  "S2_B_exclude_code32",536,-0.0219700019845687,-0.055976320690921,-0.0635850638403989,-0.0147217878389525,-0.0651803660139071
L1538  "S2_B_exclude_code32",537,-0.00229870531293274,-0.0310724541843203,-0.0607724782389738,0.0215079455880973,-0.0959444634303922
L1539  "S2_B_exclude_code32",538,0.00500454466575664,-0.020274207470873,0.00252704742154888,-0.0391268538842695,-0.057775412283062
L1540  "S2_B_exclude_code32",539,0.0236056291048412,-0.025915723831709,0.0178718898395317,-0.0201802799928239,-0.0402198572062581
L1541  "S2_B_exclude_code32",540,0.00270908173587912,0.0144310903129456,-0.0394089839534066,0.0355361821695729,-0.101770567086224
L1542  "S2_B_exclude_code32",541,0.00472368420371466,-0.0269944532116763,-0.0184310761235157,-0.0165400834102244,-0.0703458620093791
L1543  "S2_B_exclude_code32",542,0.000419131444790236,-0.00425864419285027,-0.0657542707663299,0.0159440984102624,-0.0742257239255482
L1544  "S2_B_exclude_code32",543,0.033429660350047,-0.0331216359623109,-0.00913919132719446,0.0415417248571611,-0.0977021797372463
L1545  "S2_B_exclude_code32",544,-0.0313760217235544,-0.0325908131237025,-0.0269149068326395,-0.0580042524050751,-0.104731819225419
L1546  "S2_B_exclude_code32",545,0.00178549868173028,-0.0242339864940069,0.00862904817621732,-0.0237156669888039,-0.0465842657277993
L1547  "S2_B_exclude_code32",546,0.0141006444143603,-0.0264921339127776,-0.0246258234451069,-0.0826565326264878,-0.0342156659646172
L1548  "S2_B_exclude_code32",547,-0.00279725448987715,-0.0267643516030147,-0.0365791698056359,-0.0463874351943595,-0.0948393590647555
L1549  "S2_B_exclude_code32",548,0.016221958126118,-0.065644509703723,-0.0227033959854708,-0.00420100115750727,-0.0338044008812787
L1550  "S2_B_exclude_code32",549,-0.0099133056483685,-0.0419760937498467,-0.0457809916894121,-0.0246767128643377,-0.0507684241091047
L1551  "S2_B_exclude_code32",550,-0.000139840849009455,-0.0284508428221856,0.0275331271197597,0.0306836765466237,-0.0886726815296738
L1552  "S2_B_exclude_code32",551,0.0153268223764984,-0.0250579066962293,0.0118870641660672,-0.0381405652478305,-0.0730103929056241
L1553  "S2_B_exclude_code32",552,-0.0115549353013456,-0.0115918330455086,-0.0247316242177549,-0.0113177394666618,-0.0306032767360436
L1554  "S2_B_exclude_code32",553,0.0181524557092278,0.00741228311136777,0.00304511208940561,-0.0653924007988825,-0.105843479319699
L1555  "S2_B_exclude_code32",554,-0.0398250077637651,-0.0434232583799984,-0.00421478418511601,-0.0141695150689292,-0.0354028720790914
L1556  "S2_B_exclude_code32",555,-0.0250293333226577,-0.0324169263618053,-0.0441513799515292,0.0188020369388965,-0.0382704275699292
L1557  "S2_B_exclude_code32",556,0.0075950768348858,-0.0650142445135561,-0.0148222617391722,-0.0373577612965571,-0.0395415018966128
L1558  "S2_B_exclude_code32",557,-0.010695267666906,-0.022800837037327,0.0311566325091871,-0.0686157089001722,-0.112358157611053
L1559  "S2_B_exclude_code32",558,0.0144074610827488,-0.0380317601678492,-0.0545247414860897,-0.0276451341819434,-0.0515720298383069
L1560  "S2_B_exclude_code32",559,0.0212574501146487,-0.0393275476783303,-0.0840496376192003,-0.00870699853301832,-0.0727618048788195
L1561  "S2_B_exclude_code32",560,-0.000900559320958699,-0.00795126076972409,-0.0264377695741008,-0.0461348842912637,-0.0685243799927897
L1562  "S2_B_exclude_code32",561,0.00590989764333723,-0.0295410299112339,-0.0280921389070865,-0.00760950892019829,-0.115909525356893
L1563  "S2_B_exclude_code32",562,-0.00485200909726567,-0.0184309507444003,-0.0205448815041332,-0.0122113515909949,-0.045658965787657
L1564  "S2_B_exclude_code32",563,-0.015700985099201,-0.020670831928153,-0.0193739737961625,0.00403445111289322,-0.0287701540719708
L1565  "S2_B_exclude_code32",564,-0.00500249486786884,-0.0540347677946088,-0.0211963880843927,-0.0310651809531583,-0.0983618238631628
L1566  "S2_B_exclude_code32",565,0.00806535298194657,0.0145705185170777,-0.0245894990610196,-0.0501493633223373,-0.0137824731649383
L1567  "S2_B_exclude_code32",566,-0.0236571189505921,-0.0131387867070616,0.0213764100410525,-0.0145239773611134,-0.0594196752459804
L1568  "S2_B_exclude_code32",567,-0.0171389492080302,-0.0141103384598794,-0.0133703704787644,0.0156098216387958,-0.0906519549835599
L1569  "S2_B_exclude_code32",568,0.00648354943631885,-0.0673184439068417,0.0291000209194318,-0.0706075629537578,-0.0792598969216715
L1570  "S2_B_exclude_code32",569,0.0139962939473652,-0.0145663381045541,-0.0314275492223032,-0.0240202588613544,-0.0462633818896311
L1571  "S2_B_exclude_code32",570,0.00968307596323045,0.00445605905784975,0.0429977650065188,-0.0635619416024507,-0.0382113052810654
L1572  "S2_B_exclude_code32",571,0.014523750748996,-0.0363676040441034,0.00517427837384285,-0.09110235669768,-0.0620188473152248
L1573  "S2_B_exclude_code32",572,-0.00859836363812567,-0.0512190239249369,0.0108927744873236,-0.0544367697873777,-0.140613593084653
L1574  "S2_B_exclude_code32",573,-0.021961011736206,0.0100107322805544,-0.0115526645273567,0.0109138615307839,-0.130197684025765
L1575  "S2_B_exclude_code32",574,0.0139387166443391,-0.0433154355664701,-0.0207932679080704,-0.0548878632621785,-0.0351813724478559
L1576  "S2_B_exclude_code32",575,0.0181647275114511,-0.0675121732766799,-0.00967670919732069,-0.044042733150392,-0.0847135339398445
L1577  "S2_B_exclude_code32",576,0.0159792659204474,-0.0419187690800371,-0.0207812549544946,0.00664245146664602,-0.0698234095887302
L1578  "S2_B_exclude_code32",577,0.0250004323146578,-0.0539348778978031,-0.0437254311696777,0.00499763414894991,-0.109192818226471
L1579  "S2_B_exclude_code32",578,-0.00423454656948016,-0.0354235749258625,-0.0196295423494674,-0.0497459452231735,-0.0449135356186297
L1580  "S2_B_exclude_code32",579,0.0192362309634267,-0.0239108117964416,0.0061524032826373,-0.044347221943442,-0.0536468983387783
L1581  "S2_B_exclude_code32",580,0.012346190914765,-0.0400855296792569,0.0395932595164812,-0.00803417225083966,-0.0560754311044914
L1582  "S2_B_exclude_code32",581,0.0109146908762991,-0.0116890181767228,-0.0191274288353829,-0.039487303529423,-0.00939741132310928
L1583  "S2_B_exclude_code32",582,0.00439230776588515,-0.0527520844885172,-0.0091297249320991,-0.00049397574396412,-0.0963916681555226
L1584  "S2_B_exclude_code32",583,-0.0180987550221806,-0.0172189692227443,-0.0071304080759983,-0.0728999684853634,-0.0227307691188005
L1585  "S2_B_exclude_code32",584,0.00263599175310276,-0.0159889196900445,-0.0385960207441715,-0.0855854384804099,-0.0773657971881374
L1586  "S2_B_exclude_code32",585,-0.0112083352735706,-0.000345821320215836,0.0111051539287065,-0.0509001556092727,-0.111076599880299
L1587  "S2_B_exclude_code32",586,-0.00123003037252758,0.00188022950455255,0.0120649573986182,-0.00359467658785201,-0.0291155015941095
L1588  "S2_B_exclude_code32",587,-0.0362406354285509,-0.0042242068686062,0.0103313699123325,-0.0798668095180158,-0.0321327376448077
L1589  "S2_B_exclude_code32",588,-0.0245973867541009,-0.00768286032280845,-0.0884407276286668,-0.0488148212264701,-0.003433309806538
L1590  "S2_B_exclude_code32",589,-0.0265736605571635,-0.0182930255024825,-0.0218249639903267,-0.041607913899879,-0.0843665233324211
L1591  "S2_B_exclude_code32",590,-0.00603542455718267,-0.000963699794430256,-9.14972998128094e-05,-0.0772140322817181,-0.0612918530393492
L1592  "S2_B_exclude_code32",591,-0.0103734658037254,-0.0391672056000984,-0.0276687756198743,-0.0429137885506138,-0.0711035176770757
L1593  "S2_B_exclude_code32",592,-0.0191729515811645,-0.0615785618497505,-0.0235143013348943,-0.0163112942188279,-0.0742308425048641
L1594  "S2_B_exclude_code32",593,-0.00247731383452582,-0.0236116542854073,-0.0424734252440964,-0.0703747635081203,-0.0804180946344125
L1595  "S2_B_exclude_code32",594,0.00480431488231331,-0.0292948604839758,-0.0626587492771472,-0.0304986118286052,-0.0562890385963027
L1596  "S2_B_exclude_code32",595,0.013116827293449,-0.0903449239798502,0.0133473403764863,-0.0524859333542644,-0.0422834114139994
L1597  "S2_B_exclude_code32",596,-0.0166235721565009,-0.0210997674603297,0.00600408840101646,-0.0643010874090608,-0.0545614452679722
L1598  "S2_B_exclude_code32",597,0.0115052321411761,-0.0380451179975272,0.00224478669204639,-0.0435927581737949,-0.00627975308258139
L1599  "S2_B_exclude_code32",598,-0.0408770373831263,-0.0123188093155767,-0.0812398077770264,-0.0587585219460721,-0.083051815659031
L1600  "S2_B_exclude_code32",599,0.0222543302255316,-0.0563463811366898,-0.0388561510612774,-0.0327985086282615,-0.0831846006515758
L1601  "S2_B_exclude_code32",600,-0.00690670929052327,-0.0559158112394691,-0.0099539360539872,-0.0637683384538999,-0.0589199406448613
L1602  "S2_B_exclude_code32",601,0.00297077372699783,-0.0377174398900488,-0.00387880172021232,-0.0449717481048619,-0.0685999603724901
L1603  "S2_B_exclude_code32",602,-0.00126121591436935,-0.0335094419421913,-0.0065026095968147,-0.0249492931460489,-0.072679941438858
L1604  "S2_B_exclude_code32",603,-0.00227543225284929,-0.0109288468628427,-0.0543579603661394,-0.0467622269906286,-0.138362177123225
L1605  "S2_B_exclude_code32",604,0.0189909969288821,-0.0797514992760861,-0.0848970870094129,-0.0416061832538664,-0.0508988164801256
L1606  "S2_B_exclude_code32",605,-0.0254418234461979,-0.0154290000515952,-0.034062554639547,-0.00130654430480667,0.00356830172962097
L1607  "S2_B_exclude_code32",606,0.0106254836332866,-0.0470610730710744,-0.0462136621641295,-0.0575623551228677,-0.0193653601409249
L1608  "S2_B_exclude_code32",607,0.00452835777791639,-0.0550288866784578,-0.0899653807749311,-0.0280110796839844,-0.042814064554616
L1609  "S2_B_exclude_code32",608,-0.0245325149811178,-0.0577828104447692,-0.0997563556531609,0.057724700566514,-0.0965527856061302
L1610  "S2_B_exclude_code32",609,0.0303834152295768,-0.0420125744454795,-0.0784160842062611,0.0212660009610889,-0.0842985973430402
L1611  "S2_B_exclude_code32",610,-0.00597584455826299,-0.0371797193189025,-0.026984871024487,-0.0199835318251903,-0.0065488834602313
L1612  "S2_B_exclude_code32",611,-0.00469616026992843,-0.0426585690823761,-0.00117966411146972,-0.00825841382475725,-0.0214344243569501
L1613  "S2_B_exclude_code32",612,0.0333358206553237,-0.0184096128251266,0.0053423821525693,-0.0576160163007135,-0.091157242148152
L1614  "S2_B_exclude_code32",613,-0.0443107890965703,0.00939745178785184,0.0199109845985398,-0.0616347761763286,-0.0238467218803566
L1615  "S2_B_exclude_code32",614,-0.00756886239114653,-0.0388731100980885,-0.0353958923588456,-0.0501678387998503,0.00863914447940733
L1616  "S2_B_exclude_code32",615,-0.00309259753921012,-0.00754336402010933,0.0102749498738481,-0.0265861362269533,-0.0699956509802347
L1617  "S2_B_exclude_code32",616,0.00912357293329191,0.00696892339684568,-0.0342905921367488,-0.0305079618221087,-0.080630714279801
L1618  "S2_B_exclude_code32",617,0.000598063673858097,-0.0268786211723527,-0.0234645290602466,-0.00808093170131732,-0.0109139475726954
L1619  "S2_B_exclude_code32",618,-0.00703248355092265,-0.0331915845065939,-0.0167340400487666,-0.0320031675830478,-0.0905354416255056
L1620  "S2_B_exclude_code32",619,-0.00450222854042606,-0.065107559919503,0.00149462201310238,-0.0249252761985167,-0.071664053224847
L1621  "S2_B_exclude_code32",620,-0.0131173251788548,-0.0221208474512262,-0.0227751992211586,0.0117508926309593,-0.0422399060104753
L1622  "S2_B_exclude_code32",621,0.0184938987624494,-0.0178868881011479,-0.0437419192286606,-0.0414002918500225,-0.0286920798874033
L1623  "S2_B_exclude_code32",622,0.00479750181624759,-0.0423565101319674,-0.0270773461338049,-0.0518672634958761,-0.0587223143621823
L1624  "S2_B_exclude_code32",623,-0.00041803368111757,-0.0431492632722378,-0.00096606557477677,-0.034928066014873,-0.0783776273425342
L1625  "S2_B_exclude_code32",624,-0.00873352325017338,-0.00415716033780145,0.0278004726756114,-0.0512289331078501,-0.00519767382473763
L1626  "S2_B_exclude_code32",625,-0.0033313599796605,-0.082040434787552,-0.0441021709312685,0.0522741988499345,0.013950115802584
L1627  "S2_B_exclude_code32",626,0.0113402989493325,-0.0481366149593257,0.0214538240215224,-0.0229653718060525,-0.0662563618335089
L1628  "S2_B_exclude_code32",627,0.0236112697950683,-0.0531833532806793,0.0117758891679382,-0.0374920817901396,-0.0931563255512209
L1629  "S2_B_exclude_code32",628,-0.0244516502720239,-0.0606409870287447,0.00435081070749971,-0.0371723465890739,-0.10172937911383
L1630  "S2_B_exclude_code32",629,-0.00226167459306337,-0.00929809376175908,-0.0219213460144472,-0.0793095383761304,-0.0773986058061453
L1631  "S2_B_exclude_code32",630,-0.00526618027717748,-0.0351605605381219,0.0140334799340189,-0.0315339658046541,-0.079270712406175
L1632  "S2_B_exclude_code32",631,0.0220756766061582,-0.0749228574719763,0.0197216901283095,-0.0162226681815734,-0.0483276742825679
L1633  "S2_B_exclude_code32",632,-0.00291359577470442,-0.0351232726082639,-0.00641539426747739,-0.0291486643878131,-0.0487887135005448
L1634  "S2_B_exclude_code32",633,-0.0215008814648211,-0.0512149302776534,-0.0484332969211105,-0.0565389848029303,-0.0620468297038055
L1635  "S2_B_exclude_code32",634,-0.00482351456893806,-0.0653058756112679,0.0194410665559094,-0.033245681734287,-0.0605262925926173
L1636  "S2_B_exclude_code32",635,-0.0275362821716971,0.00847177012536608,-0.0553171683152918,-0.0233931932338378,-0.027776333421902
L1637  "S2_B_exclude_code32",636,-0.00726970828789925,-0.0295747515408491,-0.00257502525437578,-0.0281648030421094,-0.0779133562094804
L1638  "S2_B_exclude_code32",637,0.00381232532540585,-0.0367032171843406,-0.059058225521412,-0.0130004609230581,-0.0418671996678284
L1639  "S2_B_exclude_code32",638,-0.0176187887778745,-0.0154180672182507,-0.0149522961717176,-0.0334501073082518,-0.0467122710559428
L1640  "S2_B_exclude_code32",639,0.000926246180518425,-0.0674534117087059,-0.0448999312647795,-0.0188044761160357,-0.0120682007298228
L1641  "S2_B_exclude_code32",640,-0.0184714683610595,-0.0216714178026961,0.000267180882295298,-0.0498759275868801,-0.020648001771355
L1642  "S2_B_exclude_code32",641,-0.0039489547854321,-0.0278416500913149,-0.0266341306204093,0.0110483902226799,-0.0870015958767219
L1643  "S2_B_exclude_code32",642,0.00336186412751191,-0.0581028137745923,0.0391989494185258,-0.0312166540944406,-0.0600537698477114
L1644  "S2_B_exclude_code32",643,0.00564785478945021,-0.00742384551264264,0.00017347932988887,-0.0758952392116693,-0.010710441463711
L1645  "S2_B_exclude_code32",644,-0.00769009791552719,-0.013177628290688,-0.0395798553543294,-0.0466467295507481,-0.174176936411782
L1646  "S2_B_exclude_code32",645,0.0167869134505254,-0.0175795493597036,-0.0292507176512886,-0.0262763616663633,-0.0318194808180741
L1647  "S2_B_exclude_code32",646,-0.0165273390457872,-0.0200609342032523,-0.0279202404963358,-0.0157802836519166,-0.084490741480713
L1648  "S2_B_exclude_code32",647,-0.0135861902479352,-0.06973338711798,-0.0131118226035837,-0.0463563398439699,-0.0526243354530167
L1649  "S2_B_exclude_code32",648,-0.0191162289372515,-0.0540234131242269,-0.0145859112068167,-0.0252356140768749,-0.0419912590486987
L1650  "S2_B_exclude_code32",649,0.0102744307356705,-0.0195441490722076,-0.0267618056236074,-0.0444694072023418,-0.0646734832057282
L1651  "S2_B_exclude_code32",650,0.0412923456423197,-0.0335573026400696,0.00429773387130056,-0.0156210845175461,-0.0596430259009735
L1652  "S2_B_exclude_code32",651,0.00832111145921292,-0.0511159660409637,0.000183409470654095,0.0239656463281465,-0.0854312229142922
L1653  "S2_B_exclude_code32",652,0.0100108771399578,-0.0354462634828524,0.0281925837105611,-0.0329455695763149,-0.0886973668089341
L1654  "S2_B_exclude_code32",653,0.00475851465851257,-0.0433411194379493,-0.0182262249955028,0.0135528693023206,-0.0882211332385592
L1655  "S2_B_exclude_code32",654,-0.0111213501482103,-0.0626628515034265,0.0118453285541069,-0.0393511637769568,-0.042982259441599
L1656  "S2_B_exclude_code32",655,-0.017527475374871,-0.036302804919463,-0.0447692902858243,0.0399817327735996,-0.0928381312730601
L1657  "S2_B_exclude_code32",656,-0.0096686675963718,-0.0492653342325154,-0.0381497156559464,-0.0431203152044962,-0.038265024122033
L1658  "S2_B_exclude_code32",657,0.0127707197978068,-0.0607653022239157,0.0130520657397998,-0.0710189485323294,-0.00932293224477976
L1659  "S2_B_exclude_code32",658,-0.00662002100205104,-0.0184167783479375,0.00248575068514925,-0.0455383159572854,-0.0565656458779593
L1660  "S2_B_exclude_code32",659,0.00736295210666131,-0.0073060933732068,-0.0172196156529257,-0.0511961179872548,-0.0617481013047623
L1661  "S2_B_exclude_code32",660,0.00461266113209945,-0.00414071177507289,0.0102941953945143,-0.0282386295024774,-0.13504532424665
L1662  "S2_B_exclude_code32",661,0.0202431241009801,-0.0404934300911682,-0.0142670769661016,-0.0411262402809079,-0.0616962066461682
L1663  "S2_B_exclude_code32",662,-0.0136869302417856,-0.0338689000941313,0.0164929778451214,-0.079859802494891,-0.0482471774674369
L1664  "S2_B_exclude_code32",663,0.0187912636936928,-0.0113736599046899,0.0168176321284905,-0.0505724309031485,-0.0857461656844394
L1665  "S2_B_exclude_code32",664,0.0272140852759658,-0.0184404800787689,0.0156150226014828,-0.00673347201065083,-0.0291117676877132
L1666  "S2_B_exclude_code32",665,-0.0140110443245395,-0.0520850638274874,-0.00714305673404464,-0.0451685053681612,0.00310025841837025
L1667  "S2_B_exclude_code32",666,-0.00277517520580678,0.00277375138147015,0.0143542095474984,-0.0161978790379361,-0.0959306674525999
L1668  "S2_B_exclude_code32",667,0.0181524014071443,-0.0267938880786248,-0.0642627746295964,-0.00134517548038393,-0.067731168537904
L1669  "S2_B_exclude_code32",668,-0.0140485168612541,-0.0373755552120539,-0.0326500526296125,-0.0811755972954808,-0.0617193621223662
L1670  "S2_B_exclude_code32",669,0.00521512143725095,-0.0162498614481104,-0.00781536601484323,-0.034869428405603,-0.0293280415337792
L1671  "S2_B_exclude_code32",670,0.0277316976180637,-0.0153425820835352,0.0112809342038195,-0.0178860209230759,-0.0840550239636741
L1672  "S2_B_exclude_code32",671,0.0177201490850947,-0.0222967941735661,-0.0425928491503522,-0.00425051509854291,-0.151513142502967
L1673  "S2_B_exclude_code32",672,0.0117844145255619,-0.0297258492095595,-0.0339457713068762,-0.0218132395849105,-0.123721549957924
L1674  "S2_B_exclude_code32",673,0.0347604197581117,-0.0866512216455015,-0.031077566051671,-0.0769952321558423,-0.0640395220182839
L1675  "S2_B_exclude_code32",674,-0.00784871864408881,-0.0333053680563167,0.0062000085684126,-0.0264469637879111,-0.0384839772452764
L1676  "S2_B_exclude_code32",675,-5.68245689391983e-05,-0.0737662936969145,-0.0324645470238589,-0.0139114062513738,-0.0416725945183083
L1677  "S2_B_exclude_code32",676,-0.00681906294801568,-0.0560366810397965,-0.0108127827006221,-0.0284714426158534,-0.0255887236510626
L1678  "S2_B_exclude_code32",677,0.00543731656781703,-0.0253355572274461,-0.0297704382973358,-0.0365009645941022,-0.0733942227373653
L1679  "S2_B_exclude_code32",678,-0.0115017683592295,-0.00245949137056277,-0.0444007032512718,-0.0162031844578769,-0.0452613068587313
L1680  "S2_B_exclude_code32",679,-0.0291040177267862,-0.0274975170641592,-0.0450835212469767,-0.0255184698618091,-0.0428100427774478
L1681  "S2_B_exclude_code32",680,-0.0287390604000777,-0.00865029857572087,-0.021081311139606,-0.0357381093882559,-0.0958670426767798
L1682  "S2_B_exclude_code32",681,0.00589807440868979,-0.0316933808561927,0.0321569156816984,-0.0640411915660178,-0.0773372137125132
L1683  "S2_B_exclude_code32",682,-0.00155140151920272,-0.0460144338822,-0.0224001496359016,-0.0198664837063874,-0.0489320927170037
L1684  "S2_B_exclude_code32",683,0.0113528756991719,-0.0614389785185171,0.0599713480924336,-0.0354171775593328,-0.0411043883372418
L1685  "S2_B_exclude_code32",684,0.0170946691510433,-0.0237700676561059,0.00499369085713927,-0.0489579691729438,-0.0884586878812426
L1686  "S2_B_exclude_code32",685,0.0149623259552772,-0.0449763291617882,-0.0211427919550276,-0.0051324670971605,-0.0271023448080508
L1687  "S2_B_exclude_code32",686,-0.0040581041605247,-0.00623069440278216,-0.00439131360161699,0.00153552205576218,-0.0441082531366957
L1688  "S2_B_exclude_code32",687,0.0143097263830465,-0.0397069822121898,-0.0563509047675618,0.0130640158304691,-0.11085203588687
L1689  "S2_B_exclude_code32",688,0.0349248356895551,-0.0319975065758664,-0.00704517295777843,-0.0679303744798434,-0.0300820108768198
L1690  "S2_B_exclude_code32",689,0.0012666868745838,-0.0386974762735994,-0.0850342083247289,-0.0297894884829817,-0.0109559091865004
L1691  "S2_B_exclude_code32",690,-0.00935715895856928,-0.0674177041958952,-0.00776783104851816,-0.0384631950310871,-0.0572889322205856
L1692  "S2_B_exclude_code32",691,0.0116901925573231,-0.0133981933441006,0.00623202778208232,-0.0182576094238245,0.0251883270236684
L1693  "S2_B_exclude_code32",692,-0.0247139290693129,-0.0490429451618852,0.0328278379182096,-0.0352779467667307,-0.0599817620336187
L1694  "S2_B_exclude_code32",693,0.00718817285268886,-0.0417157308676418,-0.0768930916760312,0.0101511978528312,-0.0340188842539647
L1695  "S2_B_exclude_code32",694,-0.0555536005198639,-0.0209487260964099,-0.0199995963220568,-0.0494633181219354,-0.111184882350541
L1696  "S2_B_exclude_code32",695,0.00240425409487501,-0.0161123506361669,0.00958720929470272,0.0188803937036277,-0.0899615165616453
L1697  "S2_B_exclude_code32",696,0.00661130519981681,-0.0031056571551997,-0.00804772219394057,-0.0694657649728689,-0.0729068386704811
L1698  "S2_B_exclude_code32",697,0.0106009476538105,-0.0538133380983702,-0.0594310567362185,-0.054078528182754,-0.0721735808530873
L1699  "S2_B_exclude_code32",698,-0.00434213377007148,0.0124686605876909,-0.0484273077263518,-0.0533247257637132,-0.073595906212669
L1700  "S2_B_exclude_code32",699,-0.00138621747545992,-0.0117283149730854,-0.00649630833205628,-0.0321250354818838,-0.04053039758822
L1701  "S2_B_exclude_code32",700,-0.0203076654051328,-0.0217361053992486,-0.0490457861491294,-0.0401920134268465,-0.081631040943859
L1702  "S2_B_exclude_code32",701,0.0171467363751471,-0.0352965272573326,0.0127714584958117,-0.0617059102649719,-0.0393442149853113
L1703  "S2_B_exclude_code32",702,0.0127194506938435,0.021231226671643,-0.00157617104685318,0.0297945825680043,-0.0901799639829263
L1704  "S2_B_exclude_code32",703,0.00661171256518316,-0.021069405941261,-0.0424297550862088,-0.0119404652015797,-0.0277918600904556
L1705  "S2_B_exclude_code32",704,-0.0163023528975376,-0.00187483839077436,0.00318880898826504,0.0171106343271167,-0.0462844260709441
L1706  "S2_B_exclude_code32",705,-0.00938157982981286,-0.0273488112165487,0.00276352976669811,0.00350084567650469,-0.00770481306946835
L1707  "S2_B_exclude_code32",706,-0.00382730213286569,-0.0133507754475094,-0.0319954591565991,0.0134923729107049,-0.0789439276495947
L1708  "S2_B_exclude_code32",707,0.00764015895991608,-0.0398648307064569,0.023835425243671,-0.0134544145847861,-0.0689793514125565
L1709  "S2_B_exclude_code32",708,0.0119822237876842,-0.052814953282179,0.000166528287132622,-0.10473951708044,-0.0190504554791242
L1710  "S2_B_exclude_code32",709,-0.0095137665844085,0.000890252427734869,-0.0211538606204229,-0.0761600186651869,-0.0651731765056401
L1711  "S2_B_exclude_code32",710,-0.0169745567686403,-0.0608660848660991,0.0238175143285925,-0.0577427572125468,-0.045160154630534
L1712  "S2_B_exclude_code32",711,-0.00139817768827484,-0.030898361450833,-0.0381942373030024,-0.0354023464728966,-0.0217795342556045
L1713  "S2_B_exclude_code32",712,-0.0052501282153303,0.00760355620478907,-0.0639022757494483,-0.0963776658069404,-0.0431859665316894
L1714  "S2_B_exclude_code32",713,0.02209382212566,-0.0314292329242254,-0.0233327838705638,-0.0311961758893003,-0.11241699319245
L1715  "S2_B_exclude_code32",714,-0.0111111433243089,-0.0332271234856014,-0.0392014343816086,-0.0482021011033857,-0.0492930886339487
L1716  "S2_B_exclude_code32",715,0.0224517092468522,-0.023559670693621,0.0221119278870392,-0.0497675594039347,-0.0441189000498308
L1717  "S2_B_exclude_code32",716,0.00842509627913575,-0.0580777642619532,-0.0449599997067089,-0.0643517756492409,-0.0923710872821624
L1718  "S2_B_exclude_code32",717,0.0195864044023616,-0.027543260584437,-0.0216576853613664,-0.019019567255439,-0.0076145277816122
L1719  "S2_B_exclude_code32",718,-0.0171786393426866,-0.0355615182950603,0.000872422917679749,-0.108411476673467,-0.0707566151187551
L1720  "S2_B_exclude_code32",719,0.0117117145012344,-0.0390084104456002,-0.0395178794728984,-0.0406302741043552,-0.0870145513100427
L1721  "S2_B_exclude_code32",720,-0.047723496542894,-0.00947703659021618,0.0173585600658109,-0.019251895748176,-0.076698955454182
L1722  "S2_B_exclude_code32",721,-0.0238558413575529,-0.0511222278756619,-0.0211861971902918,0.00159797573365941,-0.0325862015841084
L1723  "S2_B_exclude_code32",722,-0.00140093180206191,-0.00951018809162005,-0.045241694447646,-0.0349254683537948,-0.0750040173991069
L1724  "S2_B_exclude_code32",723,-0.00277632658174706,-0.0672678550216199,-0.0685378859643232,-0.054559394030903,0.0114938904610905
L1725  "S2_B_exclude_code32",724,-0.00943021758024083,-0.0369613075558353,-0.0176879624111415,-0.0554669969752166,-0.016577408214543
L1726  "S2_B_exclude_code32",725,-0.00640055934687202,-0.061069795787365,-0.00433533795054,-0.0431783712225422,-0.0900711806010271
L1727  "S2_B_exclude_code32",726,-0.0205857425137645,-0.0307650459503174,-0.0419102772793582,-0.0135927800929201,-0.06545620559838
L1728  "S2_B_exclude_code32",727,0.00028507433174968,-0.0223429549308029,-0.0296643796984165,-0.0261306627368749,-0.035960868488508
L1729  "S2_B_exclude_code32",728,-0.000282620627192698,-0.0115940598979719,-0.0484667633834673,-0.0233081185881073,-0.102354335287565
L1730  "S2_B_exclude_code32",729,0.0268781930499761,-0.0313624293909506,0.000399398113360039,-0.0582688086915988,-0.0624529091751689
L1731  "S2_B_exclude_code32",730,0.00500904060381342,-0.015467169477146,-0.0731086026044471,-0.0114779372902047,-0.000658946748507305
L1732  "S2_B_exclude_code32",731,-0.0305462141446996,-0.0484277728214537,-0.0640377845976766,0.0283988417482822,-0.0604784330586991
L1733  "S2_B_exclude_code32",732,0.0217902858004393,-0.02683672161577,-0.0313680584160552,-0.0749470315216423,-0.122662860630216
L1734  "S2_B_exclude_code32",733,0.0292864506901243,0.00667544826540402,-0.0284093835670203,-0.0247130612722444,-0.109404578815274
L1735  "S2_B_exclude_code32",734,0.00692657909963861,-0.0592660454240996,-0.0503783041403137,-0.028316691977366,-0.0776353601630702
L1736  "S2_B_exclude_code32",735,-0.0101257211026123,-0.0359649990170829,-0.0251295355617086,0.02115694188658,-0.035287431511293
L1737  "S2_B_exclude_code32",736,0.0216582638896634,-0.0484238333281146,-0.0906640525063594,0.0126492908051067,-0.025056359825843
L1738  "S2_B_exclude_code32",737,0.000428092634588623,-0.0240070446245803,-0.0342867040932929,-0.0224026964729288,-0.0461186428029812
L1739  "S2_B_exclude_code32",738,0.000426465489826514,-0.0714113599115793,0.0349513658199758,-0.000603692493466035,-0.11536525865776
L1740  "S2_B_exclude_code32",739,0.00392191886951842,-0.00776328650525179,-0.0184480812174176,-0.0626587461776235,-0.106661691721828
L1741  "S2_B_exclude_code32",740,0.00946912152369075,-0.0219554471760615,-0.00834813152390348,0.007207358231411,-0.051864150669104
L1742  "S2_B_exclude_code32",741,-0.000729610824406535,-0.0307347876222183,0.0165054555366823,-0.101916794305953,-0.0414223745439427
L1743  "S2_B_exclude_code32",742,-0.00181247139731049,-0.0332556884833366,0.00525892397099589,-0.0651236305405572,-0.0243065031670448
L1744  "S2_B_exclude_code32",743,2.3381846009099e-05,-0.0510736002270434,0.0286437404236387,-0.0211664917293096,-0.0682886967423691
L1745  "S2_B_exclude_code32",744,0.00554957562183563,5.7954039101249e-05,-0.0186935187930083,0.0133233783400214,-0.0591605091319132
L1746  "S2_B_exclude_code32",745,-0.0152572258589721,-0.0417531829591963,0.019943885659277,-0.0755424237648624,-0.112629110838439
L1747  "S2_B_exclude_code32",746,0.0241766138232019,-0.0192662212221297,-0.0313890298495224,-0.00570723202152038,-0.11719232639922
L1748  "S2_B_exclude_code32",747,0.00660341505892794,-0.00510581462828667,-0.0412751733676014,-0.0290767290952371,-0.0820861203323025
L1749  "S2_B_exclude_code32",748,-0.0166883689668185,-0.0166488645665763,-0.0499085129264427,0.0160819611544816,-0.0735711812538578
L1750  "S2_B_exclude_code32",749,0.00214287122727023,0.00993910815895069,-0.0209960336663536,-0.0463407008490327,-0.0647363284172219
L1751  "S2_B_exclude_code32",750,-0.00911129255024147,0.00947226687535151,-0.0881150056114082,-0.0177342681620608,-0.095727321229114
L1752  "S2_B_exclude_code32",751,-0.0292128251660861,-0.0109614516855607,-0.00732508589368988,-0.0148924371905911,-0.115910401234508
L1753  "S2_B_exclude_code32",752,-0.0210605142001655,-0.0568954076318112,-0.010581569619035,-0.0219822809491651,-0.107587525456615
L1754  "S2_B_exclude_code32",753,0.0254055480090651,-0.0248415494656264,0.0291820419635746,0.00619588059042128,-0.0549478316579049
L1755  "S2_B_exclude_code32",754,-0.0330674470287174,-0.00952565311832348,-0.0667355493382829,0.00514764867975148,-0.0559212699184827
L1756  "S2_B_exclude_code32",755,0.0143085916688359,-0.076351278027418,-0.060704231101413,0.0257474445703656,-0.0172929488119927
L1757  "S2_B_exclude_code32",756,-0.00511460241225431,-0.047862167179202,-0.0722241259485259,-0.0340149475734548,-0.0901813811941696
L1758  "S2_B_exclude_code32",757,0.0158817278085203,0.00924771853047862,-0.0478129504845409,-0.0438198380149218,-0.0734834843824571
L1759  "S2_B_exclude_code32",758,0.00834170453796118,-0.000448145407539138,-0.0453807341124982,-0.0342765815591799,-0.055584278732362
L1760  "S2_B_exclude_code32",759,0.00812829442557408,-0.051542674498853,0.0183238213809228,0.00367531226499315,-0.0712880416725029
L1761  "S2_B_exclude_code32",760,0.00830844030733736,-0.0532517537614995,0.0175657035056214,0.00216422097993338,-0.0789740643497387
L1762  "S2_B_exclude_code32",761,-0.0178961807227659,-0.0592460690766291,-0.026867638437119,-0.0475751416674659,-0.0325674859856477
L1763  "S2_B_exclude_code32",762,-0.00190527995294167,0.00930467866405926,-0.0731358172457325,-0.0264718739848488,-0.0763341654622672
L1764  "S2_B_exclude_code32",763,0.00966891370381383,-0.00146805930300702,-0.0245107406694499,-0.0617424708010945,-0.0645639940678856
L1765  "S2_B_exclude_code32",764,0.00344007289637985,-0.0435786531056521,0.0174611450938844,-0.0281826602410397,-0.0847954052414823
L1766  "S2_B_exclude_code32",765,0.0390772638944401,-0.0474998653068987,-0.0793363546545762,0.0372986037199738,-0.0619685039715241
L1767  "S2_B_exclude_code32",766,-0.0124973211814036,-0.0199039430400733,-0.029612954800515,-0.0626483611835556,-0.0258894395042107
L1768  "S2_B_exclude_code32",767,-0.00212944619982176,-0.00774023550214559,-0.01916615649546,-0.00311569967068645,-0.0437229958763546
L1769  "S2_B_exclude_code32",768,0.0159380986088475,-0.0415866624690474,-0.000739920706859076,-0.0276758263901971,-0.063285822151214
L1770  "S2_B_exclude_code32",769,-0.0259489498177183,-0.0468308136093295,0.00823513016422875,-0.0620546794624208,-0.0988649884718826
L1771  "S2_B_exclude_code32",770,0.0128528946721109,-0.0523853296169469,0.00395476037478898,-0.0671345474700354,-0.0680495467688476
L1772  "S2_B_exclude_code32",771,0.0156511761907909,-0.0346438087008235,-0.0193797469489906,0.0135679690799297,-0.0797353498124285
L1773  "S2_B_exclude_code32",772,-0.0291075347169128,-0.0492536883949654,-0.0350537904606291,-0.0682148862837801,-0.0219137673537913
L1774  "S2_B_exclude_code32",773,0.00105639384840812,-0.0735071647585897,-0.00755591544994663,0.0047304822107245,-0.0584623180642072
L1775  "S2_B_exclude_code32",774,0.0175962672842163,-0.0493394031404286,-0.0401159522058118,-0.0321171976309497,0.0213059547206269
L1776  "S2_B_exclude_code32",775,-0.0147315818362664,-0.0504518695503218,-0.00253749781309309,-0.0371696599197969,-0.0509094541930885
L1777  "S2_B_exclude_code32",776,0.0121660571534799,-0.053917734930368,-0.0300492295216748,-0.00221375387334083,-0.0839458140726897
L1778  "S2_B_exclude_code32",777,0.00726852481106851,-0.0191203278690748,0.0114465255788191,-0.0224443045383279,-0.101834437744025
L1779  "S2_B_exclude_code32",778,0.00503135783100227,-0.0584828933472202,-0.0126934367175137,-0.0559876044975808,-0.0551575071521849
L1780  "S2_B_exclude_code32",779,0.00621215596744207,-0.0215760193926216,-0.0301075916542283,-0.0485867643734185,-0.0180322366349046
L1781  "S2_B_exclude_code32",780,-0.00793651999184433,-0.0506625111867565,-0.0409874557753187,1.99409541060402e-05,-0.0549854952545467
L1782  "S2_B_exclude_code32",781,0.0218642925745281,-0.0213819661162541,0.0102700469079648,-0.00449446557709676,-0.132728418050851
L1783  "S2_B_exclude_code32",782,0.0169104188879604,-0.0385675231685905,-0.0515758639654544,-0.0101360288574652,0.000492382653702383
L1784  "S2_B_exclude_code32",783,-0.0141478028795877,-0.043870935994184,-0.0204433842989268,-0.0844549781841781,-0.0302190199646907
L1785  "S2_B_exclude_code32",784,-0.00754439100145821,-0.039167725459552,-0.0625743701466417,-0.0275142217086994,-0.0912349687750751
L1786  "S2_B_exclude_code32",785,-0.00324337720423069,-0.0281425628136686,-0.0688133116055446,-0.0351223033209318,-0.0481722899593652
L1787  "S2_B_exclude_code32",786,-0.00491825021462631,-0.0297186980837677,0.0309225062435038,-0.0113354190527017,-0.00999126685019769
L1788  "S2_B_exclude_code32",787,0.00908223009603931,-0.00478332320394685,0.00824480306442363,-0.0213214473656214,-0.100958727495376
L1789  "S2_B_exclude_code32",788,-0.00989530656927476,0.00315590375687087,-0.0625923107600089,-0.0638391527252229,-0.0738910442404619
L1790  "S2_B_exclude_code32",789,0.0136092545631704,-0.0631689928704822,-0.0341911977114706,-0.0122554748916037,-0.0985694596224728
L1791  "S2_B_exclude_code32",790,-0.00189536249688195,-0.00202078558194463,-0.012842180345595,-0.0445155136489168,-0.0213915118360724
L1792  "S2_B_exclude_code32",791,-0.00634499994911036,-0.0192651275300356,-0.0463700662491312,-0.0293413569043159,-0.0746873846292976
L1793  "S2_B_exclude_code32",792,0.00367777266657895,-0.0346957680433803,-0.0792004273970094,-0.0276627926314709,-0.0957435586946933
L1794  "S2_B_exclude_code32",793,-0.0296597930428086,-0.0626755134402801,0.0277321384267234,-0.0488382773917291,-0.0480982072348374
L1795  "S2_B_exclude_code32",794,-0.0156134158336883,-0.000952478125684386,-0.0161285453084986,-0.04183658778042,-0.0808610857220839
L1796  "S2_B_exclude_code32",795,0.00833371168051349,-0.0274128893961239,-0.00510140369818288,-0.0377159727986187,-0.121372830501268
L1797  "S2_B_exclude_code32",796,0.0284507287079791,-0.0281800662014211,-0.0332701941927006,-0.0270258441411145,-0.0282362218328029
L1798  "S2_B_exclude_code32",797,0.0121240818722024,-0.0478140547608269,0.00233580182689497,-0.0434228507804794,-0.0902202295283079
L1799  "S2_B_exclude_code32",798,-0.00448483717090249,0.0243181481179611,-0.0145973025007998,-0.0543886187543551,-0.0571058300176185
L1800  "S2_B_exclude_code32",799,0.00406526818454712,-0.0804750257167359,-0.00490169423835776,-0.0493299142376092,-0.107402399750244
L1801  "S2_B_exclude_code32",800,0.00949256748924593,-0.0223782548700472,-0.00929780968275015,-0.0453182725161544,-0.0573026989852605
L1802  "S2_B_exclude_code32",801,-0.00130637478067408,-0.0429777672232951,0.00389572292599624,-0.00577249232032795,-0.135678633963046
L1803  "S2_B_exclude_code32",802,0.00570473254515633,-0.0344289162723236,-0.0398143643537233,-0.0463653095226941,-0.0954631128830186
L1804  "S2_B_exclude_code32",803,0.0135834528966265,-0.0086941274818654,-0.00878626262838211,-0.0432748799451486,-0.0258465105071706
L1805  "S2_B_exclude_code32",804,0.0278629888313485,-0.0124519687898269,-0.003282978778887,-0.0326532653282677,-0.0719437122952774
L1806  "S2_B_exclude_code32",805,0.0165444731438064,-0.00628526494000393,-0.0203573353615352,-0.0769709852319928,-0.0284552521208586
L1807  "S2_B_exclude_code32",806,-0.0271701752959506,-0.0384711917538832,-0.0658767522362156,-0.0329432837489466,-0.0808067493731212
L1808  "S2_B_exclude_code32",807,0.00568109239462956,-0.0327380372048009,-0.0270660662822558,-0.0402056975982912,-0.0537291158189256
L1809  "S2_B_exclude_code32",808,-0.0193485878438406,-0.0172998901544031,0.0403332980735778,-0.0341744437800947,-0.0536668234616985
L1810  "S2_B_exclude_code32",809,0.00762869636534542,-0.0210128121000051,-0.0286186348799493,-0.069399383064745,-0.0334617323114804
L1811  "S2_B_exclude_code32",810,0.00537434779704418,-0.0227270266162734,-0.0433963768630517,0.00325245281238312,-0.0222950767298465
L1812  "S2_B_exclude_code32",811,0.0045183118093352,0.0200204101522863,-0.00555539947617362,-0.0265164976542452,-0.0487003850370925
L1813  "S2_B_exclude_code32",812,0.0107987818632618,-0.00814249648110524,0.00506659001413243,-0.0647870218336194,-0.0189633201682183
L1814  "S2_B_exclude_code32",813,0.0252355668721401,-0.0503074550092875,-0.0338044541441325,-0.0291051346068366,-0.0899068528401198
L1815  "S2_B_exclude_code32",814,-0.00673952125763556,-0.0533782094062809,-0.00604209508211731,0.000437540062537684,-0.0309482956725172
L1816  "S2_B_exclude_code32",815,0.0144565910689157,-0.0444526842501343,-0.0438823681570669,-0.0499020291748943,-0.0732039650048619
L1817  "S2_B_exclude_code32",816,-0.0246101978604261,-0.0243249911664712,-0.00869130726071335,-0.00644655204386557,-0.064105347582563
L1818  "S2_B_exclude_code32",817,-0.00315959033185637,-0.031166143062668,0.0199317597174647,-0.0507721950863667,-0.0204353542987117
L1819  "S2_B_exclude_code32",818,-0.0144099270679341,-0.0267487156730325,-0.0108585381020348,-0.00828816737373286,-0.0236831182887791
L1820  "S2_B_exclude_code32",819,-0.00195201320625104,-0.0423293056717049,0.0008851489330092,-0.0501724795070854,-0.0127967074359131
L1821  "S2_B_exclude_code32",820,0.0105279219844118,0.0125024038642337,-0.0350854553617888,-0.00913130178881449,-0.0998108773729672
L1822  "S2_B_exclude_code32",821,-0.0188145882877023,-0.0259252481879019,-0.0109669610576333,-0.0259652252621436,-0.0879032399325921
L1823  "S2_B_exclude_code32",822,-0.000912572774790038,-0.0323629014384863,0.00813627494751026,-0.0166295793370822,-0.103297607804552
L1824  "S2_B_exclude_code32",823,-0.013834962120316,0.00184349015901879,-0.0244626325336576,-0.0203414966462014,-0.00378580532823231
L1825  "S2_B_exclude_code32",824,-0.00578958204172617,0.000192681804821751,-0.0238788595295321,0.00181955807976031,-0.0297789337760264
L1826  "S2_B_exclude_code32",825,0.000389739765604198,-0.0235253266220428,-0.048273430366836,-0.00494565542375316,-0.00770066452050244
L1827  "S2_B_exclude_code32",826,0.00807102685756542,-0.0418582322138605,0.0496168183891536,-0.0666504817753864,-0.0665186537414115
L1828  "S2_B_exclude_code32",827,-0.0157478856246447,-0.0163850502002708,-0.105044294088205,-0.0592219733145481,-0.0369492399588891
L1829  "S2_B_exclude_code32",828,-0.00493662314555333,-0.0230268248685917,-0.00388494177009405,-0.0841634693652792,-0.0348482864936872
L1830  "S2_B_exclude_code32",829,-0.00666397592232155,-0.0225830577891291,-0.018456544594493,-0.053735006183319,-0.0420605180752929
L1831  "S2_B_exclude_code32",830,-0.0293469152549209,-0.00752644917173367,-0.016970555498202,0.0223540241779879,-0.01101965027327
L1832  "S2_B_exclude_code32",831,0.0132047493281645,-0.0474852152375758,-0.00460558794789512,-0.0182610240463325,-0.0526434319327834
L1833  "S2_B_exclude_code32",832,-0.00932995193112787,-0.0311288546821904,0.00704331269174635,-0.0145917731670384,-0.0547745729275866
L1834  "S2_B_exclude_code32",833,0.0203219869643443,-0.0649788206903628,0.0218241093577647,-0.0277219115863436,-0.03368849491532
L1835  "S2_B_exclude_code32",834,-0.0137739458833074,-0.0330057286382535,0.042763001387825,0.00165034469111131,-0.087976471299202
L1836  "S2_B_exclude_code32",835,-0.0157152891839475,0.00267882456331174,-0.0116115124081214,-0.0640270403775149,-0.0261422716784188
L1837  "S2_B_exclude_code32",836,0.011985567792488,-0.0677616749405025,-0.00078769073144408,-0.0298581956962173,-0.0586053860342513
L1838  "S2_B_exclude_code32",837,-0.0212617309970478,-0.0247324497869123,-0.0194987129633454,-0.0205753815999329,-0.0510352226199335
L1839  "S2_B_exclude_code32",838,0.00349822642812412,-0.00643708626060956,-0.0400726180413608,-0.0152515927459141,-0.0283908706853936
L1840  "S2_B_exclude_code32",839,-0.00104794328634591,-0.0573483220756881,-0.0341556551728919,-0.0400415980599478,-0.071092965402913
L1841  "S2_B_exclude_code32",840,0.0119950350247004,-0.0586434958063105,-0.012354155478932,0.00201423838707537,-0.0705470532843172
L1842  "S2_B_exclude_code32",841,0.000963085523261034,-0.0463322885914672,-0.0158556238659762,0.00785657968125641,-0.0374394381551145
L1843  "S2_B_exclude_code32",842,-0.00564806770814687,-0.0831841492856214,-0.00442647906121919,-0.0474847510645227,-0.135567326386323
L1844  "S2_B_exclude_code32",843,0.00625207080834884,-0.0542579049712634,-0.00303733319332666,-0.0716176969795737,-0.0254107029435223
L1845  "S2_B_exclude_code32",844,-0.00828781918170892,0.0268153345574042,-0.0594992094359345,-0.00455108574355012,-0.102951822528014
L1846  "S2_B_exclude_code32",845,0.00079562068419288,-0.0357285305652351,-0.0289154454396442,0.012923686818537,-0.0319267065962789
L1847  "S2_B_exclude_code32",846,0.0199062036779801,-0.013552497810559,-0.0530438735913023,-0.0661029171611723,-0.0607320608794372
L1848  "S2_B_exclude_code32",847,0.00928299751567446,-0.0184254703510822,-0.0430679113745629,8.07083290040034e-05,-0.131198191099419
L1849  "S2_B_exclude_code32",848,-0.0121570694345867,-0.0306587306766209,-0.0219749098541636,-0.058278351276622,-0.0780337907349961
L1850  "S2_B_exclude_code32",849,0.00124792241323862,-0.0406691775179557,-0.0238473892293103,0.00880271517472822,-0.111536335824627
L1851  "S2_B_exclude_code32",850,0.0196788016851772,-0.0206108962151662,-0.046038917657458,-0.0380865077699072,-0.0766763987560426
L1852  "S2_B_exclude_code32",851,-0.00160258233992203,-0.0429261448226246,-0.0425585132785411,0.0195217361712936,-0.125416608081152
L1853  "S2_B_exclude_code32",852,-0.0133189624275714,0.038850037452135,-0.0237134700008666,-0.0634033373280042,-0.0966652841494951
L1854  "S2_B_exclude_code32",853,-0.00601975649871786,-0.0154970142826157,0.0193017701941206,-0.0332073572471225,-0.0422285174669906
L1855  "S2_B_exclude_code32",854,-0.0106183480963929,-0.054557424034886,-0.00656842115015954,0.0196611424778087,-0.0572818632338892
L1856  "S2_B_exclude_code32",855,-0.0170426749066557,0.0069206261506338,0.00272524327503521,-0.056160957568182,-0.0205785335666656
L1857  "S2_B_exclude_code32",856,-0.00934887898006079,0.00096143730752285,-0.00314693126055596,-0.0602956385324689,-0.0365269450308787
L1858  "S2_B_exclude_code32",857,0.0216639995506387,-0.0284648404951065,-0.0754253076793911,-0.00771050921811978,-0.0282767788914488
L1859  "S2_B_exclude_code32",858,0.00898039572102396,-0.00922732718867383,-0.0469631831859189,-0.0280420997763763,-0.0564025500241151
L1860  "S2_B_exclude_code32",859,0.00866080495201036,-0.0437113616877017,0.0161280515966497,-0.0591197475882674,-0.0564760987544276
L1861  "S2_B_exclude_code32",860,0.0264100960702152,-0.0411172326930984,0.018466221421455,-0.00337641743418773,-0.0893234601507077
L1862  "S2_B_exclude_code32",861,-0.0170781268188267,-0.0408695692911552,-0.00902780447213777,-0.00723984554314266,-0.0460692798179964
L1863  "S2_B_exclude_code32",862,0.00237902089703902,-0.00363972991527899,-0.0639861317940192,-0.0417813052639252,-0.0299549199347003
L1864  "S2_B_exclude_code32",863,-0.0165350568745043,-0.0135188402441346,-0.0468144569980788,-0.0265333596743086,-0.0584272124464795
L1865  "S2_B_exclude_code32",864,-0.0119289122515572,-0.00711343859856019,-0.00915124357568489,-0.0317534623341481,-0.0648664509282971
L1866  "S2_B_exclude_code32",865,0.00728467515453081,-0.00286242290949056,-0.0049962833086401,-0.0573183943669148,-0.0970118497873462
L1867  "S2_B_exclude_code32",866,0.00465626977051335,0.0280879276345096,-0.0660016281649008,0.0121412829470279,-0.0534874585156918
L1868  "S2_B_exclude_code32",867,-0.0352946668836318,-0.0467257352761738,-0.0106977279482112,-0.0662775666579007,-0.0749448141301782
L1869  "S2_B_exclude_code32",868,0.00143802340006224,0.00781067440589703,0.0202094648511234,-0.0432570287612391,-0.0619598932981665
L1870  "S2_B_exclude_code32",869,0.00684629906393895,0.0185662762451332,0.00915691239711225,-0.0330971776436192,-0.0671164804769667
L1871  "S2_B_exclude_code32",870,0.00309158807261614,-0.0427257445044081,-0.0530539752594787,-0.0356767828923439,-0.0680678122669145
L1872  "S2_B_exclude_code32",871,0.0061456100313177,-0.0193906824173943,0.0387582564912664,-0.0602325678802301,-0.00936078843093779
L1873  "S2_B_exclude_code32",872,0.0152119898628788,-0.0574645737929316,-0.0369509099877868,-0.00330835787042139,-0.0865799317460517
L1874  "S2_B_exclude_code32",873,0.0142907940140073,-0.0684001139976169,0.0139436242327302,-0.0454051532638026,-0.0513366777717639
L1875  "S2_B_exclude_code32",874,-0.00355919802856691,-0.0674844696113486,0.000347741531317253,-0.0393825945221519,-0.0362353036880492
L1876  "S2_B_exclude_code32",875,0.0104255878390707,-0.0370819971773277,-0.0189474060887646,-0.0178378904447226,-0.0394164162196298
L1877  "S2_B_exclude_code32",876,0.0133269084866719,-0.0365836420382418,-0.0202857447540885,-0.0230160363889725,-0.0795736346598552
L1878  "S2_B_exclude_code32",877,-0.00140604888942044,-0.0187951543711309,-0.029970873218172,-0.0537009269343232,-0.0937898677903989
L1879  "S2_B_exclude_code32",878,0.00938980447127753,-0.0350392375037522,-0.0882226251306885,-0.0773873009246812,-0.0980490247331651
L1880  "S2_B_exclude_code32",879,0.011707660120595,-0.0613786889097214,-0.0189648918918093,0.054829164714424,-0.1394876511908
L1881  "S2_B_exclude_code32",880,-0.0143532991430484,-0.0416778614290775,-0.00541527842999856,-0.0352623840315844,-0.0573910630239381
L1882  "S2_B_exclude_code32",881,-0.00251865410295379,-0.0501986584242044,-0.0140459896417153,-0.0169141916371799,-0.0787658864886714
L1883  "S2_B_exclude_code32",882,-0.0154171176110445,-0.0104711716285157,-0.0714352768606711,-0.0681156765836043,-0.0589714548672377
L1884  "S2_B_exclude_code32",883,0.00527244466604031,-0.0173669763712783,0.00656645854888746,-0.0171220099543689,-0.030534143724893
L1885  "S2_B_exclude_code32",884,-0.0111838775160566,-0.0206471475374234,-0.0103193411334886,-0.032006781965145,-0.0862927358044548
L1886  "S2_B_exclude_code32",885,-0.0134602281082147,-0.0155120560401577,-0.0358521445959741,0.00392055713094636,-0.0317673674480623
L1887  "S2_B_exclude_code32",886,-0.0257515238152811,-0.0285956114399229,-0.00681047449650962,-0.0271829952778381,-0.0977881033097919
L1888  "S2_B_exclude_code32",887,0.0146921266447508,-0.0529294523945644,-0.0289084679839934,-0.0240314918511899,-0.0162529058862346
L1889  "S2_B_exclude_code32",888,0.00294092720565692,-0.0392949426140284,0.016441488815148,-0.0551803650225229,-0.041291934097518
L1890  "S2_B_exclude_code32",889,0.0190849065474469,-0.043666784984595,0.00284891885418681,-0.06079549607094,-0.117912124515167
L1891  "S2_B_exclude_code32",890,-0.00373339985249661,-0.0106256014209771,-0.0693534195030666,-0.0139673751786301,-0.0812176668453327
L1892  "S2_B_exclude_code32",891,-0.00242772645310643,0.00561289264936968,-0.0311861234503112,-0.0259616706932567,-0.0332792058433806
L1893  "S2_B_exclude_code32",892,-0.00762107126170062,-0.0534485340002695,-0.0286173930322056,0.0108707361930648,-0.0605539154727723
L1894  "S2_B_exclude_code32",893,-0.00281708002717204,-0.0384315246183491,-0.02473478072252,-0.0717325954614813,-0.0814150546826365
L1895  "S2_B_exclude_code32",894,0.0101933641688736,-0.0428317014358899,-0.0390148091613565,-0.024491074184366,-0.0813604448942575
L1896  "S2_B_exclude_code32",895,0.00929248984769068,-0.0528064976950302,-0.0422365976858451,-0.0598086967313757,-0.0662876915232627
L1897  "S2_B_exclude_code32",896,-0.0150628762799731,0.0145182544175341,-0.0199906571030536,-0.0521244267509045,-0.0698715069964598
L1898  "S2_B_exclude_code32",897,-0.0436845413717051,-0.0224867219562571,0.0058788288687518,0.0193547502823139,-0.074268655047704
L1899  "S2_B_exclude_code32",898,0.0216551145247429,-0.0394605162266098,-0.0135767880644284,-0.0129766084217458,-0.106725586329436
L1900  "S2_B_exclude_code32",899,-0.0195551733842921,-0.0804278372601135,-0.00988770609551157,0.0126825357006746,-0.0875244899576595
L1901  "S2_B_exclude_code32",900,-0.0274729799790641,-0.0163628849216873,0.0160957701648398,-0.00473596293983633,-0.0805465526179411
L1902  "S2_B_exclude_code32",901,0.000856485791509584,-0.0510116736125215,0.00364173035766377,-0.0167971535662052,-0.0743939872984907
L1903  "S2_B_exclude_code32",902,-0.00434868227954165,0.0132237076628439,-0.00834860068347298,-0.061626718938057,-0.0401194340830828
L1904  "S2_B_exclude_code32",903,-0.0093090465409266,-0.0279378655373124,0.00224502400688595,-0.00279221363986679,-0.0280837929203107
L1905  "S2_B_exclude_code32",904,-0.0164452487992297,-0.0341314208358643,-0.051010948500036,-0.00929769609530187,-0.0519031904116684
L1906  "S2_B_exclude_code32",905,-0.00354757641026981,-0.0533436225883681,-0.00715657038464959,-0.0734178825558266,-0.052493360401362
L1907  "S2_B_exclude_code32",906,-0.00150590743539519,-0.0784462268288497,0.036462003590114,-0.0390945416337029,0.027373228975904
L1908  "S2_B_exclude_code32",907,0.00223729336867259,-0.0534429865700679,-0.0489602438568486,0.0123723583558151,-0.0801760981672034
L1909  "S2_B_exclude_code32",908,0.0129155170009185,0.00310967977901862,-0.0189127727943424,-0.0171081397426859,-0.0555114924934131
L1910  "S2_B_exclude_code32",909,-0.00143873144880501,-0.0619129311218085,0.00275529150640688,-0.0167410846037398,-0.0655898067485184
L1911  "S2_B_exclude_code32",910,0.00603701053519198,0.00573393202518063,-0.0367340933619617,-0.032080937244936,-0.140163132983443
L1912  "S2_B_exclude_code32",911,-0.0184677453838002,-0.0509176589653666,-0.0143824679350257,-0.0256797473398992,-0.0939658853003693
L1913  "S2_B_exclude_code32",912,0.024608600036161,-0.023939025807412,-0.0109105855359986,-0.0591083132856999,-0.0882097141129
L1914  "S2_B_exclude_code32",913,-0.00263112801763367,-0.00237010960317872,0.0151174792748426,-0.0337454243974155,-0.103538226187451
L1915  "S2_B_exclude_code32",914,0.0162929690971576,-0.0141914638901426,-0.0404228902868608,-0.0117182984492484,-0.0311929592894616
L1916  "S2_B_exclude_code32",915,0.0184666449184045,-0.011915493544052,-0.0235900721612408,-0.0170610008927164,-0.0151174321847267
L1917  "S2_B_exclude_code32",916,0.00706045528723656,-0.0288998452163444,-0.0354386109820182,-8.44423526439875e-05,-0.0421637996306701
L1918  "S2_B_exclude_code32",917,-0.0149224179344968,-0.0547280669997275,-0.0469100697389574,-0.0683853785776661,-0.131437393485486
L1919  "S2_B_exclude_code32",918,-0.0293024862931188,-0.0616369483515275,0.00808349513250384,-0.0100741802166707,-0.108579980457087
L1920  "S2_B_exclude_code32",919,-0.0172928271883057,-0.0155494269503808,-0.0376822013897421,-0.0205304576477203,-0.073159823941661
L1921  "S2_B_exclude_code32",920,0.0153436763432074,-0.0216899825019716,0.00639169879805881,0.00479974260744556,-0.0666088508742395
L1922  "S2_B_exclude_code32",921,-0.0473722283963096,-0.0140191627896444,-0.0356685369681927,-0.0344397564912467,-0.0624168870669101
L1923  "S2_B_exclude_code32",922,-0.00612149922274969,0.00507550708997113,-0.0154459115965156,0.00814656693651244,-0.0370133389815747
L1924  "S2_B_exclude_code32",923,-0.0159142698194451,0.00488903338754071,-0.0128163547028669,-0.00626268851747919,-0.118188560158309
L1925  "S2_B_exclude_code32",924,0.00716424874545205,-0.0157969441367287,-0.00996003270939211,-0.0517922020633828,-0.0256564434756616
L1926  "S2_B_exclude_code32",925,0.00888399192047876,-0.0220401914801096,-0.0505137887045063,-0.006515310560883,-0.0786185914617855
L1927  "S2_B_exclude_code32",926,-0.0051192456324284,-0.00192774344910401,0.0142109177990307,0.0074507637192637,-0.0199092128433118
L1928  "S2_B_exclude_code32",927,-0.0267127011385034,-0.0247097898947474,-0.0149987717334713,-0.0110114845278826,-0.0354464019368911
L1929  "S2_B_exclude_code32",928,0.00267103398434775,-0.0412198981573961,-0.0337401174004997,-0.0399383234481498,-0.0373292960349323
L1930  "S2_B_exclude_code32",929,0.00415070045282787,-0.0536185760801334,-0.0224303390955232,0.0169460667986023,-0.0699359072030744
L1931  "S2_B_exclude_code32",930,-0.00140994531785621,0.0183804434239873,-0.0102583231648278,-0.024093481052673,-0.042885124301516
L1932  "S2_B_exclude_code32",931,0.0178253463473751,-0.0857743937499538,-0.0357440375536513,-0.0392407427146872,-0.065012013158614
L1933  "S2_B_exclude_code32",932,-0.0100579586947862,-0.0320099368351739,-0.0250527867896884,-0.0332183165336759,-0.0321366120247568
L1934  "S2_B_exclude_code32",933,0.00914370156042178,-0.0327028701795828,0.0248869895882029,0.0169514637088765,-0.0710725733796753
L1935  "S2_B_exclude_code32",934,0.00092255295632486,-0.0446720273004666,-0.0644443169201088,-0.0266506939009897,-0.0310938757669025
L1936  "S2_B_exclude_code32",935,-0.0061044022723926,-0.0184862003765271,0.0181932425854825,0.00909340206858406,-0.0984136623464765
L1937  "S2_B_exclude_code32",936,0.00353543529010579,-0.0136573119395804,-0.00606498013000958,-0.0284969155891918,-0.0102768970188355
L1938  "S2_B_exclude_code32",937,-0.00205834491132138,-0.0222884894366017,0.00814266550067066,-0.0154704366746166,-0.0151426319771884
L1939  "S2_B_exclude_code32",938,-0.0331824586185621,-0.0428243346477004,-0.0640596063291881,-0.0517911502249446,-0.113763538798901
L1940  "S2_B_exclude_code32",939,0.015104078578698,-0.0157638836541146,-0.00367184572829796,0.0171557240832817,-0.0782006161093527
L1941  "S2_B_exclude_code32",940,-0.0177777732695576,-0.0324513922144847,-0.0263537862280432,-0.0598522445751774,0.018002644384667
L1942  "S2_B_exclude_code32",941,-0.00502316530919111,-0.0115783832444744,-0.00342356937197372,0.0208015933308803,-0.132840162112325
L1943  "S2_B_exclude_code32",942,0.00516312237660765,0.00565930407085836,0.00231979353045089,0.00384849319490535,-0.051020393893952
L1944  "S2_B_exclude_code32",943,0.0100181433913031,-0.0657754261707137,-0.00880507391132748,-0.0940071545825431,-0.0963564964986445
L1945  "S2_B_exclude_code32",944,-0.0180924061529839,-0.0442018204389113,-0.0307721834104295,-0.0458263896787504,-0.025000076934985
L1946  "S2_B_exclude_code32",945,-0.0323690246152909,-0.0185262924666372,-0.0135017431588253,0.0211933467642696,-0.0457243465369847
L1947  "S2_B_exclude_code32",946,-0.0265151122133675,0.00280021345111749,-0.00607769683789844,-0.0209039789503702,-0.0791704379959964
L1948  "S2_B_exclude_code32",947,0.0362424655270936,-0.0391434507864599,0.00785644706835309,-0.0433069858944614,-0.0756850043380222
L1949  "S2_B_exclude_code32",948,-0.0111343252039919,0.0203148516838564,0.0225728695566557,-0.0440569295565219,-0.0697150081740009
L1950  "S2_B_exclude_code32",949,-0.0529403123867764,-0.0351582419683946,-0.00472390565040209,-0.0422197244817185,-0.00909888387672264
L1951  "S2_B_exclude_code32",950,0.00789912962244175,-0.0288014527023824,-0.0139586232120778,-0.0427474957566783,-0.0643635382788552
L1952  "S2_B_exclude_code32",951,-0.0179187943458189,0.00242914186581128,-0.035451581458237,0.0278679936542693,-0.0465666727554622
L1953  "S2_B_exclude_code32",952,-0.000633653579542162,0.0114457536889152,-0.0430802845618186,-0.00417407212494719,-0.0366224954225305
L1954  "S2_B_exclude_code32",953,0.00705343543165579,-0.0121035122502892,-0.0230125386626198,-0.0602713091623993,-0.105914070689532
L1955  "S2_B_exclude_code32",954,-0.012563992349848,-0.0324815888778858,-0.0124009531280436,-0.0621283109529226,-0.0620518490120296
L1956  "S2_B_exclude_code32",955,0.00804781447520821,-0.022544919664925,0.0119260478458037,-0.0454641422115863,-0.0231696394722844
L1957  "S2_B_exclude_code32",956,-0.00980860117149448,-0.0252457469512687,-0.00870489204577268,-0.0157071071967445,-0.0583927723913034
L1958  "S2_B_exclude_code32",957,-0.0151630253285073,-0.0212915025903652,-0.0317092778985792,-0.0510498129212549,-0.0585458394486469
L1959  "S2_B_exclude_code32",958,-0.0178362134800359,-0.00394517864965949,-0.0961714719627648,-0.0617989982261389,-0.0697047802982315
L1960  "S2_B_exclude_code32",959,0.00833014275065434,-0.0269527984912144,-0.0303118376415404,0.0159881473200103,-0.0421552930639297
L1961  "S2_B_exclude_code32",960,-0.0187534929768792,0.00417944628132878,0.0234606149823786,-0.0651159599735008,-0.00350376573471578
L1962  "S2_B_exclude_code32",961,0.0104232667751914,-0.0880400847891739,-0.00991599084192654,-0.0844048306338751,-0.084769078063933
L1963  "S2_B_exclude_code32",962,-0.0375548185627263,-0.0406572819057123,-0.00572044239989528,0.0112752323576898,0.0316562571109433
L1964  "S2_B_exclude_code32",963,-0.0199695510474052,-0.0413449923526318,-0.023874400685921,-0.0428668075966823,-0.0318492960308122
L1965  "S2_B_exclude_code32",964,0.0207967731683765,-0.0485970256290122,-0.0398583240706276,-0.033272166735772,-0.029210578240307
L1966  "S2_B_exclude_code32",965,-0.00226152207139556,-0.0190450834610855,-0.0553764963115443,-0.0288575901187234,-0.0318575120739769
L1967  "S2_B_exclude_code32",966,0.0208540661983082,-0.028882474764378,-0.0223163493947896,-0.0357524967426465,-0.0213847969700993
L1968  "S2_B_exclude_code32",967,-0.00789217292109459,-0.0644832477895213,-0.000375268264738576,-0.084478946533648,-0.015541118797879
L1969  "S2_B_exclude_code32",968,-0.00389198757258808,-0.0360645260267851,-0.0580539569346954,-0.0179373322550843,0.0128392930589806
L1970  "S2_B_exclude_code32",969,-0.0216444310276595,-0.0565363522814542,0.0223461925936443,-0.0322103954974492,-0.0991916067930718
L1971  "S2_B_exclude_code32",970,-0.0149089256118349,-0.0248993098532785,-0.0108461001064972,-0.0774835929497243,-0.122266817598993
L1972  "S2_B_exclude_code32",971,0.0151363816066895,-0.0185724290110622,-0.0173749524767961,0.0249232738379653,-0.0719658509235495
L1973  "S2_B_exclude_code32",972,-0.00236836257163109,-0.0828973943658568,-0.0081456179171209,-0.00037000966265191,-0.0515024228093315
L1974  "S2_B_exclude_code32",973,0.0127733122442389,-0.0280745702994542,0.0144774469651736,-0.0480159000735418,-0.0551911044168694
L1975  "S2_B_exclude_code32",974,-0.0300017999005143,-0.0414147532886127,-0.0161698852942187,-0.0429518291011371,-0.0497527029839943
L1976  "S2_B_exclude_code32",975,-0.004482148224505,-0.0374321869334656,-0.0793689088523742,-0.0122932554893812,-0.0984388093015388
L1977  "S2_B_exclude_code32",976,0.00256429733985727,-0.00087891830786499,-0.000168124979221973,-0.0628978547784073,-0.00529020143441078
L1978  "S2_B_exclude_code32",977,0.0174773577052719,-0.0548497022313868,-0.011289335922721,-0.0631471561171077,-0.0793112051726033
L1979  "S2_B_exclude_code32",978,0.0177550207309516,-0.0319832194548567,-0.0462898961023735,-0.036238445839975,-0.0446029570163141
L1980  "S2_B_exclude_code32",979,-0.0189271222933998,-0.0367580110977497,-0.0046296808787028,-0.0465309825964843,-0.0560792851747274
L1981  "S2_B_exclude_code32",980,-0.0287363265256966,-0.0430067416477242,0.00322867804202881,0.00856692747624241,-0.0381388964770148
L1982  "S2_B_exclude_code32",981,-0.00905526801116492,-0.0358507652371203,-0.00788445992341388,-0.0648767819219755,-0.101551462213188
L1983  "S2_B_exclude_code32",982,0.0284185205069883,-0.0506490567743909,0.023157732742374,-0.0490918659100432,-0.0467944567266931
L1984  "S2_B_exclude_code32",983,-0.0164250799442169,0.0131142962027972,0.00758417020042179,-0.0341050452703953,-0.124675728084948
L1985  "S2_B_exclude_code32",984,-0.00801153882151814,-0.036722586467664,-0.0452837624891475,-0.0239182902785841,-0.0413454536177298
L1986  "S2_B_exclude_code32",985,0.00475612230253496,-0.0443528333873185,-0.0147265244129646,-0.0173854191269913,-0.0681396889924
L1987  "S2_B_exclude_code32",986,-0.0314289226928553,-0.041124395207707,0.0151649640134363,-0.0134911282766998,-0.100097611411892
L1988  "S2_B_exclude_code32",987,-0.0123738313374475,-0.0513416327800626,-0.0157580980698965,-0.00417250152419257,-0.0275118787618797
L1989  "S2_B_exclude_code32",988,-0.0109344754091357,-0.0153806098893008,-0.0417968909236048,-0.0156041048188408,-0.0613932095806568
L1990  "S2_B_exclude_code32",989,0.00236885446991889,0.0129477951764551,-0.0235525536597292,0.00918732973590392,-0.0324779550470293
L1991  "S2_B_exclude_code32",990,0.0176611691186425,-0.0151815187160443,-0.0127985076732703,-0.0415292457868343,-0.0817465568949659
L1992  "S2_B_exclude_code32",991,-0.00821013496453146,-0.0277185102145998,-0.0616397714405674,-0.00081527048809954,-0.0510595298777169
L1993  "S2_B_exclude_code32",992,-0.0154261213186946,-0.0536001320356683,-0.0540403038860545,-0.028045518289226,-0.00838095578805936
L1994  "S2_B_exclude_code32",993,0.00556646441004251,-0.0186631610849969,-0.0371002185596631,-0.00376097485094096,-0.00149260561778608
L1995  "S2_B_exclude_code32",994,-0.00842529106303619,-0.0396741624010439,0.0148076757434361,-0.0171610506190849,-0.0588795253514756
L1996  "S2_B_exclude_code32",995,0.00328177515863354,-0.0361398478477332,0.0130159411941753,-0.0862348750691017,-0.00340414469431227
L1997  "S2_B_exclude_code32",996,-0.0107772208679897,-0.0158556751891137,0.0387035756284987,0.0346636079263664,-0.100491553099463
L1998  "S2_B_exclude_code32",997,0.00259096105765392,-0.0168100829827096,-0.0173613554863689,-0.0364726661763713,-0.0754201884984954
L1999  "S2_B_exclude_code32",998,0.0100232701964963,-0.028405310397183,0.0262247971203619,-0.0815107616276083,-0.0201450468615871
L2000  "S2_B_exclude_code32",999,-0.00921656438451709,0.0356496192775986,-0.0732440776838145,-0.00309635025554131,-0.0733945007489121
L2001  "S2_B_exclude_code32",1000,0.001530816150673,-0.0389469367769958,0.0059360059929342,-0.000966547199758694,-0.0802456956663728
L2002  "S2_C_colectomy_40_79",1,0.00430855423956723,-0.0125677653256442,-0.0359577235607012,-0.0393580444896786,-0.0679888207186422
L2003  "S2_C_colectomy_40_79",2,0.00971380468810766,-0.0362516506955746,-0.0427630649097058,-0.0416573595907369,-0.021498188287845
L2004  "S2_C_colectomy_40_79",3,0.00442331554575329,-0.0558163287442924,-0.017698461698737,-0.00389861218895807,-0.0498078722746089
L2072  "S2_C_colectomy_40_79",71,0.0090735343373235,-0.0596019376638819,0.0289213742926095,-0.0469260837728288,-0.0397825223739628
L2073  "S2_C_colectomy_40_79",72,-0.00238285027083657,-0.078062188731505,0.00520202541165654,-0.0458112084099836,-0.0355696282551687
L2074  "S2_C_colectomy_40_79",73,0.00443928805543591,-0.0150225021734737,0.0236193552520535,-0.078185438202695,-0.0962292648668502
L2075  "S2_C_colectomy_40_79",74,-0.00289569526646676,-0.0292033516966864,-0.0549761688319139,-0.00225493234464186,-0.112898570346825
L2076  "S2_C_colectomy_40_79",75,0.00439450822784609,-0.0696526236732753,-0.0346945308290658,0.0483248762698698,-0.0676595233754771
L2077  "S2_C_colectomy_40_79",76,0.00629125080060839,-0.0596553956108632,-0.0326966394189417,0.023530207441369,-0.117354103063535
L2078  "S2_C_colectomy_40_79",77,-4.51875662645651e-05,-0.0271386021895293,-0.0125926273301856,-0.0525930244695304,-0.0925387288544978
L2097  "S2_C_colectomy_40_79",96,0.0153610264293671,-0.0402845506423524,-0.00969861243415454,-0.00562985812634775,-0.0276615187650869
L2098  "S2_C_colectomy_40_79",97,0.011210107620306,-0.0479647033434295,0.0225121774744264,-0.0454619888707511,-0.10439025929398
L2099  "S2_C_colectomy_40_79",98,-0.0310751360331603,-0.00329309550577463,-0.040800649505281,-0.0146800298795956,-0.104873715862751
L2100  "S2_C_colectomy_40_79",99,0.00621858282072198,-0.0247474486861461,0.00106822174501126,-0.0636756597781573,-0.0538464883750168
L2101  "S2_C_colectomy_40_79",100,-0.0219668936007135,-0.00597314301499517,-0.0288623059159782,-0.108176432926398,-0.0669464371420481
L2102  "S2_C_colectomy_40_79",101,-0.0066319331870912,-0.0143938036393911,-0.00543638241427202,0.000173151836517255,-0.0516319450956515
L2103  "S2_C_colectomy_40_79",102,0.0194141101645812,-0.0480610194862905,0.00834213414474425,-0.0106854387611794,-0.0554921560690938
L2302  "S2_C_colectomy_40_79",301,0.000575444254724541,-0.0133406563425697,-0.0290349228418384,-0.0401580640225611,-0.0495433814263849
L2303  "S2_C_colectomy_40_79",302,0.0129738529677236,-0.0545655871639723,-0.0307546544530258,-0.0404930501474068,-0.0443228070560032
L2304  "S2_C_colectomy_40_79",303,0.017364408810206,0.00275692739170698,0.0126272615352172,-0.0099213040057981,-0.0674404086623128
L2305  "S2_C_colectomy_40_79",304,-0.00267783060461334,0.0143949402723469,-0.0248644463581169,-0.0222308385262523,-0.0316711558885457
L2306  "S2_C_colectomy_40_79",305,0.00815936077447168,0.0032371172057624,0.00952387460705592,-0.00254165811016288,-0.034062693018296
L2307  "S2_C_colectomy_40_79",306,-0.000827105775055847,-0.0375324708596051,-0.040396804863129,-0.0499331744457349,-0.0517783553959353
L2308  "S2_C_colectomy_40_79",307,-0.0283098855554155,0.0311715193695891,-0.00807637708387429,-0.0184327806520586,-0.128259616362817
L2322  "S2_C_colectomy_40_79",321,0.0187325304364266,-0.0289244189449069,0.0524538315057503,-0.0340344147226938,-0.059698243859104
L2323  "S2_C_colectomy_40_79",322,0.0144466297117829,-0.02675861495533,0.0442570750328791,-0.0468537694917352,-0.0525614071622282
L2324  "S2_C_colectomy_40_79",323,0.000932804363006579,-0.0875155531955315,-0.00384011611595644,0.000987862977577969,-0.0268758102193782
L2325  "S2_C_colectomy_40_79",324,0.0165568084690529,-0.0560778429146676,0.0450461256126138,-0.0921522439831496,-0.0217596847028171
L2326  "S2_C_colectomy_40_79",325,-0.00631353265802225,-0.0141732963546781,-0.0216637277656592,-0.004141928295125,-0.067035495097321
L2327  "S2_C_colectomy_40_79",326,0.0314589772041391,-0.0589126076379986,-0.0180499604732178,-0.0105381661165576,-0.015917662055522
L2328  "S2_C_colectomy_40_79",327,0.00413563426476915,-0.0340681745037617,-0.0332260328051591,-0.041923226210818,-0.091858222861676
L2329  "S2_C_colectomy_40_79",328,-0.018068232257566,-0.0166347758710454,0.00852267144203014,-0.0369924720701353,-0.0506537292973426
L2330  "S2_C_colectomy_40_79",329,0.0112031907608152,-0.0485039935537228,-0.0172258154326818,-0.0272315589222913,-0.0790925258836923
L2331  "S2_C_colectomy_40_79",330,0.0102360355339797,-0.0265527629325878,-0.0310513981662968,-0.0239746257691711,-0.064435163364117
L2364  "S2_C_colectomy_40_79",363,0.00610847776496373,-0.0365041478603947,-0.0361134349256489,-0.00553700417193637,-0.0283043461177063
L2365  "S2_C_colectomy_40_79",364,0.0106570666586863,-0.0086138141545179,0.0150290860939589,-0.0966775166898552,-0.0354001436403563
L2366  "S2_C_colectomy_40_79",365,-0.00735199845233889,-0.0447910791004995,0.00805341506997348,-0.0486099149659674,-0.0805083668991012
L2367  "S2_C_colectomy_40_79",366,-0.00299107313115721,-0.026258224139217,-0.0396425062776734,-0.075950820921912,-0.0308044466766794
L2368  "S2_C_colectomy_40_79",367,0.00965799746730235,-0.031465304626387,-0.028960041779889,-0.032527323010329,-0.0793643928356953
L2369  "S2_C_colectomy_40_79",368,-0.0212846612692615,-0.0475925153742907,-0.0042682393944537,-0.0618227940565573,-0.0851866779690112
L2370  "S2_C_colectomy_40_79",369,-0.00380174261265438,-0.0250721744634178,0.0396206724191288,-0.0329236463034696,-0.0160175441763394
L2374  "S2_C_colectomy_40_79",373,-0.0193588987138904,-0.0619025685813521,0.0685962989815583,-0.0409435913668303,-0.124175455844075
L2375  "S2_C_colectomy_40_79",374,0.00453143723571998,-0.0168412392457419,-0.00200308191575524,-0.0278619875012606,-0.0578703433478678
L2376  "S2_C_colectomy_40_79",375,-0.0095997861234936,-0.016259502500909,-0.0479971565081453,-0.0256440853755548,-0.0191146784203241
L2377  "S2_C_colectomy_40_79",376,-0.016067589121661,-0.0580917399717115,0.00286232524622651,0.0124152778593239,-0.056554409897635
L2378  "S2_C_colectomy_40_79",377,-0.0142802676160377,-0.00493591390761162,-0.0205128844434678,-0.0235969877210312,-0.0557094730574782
L2379  "S2_C_colectomy_40_79",378,0.00331756900424492,-0.0649628133995691,0.0531525359341379,-0.0332711819182335,-0.104110506896621
L2380  "S2_C_colectomy_40_79",379,0.0107288268049905,-0.0471967098036342,-0.00345040048275866,-0.0517505901088088,-0.0971353694248932
L2389  "S2_C_colectomy_40_79",388,0.00582775244801344,-0.0407297861350685,-0.0163247714638156,-0.0632047644250247,-0.0542088645403672
L2390  "S2_C_colectomy_40_79",389,0.00307452423002232,-0.0163741389625386,0.0147625741777435,-0.0225321171080032,-0.0254788635988077
L2391  "S2_C_colectomy_40_79",390,0.00548468854772901,-0.0481469509921461,-0.00562138592632186,-0.0303120751022887,-0.0502337666391716
L2392  "S2_C_colectomy_40_79",391,0.0264009160852275,-0.0246397169517003,-0.0107066765487716,-0.0313715488222622,-0.0821999591790606
L2393  "S2_C_colectomy_40_79",392,-0.0226307583120378,-0.0127122436100731,0.0303871011966118,-0.0789487299646274,-0.0123708375954324
L2394  "S2_C_colectomy_40_79",393,-0.0150733327533392,0.00557196018964788,0.00391315821224297,-0.0696974654576572,-0.116967393800959
L2395  "S2_C_colectomy_40_79",394,0.00345424363408171,-0.0734635005857954,0.00253443425890221,0.00577602691296183,-0.0388865852893133
L2401  "S2_C_colectomy_40_79",400,0.011701875319999,-0.0394346996214516,0.0225245480721009,-0.0520295596768642,-0.0572059415577718
L2402  "S2_C_colectomy_40_79",401,0.0194510967292905,-0.0232473329804948,-0.0635205571383184,-0.0480191544781756,-0.0171127840560936
L2403  "S2_C_colectomy_40_79",402,-0.0106815822353868,-0.0198411201627331,0.0217336654910373,0.0199410088621136,-0.114849607617082
L2404  "S2_C_colectomy_40_79",403,-0.00569898983239757,0.000421746528667638,-0.0509930281087688,-0.00931096428239572,-0.0136485262940368
L2405  "S2_C_colectomy_40_79",404,0.0248680333855928,-0.0462431040439523,0.0149517079359769,-0.0259398848900741,-0.0100995565217486
L2406  "S2_C_colectomy_40_79",405,0.0156050062381247,0.0124429658247388,0.0517802258297137,-0.0467020046146576,-0.0685411360593356
L2407  "S2_C_colectomy_40_79",406,0.00063717464985303,-0.0356920363914192,-0.0338359031602292,-0.0240259357174802,0.0246768277361936
L2439  "S2_C_colectomy_40_79",438,-0.0258902651765807,-0.0296599818401136,0.0210146237126153,-0.0444828097632677,-0.0257381281766176
L2440  "S2_C_colectomy_40_79",439,0.000366272594488397,0.0369440418451655,-0.0286684111555203,0.00422170174851297,-0.0476868505616175
L2441  "S2_C_colectomy_40_79",440,0.0127881748116716,-0.0804470697033318,-0.0507786858397823,-0.0222154760779342,-0.0849750186982601
L2442  "S2_C_colectomy_40_79",441,0.0106522521091248,-0.0224975047115222,0.00770302825428285,-0.0332267677644859,-0.0678389829601986
L2443  "S2_C_colectomy_40_79",442,-0.0076882239947309,-0.0578089050294327,-0.0079968243352109,-0.0222542188196513,-0.0883035956576237
L2444  "S2_C_colectomy_40_79",443,0.0151920076262364,-0.00431394297791457,-0.0158789492107552,0.00662420428796842,-0.115927700262689
L2445  "S2_C_colectomy_40_79",444,0.00925428983296042,-0.0406064298066631,0.00134150968128041,-0.0198761841179357,-0.0555679623804927
L2448  "S2_C_colectomy_40_79",447,0.00870742194884808,-0.0240037496419153,-0.0205310778041562,-0.0402188770665486,-0.0675452787310026
L2449  "S2_C_colectomy_40_79",448,-0.00616346835562014,-0.0691253375519495,0.0530768605777343,-0.0696973359104315,-0.0762690332689251
L2450  "S2_C_colectomy_40_79",449,-0.0227768279434168,-0.0382010135597003,-0.00305265114954378,-0.0580195492437653,-0.00272251830902798
L2451  "S2_C_colectomy_40_79",450,0.00139774501874748,0.00165387430087241,-0.000723602776754484,-0.0348057175517092,-0.0774716906838622
L2452  "S2_C_colectomy_40_79",451,0.0169556204007977,-0.00405240628364133,-0.0216603621751925,-0.0304340314904493,-0.0757134228051042
L2453  "S2_C_colectomy_40_79",452,0.0274114255002408,-0.0334623661751551,0.0423416043740498,-0.0900999191018768,-0.0688483385424034
L2454  "S2_C_colectomy_40_79",453,0.0128675035583666,-0.0180251283721446,0.00562321185954928,-0.00875369651839411,-0.103053206156451
L2524  "S2_C_colectomy_40_79",523,0.0106483626691272,-0.0356188231210542,-0.0320282736552835,-0.0372069404934574,-0.121298082558612
L2525  "S2_C_colectomy_40_79",524,0.00251583973039706,-0.0562142300442351,-0.0586648348179016,-0.0418347506828043,-0.0518842050403022
L2526  "S2_C_colectomy_40_79",525,0.00542136932920845,-0.0197087285896326,-0.00904892399645332,-0.103415276319714,-0.0687541435237091
L2527  "S2_C_colectomy_40_79",526,-0.00859702463041373,-0.0141547429952829,-0.0183366766364256,-0.0484137005117242,-0.0857285052308085
L2528  "S2_C_colectomy_40_79",527,0.00121402208029623,-0.0257278715079405,-0.0272783646968977,-0.027210044335241,-0.00461022434999475
L2529  "S2_C_colectomy_40_79",528,0.0158766940087155,-0.045710436596904,0.0089400935985261,-0.0367519140485527,-0.0825093451284076
L2530  "S2_C_colectomy_40_79",529,0.00568145813016248,-0.00886245978032106,0.0251703247142207,-0.043553747730756,-0.0437590648247374
L2572  "S2_C_colectomy_40_79",571,0.00937276694901423,-0.029292774647839,-0.0480255442400284,-0.060659418771852,-0.0618326334998578
L2573  "S2_C_colectomy_40_79",572,0.00322310310930375,0.00324742757172053,-0.0488507260985852,0.035510275414075,-0.046269963839347
L2574  "S2_C_colectomy_40_79",573,0.00117874050621568,-0.0501954019065978,-0.0151161360979113,-0.0591060398339465,-0.0321013363962758
L2575  "S2_C_colectomy_40_79",574,-0.0233124769119979,-0.00660859874509312,-0.0283833795638753,-0.022373647792879,-0.0447077901312013
L2576  "S2_C_colectomy_40_79",575,0.00739394390879139,-0.0444993433212851,-0.00383433656255505,0.00338162541205467,-0.112787109788026
L2577  "S2_C_colectomy_40_79",576,-0.0365584031223907,-0.0374719561208869,0.0262874616845367,-0.0569748536334454,-0.029086774683898
L2578  "S2_C_colectomy_40_79",577,-0.0102370521006086,-0.0146749104180909,0.0264007755266569,-0.0705914120610176,-0.0326468104293399
L2586  "S2_C_colectomy_40_79",585,-0.00158357142113499,-0.0335018259367192,-0.046727720809382,0.00218148402732898,-0.120760833960769
L2587  "S2_C_colectomy_40_79",586,0.0270773752524877,-0.0377483549259024,-0.0393215581222388,-0.0302402654985174,-0.0156876557669569
L2588  "S2_C_colectomy_40_79",587,0.0195755828628274,-0.0116043493984153,0.00339893480958117,-0.0319299846443695,-0.0616765052559997
L2589  "S2_C_colectomy_40_79",588,-0.00917822217039872,-0.0338854355574507,-0.00916154968621458,-0.0284550513228344,0.00600290089532418
L2590  "S2_C_colectomy_40_79",589,0.0274356170891145,-0.0640254471307828,0.0186320108050664,-0.0905255464388913,-0.0687152770124068
L2591  "S2_C_colectomy_40_79",590,-0.00311571134086856,-0.025391611741923,0.00573426726498141,-0.057686680024389,-0.0252523531548794
L2592  "S2_C_colectomy_40_79",591,0.0108109834686609,-0.0269627837989904,-0.0412628543114665,-0.0285102283758473,-0.0470059868192876
L2676  "S2_C_colectomy_40_79",675,-0.0312077980566684,-0.025181241692676,0.00400772813848704,-0.0470087241630364,-0.073356829828124
L2677  "S2_C_colectomy_40_79",676,0.0143929011781499,-0.0437015866277987,0.0128044913459323,-0.0760852961039621,-0.0872350165673711
L2678  "S2_C_colectomy_40_79",677,0.00397560200903763,-0.0183552229097585,-0.0211175836941489,-0.000588089785848317,-0.0903924713957694
L2679  "S2_C_colectomy_40_79",678,0.00430360560331552,-0.0107443164173392,0.00678373924378253,-0.0508633437373041,-0.0745062949395461
L2680  "S2_C_colectomy_40_79",679,-0.00852926023521885,-0.037805858577692,0.0025869216646412,-0.0537637541639408,-0.106081687954542
L2681  "S2_C_colectomy_40_79",680,-0.0218258304490812,-0.00685627548214963,-0.0206833068790802,-0.0897432555766565,-0.113310954523159
L2682  "S2_C_colectomy_40_79",681,0.0205159248713645,-0.0153231526691295,0.00663567980838642,-0.0538560545904607,-0.0922989834355987
L2690  "S2_C_colectomy_40_79",689,-0.0142423961766123,-0.0351068433184062,-0.0523888692519385,0.00880137248550794,-0.040603289528131
L2691  "S2_C_colectomy_40_79",690,-0.0181667084920898,0.00381390696697485,-0.0191033014118701,-0.0466662339454437,-0.0435615046954131
L2692  "S2_C_colectomy_40_79",691,-0.000570609010516768,-0.0212797833351323,-0.0156210594917875,-0.0402272032170431,-0.11425950003079
L2693  "S2_C_colectomy_40_79",692,-0.0140337475767372,-0.032642031764943,-0.017073350034898,-0.0897298979871158,-0.0575817972594496
L2694  "S2_C_colectomy_40_79",693,0.016897431085699,-0.0483615177163232,0.0048440510946938,-0.0651988562631736,-0.0768854307790144
L2695  "S2_C_colectomy_40_79",694,0.00480474842380788,-0.0333890252208247,0.00499651870284282,-0.100248808034223,-0.0495148044947678
L2696  "S2_C_colectomy_40_79",695,0.0184535947940271,-0.0460164955209612,-0.0182144271911352,-0.0740699316174316,-0.0937759632287055
L2791  "S2_C_colectomy_40_79",790,0.0234600999464189,-0.0361860831066038,-0.00607712546171067,-0.0112939302839421,-0.0800999616611318
L2792  "S2_C_colectomy_40_79",791,-0.014025954796297,-0.0289957299389013,-0.0306239664752203,-0.0195057286132167,-0.0440965677129774
L2793  "S2_C_colectomy_40_79",792,0.0157547932224132,-0.0450526103412605,-0.0125961539913169,-0.0526723677013014,-0.0690634064665815
L2794  "S2_C_colectomy_40_79",793,0.00465704824072066,-0.0793223520764767,-0.020574501547,-0.0483727115251807,-0.0247883184749525
L2795  "S2_C_colectomy_40_79",794,-0.0211034334240965,0.000216817357592311,-0.00245692778190401,-0.0104534246357816,-0.116915509675637
L2796  "S2_C_colectomy_40_79",795,-0.00914271048803152,-0.0239893971612089,-0.0478907603433859,-0.0139081143439453,-0.0690443351934267
L2797  "S2_C_colectomy_40_79",796,0.0143801285531315,-0.0407898570316221,0.010317221378106,-0.0456361555485863,-0.0889680710098833
L2874  "S2_C_colectomy_40_79",873,0.0274028406088881,-0.0233885474581491,-0.0558224959938239,-0.0555129798245093,-0.0231670268936672
L2875  "S2_C_colectomy_40_79",874,-0.00983477599246753,0.0192843352782355,-0.110299122927025,-0.0585768759048081,-0.123606227493429
L2876  "S2_C_colectomy_40_79",875,0.0334329896692996,-0.0364359813969451,-0.00606644882491753,-0.0334229064894757,-0.115954321786336
L2877  "S2_C_colectomy_40_79",876,0.00181169711512107,-0.00331355066933899,-0.0104064031124498,-0.0872704324456248,-0.0986720584632408
L2878  "S2_C_colectomy_40_79",877,0.00323674588754581,-0.0552936359719878,0.0346482738029255,-0.0328336988426535,-0.109211064270859
L2879  "S2_C_colectomy_40_79",878,0.004197564587546,-0.0184403112506895,0.011669910083753,-0.0660542918385009,-0.0643269969661075
L2880  "S2_C_colectomy_40_79",879,0.029514998229345,-0.0556354352532075,-0.0236800260943332,0.0157614972359094,-0.0651312454390961
L2923  "S2_C_colectomy_40_79",922,-0.0113321234713085,-0.0220933341572008,-0.0549480271714408,-0.0633346487475371,-0.0330031053541698
L2924  "S2_C_colectomy_40_79",923,-0.0112389421569283,-0.0640652828573893,-0.031379644042284,-0.0548383525980232,-0.0634616291368191
L2925  "S2_C_colectomy_40_79",924,-0.00012792634467166,-0.00906204821711211,0.00128940008800418,-0.013890659407497,-0.00852294246921415
L2926  "S2_C_colectomy_40_79",925,0.00656098353372336,-0.00667652956279836,-0.0155674813577222,-0.063402008570183,-0.0283745143696531
L2927  "S2_C_colectomy_40_79",926,-0.00690497361168228,0.027994608318249,-0.0129382522744556,-0.101633270496142,-0.0436274697379923
L2928  "S2_C_colectomy_40_79",927,0.0129654846288613,-0.0245984206334916,-0.0544614783107639,-0.052781962823775,-0.0327803597513119
L2929  "S2_C_colectomy_40_79",928,0.0258946197937662,-0.00683665473249263,-0.00528540925910348,0.00881479801192669,-0.147028782418922

FILE: E:/Scientific Research/A6/03_results/06_S2_preE7_audit_FINAL.txt
L17    Main RD point fingerprint (pp): Q1=+0.28 | Q2=-3.65 | Q3=-0.72 | Q4=-5.10 | Q5=-6.01
L18    
L19    Alternative surgery population sizes:
L20    S2-A 20-39 vs 40-79: N=7450
L21    S2-B exclude code32: N=6676
L22    S2-C colectomy 40-79: N=7115
L23    
L24    Harmonization fixes used:
L25    1. Derived SEER Combined T (2016-2017) included.

== Historical checksum for identification only ==
Expected population sizes previously recorded:
  20–39 vs >=40: n = 7,450
  Exclude code 32: n = 6,676
  Colectomy broadened to 50–79: n = 7,115

Expected quintile point estimates previously recorded (pp):
  20–39 vs >=40:          -0.6, -2.6, -1.7, -3.6, -6.5
  Exclude code 32:        -0.1, -3.6, -0.9, -5.2, -5.2
  Colectomy incl 50–79:   -0.4, -2.3, -1.8, -3.5, -6.5

These checksum values are for source identification only.
They must not be promoted to a final supplementary table unless
the underlying existing result source is located and verified.
